=========================================
Configuration:
=========================================
  Number of shards:  3
  Shard index:       2
  Number of threads: 2
  Cluster:           p1
  Micro benchmark:   disabled
  Replicated mode:   enabled
=========================================
20251110-04:01.10-667239(us) 19832 * ParseOldFormat  (configuration.cc:66): Using old configuration format
I [/opt/actions-runner/_work/mako-fast-reads/mako-fast-reads/src/deptran/paxos_main_helper.cc:78] 2025-12-10 04:01:10.667 | PWD : /opt/actions-runner/_work/mako-fast-reads/mako-fast-reads
I [/opt/actions-runner/_work/mako-fast-reads/mako-fast-reads/src/deptran/paxos_main_helper.cc:276] 2025-12-10 04:01:10.667 | starting process 19832
I [/opt/actions-runner/_work/mako-fast-reads/mako-fast-reads/src/deptran/config.cc:290] 2025-12-10 04:01:10.667 | LoadYML: config/1leader_2followers/paxos2_shardidx2.yml
I [/opt/actions-runner/_work/mako-fast-reads/mako-fast-reads/src/deptran/config.cc:290] 2025-12-10 04:01:10.668 | LoadYML: config/occ_paxos.yml
I [/opt/actions-runner/_work/mako-fast-reads/mako-fast-reads/src/deptran/paxos_main_helper.cc:285] 2025-12-10 04:01:10.668 | server_infos, number of sites: 2, proc_name: p1
I [/opt/actions-runner/_work/mako-fast-reads/mako-fast-reads/src/deptran/paxos_main_helper.cc:291] 2025-12-10 04:01:10.673 | parition id of each Paxos group is 1, site-name: s202, site-id: 5
I [/opt/actions-runner/_work/mako-fast-reads/mako-fast-reads/src/deptran/paxos_main_helper.cc:291] 2025-12-10 04:01:10.679 | parition id of each Paxos group is 0, site-name: s201, site-id: 1
I [/opt/actions-runner/_work/mako-fast-reads/mako-fast-reads/src/deptran/paxos_main_helper.cc:297] 2025-12-10 04:01:10.679 | running machine-id: 1
I [/opt/actions-runner/_work/mako-fast-reads/mako-fast-reads/src/deptran/paxos_main_helper.cc:92] 2025-12-10 04:01:10.679 | launching site: 1, bind address 0.0.0.0:19101
I [/opt/actions-runner/_work/mako-fast-reads/mako-fast-reads/src/deptran/paxos_main_helper.cc:106] 2025-12-10 04:01:10.679 | waiting for server setup threads.
I [/opt/actions-runner/_work/mako-fast-reads/mako-fast-reads/src/deptran/paxos_main_helper.cc:92] 2025-12-10 04:01:10.679 | launching site: 5, bind address 0.0.0.0:19102
I [/opt/actions-runner/_work/mako-fast-reads/mako-fast-reads/src/deptran/paxos_worker.cc:198] 2025-12-10 04:01:10.679 | [service]loc_id: 1, name: s201, proc: p1, id: 1
I [/opt/actions-runner/_work/mako-fast-reads/mako-fast-reads/src/deptran/paxos_worker.cc:198] 2025-12-10 04:01:10.679 | [service]loc_id: 1, name: s202, proc: p1, id: 5
starting server at 0.0.0.0:19101
starting server at 0.0.0.0:19102
I [/opt/actions-runner/_work/mako-fast-reads/mako-fast-reads/src/deptran/paxos_worker.cc:221] 2025-12-10 04:01:10.679 | Server s202 ready at 0.0.0.0:19102
I [/opt/actions-runner/_work/mako-fast-reads/mako-fast-reads/src/deptran/paxos_worker.cc:221] 2025-12-10 04:01:10.679 | Server s201 ready at 0.0.0.0:19101
I [/opt/actions-runner/_work/mako-fast-reads/mako-fast-reads/src/deptran/communicator.cc:14] 2025-12-10 04:01:10.679 | setup paxos communicator
I [/opt/actions-runner/_work/mako-fast-reads/mako-fast-reads/src/deptran/communicator.cc:14] 2025-12-10 04:01:10.679 | setup paxos communicator
I [/opt/actions-runner/_work/mako-fast-reads/mako-fast-reads/src/deptran/communicator.cc:175] 2025-12-10 04:01:10.679 | connect to site: 127.0.0.1:19001 (attempt 0)
I [/opt/actions-runner/_work/mako-fast-reads/mako-fast-reads/src/deptran/communicator.cc:175] 2025-12-10 04:01:10.679 | connect to site: 127.0.0.1:19001 (attempt 0)
I [/opt/actions-runner/_work/mako-fast-reads/mako-fast-reads/src/deptran/communicator.cc:175] 2025-12-10 04:01:10.679 | connect to site: 127.0.0.1:19101 (attempt 0)
I [/opt/actions-runner/_work/mako-fast-reads/mako-fast-reads/src/deptran/communicator.cc:175] 2025-12-10 04:01:10.679 | connect to site: 127.0.0.1:19101 (attempt 0)
I [/opt/actions-runner/_work/mako-fast-reads/mako-fast-reads/src/deptran/communicator.cc:175] 2025-12-10 04:01:10.679 | connect to site: 127.0.0.1:19201 (attempt 0)
I [/opt/actions-runner/_work/mako-fast-reads/mako-fast-reads/src/deptran/communicator.cc:175] 2025-12-10 04:01:10.679 | connect to site: 127.0.0.1:19201 (attempt 0)
I [/opt/actions-runner/_work/mako-fast-reads/mako-fast-reads/src/deptran/communicator.cc:175] 2025-12-10 04:01:10.679 | connect to site: 127.0.0.1:19301 (attempt 0)
I [/opt/actions-runner/_work/mako-fast-reads/mako-fast-reads/src/deptran/communicator.cc:175] 2025-12-10 04:01:10.679 | connect to site: 127.0.0.1:19301 (attempt 0)
I [/opt/actions-runner/_work/mako-fast-reads/mako-fast-reads/src/deptran/communicator.cc:175] 2025-12-10 04:01:10.679 | connect to site: 127.0.0.1:19002 (attempt 0)
I [/opt/actions-runner/_work/mako-fast-reads/mako-fast-reads/src/deptran/communicator.cc:175] 2025-12-10 04:01:10.679 | connect to site: 127.0.0.1:19002 (attempt 0)
I [/opt/actions-runner/_work/mako-fast-reads/mako-fast-reads/src/deptran/communicator.cc:175] 2025-12-10 04:01:10.679 | connect to site: 127.0.0.1:19102 (attempt 0)
I [/opt/actions-runner/_work/mako-fast-reads/mako-fast-reads/src/deptran/communicator.cc:175] 2025-12-10 04:01:10.679 | connect to site: 127.0.0.1:19102 (attempt 0)
I [/opt/actions-runner/_work/mako-fast-reads/mako-fast-reads/src/deptran/communicator.cc:175] 2025-12-10 04:01:10.679 | connect to site: 127.0.0.1:19202 (attempt 0)
I [/opt/actions-runner/_work/mako-fast-reads/mako-fast-reads/src/deptran/communicator.cc:175] 2025-12-10 04:01:10.679 | connect to site: 127.0.0.1:19202 (attempt 0)
I [/opt/actions-runner/_work/mako-fast-reads/mako-fast-reads/src/deptran/communicator.cc:175] 2025-12-10 04:01:10.679 | connect to site: 127.0.0.1:19302 (attempt 0)
I [/opt/actions-runner/_work/mako-fast-reads/mako-fast-reads/src/deptran/communicator.cc:175] 2025-12-10 04:01:10.679 | connect to site: 127.0.0.1:19302 (attempt 0)
I [/opt/actions-runner/_work/mako-fast-reads/mako-fast-reads/src/deptran/paxos_main_helper.cc:103] 2025-12-10 04:01:10.679 | site 5 launched!
I [/opt/actions-runner/_work/mako-fast-reads/mako-fast-reads/src/deptran/paxos_main_helper.cc:103] 2025-12-10 04:01:10.679 | site 1 launched!
I [/opt/actions-runner/_work/mako-fast-reads/mako-fast-reads/src/deptran/paxos_main_helper.cc:110] 2025-12-10 04:01:10.679 | done waiting for server setup threads.
I [/opt/actions-runner/_work/mako-fast-reads/mako-fast-reads/src/deptran/paxos_worker.cc:255] 2025-12-10 04:01:10.679 | heartbeat setup for s201 on 0.0.0.0:29101
I [/opt/actions-runner/_work/mako-fast-reads/mako-fast-reads/src/deptran/paxos_worker.cc:255] 2025-12-10 04:01:10.680 | heartbeat setup for s202 on 0.0.0.0:29102
I [/opt/actions-runner/_work/mako-fast-reads/mako-fast-reads/src/deptran/paxos_main_helper.cc:117] 2025-12-10 04:01:10.680 | server workers' communicators setup
allocator::Initialize()
  hugepgsize: 2097152
  use MADV_WILLNEED: 1
  mmap() region [0x74df16200000, 0x74df56400000)
cpu0 owns [0x74df16200000, 0x74df36200000)
cpu1 owns [0x74df36200000, 0x74df56200000)
Database Benchmark:
  pid: 19832
settings:
  num-cpus    : 32
  num-threads : 2
  shardIndex  : 2
  paxos_proc_name  : p1
  nshards     : 3
  is_micro    : 0
  is_replicated : 1
  var-encode  : yes
  allocator   : jemalloc
system properties:
  tuple_prefetch          : no
  btree_node_prefetch     : yes
20251110-04:01.13-680303(us) 19832 ! Init            (sync_util.hh:79):  the watermark is exchanging within the cluster: p1
20251110-04:01.13-680773(us) 19832 * ParseOldFormat  (configuration.cc:66): Using old configuration format
[TRANSPORT] Using default: rrr
20251110-04:01.13-680961(us) 19832 * Initialize      (rrr_rpc_backend.cc:58): RrrRpcBackend::Initialize: poll_thread_worker_ created, is_some=1
20251110-04:01.13-680992(us) 19832 * Initialize      (rrr_rpc_backend.cc:88): RrrRpcBackend initialized on 127.0.0.1:32203 (listening on 0.0.0.0:32203)
20251110-04:01.13-680998(us) 19832 * FastTransport   (fasttransport.cc:116): FastTransport initialized with rrr/rpc backend on 127.0.0.1:32203
20251110-04:01.13-681003(us) 19832 * RunEventLoop    (rrr_rpc_backend.cc:518): RrrRpcBackend::RunEventLoop: Starting event loop
20251110-04:01.13-980899(us) 19832 * ParseOldFormat  (configuration.cc:66): Using old configuration format
20251110-04:01.13-981156(us) 19832 * ParseOldFormat  (configuration.cc:66): Using old configuration format
[TRANSPORT] Using default: rrr
20251110-04:01.13-981291(us) 19832 * Initialize      (rrr_rpc_backend.cc:58): RrrRpcBackend::Initialize: poll_thread_worker_ created, is_some=1
20251110-04:01.13-981318(us) 19832 * Initialize      (rrr_rpc_backend.cc:88): RrrRpcBackend initialized on 127.0.0.1:32204 (listening on 0.0.0.0:32204)
20251110-04:01.13-981323(us) 19832 * FastTransport   (fasttransport.cc:116): FastTransport initialized with rrr/rpc backend on 127.0.0.1:32204
20251110-04:01.13-981538(us) 19832 * ParseOldFormat  (configuration.cc:66): Using old configuration format
20251110-04:01.14-980706(us) 19832 * wait_for_termination (mako.hh:538):      follower is waiting for being ended: 0/2, noops_cnt:0, replay_batch:5, wait_time:1s

20251110-04:01.15-980785(us) 19832 * wait_for_termination (mako.hh:538):      follower is waiting for being ended: 0/2, noops_cnt:0, replay_batch:8, wait_time:2s

I [/opt/actions-runner/_work/mako-fast-reads/mako-fast-reads/src/deptran/paxos/commo.cc:125] 2025-12-10 04:01:14.734 | ForwardToLearner: par_id=1, slot=1, n=3, proxies.size=4, batch_idx=0
I [/opt/actions-runner/_work/mako-fast-reads/mako-fast-reads/src/deptran/paxos/commo.cc:151] 2025-12-10 04:01:14.734 | ForwardToLearner: SENDING to learner site_id=7, slot=1
I [/opt/actions-runner/_work/mako-fast-reads/mako-fast-reads/src/deptran/paxos/commo.cc:125] 2025-12-10 04:01:14.803 | ForwardToLearner: par_id=0, slot=1, n=3, proxies.size=4, batch_idx=0
I [/opt/actions-runner/_work/mako-fast-reads/mako-fast-reads/src/deptran/paxos/commo.cc:151] 2025-12-10 04:01:14.803 | ForwardToLearner: SENDING to learner site_id=3, slot=1
I [/opt/actions-runner/_work/mako-fast-reads/mako-fast-reads/src/deptran/paxos/commo.cc:125] 2025-12-10 04:01:14.860 | ForwardToLearner: par_id=0, slot=2, n=3, proxies.size=4, batch_idx=0
I [/opt/actions-runner/_work/mako-fast-reads/mako-fast-reads/src/deptran/paxos/commo.cc:151] 2025-12-10 04:01:14.860 | ForwardToLearner: SENDING to learner site_id=3, slot=2
I [/opt/actions-runner/_work/mako-fast-reads/mako-fast-reads/src/deptran/paxos/commo.cc:125] 2025-12-10 04:01:14.888 | ForwardToLearner: par_id=0, slot=3, n=3, proxies.size=4, batch_idx=0
I [/opt/actions-runner/_work/mako-fast-reads/mako-fast-reads/src/deptran/paxos/commo.cc:151] 2025-12-10 04:01:14.888 | ForwardToLearner: SENDING to learner site_id=3, slot=3
I [/opt/actions-runner/_work/mako-fast-reads/mako-fast-reads/src/deptran/paxos/commo.cc:125] 2025-12-10 04:01:14.889 | ForwardToLearner: par_id=1, slot=2, n=3, proxies.size=4, batch_idx=0
I [/opt/actions-runner/_work/mako-fast-reads/mako-fast-reads/src/deptran/paxos/commo.cc:151] 2025-12-10 04:01:14.889 | ForwardToLearner: SENDING to learner site_id=7, slot=2
I [/opt/actions-runner/_work/mako-fast-reads/mako-fast-reads/src/deptran/paxos/commo.cc:125] 2025-12-10 04:01:15.183 | ForwardToLearner: par_id=0, slot=4, n=3, proxies.size=4, batch_idx=0
I [/opt/actions-runner/_work/mako-fast-reads/mako-fast-reads/src/deptran/paxos/commo.cc:151] 2025-12-10 04:01:15.183 | ForwardToLearner: SENDING to learner site_id=3, slot=4
I [/opt/actions-runner/_work/mako-fast-reads/mako-fast-reads/src/deptran/paxos/commo.cc:125] 2025-12-10 04:01:15.455 | ForwardToLearner: par_id=0, slot=5, n=3, proxies.size=4, batch_idx=0
I [/opt/actions-runner/_work/mako-fast-reads/mako-fast-reads/src/deptran/paxos/commo.cc:151] 2025-12-10 04:01:15.455 | ForwardToLearner: SENDING to learner site_id=3, slot=5
I [/opt/actions-runner/_work/mako-fast-reads/mako-fast-reads/src/deptran/paxos/commo.cc:125] 2025-12-10 04:01:15.727 | ForwardToLearner: par_id=0, slot=6, n=3, proxies.size=4, batch_idx=0
I [/opt/actions-runner/_work/mako-fast-reads/mako-fast-reads/src/deptran/paxos/commo.cc:151] 2025-12-10 04:01:15.727 | ForwardToLearner: SENDING to learner site_id=3, slot=6
I [/opt/actions-runner/_work/mako-fast-reads/mako-fast-reads/src/deptran/paxos/commo.cc:125] 2025-12-10 04:01:15.998 | ForwardToLearner: par_id=0, slot=7, n=3, proxies.size=4, batch_idx=0
I [/opt/actions-runner/_work/mako-fast-reads/mako-fast-reads/src/deptran/paxos/commo.cc:151] 2025-12-10 04:01:15.998 | ForwardToLearner: SENDING to learner site_id=3, slot=7
I [/opt/actions-runner/_work/mako-fast-reads/mako-fast-reads/src/deptran/paxos/commo.cc:125] 2025-12-10 04:01:16.267 | ForwardToLearner: par_id=0, slot=8, n=3, proxies.size=4, batch_idx=0
I [/opt/actions-runner/_work/mako-fast-reads/mako-fast-reads/src/deptran/paxos/commo.cc:151] 2025-12-10 04:01:16.267 | ForwardToLearner: SENDING to learner site_id=3, slot=8
I [/opt/actions-runner/_work/mako-fast-reads/mako-fast-reads/src/deptran/paxos/commo.cc:125] 2025-12-10 04:01:16.304 | ForwardToLearner: par_id=0, slot=9, n=3, proxies.size=4, batch_idx=0
I [/opt/actions-runner/_work/mako-fast-reads/mako-fast-reads/src/deptran/paxos/commo.cc:151] 2025-12-10 04:01:16.304 | ForwardToLearner: SENDING to learner site_id=3, slot=9
I [/opt/actions-runner/_work/mako-fast-reads/mako-fast-reads/src/deptran/paxos/commo.cc:125] 2025-12-10 04:01:16.305 | ForwardToLearner: par_id=0, slot=10, n=3, proxies.size=4, batch_idx=0
I [/opt/actions-runner/_work/mako-fast-reads/mako-fast-reads/src/deptran/paxos/commo.cc:151] 2025-12-10 04:01:16.305 | ForwardToLearner: SENDING to learner site_id=3, slot=10
I [/opt/actions-runner/_work/mako-fast-reads/mako-fast-reads/src/deptran/paxos/commo.cc:125] 2025-12-10 04:01:16.307 | ForwardToLearner: par_id=0, slot=11, n=3, proxies.size=4, batch_idx=0
I [/opt/actions-runner/_work/mako-fast-reads/mako-fast-reads/src/deptran/paxos/commo.cc:151] 2025-12-10 04:01:16.307 | ForwardToLearner: SENDING to learner site_id=3, slot=11
I [/opt/actions-runner/_work/mako-fast-reads/mako-fast-reads/src/deptran/paxos/commo.cc:125] 2025-12-10 04:01:16.308 | ForwardToLearner: par_id=0, slot=12, n=3, proxies.size=4, batch_idx=0
I [/opt/actions-runner/_work/mako-fast-reads/mako-fast-reads/src/deptran/paxos/commo.cc:151] 2025-12-10 04:01:16.308 | ForwardToLearner: SENDING to learner site_id=3, slot=12
I [/opt/actions-runner/_work/mako-fast-reads/mako-fast-reads/src/deptran/paxos/commo.cc:125] 2025-12-10 04:01:16.310 | ForwardToLearner: par_id=0, slot=13, n=3, proxies.size=4, batch_idx=0
I [/opt/actions-runner/_work/mako-fast-reads/mako-fast-reads/src/deptran/paxos/commo.cc:151] 2025-12-10 04:01:16.310 | ForwardToLearner: SENDING to learner site_id=3, slot=13
I [/opt/actions-runner/_work/mako-fast-reads/mako-fast-reads/src/deptran/paxos/commo.cc:125] 2025-12-10 04:01:16.311 | ForwardToLearner: par_id=0, slot=14, n=3, proxies.size=4, batch_idx=0
I [/opt/actions-runner/_work/mako-fast-reads/mako-fast-reads/src/deptran/paxos/commo.cc:151] 2025-12-10 04:01:16.311 | ForwardToLearner: SENDING to learner site_id=3, slot=14
I [/opt/actions-runner/_work/mako-fast-reads/mako-fast-reads/src/deptran/paxos/commo.cc:125] 2025-12-10 04:01:16.313 | ForwardToLearner: par_id=0, slot=15, n=3, proxies.size=4, batch_idx=0
I [/opt/actions-runner/_work/mako-fast-reads/mako-fast-reads/src/deptran/paxos/commo.cc:151] 2025-12-10 04:01:16.313 | ForwardToLearner: SENDING to learner site_id=3, slot=15
I [/opt/actions-runner/_work/mako-fast-reads/mako-fast-reads/src/deptran/paxos/commo.cc:125] 2025-12-10 04:01:16.314 | ForwardToLearner: par_id=0, slot=16, n=3, proxies.size=4, batch_idx=0
I [/opt/actions-runner/_work/mako-fast-reads/mako-fast-reads/src/deptran/paxos/commo.cc:151] 2025-12-10 04:01:16.314 | ForwardToLearner: SENDING to learner site_id=3, slot=16
I [/opt/actions-runner/_work/mako-fast-reads/mako-fast-reads/src/deptran/paxos/commo.cc:125] 2025-12-10 04:01:16.316 | ForwardToLearner: par_id=0, slot=17, n=3, proxies.size=4, batch_idx=0
I [/opt/actions-runner/_work/mako-fast-reads/mako-fast-reads/src/deptran/paxos/commo.cc:151] 2025-12-10 04:01:16.316 | ForwardToLearner: SENDING to learner site_id=3, slot=17
I [/opt/actions-runner/_work/mako-fast-reads/mako-fast-reads/src/deptran/paxos/commo.cc:125] 2025-12-10 04:01:16.317 | ForwardToLearner: par_id=0, slot=18, n=3, proxies.size=4, batch_idx=0
I [/opt/actions-runner/_work/mako-fast-reads/mako-fast-reads/src/deptran/paxos/commo.cc:151] 2025-12-10 04:01:16.317 | ForwardToLearner: SENDING to learner site_id=3, slot=18
I [/opt/actions-runner/_work/mako-fast-reads/mako-fast-reads/src/deptran/paxos/commo.cc:125] 2025-12-10 04:01:16.319 | ForwardToLearner: par_id=0, slot=19, n=3, proxies.size=4, batch_idx=0
I [/opt/actions-runner/_work/mako-fast-reads/mako-fast-reads/src/deptran/paxos/commo.cc:151] 2025-12-10 04:01:16.319 | ForwardToLearner: SENDING to learner site_id=3, slot=19
I [/opt/actions-runner/_work/mako-fast-reads/mako-fast-reads/src/deptran/paxos/commo.cc:125] 2025-12-10 04:01:16.321 | ForwardToLearner: par_id=0, slot=20, n=3, proxies.size=4, batch_idx=0
I [/opt/actions-runner/_work/mako-fast-reads/mako-fast-reads/src/deptran/paxos/commo.cc:151] 2025-12-10 04:01:16.321 | ForwardToLearner: SENDING to learner site_id=3, slot=20
I [/opt/actions-runner/_work/mako-fast-reads/mako-fast-reads/src/deptran/paxos/commo.cc:125] 2025-12-10 04:01:16.323 | ForwardToLearner: par_id=0, slot=21, n=3, proxies.size=4, batch_idx=0
I [/opt/actions-runner/_work/mako-fast-reads/mako-fast-reads/src/deptran/paxos/commo.cc:151] 2025-12-10 04:01:16.323 | ForwardToLearner: SENDING to learner site_id=3, slot=21
I [/opt/actions-runner/_work/mako-fast-reads/mako-fast-reads/src/deptran/paxos/commo.cc:125] 2025-12-10 04:01:16.324 | ForwardToLearner: par_id=0, slot=22, n=3, proxies.size=4, batch_idx=0
I [/opt/actions-runner/_work/mako-fast-reads/mako-fast-reads/src/deptran/paxos/commo.cc:151] 2025-12-10 04:01:16.324 | ForwardToLearner: SENDING to learner site_id=3, slot=22
I [/opt/actions-runner/_work/mako-fast-reads/mako-fast-reads/src/deptran/paxos/commo.cc:125] 2025-12-10 04:01:16.326 | ForwardToLearner: par_id=0, slot=23, n=3, proxies.size=4, batch_idx=0
I [/opt/actions-runner/_work/mako-fast-reads/mako-fast-reads/src/deptran/paxos/commo.cc:151] 2025-12-10 04:01:16.326 | ForwardToLearner: SENDING to learner site_id=3, slot=23
I [/opt/actions-runner/_work/mako-fast-reads/mako-fast-reads/src/deptran/paxos/commo.cc:125] 2025-12-10 04:01:16.328 | ForwardToLearner: par_id=0, slot=24, n=3, proxies.size=4, batch_idx=0
I [/opt/actions-runner/_work/mako-fast-reads/mako-fast-reads/src/deptran/paxos/commo.cc:151] 2025-12-10 04:01:16.328 | ForwardToLearner: SENDING to learner site_id=3, slot=24
I [/opt/actions-runner/_work/mako-fast-reads/mako-fast-reads/src/deptran/paxos/commo.cc:125] 2025-12-10 04:01:16.329 | ForwardToLearner: par_id=0, slot=25, n=3, proxies.size=4, batch_idx=0
I [/opt/actions-runner/_work/mako-fast-reads/mako-fast-reads/src/deptran/paxos/commo.cc:151] 2025-12-10 04:01:16.329 | ForwardToLearner: SENDING to learner site_id=3, slot=25
I [/opt/actions-runner/_work/mako-fast-reads/mako-fast-reads/src/deptran/paxos/commo.cc:125] 2025-12-10 04:01:16.330 | ForwardToLearner: par_id=0, slot=26, n=3, proxies.size=4, batch_idx=0
I [/opt/actions-runner/_work/mako-fast-reads/mako-fast-reads/src/deptran/paxos/commo.cc:151] 2025-12-10 04:01:16.330 | ForwardToLearner: SENDING to learner site_id=3, slot=26
I [/opt/actions-runner/_work/mako-fast-reads/mako-fast-reads/src/deptran/paxos/commo.cc:125] 2025-12-10 04:01:16.332 | ForwardToLearner: par_id=0, slot=27, n=3, proxies.size=4, batch_idx=0
I [/opt/actions-runner/_work/mako-fast-reads/mako-fast-reads/src/deptran/paxos/commo.cc:151] 2025-12-10 04:01:16.332 | ForwardToLearner: SENDING to learner site_id=3, slot=27
I [/opt/actions-runner/_work/mako-fast-reads/mako-fast-reads/src/deptran/paxos/commo.cc:125] 2025-12-10 04:01:16.333 | ForwardToLearner: par_id=0, slot=28, n=3, proxies.size=4, batch_idx=0
I [/opt/actions-runner/_work/mako-fast-reads/mako-fast-reads/src/deptran/paxos/commo.cc:151] 2025-12-10 04:01:16.333 | ForwardToLearner: SENDING to learner site_id=3, slot=28
I [/opt/actions-runner/_work/mako-fast-reads/mako-fast-reads/src/deptran/paxos/commo.cc:125] 2025-12-10 04:01:16.335 | ForwardToLearner: par_id=0, slot=29, n=3, proxies.size=4, batch_idx=0
I [/opt/actions-runner/_work/mako-fast-reads/mako-fast-reads/src/deptran/paxos/commo.cc:151] 2025-12-10 04:01:16.335 | ForwardToLearner: SENDING to learner site_id=3, slot=29
I [/opt/actions-runner/_work/mako-fast-reads/mako-fast-reads/src/deptran/paxos/commo.cc:125] 2025-12-10 04:01:16.336 | ForwardToLearner: par_id=0, slot=30, n=3, proxies.size=4, batch_idx=0
I [/opt/actions-runner/_work/mako-fast-reads/mako-fast-reads/src/deptran/paxos/commo.cc:151] 2025-12-10 04:01:16.336 | ForwardToLearner: SENDING to learner site_id=3, slot=30
I [/opt/actions-runner/_work/mako-fast-reads/mako-fast-reads/src/deptran/paxos/commo.cc:125] 2025-12-10 04:01:16.339 | ForwardToLearner: par_id=0, slot=31, n=3, proxies.size=4, batch_idx=0
I [/opt/actions-runner/_work/mako-fast-reads/mako-fast-reads/src/deptran/paxos/commo.cc:151] 2025-12-10 04:01:16.339 | ForwardToLearner: SENDING to learner site_id=3, slot=31
I [/opt/actions-runner/_work/mako-fast-reads/mako-fast-reads/src/deptran/paxos/commo.cc:125] 2025-12-10 04:01:16.340 | ForwardToLearner: par_id=0, slot=32, n=3, proxies.size=4, batch_idx=0
I [/opt/actions-runner/_work/mako-fast-reads/mako-fast-reads/src/deptran/paxos/commo.cc:151] 2025-12-10 04:01:16.340 | ForwardToLearner: SENDING to learner site_id=3, slot=32
I [/opt/actions-runner/_work/mako-fast-reads/mako-fast-reads/src/deptran/paxos/commo.cc:125] 2025-12-10 04:01:16.341 | ForwardToLearner: par_id=0, slot=33, n=3, proxies.size=4, batch_idx=0
I [/opt/actions-runner/_work/mako-fast-reads/mako-fast-reads/src/deptran/paxos/commo.cc:151] 2025-12-10 04:01:16.341 | ForwardToLearner: SENDING to learner site_id=3, slot=33
I [/opt/actions-runner/_work/mako-fast-reads/mako-fast-reads/src/deptran/paxos/commo.cc:125] 2025-12-10 04:01:16.343 | ForwardToLearner: par_id=0, slot=34, n=3, proxies.size=4, batch_idx=0
I [/opt/actions-runner/_work/mako-fast-reads/mako-fast-reads/src/deptran/paxos/commo.cc:151] 2025-12-10 04:01:16.343 | ForwardToLearner: SENDING to learner site_id=3, slot=34
I [/opt/actions-runner/_work/mako-fast-reads/mako-fast-reads/src/deptran/paxos/commo.cc:125] 2025-12-10 04:01:16.344 | ForwardToLearner: par_id=0, slot=35, n=3, proxies.size=4, batch_idx=0
I [/opt/actions-runner/_work/mako-fast-reads/mako-fast-reads/src/deptran/paxos/commo.cc:151] 2025-12-10 04:01:16.344 | ForwardToLearner: SENDING to learner site_id=3, slot=35
I [/opt/actions-runner/_work/mako-fast-reads/mako-fast-reads/src/deptran/paxos/commo.cc:125] 2025-12-10 04:01:16.346 | ForwardToLearner: par_id=0, slot=36, n=3, proxies.size=4, batch_idx=0
I [/opt/actions-runner/_work/mako-fast-reads/mako-fast-reads/src/deptran/paxos/commo.cc:151] 2025-12-10 04:01:16.346 | ForwardToLearner: SENDING to learner site_id=3, slot=36
I [/opt/actions-runner/_work/mako-fast-reads/mako-fast-reads/src/deptran/paxos/commo.cc:125] 2025-12-10 04:01:16.347 | ForwardToLearner: par_id=0, slot=37, n=3, proxies.size=4, batch_idx=0
I [/opt/actions-runner/_work/mako-fast-reads/mako-fast-reads/src/deptran/paxos/commo.cc:151] 2025-12-10 04:01:16.347 | ForwardToLearner: SENDING to learner site_id=3, slot=37
I [/opt/actions-runner/_work/mako-fast-reads/mako-fast-reads/src/deptran/paxos/commo.cc:125] 2025-12-10 04:01:16.349 | ForwardToLearner: par_id=0, slot=38, n=3, proxies.size=4, batch_idx=0
I [/opt/actions-runner/_work/mako-fast-reads/mako-fast-reads/src/deptran/paxos/commo.cc:151] 2025-12-10 04:01:16.349 | ForwardToLearner: SENDING to learner site_id=3, slot=38
I [/opt/actions-runner/_work/mako-fast-reads/mako-fast-reads/src/deptran/paxos/commo.cc:125] 2025-12-10 04:01:16.351 | ForwardToLearner: par_id=0, slot=39, n=3, proxies.size=4, batch_idx=0
I [/opt/actions-runner/_work/mako-fast-reads/mako-fast-reads/src/deptran/paxos/commo.cc:151] 2025-12-10 04:01:16.351 | ForwardToLearner: SENDING to learner site_id=3, slot=39
I [/opt/actions-runner/_work/mako-fast-reads/mako-fast-reads/src/deptran/paxos/commo.cc:125] 2025-12-10 04:01:16.353 | ForwardToLearner: par_id=0, slot=40, n=3, proxies.size=4, batch_idx=0
I [/opt/actions-runner/_work/mako-fast-reads/mako-fast-reads/src/deptran/paxos/commo.cc:151] 2025-12-10 04:01:16.353 | ForwardToLearner: SENDING to learner site_id=3, slot=40
I [/opt/actions-runner/_work/mako-fast-reads/mako-fast-reads/src/deptran/paxos/commo.cc:125] 2025-12-10 04:01:16.354 | ForwardToLearner: par_id=0, slot=41, n=3, proxies.size=4, batch_idx=0
I [/opt/actions-runner/_work/mako-fast-reads/mako-fast-reads/src/deptran/paxos/commo.cc:151] 2025-12-10 04:01:16.354 | ForwardToLearner: SENDING to learner site_id=3, slot=41
I [/opt/actions-runner/_work/mako-fast-reads/mako-fast-reads/src/deptran/paxos/commo.cc:125] 2025-12-10 04:01:16.356 | ForwardToLearner: par_id=0, slot=42, n=3, proxies.size=4, batch_idx=0
I [/opt/actions-runner/_work/mako-fast-reads/mako-fast-reads/src/deptran/paxos/commo.cc:151] 2025-12-10 04:01:16.356 | ForwardToLearner: SENDING to learner site_id=3, slot=42
I [/opt/actions-runner/_work/mako-fast-reads/mako-fast-reads/src/deptran/paxos/commo.cc:125] 2025-12-10 04:01:16.358 | ForwardToLearner: par_id=0, slot=43, n=3, proxies.size=4, batch_idx=0
I [/opt/actions-runner/_work/mako-fast-reads/mako-fast-reads/src/deptran/paxos/commo.cc:151] 2025-12-10 04:01:16.358 | ForwardToLearner: SENDING to learner site_id=3, slot=43
I [/opt/actions-runner/_work/mako-fast-reads/mako-fast-reads/src/deptran/paxos/commo.cc:125] 2025-12-10 04:01:16.359 | ForwardToLearner: par_id=0, slot=44, n=3, proxies.size=4, batch_idx=0
I [/opt/actions-runner/_work/mako-fast-reads/mako-fast-reads/src/deptran/paxos/commo.cc:151] 2025-12-10 04:01:16.359 | ForwardToLearner: SENDING to learner site_id=3, slot=44
I [/opt/actions-runner/_work/mako-fast-reads/mako-fast-reads/src/deptran/paxos/commo.cc:125] 2025-12-10 04:01:16.361 | ForwardToLearner: par_id=0, slot=45, n=3, proxies.size=4, batch_idx=0
I [/opt/actions-runner/_work/mako-fast-reads/mako-fast-reads/src/deptran/paxos/commo.cc:151] 2025-12-10 04:01:16.361 | ForwardToLearner: SENDING to learner site_id=3, slot=45
I [/opt/actions-runner/_work/mako-fast-reads/mako-fast-reads/src/deptran/paxos/commo.cc:125] 2025-12-10 04:01:16.362 | ForwardToLearner: par_id=0, slot=46, n=3, proxies.size=4, batch_idx=0
I [/opt/actions-runner/_work/mako-fast-reads/mako-fast-reads/src/deptran/paxos/commo.cc:151] 2025-12-10 04:01:16.362 | ForwardToLearner: SENDING to learner site_id=3, slot=46
I [/opt/actions-runner/_work/mako-fast-reads/mako-fast-reads/src/deptran/paxos/commo.cc:125] 2025-12-10 04:01:16.364 | ForwardToLearner: par_id=0, slot=47, n=3, proxies.size=4, batch_idx=0
I [/opt/actions-runner/_work/mako-fast-reads/mako-fast-reads/src/deptran/paxos/commo.cc:151] 2025-12-10 04:01:16.364 | ForwardToLearner: SENDING to learner site_id=3, slot=47
I [/opt/actions-runner/_work/mako-fast-reads/mako-fast-reads/src/deptran/paxos/commo.cc:125] 2025-12-10 04:01:16.366 | ForwardToLearner: par_id=0, slot=48, n=3, proxies.size=4, batch_idx=0
I [/opt/actions-runner/_work/mako-fast-reads/mako-fast-reads/src/deptran/paxos/commo.cc:151] 2025-12-10 04:01:16.366 | ForwardToLearner: SENDING to learner site_id=3, slot=48
I [/opt/actions-runner/_work/mako-fast-reads/mako-fast-reads/src/deptran/paxos/commo.cc:125] 2025-12-10 04:01:16.367 | ForwardToLearner: par_id=0, slot=49, n=3, proxies.size=4, batch_idx=0
I [/opt/actions-runner/_work/mako-fast-reads/mako-fast-reads/src/deptran/paxos/commo.cc:151] 2025-12-10 04:01:16.367 | ForwardToLearner: SENDING to learner site_id=3, slot=49
I [/opt/actions-runner/_work/mako-fast-reads/mako-fast-reads/src/deptran/paxos/commo.cc:125] 2025-12-10 04:01:16.369 | ForwardToLearner: par_id=0, slot=50, n=3, proxies.size=4, batch_idx=0
I [/opt/actions-runner/_work/mako-fast-reads/mako-fast-reads/src/deptran/paxos/commo.cc:151] 2025-12-10 04:01:16.369 | ForwardToLearner: SENDING to learner site_id=3, slot=50
I [/opt/actions-runner/_work/mako-fast-reads/mako-fast-reads/src/deptran/paxos/commo.cc:125] 2025-12-10 04:01:16.370 | ForwardToLearner: par_id=0, slot=51, n=3, proxies.size=4, batch_idx=0
I [/opt/actions-runner/_work/mako-fast-reads/mako-fast-reads/src/deptran/paxos/commo.cc:151] 2025-12-10 04:01:16.370 | ForwardToLearner: SENDING to learner site_id=3, slot=51
I [/opt/actions-runner/_work/mako-fast-reads/mako-fast-reads/src/deptran/paxos/commo.cc:125] 2025-12-10 04:01:16.372 | ForwardToLearner: par_id=0, slot=52, n=3, proxies.size=4, batch_idx=0
I [/opt/actions-runner/_work/mako-fast-reads/mako-fast-reads/src/deptran/paxos/commo.cc:151] 2025-12-10 04:01:16.372 | ForwardToLearner: SENDING to learner site_id=3, slot=52
I [/opt/actions-runner/_work/mako-fast-reads/mako-fast-reads/src/deptran/paxos/commo.cc:125] 2025-12-10 04:01:16.373 | ForwardToLearner: par_id=0, slot=53, n=3, proxies.size=4, batch_idx=0
I [/opt/actions-runner/_work/mako-fast-reads/mako-fast-reads/src/deptran/paxos/commo.cc:151] 2025-12-10 04:01:16.373 | ForwardToLearner: SENDING to learner site_id=3, slot=53
I [/opt/actions-runner/_work/mako-fast-reads/mako-fast-reads/src/deptran/paxos/commo.cc:125] 2025-12-10 04:01:16.375 | ForwardToLearner: par_id=0, slot=54, n=3, proxies.size=4, batch_idx=0
I [/opt/actions-runner/_work/mako-fast-reads/mako-fast-reads/src/deptran/paxos/commo.cc:151] 2025-12-10 04:01:16.375 | ForwardToLearner: SENDING to learner site_id=3, slot=54
I [/opt/actions-runner/_work/mako-fast-reads/mako-fast-reads/src/deptran/paxos/commo.cc:125] 2025-12-10 04:01:16.377 | ForwardToLearner: par_id=0, slot=55, n=3, proxies.size=4, batch_idx=0
I [/opt/actions-runner/_work/mako-fast-reads/mako-fast-reads/src/deptran/paxos/commo.cc:151] 2025-12-10 04:01:16.377 | ForwardToLearner: SENDING to learner site_id=3, slot=55
I [/opt/actions-runner/_work/mako-fast-reads/mako-fast-reads/src/deptran/paxos/commo.cc:125] 2025-12-10 04:01:16.379 | ForwardToLearner: par_id=0, slot=56, n=3, proxies.size=4, batch_idx=0
I [/opt/actions-runner/_work/mako-fast-reads/mako-fast-reads/src/deptran/paxos/commo.cc:151] 2025-12-10 04:01:16.379 | ForwardToLearner: SENDING to learner site_id=3, slot=56
I [/opt/actions-runner/_work/mako-fast-reads/mako-fast-reads/src/deptran/paxos/commo.cc:125] 2025-12-10 04:01:16.380 | ForwardToLearner: par_id=0, slot=57, n=3, proxies.size=4, batch_idx=0
I [/opt/actions-runner/_work/mako-fast-reads/mako-fast-reads/src/deptran/paxos/commo.cc:151] 2025-12-10 04:01:16.380 | ForwardToLearner: SENDING to learner site_id=3, slot=57
I [/opt/actions-runner/_work/mako-fast-reads/mako-fast-reads/src/deptran/paxos/commo.cc:125] 2025-12-10 04:01:16.382 | ForwardToLearner: par_id=0, slot=58, n=3, proxies.size=4, batch_idx=0
I [/opt/actions-runner/_work/mako-fast-reads/mako-fast-reads/src/deptran/paxos/commo.cc:151] 2025-12-10 04:01:16.382 | ForwardToLearner: SENDING to learner site_id=3, slot=58
I [/opt/actions-runner/_work/mako-fast-reads/mako-fast-reads/src/deptran/paxos/commo.cc:125] 2025-12-10 04:01:16.383 | ForwardToLearner: par_id=0, slot=59, n=3, proxies.size=4, batch_idx=0
I [/opt/actions-runner/_work/mako-fast-reads/mako-fast-reads/src/deptran/paxos/commo.cc:151] 2025-12-10 04:01:16.383 | ForwardToLearner: SENDING to learner site_id=3, slot=59
I [/opt/actions-runner/_work/mako-fast-reads/mako-fast-reads/src/deptran/paxos/commo.cc:125] 2025-12-10 04:01:16.385 | ForwardToLearner: par_id=0, slot=60, n=3, proxies.size=4, batch_idx=0
I [/opt/actions-runner/_work/mako-fast-reads/mako-fast-reads/src/deptran/paxos/commo.cc:151] 2025-12-10 04:01:16.385 | ForwardToLearner: SENDING to learner site_id=3, slot=60
I [/opt/actions-runner/_work/mako-fast-reads/mako-fast-reads/src/deptran/paxos/commo.cc:125] 2025-12-10 04:01:16.387 | ForwardToLearner: par_id=0, slot=61, n=3, proxies.size=4, batch_idx=0
I [/opt/actions-runner/_work/mako-fast-reads/mako-fast-reads/src/deptran/paxos/commo.cc:151] 2025-12-10 04:01:16.387 | ForwardToLearner: SENDING to learner site_id=3, slot=61
I [/opt/actions-runner/_work/mako-fast-reads/mako-fast-reads/src/deptran/paxos/commo.cc:125] 2025-12-10 04:01:16.389 | ForwardToLearner: par_id=0, slot=62, n=3, proxies.size=4, batch_idx=0
I [/opt/actions-runner/_work/mako-fast-reads/mako-fast-reads/src/deptran/paxos/commo.cc:151] 2025-12-10 04:01:16.389 | ForwardToLearner: SENDING to learner site_id=3, slot=62
I [/opt/actions-runner/_work/mako-fast-reads/mako-fast-reads/src/deptran/paxos/commo.cc:125] 2025-12-10 04:01:16.390 | ForwardToLearner: par_id=0, slot=63, n=3, proxies.size=4, batch_idx=0
I [/opt/actions-runner/_work/mako-fast-reads/mako-fast-reads/src/deptran/paxos/commo.cc:151] 2025-12-10 04:01:16.390 | ForwardToLearner: SENDING to learner site_id=3, slot=63
I [/opt/actions-runner/_work/mako-fast-reads/mako-fast-reads/src/deptran/paxos/commo.cc:125] 2025-12-10 04:01:16.392 | ForwardToLearner: par_id=0, slot=64, n=3, proxies.size=4, batch_idx=0
I [/opt/actions-runner/_work/mako-fast-reads/mako-fast-reads/src/deptran/paxos/commo.cc:151] 2025-12-10 04:01:16.392 | ForwardToLearner: SENDING to learner site_id=3, slot=64
I [/opt/actions-runner/_work/mako-fast-reads/mako-fast-reads/src/deptran/paxos/commo.cc:125] 2025-12-10 04:01:16.393 | ForwardToLearner: par_id=0, slot=65, n=3, proxies.size=4, batch_idx=0
I [/opt/actions-runner/_work/mako-fast-reads/mako-fast-reads/src/deptran/paxos/commo.cc:151] 2025-12-10 04:01:16.393 | ForwardToLearner: SENDING to learner site_id=3, slot=65
I [/opt/actions-runner/_work/mako-fast-reads/mako-fast-reads/src/deptran/paxos/commo.cc:125] 2025-12-10 04:01:16.394 | ForwardToLearner: par_id=0, slot=66, n=3, proxies.size=4, batch_idx=0
I [/opt/actions-runner/_work/mako-fast-reads/mako-fast-reads/src/deptran/paxos/commo.cc:151] 2025-12-10 04:01:16.394 | ForwardToLearner: SENDING to learner site_id=3, slot=66
I [/opt/actions-runner/_work/mako-fast-reads/mako-fast-reads/src/deptran/paxos/commo.cc:125] 2025-12-10 04:01:16.396 | ForwardToLearner: par_id=0, slot=67, n=3, proxies.size=4, batch_idx=0
I [/opt/actions-runner/_work/mako-fast-reads/mako-fast-reads/src/deptran/paxos/commo.cc:151] 2025-12-10 04:01:16.396 | ForwardToLearner: SENDING to learner site_id=3, slot=67
I [/opt/actions-runner/_work/mako-fast-reads/mako-fast-reads/src/deptran/paxos/commo.cc:125] 2025-12-10 04:01:16.398 | ForwardToLearner: par_id=0, slot=68, n=3, proxies.size=4, batch_idx=0
I [/opt/actions-runner/_work/mako-fast-reads/mako-fast-reads/src/deptran/paxos/commo.cc:151] 2025-12-10 04:01:16.398 | ForwardToLearner: SENDING to learner site_id=3, slot=68
I [/opt/actions-runner/_work/mako-fast-reads/mako-fast-reads/src/deptran/paxos/commo.cc:125] 2025-12-10 04:01:16.400 | ForwardToLearner: par_id=0, slot=69, n=3, proxies.size=4, batch_idx=0
I [/opt/actions-runner/_work/mako-fast-reads/mako-fast-reads/src/deptran/paxos/commo.cc:151] 2025-12-10 04:01:16.400 | ForwardToLearner: SENDING to learner site_id=3, slot=69
I [/opt/actions-runner/_work/mako-fast-reads/mako-fast-reads/src/deptran/paxos/commo.cc:125] 2025-12-10 04:01:16.401 | ForwardToLearner: par_id=0, slot=70, n=3, proxies.size=4, batch_idx=0
I [/opt/actions-runner/_work/mako-fast-reads/mako-fast-reads/src/deptran/paxos/commo.cc:151] 2025-12-10 04:01:16.401 | ForwardToLearner: SENDING to learner site_id=3, slot=70
I [/opt/actions-runner/_work/mako-fast-reads/mako-fast-reads/src/deptran/paxos/commo.cc:125] 2025-12-10 04:01:16.403 | ForwardToLearner: par_id=0, slot=71, n=3, proxies.size=4, batch_idx=0
I [/opt/actions-runner/_work/mako-fast-reads/mako-fast-reads/src/deptran/paxos/commo.cc:151] 2025-12-10 04:01:16.403 | ForwardToLearner: SENDING to learner site_id=3, slot=71
I [/opt/actions-runner/_work/mako-fast-reads/mako-fast-reads/src/deptran/paxos/commo.cc:125] 2025-12-10 04:01:16.404 | ForwardToLearner: par_id=0, slot=72, n=3, proxies.size=4, batch_idx=0
I [/opt/actions-runner/_work/mako-fast-reads/mako-fast-reads/src/deptran/paxos/commo.cc:151] 2025-12-10 04:01:16.404 | ForwardToLearner: SENDING to learner site_id=3, slot=72
I [/opt/actions-runner/_work/mako-fast-reads/mako-fast-reads/src/deptran/paxos/commo.cc:125] 2025-12-10 04:01:16.406 | ForwardToLearner: par_id=0, slot=73, n=3, proxies.size=4, batch_idx=0
I [/opt/actions-runner/_work/mako-fast-reads/mako-fast-reads/src/deptran/paxos/commo.cc:151] 2025-12-10 04:01:16.406 | ForwardToLearner: SENDING to learner site_id=3, slot=73
I [/opt/actions-runner/_work/mako-fast-reads/mako-fast-reads/src/deptran/paxos/commo.cc:125] 2025-12-10 04:01:16.408 | ForwardToLearner: par_id=0, slot=74, n=3, proxies.size=4, batch_idx=0
I [/opt/actions-runner/_work/mako-fast-reads/mako-fast-reads/src/deptran/paxos/commo.cc:151] 2025-12-10 04:01:16.408 | ForwardToLearner: SENDING to learner site_id=3, slot=74
I [/opt/actions-runner/_work/mako-fast-reads/mako-fast-reads/src/deptran/paxos/commo.cc:125] 2025-12-10 04:01:16.410 | ForwardToLearner: par_id=0, slot=75, n=3, proxies.size=4, batch_idx=0
I [/opt/actions-runner/_work/mako-fast-reads/mako-fast-reads/src/deptran/paxos/commo.cc:151] 2025-12-10 04:01:16.410 | ForwardToLearner: SENDING to learner site_id=3, slot=75
I [/opt/actions-runner/_work/mako-fast-reads/mako-fast-reads/src/deptran/paxos/commo.cc:125] 2025-12-10 04:01:16.412 | ForwardToLearner: par_id=0, slot=76, n=3, proxies.size=4, batch_idx=0
I [/opt/actions-runner/_work/mako-fast-reads/mako-fast-reads/src/deptran/paxos/commo.cc:151] 2025-12-10 04:01:16.412 | ForwardToLearner: SENDING to learner site_id=3, slot=76
I [/opt/actions-runner/_work/mako-fast-reads/mako-fast-reads/src/deptran/paxos/commo.cc:125] 2025-12-10 04:01:16.413 | ForwardToLearner: par_id=0, slot=77, n=3, proxies.size=4, batch_idx=0
I [/opt/actions-runner/_work/mako-fast-reads/mako-fast-reads/src/deptran/paxos/commo.cc:151] 2025-12-10 04:01:16.413 | ForwardToLearner: SENDING to learner site_id=3, slot=77
I [/opt/actions-runner/_work/mako-fast-reads/mako-fast-reads/src/deptran/paxos/commo.cc:125] 2025-12-10 04:01:16.415 | ForwardToLearner: par_id=0, slot=78, n=3, proxies.size=4, batch_idx=0
I [/opt/actions-runner/_work/mako-fast-reads/mako-fast-reads/src/deptran/paxos/commo.cc:151] 2025-12-10 04:01:16.415 | ForwardToLearner: SENDING to learner site_id=3, slot=78
I [/opt/actions-runner/_work/mako-fast-reads/mako-fast-reads/src/deptran/paxos/commo.cc:125] 2025-12-10 04:01:16.416 | ForwardToLearner: par_id=0, slot=79, n=3, proxies.size=4, batch_idx=0
I [/opt/actions-runner/_work/mako-fast-reads/mako-fast-reads/src/deptran/paxos/commo.cc:151] 2025-12-10 04:01:16.416 | ForwardToLearner: SENDING to learner site_id=3, slot=79
I [/opt/actions-runner/_work/mako-fast-reads/mako-fast-reads/src/deptran/paxos/commo.cc:125] 2025-12-10 04:01:16.418 | ForwardToLearner: par_id=0, slot=80, n=3, proxies.size=4, batch_idx=0
I [/opt/actions-runner/_work/mako-fast-reads/mako-fast-reads/src/deptran/paxos/commo.cc:151] 2025-12-10 04:01:16.418 | ForwardToLearner: SENDING to learner site_id=3, slot=80
I [/opt/actions-runner/_work/mako-fast-reads/mako-fast-reads/src/deptran/paxos/commo.cc:125] 2025-12-10 04:01:16.419 | ForwardToLearner: par_id=0, slot=81, n=3, proxies.size=4, batch_idx=0
I [/opt/actions-runner/_work/mako-fast-reads/mako-fast-reads/src/deptran/paxos/commo.cc:151] 2025-12-10 04:01:16.419 | ForwardToLearner: SENDING to learner site_id=3, slot=81
I [/opt/actions-runner/_work/mako-fast-reads/mako-fast-reads/src/deptran/paxos/commo.cc:125] 2025-12-10 04:01:16.421 | ForwardToLearner: par_id=0, slot=82, n=3, proxies.size=4, batch_idx=0
I [/opt/actions-runner/_work/mako-fast-reads/mako-fast-reads/src/deptran/paxos/commo.cc:151] 2025-12-10 04:01:16.421 | ForwardToLearner: SENDING to learner site_id=3, slot=82
I [/opt/actions-runner/_work/mako-fast-reads/mako-fast-reads/src/deptran/paxos/commo.cc:125] 2025-12-10 04:01:16.423 | ForwardToLearner: par_id=0, slot=83, n=3, proxies.size=4, batch_idx=0
I [/opt/actions-runner/_work/mako-fast-reads/mako-fast-reads/src/deptran/paxos/commo.cc:151] 2025-12-10 04:01:16.423 | ForwardToLearner: SENDING to learner site_id=3, slot=83
I [/opt/actions-runner/_work/mako-fast-reads/mako-fast-reads/src/deptran/paxos/commo.cc:125] 2025-12-10 04:01:16.424 | ForwardToLearner: par_id=0, slot=84, n=3, proxies.size=4, batch_idx=0
I [/opt/actions-runner/_work/mako-fast-reads/mako-fast-reads/src/deptran/paxos/commo.cc:151] 2025-12-10 04:01:16.424 | ForwardToLearner: SENDING to learner site_id=3, slot=84
I [/opt/actions-runner/_work/mako-fast-reads/mako-fast-reads/src/deptran/paxos/commo.cc:125] 2025-12-10 04:01:16.426 | ForwardToLearner: par_id=0, slot=85, n=3, proxies.size=4, batch_idx=0
I [/opt/actions-runner/_work/mako-fast-reads/mako-fast-reads/src/deptran/paxos/commo.cc:151] 2025-12-10 04:01:16.426 | ForwardToLearner: SENDING to learner site_id=3, slot=85
I [/opt/actions-runner/_work/mako-fast-reads/mako-fast-reads/src/deptran/paxos/commo.cc:125] 2025-12-10 04:01:16.427 | ForwardToLearner: par_id=0, slot=86, n=3, proxies.size=4, batch_idx=0
I [/opt/actions-runner/_work/mako-fast-reads/mako-fast-reads/src/deptran/paxos/commo.cc:151] 2025-12-10 04:01:16.427 | ForwardToLearner: SENDING to learner site_id=3, slot=86
I [/opt/actions-runner/_work/mako-fast-reads/mako-fast-reads/src/deptran/paxos/commo.cc:125] 2025-12-10 04:01:16.429 | ForwardToLearner: par_id=0, slot=87, n=3, proxies.size=4, batch_idx=0
I [/opt/actions-runner/_work/mako-fast-reads/mako-fast-reads/src/deptran/paxos/commo.cc:151] 2025-12-10 04:01:16.429 | ForwardToLearner: SENDING to learner site_id=3, slot=87
I [/opt/actions-runner/_work/mako-fast-reads/mako-fast-reads/src/deptran/paxos/commo.cc:125] 2025-12-10 04:01:16.430 | ForwardToLearner: par_id=0, slot=88, n=3, proxies.size=4, batch_idx=0
I [/opt/actions-runner/_work/mako-fast-reads/mako-fast-reads/src/deptran/paxos/commo.cc:151] 2025-12-10 04:01:16.430 | ForwardToLearner: SENDING to learner site_id=3, slot=88
I [/opt/actions-runner/_work/mako-fast-reads/mako-fast-reads/src/deptran/paxos/commo.cc:125] 2025-12-10 04:01:16.432 | ForwardToLearner: par_id=0, slot=89, n=3, proxies.size=4, batch_idx=0
I [/opt/actions-runner/_work/mako-fast-reads/mako-fast-reads/src/deptran/paxos/commo.cc:151] 2025-12-10 04:01:16.432 | ForwardToLearner: SENDING to learner site_id=3, slot=89
I [/opt/actions-runner/_work/mako-fast-reads/mako-fast-reads/src/deptran/paxos/commo.cc:125] 2025-12-10 04:01:16.434 | ForwardToLearner: par_id=0, slot=90, n=3, proxies.size=4, batch_idx=0
I [/opt/actions-runner/_work/mako-fast-reads/mako-fast-reads/src/deptran/paxos/commo.cc:151] 2025-12-10 04:01:16.434 | ForwardToLearner: SENDING to learner site_id=3, slot=90
I [/opt/actions-runner/_work/mako-fast-reads/mako-fast-reads/src/deptran/paxos/commo.cc:125] 2025-12-10 04:01:16.435 | ForwardToLearner: par_id=0, slot=91, n=3, proxies.size=4, batch_idx=0
I [/opt/actions-runner/_work/mako-fast-reads/mako-fast-reads/src/deptran/paxos/commo.cc:151] 2025-12-10 04:01:16.435 | ForwardToLearner: SENDING to learner site_id=3, slot=91
I [/opt/actions-runner/_work/mako-fast-reads/mako-fast-reads/src/deptran/paxos/commo.cc:125] 2025-12-10 04:01:16.437 | ForwardToLearner: par_id=0, slot=92, n=3, proxies.size=4, batch_idx=0
I [/opt/actions-runner/_work/mako-fast-reads/mako-fast-reads/src/deptran/paxos/commo.cc:151] 2025-12-10 04:01:16.437 | ForwardToLearner: SENDING to learner site_id=3, slot=92
I [/opt/actions-runner/_work/mako-fast-reads/mako-fast-reads/src/deptran/paxos/commo.cc:125] 2025-12-10 04:01:16.439 | ForwardToLearner: par_id=0, slot=93, n=3, proxies.size=4, batch_idx=0
I [/opt/actions-runner/_work/mako-fast-reads/mako-fast-reads/src/deptran/paxos/commo.cc:151] 2025-12-10 04:01:16.439 | ForwardToLearner: SENDING to learner site_id=3, slot=93
I [/opt/actions-runner/_work/mako-fast-reads/mako-fast-reads/src/deptran/paxos/commo.cc:125] 2025-12-10 04:01:16.440 | ForwardToLearner: par_id=0, slot=94, n=3, proxies.size=4, batch_idx=0
I [/opt/actions-runner/_work/mako-fast-reads/mako-fast-reads/src/deptran/paxos/commo.cc:151] 2025-12-10 04:01:16.440 | ForwardToLearner: SENDING to learner site_id=3, slot=94
I [/opt/actions-runner/_work/mako-fast-reads/mako-fast-reads/src/deptran/paxos/commo.cc:125] 2025-12-10 04:01:16.442 | ForwardToLearner: par_id=0, slot=95, n=3, proxies.size=4, batch_idx=0
I [/opt/actions-runner/_work/mako-fast-reads/mako-fast-reads/src/deptran/paxos/commo.cc:151] 2025-12-10 04:01:16.442 | ForwardToLearner: SENDING to learner site_id=3, slot=95
I [/opt/actions-runner/_work/mako-fast-reads/mako-fast-reads/src/deptran/paxos/commo.cc:125] 2025-12-10 04:01:16.443 | ForwardToLearner: par_id=0, slot=96, n=3, proxies.size=4, batch_idx=0
I [/opt/actions-runner/_work/mako-fast-reads/mako-fast-reads/src/deptran/paxos/commo.cc:151] 2025-12-10 04:01:16.443 | ForwardToLearner: SENDING to learner site_id=3, slot=96
I [/opt/actions-runner/_work/mako-fast-reads/mako-fast-reads/src/deptran/paxos/commo.cc:125] 2025-12-10 04:01:16.445 | ForwardToLearner: par_id=0, slot=97, n=3, proxies.size=4, batch_idx=0
I [/opt/actions-runner/_work/mako-fast-reads/mako-fast-reads/src/deptran/paxos/commo.cc:151] 2025-12-10 04:01:16.445 | ForwardToLearner: SENDING to learner site_id=3, slot=97
I [/opt/actions-runner/_work/mako-fast-reads/mako-fast-reads/src/deptran/paxos/commo.cc:125] 2025-12-10 04:01:16.446 | ForwardToLearner: par_id=0, slot=98, n=3, proxies.size=4, batch_idx=0
I [/opt/actions-runner/_work/mako-fast-reads/mako-fast-reads/src/deptran/paxos/commo.cc:151] 2025-12-10 04:01:16.446 | ForwardToLearner: SENDING to learner site_id=3, slot=98
I [/opt/actions-runner/_work/mako-fast-reads/mako-fast-reads/src/deptran/paxos/commo.cc:125] 2025-12-10 04:01:16.448 | ForwardToLearner: par_id=0, slot=99, n=3, proxies.size=4, batch_idx=0
I [/opt/actions-runner/_work/mako-fast-reads/mako-fast-reads/src/deptran/paxos/commo.cc:151] 2025-12-10 04:01:16.448 | ForwardToLearner: SENDING to learner site_id=3, slot=99
I [/opt/actions-runner/_work/mako-fast-reads/mako-fast-reads/src/deptran/paxos/commo.cc:125] 2025-12-10 04:01:16.450 | ForwardToLearner: par_id=0, slot=100, n=3, proxies.size=4, batch_idx=0
I [/opt/actions-runner/_work/mako-fast-reads/mako-fast-reads/src/deptran/paxos/commo.cc:151] 2025-12-10 04:01:16.450 | ForwardToLearner: SENDING to learner site_id=3, slot=100
I [/opt/actions-runner/_work/mako-fast-reads/mako-fast-reads/src/deptran/paxos/commo.cc:125] 2025-12-10 04:01:16.451 | ForwardToLearner: par_id=0, slot=101, n=3, proxies.size=4, batch_idx=0
I [/opt/actions-runner/_work/mako-fast-reads/mako-fast-reads/src/deptran/paxos/commo.cc:151] 2025-12-10 04:01:16.451 | ForwardToLearner: SENDING to learner site_id=3, slot=101
I [/opt/actions-runner/_work/mako-fast-reads/mako-fast-reads/src/deptran/paxos/commo.cc:125] 2025-12-10 04:01:16.453 | ForwardToLearner: par_id=0, slot=102, n=3, proxies.size=4, batch_idx=0
I [/opt/actions-runner/_work/mako-fast-reads/mako-fast-reads/src/deptran/paxos/commo.cc:151] 2025-12-10 04:01:16.453 | ForwardToLearner: SENDING to learner site_id=3, slot=102
I [/opt/actions-runner/_work/mako-fast-reads/mako-fast-reads/src/deptran/paxos/commo.cc:125] 2025-12-10 04:01:16.454 | ForwardToLearner: par_id=0, slot=103, n=3, proxies.size=4, batch_idx=0
I [/opt/actions-runner/_work/mako-fast-reads/mako-fast-reads/src/deptran/paxos/commo.cc:151] 2025-12-10 04:01:16.454 | ForwardToLearner: SENDING to learner site_id=3, slot=103
I [/opt/actions-runner/_work/mako-fast-reads/mako-fast-reads/src/deptran/paxos/commo.cc:125] 2025-12-10 04:01:16.456 | ForwardToLearner: par_id=0, slot=104, n=3, proxies.size=4, batch_idx=0
I [/opt/actions-runner/_work/mako-fast-reads/mako-fast-reads/src/deptran/paxos/commo.cc:151] 2025-12-10 04:01:16.456 | ForwardToLearner: SENDING to learner site_id=3, slot=104
I [/opt/actions-runner/_work/mako-fast-reads/mako-fast-reads/src/deptran/paxos/commo.cc:125] 2025-12-10 04:01:16.457 | ForwardToLearner: par_id=0, slot=105, n=3, proxies.size=4, batch_idx=0
I [/opt/actions-runner/_work/mako-fast-reads/mako-fast-reads/src/deptran/paxos/commo.cc:151] 2025-12-10 04:01:16.457 | ForwardToLearner: SENDING to learner site_id=3, slot=105
I [/opt/actions-runner/_work/mako-fast-reads/mako-fast-reads/src/deptran/paxos/commo.cc:125] 2025-12-10 04:01:16.459 | ForwardToLearner: par_id=0, slot=106, n=3, proxies.size=4, batch_idx=0
I [/opt/actions-runner/_work/mako-fast-reads/mako-fast-reads/src/deptran/paxos/commo.cc:151] 2025-12-10 04:01:16.459 | ForwardToLearner: SENDING to learner site_id=3, slot=106
I [/opt/actions-runner/_work/mako-fast-reads/mako-fast-reads/src/deptran/paxos/commo.cc:125] 2025-12-10 04:01:16.461 | ForwardToLearner: par_id=0, slot=107, n=3, proxies.size=4, batch_idx=0
I [/opt/actions-runner/_work/mako-fast-reads/mako-fast-reads/src/deptran/paxos/commo.cc:151] 2025-12-10 04:01:16.461 | ForwardToLearner: SENDING to learner site_id=3, slot=107
I [/opt/actions-runner/_work/mako-fast-reads/mako-fast-reads/src/deptran/paxos/commo.cc:125] 2025-12-10 04:01:16.462 | ForwardToLearner: par_id=0, slot=108, n=3, proxies.size=4, batch_idx=0
I [/opt/actions-runner/_work/mako-fast-reads/mako-fast-reads/src/deptran/paxos/commo.cc:151] 2025-12-10 04:01:16.462 | ForwardToLearner: SENDING to learner site_id=3, slot=108
I [/opt/actions-runner/_work/mako-fast-reads/mako-fast-reads/src/deptran/paxos/commo.cc:125] 2025-12-10 04:01:16.464 | ForwardToLearner: par_id=0, slot=109, n=3, proxies.size=4, batch_idx=0
I [/opt/actions-runner/_work/mako-fast-reads/mako-fast-reads/src/deptran/paxos/commo.cc:151] 2025-12-10 04:01:16.464 | ForwardToLearner: SENDING to learner site_id=3, slot=109
I [/opt/actions-runner/_work/mako-fast-reads/mako-fast-reads/src/deptran/paxos/commo.cc:125] 2025-12-10 04:01:16.466 | ForwardToLearner: par_id=0, slot=110, n=3, proxies.size=4, batch_idx=0
I [/opt/actions-runner/_work/mako-fast-reads/mako-fast-reads/src/deptran/paxos/commo.cc:151] 2025-12-10 04:01:16.466 | ForwardToLearner: SENDING to learner site_id=3, slot=110
I [/opt/actions-runner/_work/mako-fast-reads/mako-fast-reads/src/deptran/paxos/commo.cc:125] 2025-12-10 04:01:16.467 | ForwardToLearner: par_id=0, slot=111, n=3, proxies.size=4, batch_idx=0
I [/opt/actions-runner/_work/mako-fast-reads/mako-fast-reads/src/deptran/paxos/commo.cc:151] 2025-12-10 04:01:16.467 | ForwardToLearner: SENDING to learner site_id=3, slot=111
I [/opt/actions-runner/_work/mako-fast-reads/mako-fast-reads/src/deptran/paxos/commo.cc:125] 2025-12-10 04:01:16.469 | ForwardToLearner: par_id=0, slot=112, n=3, proxies.size=4, batch_idx=0
I [/opt/actions-runner/_work/mako-fast-reads/mako-fast-reads/src/deptran/paxos/commo.cc:151] 2025-12-10 04:01:16.469 | ForwardToLearner: SENDING to learner site_id=3, slot=112
I [/opt/actions-runner/_work/mako-fast-reads/mako-fast-reads/src/deptran/paxos/commo.cc:125] 2025-12-10 04:01:16.471 | ForwardToLearner: par_id=0, slot=113, n=3, proxies.size=4, batch_idx=0
I [/opt/actions-runner/_work/mako-fast-reads/mako-fast-reads/src/deptran/paxos/commo.cc:151] 2025-12-10 04:01:16.471 | ForwardToLearner: SENDING to learner site_id=3, slot=113
I [/opt/actions-runner/_work/mako-fast-reads/mako-fast-reads/src/deptran/paxos/commo.cc:125] 2025-12-10 04:01:16.472 | ForwardToLearner: par_id=0, slot=114, n=3, proxies.size=4, batch_idx=0
I [/opt/actions-runner/_work/mako-fast-reads/mako-fast-reads/src/deptran/paxos/commo.cc:151] 2025-12-10 04:01:16.472 | ForwardToLearner: SENDING to learner site_id=3, slot=114
I [/opt/actions-runner/_work/mako-fast-reads/mako-fast-reads/src/deptran/paxos/commo.cc:125] 2025-12-10 04:01:16.474 | ForwardToLearner: par_id=0, slot=115, n=3, proxies.size=4, batch_idx=0
I [/opt/actions-runner/_work/mako-fast-reads/mako-fast-reads/src/deptran/paxos/commo.cc:151] 2025-12-10 04:01:16.474 | ForwardToLearner: SENDING to learner site_id=3, slot=115
I [/opt/actions-runner/_work/mako-fast-reads/mako-fast-reads/src/deptran/paxos/commo.cc:125] 2025-12-10 04:01:16.475 | ForwardToLearner: par_id=0, slot=116, n=3, proxies.size=4, batch_idx=0
I [/opt/actions-runner/_work/mako-fast-reads/mako-fast-reads/src/deptran/paxos/commo.cc:151] 2025-12-10 04:01:16.475 | ForwardToLearner: SENDING to learner site_id=3, slot=116
I [/opt/actions-runner/_work/mako-fast-reads/mako-fast-reads/src/deptran/paxos/commo.cc:125] 2025-12-10 04:01:16.477 | ForwardToLearner: par_id=0, slot=117, n=3, proxies.size=4, batch_idx=0
I [/opt/actions-runner/_work/mako-fast-reads/mako-fast-reads/src/deptran/paxos/commo.cc:151] 2025-12-10 04:01:16.477 | ForwardToLearner: SENDING to learner site_id=3, slot=117
I [/opt/actions-runner/_work/mako-fast-reads/mako-fast-reads/src/deptran/paxos/commo.cc:125] 2025-12-10 04:01:16.478 | ForwardToLearner: par_id=0, slot=118, n=3, proxies.size=4, batch_idx=0
I [/opt/actions-runner/_work/mako-fast-reads/mako-fast-reads/src/deptran/paxos/commo.cc:151] 2025-12-10 04:01:16.478 | ForwardToLearner: SENDING to learner site_id=3, slot=118
I [/opt/actions-runner/_work/mako-fast-reads/mako-fast-reads/src/deptran/paxos/commo.cc:125] 2025-12-10 04:01:16.480 | ForwardToLearner: par_id=0, slot=119, n=3, proxies.size=4, batch_idx=0
I [/opt/actions-runner/_work/mako-fast-reads/mako-fast-reads/src/deptran/paxos/commo.cc:151] 2025-12-10 04:01:16.480 | ForwardToLearner: SENDING to learner site_id=3, slot=119
I [/opt/actions-runner/_work/mako-fast-reads/mako-fast-reads/src/deptran/paxos/commo.cc:125] 2025-12-10 04:01:16.482 | ForwardToLearner: par_id=0, slot=120, n=3, proxies.size=4, batch_idx=0
I [/opt/actions-runner/_work/mako-fast-reads/mako-fast-reads/src/deptran/paxos/commo.cc:151] 2025-12-10 04:01:16.482 | ForwardToLearner: SENDING to learner site_id=3, slot=120
I [/opt/actions-runner/_work/mako-fast-reads/mako-fast-reads/src/deptran/paxos/commo.cc:125] 2025-12-10 04:01:16.483 | ForwardToLearner: par_id=0, slot=121, n=3, proxies.size=4, batch_idx=0
I [/opt/actions-runner/_work/mako-fast-reads/mako-fast-reads/src/deptran/paxos/commo.cc:151] 2025-12-10 04:01:16.483 | ForwardToLearner: SENDING to learner site_id=3, slot=121
I [/opt/actions-runner/_work/mako-fast-reads/mako-fast-reads/src/deptran/paxos/commo.cc:125] 2025-12-10 04:01:16.485 | ForwardToLearner: par_id=0, slot=122, n=3, proxies.size=4, batch_idx=0
I [/opt/actions-runner/_work/mako-fast-reads/mako-fast-reads/src/deptran/paxos/commo.cc:151] 2025-12-10 04:01:16.485 | ForwardToLearner: SENDING to learner site_id=3, slot=122
I [/opt/actions-runner/_work/mako-fast-reads/mako-fast-reads/src/deptran/paxos/commo.cc:125] 2025-12-10 04:01:16.486 | ForwardToLearner: par_id=0, slot=123, n=3, proxies.size=4, batch_idx=0
I [/opt/actions-runner/_work/mako-fast-reads/mako-fast-reads/src/deptran/paxos/commo.cc:151] 2025-12-10 04:01:16.486 | ForwardToLearner: SENDING to learner site_id=3, slot=123
I [/opt/actions-runner/_work/mako-fast-reads/mako-fast-reads/src/deptran/paxos/commo.cc:125] 2025-12-10 04:01:16.488 | ForwardToLearner: par_id=0, slot=124, n=3, proxies.size=4, batch_idx=0
I [/opt/actions-runner/_work/mako-fast-reads/mako-fast-reads/src/deptran/paxos/commo.cc:151] 2025-12-10 04:01:16.488 | ForwardToLearner: SENDING to learner site_id=3, slot=124
I [/opt/actions-runner/_work/mako-fast-reads/mako-fast-reads/src/deptran/paxos/commo.cc:125] 2025-12-10 04:01:16.489 | ForwardToLearner: par_id=0, slot=125, n=3, proxies.size=4, batch_idx=0
I [/opt/actions-runner/_work/mako-fast-reads/mako-fast-reads/src/deptran/paxos/commo.cc:151] 2025-12-10 04:01:16.489 | ForwardToLearner: SENDING to learner site_id=3, slot=125
I [/opt/actions-runner/_work/mako-fast-reads/mako-fast-reads/src/deptran/paxos/commo.cc:125] 2025-12-10 04:01:16.491 | ForwardToLearner: par_id=0, slot=126, n=3, proxies.size=4, batch_idx=0
I [/opt/actions-runner/_work/mako-fast-reads/mako-fast-reads/src/deptran/paxos/commo.cc:151] 2025-12-10 04:01:16.491 | ForwardToLearner: SENDING to learner site_id=3, slot=126
I [/opt/actions-runner/_work/mako-fast-reads/mako-fast-reads/src/deptran/paxos/commo.cc:125] 2025-12-10 04:01:16.492 | ForwardToLearner: par_id=0, slot=127, n=3, proxies.size=4, batch_idx=0
I [/opt/actions-runner/_work/mako-fast-reads/mako-fast-reads/src/deptran/paxos/commo.cc:151] 2025-12-10 04:01:16.492 | ForwardToLearner: SENDING to learner site_id=3, slot=127
I [/opt/actions-runner/_work/mako-fast-reads/mako-fast-reads/src/deptran/paxos/commo.cc:125] 2025-12-10 04:01:16.494 | ForwardToLearner: par_id=0, slot=128, n=3, proxies.size=4, batch_idx=0
I [/opt/actions-runner/_work/mako-fast-reads/mako-fast-reads/src/deptran/paxos/commo.cc:151] 2025-12-10 04:01:16.494 | ForwardToLearner: SENDING to learner site_id=3, slot=128
I [/opt/actions-runner/_work/mako-fast-reads/mako-fast-reads/src/deptran/paxos/commo.cc:125] 2025-12-10 04:01:16.496 | ForwardToLearner: par_id=0, slot=129, n=3, proxies.size=4, batch_idx=0
I [/opt/actions-runner/_work/mako-fast-reads/mako-fast-reads/src/deptran/paxos/commo.cc:151] 2025-12-10 04:01:16.496 | ForwardToLearner: SENDING to learner site_id=3, slot=129
I [/opt/actions-runner/_work/mako-fast-reads/mako-fast-reads/src/deptran/paxos/commo.cc:125] 2025-12-10 04:01:16.497 | ForwardToLearner: par_id=0, slot=130, n=3, proxies.size=4, batch_idx=0
I [/opt/actions-runner/_work/mako-fast-reads/mako-fast-reads/src/deptran/paxos/commo.cc:151] 2025-12-10 04:01:16.497 | ForwardToLearner: SENDING to learner site_id=3, slot=130
I [/opt/actions-runner/_work/mako-fast-reads/mako-fast-reads/src/deptran/paxos/commo.cc:125] 2025-12-10 04:01:16.499 | ForwardToLearner: par_id=0, slot=131, n=3, proxies.size=4, batch_idx=0
I [/opt/actions-runner/_work/mako-fast-reads/mako-fast-reads/src/deptran/paxos/commo.cc:151] 2025-12-10 04:01:16.499 | ForwardToLearner: SENDING to learner site_id=3, slot=131
I [/opt/actions-runner/_work/mako-fast-reads/mako-fast-reads/src/deptran/paxos/commo.cc:125] 2025-12-10 04:01:16.500 | ForwardToLearner: par_id=0, slot=132, n=3, proxies.size=4, batch_idx=0
I [/opt/actions-runner/_work/mako-fast-reads/mako-fast-reads/src/deptran/paxos/commo.cc:151] 2025-12-10 04:01:16.500 | ForwardToLearner: SENDING to learner site_id=3, slot=132
I [/opt/actions-runner/_work/mako-fast-reads/mako-fast-reads/src/deptran/paxos/commo.cc:125] 2025-12-10 04:01:16.502 | ForwardToLearner: par_id=0, slot=133, n=3, proxies.size=4, batch_idx=0
I [/opt/actions-runner/_work/mako-fast-reads/mako-fast-reads/src/deptran/paxos/commo.cc:151] 2025-12-10 04:01:16.502 | ForwardToLearner: SENDING to learner site_id=3, slot=133
I [/opt/actions-runner/_work/mako-fast-reads/mako-fast-reads/src/deptran/paxos/commo.cc:125] 2025-12-10 04:01:16.503 | ForwardToLearner: par_id=0, slot=134, n=3, proxies.size=4, batch_idx=0
I [/opt/actions-runner/_work/mako-fast-reads/mako-fast-reads/src/deptran/paxos/commo.cc:151] 2025-12-10 04:01:16.503 | ForwardToLearner: SENDING to learner site_id=3, slot=134
I [/opt/actions-runner/_work/mako-fast-reads/mako-fast-reads/src/deptran/paxos/commo.cc:125] 2025-12-10 04:01:16.504 | ForwardToLearner: par_id=0, slot=135, n=3, proxies.size=4, batch_idx=0
I [/opt/actions-runner/_work/mako-fast-reads/mako-fast-reads/src/deptran/paxos/commo.cc:151] 2025-12-10 04:01:16.504 | ForwardToLearner: SENDING to learner site_id=3, slot=135
I [/opt/actions-runner/_work/mako-fast-reads/mako-fast-reads/src/deptran/paxos/commo.cc:125] 2025-12-10 04:01:16.506 | ForwardToLearner: par_id=0, slot=136, n=3, proxies.size=4, batch_idx=0
I [/opt/actions-runner/_work/mako-fast-reads/mako-fast-reads/src/deptran/paxos/commo.cc:151] 2025-12-10 04:01:16.506 | ForwardToLearner: SENDING to learner site_id=3, slot=136
I [/opt/actions-runner/_work/mako-fast-reads/mako-fast-reads/src/deptran/paxos/commo.cc:125] 2025-12-10 04:01:16.508 | ForwardToLearner: par_id=0, slot=137, n=3, proxies.size=4, batch_idx=0
I [/opt/actions-runner/_work/mako-fast-reads/mako-fast-reads/src/deptran/paxos/commo.cc:151] 2025-12-10 04:01:16.508 | ForwardToLearner: SENDING to learner site_id=3, slot=137
I [/opt/actions-runner/_work/mako-fast-reads/mako-fast-reads/src/deptran/paxos/commo.cc:125] 2025-12-10 04:01:16.509 | ForwardToLearner: par_id=0, slot=138, n=3, proxies.size=4, batch_idx=0
I [/opt/actions-runner/_work/mako-fast-reads/mako-fast-reads/src/deptran/paxos/commo.cc:151] 2025-12-10 04:01:16.509 | ForwardToLearner: SENDING to learner site_id=3, slot=138
I [/opt/actions-runner/_work/mako-fast-reads/mako-fast-reads/src/deptran/paxos/commo.cc:125] 2025-12-10 04:01:16.510 | ForwardToLearner: par_id=0, slot=139, n=3, proxies.size=4, batch_idx=0
I [/opt/actions-runner/_work/mako-fast-reads/mako-fast-reads/src/deptran/paxos/commo.cc:151] 2025-12-10 04:01:16.510 | ForwardToLearner: SENDING to learner site_id=3, slot=139
I [/opt/actions-runner/_work/mako-fast-reads/mako-fast-reads/src/deptran/paxos/commo.cc:125] 2025-12-10 04:01:16.512 | ForwardToLearner: par_id=0, slot=140, n=3, proxies.size=4, batch_idx=0
I [/opt/actions-runner/_work/mako-fast-reads/mako-fast-reads/src/deptran/paxos/commo.cc:151] 2025-12-10 04:01:16.512 | ForwardToLearner: SENDING to learner site_id=3, slot=140
I [/opt/actions-runner/_work/mako-fast-reads/mako-fast-reads/src/deptran/paxos/commo.cc:125] 2025-12-10 04:01:16.514 | ForwardToLearner: par_id=0, slot=141, n=3, proxies.size=4, batch_idx=0
I [/opt/actions-runner/_work/mako-fast-reads/mako-fast-reads/src/deptran/paxos/commo.cc:151] 2025-12-10 04:01:16.514 | ForwardToLearner: SENDING to learner site_id=3, slot=141
I [/opt/actions-runner/_work/mako-fast-reads/mako-fast-reads/src/deptran/paxos/commo.cc:125] 2025-12-10 04:01:16.515 | ForwardToLearner: par_id=0, slot=142, n=3, proxies.size=4, batch_idx=0
I [/opt/actions-runner/_work/mako-fast-reads/mako-fast-reads/src/deptran/paxos/commo.cc:151] 2025-12-10 04:01:16.515 | ForwardToLearner: SENDING to learner site_id=3, slot=142
I [/opt/actions-runner/_work/mako-fast-reads/mako-fast-reads/src/deptran/paxos/commo.cc:125] 2025-12-10 04:01:16.516 | ForwardToLearner: par_id=0, slot=143, n=3, proxies.size=4, batch_idx=0
I [/opt/actions-runner/_work/mako-fast-reads/mako-fast-reads/src/deptran/paxos/commo.cc:151] 2025-12-10 04:01:16.516 | ForwardToLearner: SENDING to learner site_id=3, slot=143
I [/opt/actions-runner/_work/mako-fast-reads/mako-fast-reads/src/deptran/paxos/commo.cc:125] 2025-12-10 04:01:16.518 | ForwardToLearner: par_id=0, slot=144, n=3, proxies.size=4, batch_idx=0
I [/opt/actions-runner/_work/mako-fast-reads/mako-fast-reads/src/deptran/paxos/commo.cc:151] 2025-12-10 04:01:16.518 | ForwardToLearner: SENDING to learner site_id=3, slot=144
I [/opt/actions-runner/_work/mako-fast-reads/mako-fast-reads/src/deptran/paxos/commo.cc:125] 2025-12-10 04:01:16.520 | ForwardToLearner: par_id=0, slot=145, n=3, proxies.size=4, batch_idx=0
I [/opt/actions-runner/_work/mako-fast-reads/mako-fast-reads/src/deptran/paxos/commo.cc:151] 2025-12-10 04:01:16.520 | ForwardToLearner: SENDING to learner site_id=3, slot=145
I [/opt/actions-runner/_work/mako-fast-reads/mako-fast-reads/src/deptran/paxos/commo.cc:125] 2025-12-10 04:01:16.521 | ForwardToLearner: par_id=0, slot=146, n=3, proxies.size=4, batch_idx=0
I [/opt/actions-runner/_work/mako-fast-reads/mako-fast-reads/src/deptran/paxos/commo.cc:151] 2025-12-10 04:01:16.521 | ForwardToLearner: SENDING to learner site_id=3, slot=146
I [/opt/actions-runner/_work/mako-fast-reads/mako-fast-reads/src/deptran/paxos/commo.cc:125] 2025-12-10 04:01:16.523 | ForwardToLearner: par_id=0, slot=147, n=3, proxies.size=4, batch_idx=0
I [/opt/actions-runner/_work/mako-fast-reads/mako-fast-reads/src/deptran/paxos/commo.cc:151] 2025-12-10 04:01:16.523 | ForwardToLearner: SENDING to learner site_id=3, slot=147
I [/opt/actions-runner/_work/mako-fast-reads/mako-fast-reads/src/deptran/paxos/commo.cc:125] 2025-12-10 04:01:16.524 | ForwardToLearner: par_id=0, slot=148, n=3, proxies.size=4, batch_idx=0
I [/opt/actions-runner/_work/mako-fast-reads/mako-fast-reads/src/deptran/paxos/commo.cc:151] 2025-12-10 04:01:16.524 | ForwardToLearner: SENDING to learner site_id=3, slot=148
I [/opt/actions-runner/_work/mako-fast-reads/mako-fast-reads/src/deptran/paxos/commo.cc:125] 2025-12-10 04:01:16.526 | ForwardToLearner: par_id=0, slot=149, n=3, proxies.size=4, batch_idx=0
I [/opt/actions-runner/_work/mako-fast-reads/mako-fast-reads/src/deptran/paxos/commo.cc:151] 2025-12-10 04:01:16.526 | ForwardToLearner: SENDING to learner site_id=3, slot=149
I [/opt/actions-runner/_work/mako-fast-reads/mako-fast-reads/src/deptran/paxos/commo.cc:125] 2025-12-10 04:01:16.527 | ForwardToLearner: par_id=0, slot=150, n=3, proxies.size=4, batch_idx=0
I [/opt/actions-runner/_work/mako-fast-reads/mako-fast-reads/src/deptran/paxos/commo.cc:151] 2025-12-10 04:01:16.527 | ForwardToLearner: SENDING to learner site_id=3, slot=150
I [/opt/actions-runner/_work/mako-fast-reads/mako-fast-reads/src/deptran/paxos/commo.cc:125] 2025-12-10 04:01:16.529 | ForwardToLearner: par_id=0, slot=151, n=3, proxies.size=4, batch_idx=0
I [/opt/actions-runner/_work/mako-fast-reads/mako-fast-reads/src/deptran/paxos/commo.cc:151] 2025-12-10 04:01:16.529 | ForwardToLearner: SENDING to learner site_id=3, slot=151
I [/opt/actions-runner/_work/mako-fast-reads/mako-fast-reads/src/deptran/paxos/commo.cc:125] 2025-12-10 04:01:16.530 | ForwardToLearner: par_id=0, slot=152, n=3, proxies.size=4, batch_idx=0
I [/opt/actions-runner/_work/mako-fast-reads/mako-fast-reads/src/deptran/paxos/commo.cc:151] 2025-12-10 04:01:16.530 | ForwardToLearner: SENDING to learner site_id=3, slot=152
I [/opt/actions-runner/_work/mako-fast-reads/mako-fast-reads/src/deptran/paxos/commo.cc:125] 2025-12-10 04:01:16.532 | ForwardToLearner: par_id=0, slot=153, n=3, proxies.size=4, batch_idx=0
I [/opt/actions-runner/_work/mako-fast-reads/mako-fast-reads/src/deptran/paxos/commo.cc:151] 2025-12-10 04:01:16.532 | ForwardToLearner: SENDING to learner site_id=3, slot=153
I [/opt/actions-runner/_work/mako-fast-reads/mako-fast-reads/src/deptran/paxos/commo.cc:125] 2025-12-10 04:01:16.533 | ForwardToLearner: par_id=0, slot=154, n=3, proxies.size=4, batch_idx=0
I [/opt/actions-runner/_work/mako-fast-reads/mako-fast-reads/src/deptran/paxos/commo.cc:151] 2025-12-10 04:01:16.533 | ForwardToLearner: SENDING to learner site_id=3, slot=154
I [/opt/actions-runner/_work/mako-fast-reads/mako-fast-reads/src/deptran/paxos/commo.cc:125] 2025-12-10 04:01:16.535 | ForwardToLearner: par_id=0, slot=155, n=3, proxies.size=4, batch_idx=0
I [/opt/actions-runner/_work/mako-fast-reads/mako-fast-reads/src/deptran/paxos/commo.cc:151] 2025-12-10 04:01:16.535 | ForwardToLearner: SENDING to learner site_id=3, slot=155
I [/opt/actions-runner/_work/mako-fast-reads/mako-fast-reads/src/deptran/paxos/commo.cc:125] 2025-12-10 04:01:16.536 | ForwardToLearner: par_id=0, slot=156, n=3, proxies.size=4, batch_idx=0
I [/opt/actions-runner/_work/mako-fast-reads/mako-fast-reads/src/deptran/paxos/commo.cc:151] 2025-12-10 04:01:16.536 | ForwardToLearner: SENDING to learner site_id=3, slot=156
I [/opt/actions-runner/_work/mako-fast-reads/mako-fast-reads/src/deptran/paxos/commo.cc:125] 2025-12-10 04:01:16.538 | ForwardToLearner: par_id=0, slot=157, n=3, proxies.size=4, batch_idx=0
I [/opt/actions-runner/_work/mako-fast-reads/mako-fast-reads/src/deptran/paxos/commo.cc:151] 2025-12-10 04:01:16.538 | ForwardToLearner: SENDING to learner site_id=3, slot=157
I [/opt/actions-runner/_work/mako-fast-reads/mako-fast-reads/src/deptran/paxos/commo.cc:125] 2025-12-10 04:01:16.539 | ForwardToLearner: par_id=0, slot=158, n=3, proxies.size=4, batch_idx=0
I [/opt/actions-runner/_work/mako-fast-reads/mako-fast-reads/src/deptran/paxos/commo.cc:151] 2025-12-10 04:01:16.539 | ForwardToLearner: SENDING to learner site_id=3, slot=158
I [/opt/actions-runner/_work/mako-fast-reads/mako-fast-reads/src/deptran/paxos/commo.cc:125] 2025-12-10 04:01:16.636 | ForwardToLearner: par_id=1, slot=3, n=3, proxies.size=4, batch_idx=0
I [/opt/actions-runner/_work/mako-fast-reads/mako-fast-reads/src/deptran/paxos/commo.cc:151] 2025-12-10 04:01:16.636 | ForwardToLearner: SENDING to learner site_id=7, slot=3
I [/opt/actions-runner/_work/mako-fast-reads/mako-fast-reads/src/deptran/paxos/commo.cc:125] 2025-12-10 04:01:16.778 | ForwardToLearner: par_id=0, slot=159, n=3, proxies.size=4, batch_idx=0
I [/opt/actions-runner/_work/mako-fast-reads/mako-fast-reads/src/deptran/paxos/commo.cc:151] 2025-12-10 04:01:16.778 | ForwardToLearner: SENDING to learner site_id=3, slot=159
we can start a advancer
start the advancer thread...
20251110-04:01.16-980886(us) 19832 * wait_for_termination (mako.hh:538):      follower is waiting for being ended: 0/2, noops_cnt:0, replay_batch:164, wait_time:3s

I [/opt/actions-runner/_work/mako-fast-reads/mako-fast-reads/src/deptran/paxos/commo.cc:125] 2025-12-10 04:01:16.797 | ForwardToLearner: par_id=1, slot=4, n=3, proxies.size=4, batch_idx=0
I [/opt/actions-runner/_work/mako-fast-reads/mako-fast-reads/src/deptran/paxos/commo.cc:151] 2025-12-10 04:01:16.797 | ForwardToLearner: SENDING to learner site_id=7, slot=4
I [/opt/actions-runner/_work/mako-fast-reads/mako-fast-reads/src/deptran/paxos/commo.cc:125] 2025-12-10 04:01:16.810 | ForwardToLearner: par_id=1, slot=5, n=3, proxies.size=4, batch_idx=0
I [/opt/actions-runner/_work/mako-fast-reads/mako-fast-reads/src/deptran/paxos/commo.cc:151] 2025-12-10 04:01:16.810 | ForwardToLearner: SENDING to learner site_id=7, slot=5
I [/opt/actions-runner/_work/mako-fast-reads/mako-fast-reads/src/deptran/paxos/commo.cc:125] 2025-12-10 04:01:16.870 | ForwardToLearner: par_id=0, slot=160, n=3, proxies.size=4, batch_idx=0
I [/opt/actions-runner/_work/mako-fast-reads/mako-fast-reads/src/deptran/paxos/commo.cc:151] 2025-12-10 04:01:16.870 | ForwardToLearner: SENDING to learner site_id=3, slot=160
I [/opt/actions-runner/_work/mako-fast-reads/mako-fast-reads/src/deptran/paxos/commo.cc:125] 2025-12-10 04:01:16.872 | ForwardToLearner: par_id=1, slot=6, n=3, proxies.size=4, batch_idx=0
I [/opt/actions-runner/_work/mako-fast-reads/mako-fast-reads/src/deptran/paxos/commo.cc:151] 2025-12-10 04:01:16.872 | ForwardToLearner: SENDING to learner site_id=7, slot=6
I [/opt/actions-runner/_work/mako-fast-reads/mako-fast-reads/src/deptran/paxos/commo.cc:125] 2025-12-10 04:01:16.947 | ForwardToLearner: par_id=1, slot=7, n=3, proxies.size=4, batch_idx=0
I [/opt/actions-runner/_work/mako-fast-reads/mako-fast-reads/src/deptran/paxos/commo.cc:151] 2025-12-10 04:01:16.947 | ForwardToLearner: SENDING to learner site_id=7, slot=7
I [/opt/actions-runner/_work/mako-fast-reads/mako-fast-reads/src/deptran/paxos/commo.cc:125] 2025-12-10 04:01:16.956 | ForwardToLearner: par_id=0, slot=161, n=3, proxies.size=4, batch_idx=0
I [/opt/actions-runner/_work/mako-fast-reads/mako-fast-reads/src/deptran/paxos/commo.cc:151] 2025-12-10 04:01:16.956 | ForwardToLearner: SENDING to learner site_id=3, slot=161
I [/opt/actions-runner/_work/mako-fast-reads/mako-fast-reads/src/deptran/paxos/commo.cc:125] 2025-12-10 04:01:17.033 | ForwardToLearner: par_id=1, slot=8, n=3, proxies.size=4, batch_idx=0
I [/opt/actions-runner/_work/mako-fast-reads/mako-fast-reads/src/deptran/paxos/commo.cc:151] 2025-12-10 04:01:17.033 | ForwardToLearner: SENDING to learner site_id=7, slot=8
I [/opt/actions-runner/_work/mako-fast-reads/mako-fast-reads/src/deptran/paxos/commo.cc:125] 2025-12-10 04:01:17.044 | ForwardToLearner: par_id=0, slot=162, n=3, proxies.size=4, batch_idx=0
I [/opt/actions-runner/_work/mako-fast-reads/mako-fast-reads/src/deptran/paxos/commo.cc:151] 2025-12-10 04:01:17.044 | ForwardToLearner: SENDING to learner site_id=3, slot=162
I [/opt/actions-runner/_work/mako-fast-reads/mako-fast-reads/src/deptran/paxos/commo.cc:125] 2025-12-10 04:01:17.123 | ForwardToLearner: par_id=0, slot=163, n=3, proxies.size=4, batch_idx=0
I [/opt/actions-runner/_work/mako-fast-reads/mako-fast-reads/src/deptran/paxos/commo.cc:151] 2025-12-10 04:01:17.123 | ForwardToLearner: SENDING to learner site_id=3, slot=163
I [/opt/actions-runner/_work/mako-fast-reads/mako-fast-reads/src/deptran/paxos/commo.cc:125] 2025-12-10 04:01:17.136 | ForwardToLearner: par_id=1, slot=9, n=3, proxies.size=4, batch_idx=0
I [/opt/actions-runner/_work/mako-fast-reads/mako-fast-reads/src/deptran/paxos/commo.cc:151] 2025-12-10 04:01:17.136 | ForwardToLearner: SENDING to learner site_id=7, slot=9
I [/opt/actions-runner/_work/mako-fast-reads/mako-fast-reads/src/deptran/paxos/commo.cc:125] 2025-12-10 04:01:17.198 | ForwardToLearner: par_id=1, slot=10, n=3, proxies.size=4, batch_idx=0
I [/opt/actions-runner/_work/mako-fast-reads/mako-fast-reads/src/deptran/paxos/commo.cc:151] 2025-12-10 04:01:17.198 | ForwardToLearner: SENDING to learner site_id=7, slot=10
I [/opt/actions-runner/_work/mako-fast-reads/mako-fast-reads/src/deptran/paxos/commo.cc:125] 2025-12-10 04:01:17.205 | ForwardToLearner: par_id=0, slot=164, n=3, proxies.size=4, batch_idx=0
I [/opt/actions-runner/_work/mako-fast-reads/mako-fast-reads/src/deptran/paxos/commo.cc:151] 2025-12-10 04:01:17.205 | ForwardToLearner: SENDING to learner site_id=3, slot=164
I [/opt/actions-runner/_work/mako-fast-reads/mako-fast-reads/src/deptran/paxos/commo.cc:125] 2025-12-10 04:01:17.216 | ForwardToLearner: par_id=1, slot=11, n=3, proxies.size=4, batch_idx=0
I [/opt/actions-runner/_work/mako-fast-reads/mako-fast-reads/src/deptran/paxos/commo.cc:151] 2025-12-10 04:01:17.216 | ForwardToLearner: SENDING to learner site_id=7, slot=11
I [/opt/actions-runner/_work/mako-fast-reads/mako-fast-reads/src/deptran/paxos/commo.cc:125] 2025-12-10 04:01:17.218 | ForwardToLearner: par_id=0, slot=165, n=3, proxies.size=4, batch_idx=0
I [/opt/actions-runner/_work/mako-fast-reads/mako-fast-reads/src/deptran/paxos/commo.cc:151] 2025-12-10 04:01:17.218 | ForwardToLearner: SENDING to learner site_id=3, slot=165
I [/opt/actions-runner/_work/mako-fast-reads/mako-fast-reads/src/deptran/paxos/commo.cc:125] 2025-12-10 04:01:17.248 | ForwardToLearner: par_id=0, slot=166, n=3, proxies.size=4, batch_idx=0
I [/opt/actions-runner/_work/mako-fast-reads/mako-fast-reads/src/deptran/paxos/commo.cc:151] 2025-12-10 04:01:17.248 | ForwardToLearner: SENDING to learner site_id=3, slot=166
I [/opt/actions-runner/_work/mako-fast-reads/mako-fast-reads/src/deptran/paxos/commo.cc:125] 2025-12-10 04:01:17.275 | ForwardToLearner: par_id=1, slot=12, n=3, proxies.size=4, batch_idx=0
I [/opt/actions-runner/_work/mako-fast-reads/mako-fast-reads/src/deptran/paxos/commo.cc:151] 2025-12-10 04:01:17.275 | ForwardToLearner: SENDING to learner site_id=7, slot=12
I [/opt/actions-runner/_work/mako-fast-reads/mako-fast-reads/src/deptran/paxos/commo.cc:125] 2025-12-10 04:01:17.299 | ForwardToLearner: par_id=1, slot=13, n=3, proxies.size=4, batch_idx=0
I [/opt/actions-runner/_work/mako-fast-reads/mako-fast-reads/src/deptran/paxos/commo.cc:151] 2025-12-10 04:01:17.299 | ForwardToLearner: SENDING to learner site_id=7, slot=13
I [/opt/actions-runner/_work/mako-fast-reads/mako-fast-reads/src/deptran/paxos/commo.cc:125] 2025-12-10 04:01:17.303 | ForwardToLearner: par_id=0, slot=167, n=3, proxies.size=4, batch_idx=0
I [/opt/actions-runner/_work/mako-fast-reads/mako-fast-reads/src/deptran/paxos/commo.cc:151] 2025-12-10 04:01:17.303 | ForwardToLearner: SENDING to learner site_id=3, slot=167
I [/opt/actions-runner/_work/mako-fast-reads/mako-fast-reads/src/deptran/paxos/commo.cc:125] 2025-12-10 04:01:17.394 | ForwardToLearner: par_id=1, slot=14, n=3, proxies.size=4, batch_idx=0
I [/opt/actions-runner/_work/mako-fast-reads/mako-fast-reads/src/deptran/paxos/commo.cc:151] 2025-12-10 04:01:17.394 | ForwardToLearner: SENDING to learner site_id=7, slot=14
I [/opt/actions-runner/_work/mako-fast-reads/mako-fast-reads/src/deptran/paxos/commo.cc:125] 2025-12-10 04:01:17.397 | ForwardToLearner: par_id=0, slot=168, n=3, proxies.size=4, batch_idx=0
I [/opt/actions-runner/_work/mako-fast-reads/mako-fast-reads/src/deptran/paxos/commo.cc:151] 2025-12-10 04:01:17.397 | ForwardToLearner: SENDING to learner site_id=3, slot=168
I [/opt/actions-runner/_work/mako-fast-reads/mako-fast-reads/src/deptran/paxos/commo.cc:125] 2025-12-10 04:01:17.477 | ForwardToLearner: par_id=0, slot=169, n=3, proxies.size=4, batch_idx=0
I [/opt/actions-runner/_work/mako-fast-reads/mako-fast-reads/src/deptran/paxos/commo.cc:151] 2025-12-10 04:01:17.477 | ForwardToLearner: SENDING to learner site_id=3, slot=169
I [/opt/actions-runner/_work/mako-fast-reads/mako-fast-reads/src/deptran/paxos/commo.cc:125] 2025-12-10 04:01:17.495 | ForwardToLearner: par_id=1, slot=15, n=3, proxies.size=4, batch_idx=0
I [/opt/actions-runner/_work/mako-fast-reads/mako-fast-reads/src/deptran/paxos/commo.cc:151] 2025-12-10 04:01:17.495 | ForwardToLearner: SENDING to learner site_id=7, slot=15
I [/opt/actions-runner/_work/mako-fast-reads/mako-fast-reads/src/deptran/paxos/commo.cc:125] 2025-12-10 04:01:17.565 | ForwardToLearner: par_id=0, slot=170, n=3, proxies.size=4, batch_idx=0
I [/opt/actions-runner/_work/mako-fast-reads/mako-fast-reads/src/deptran/paxos/commo.cc:151] 2025-12-10 04:01:17.565 | ForwardToLearner: SENDING to learner site_id=3, slot=170
I [/opt/actions-runner/_work/mako-fast-reads/mako-fast-reads/src/deptran/paxos/commo.cc:125] 2025-12-10 04:01:17.586 | ForwardToLearner: par_id=1, slot=16, n=3, proxies.size=4, batch_idx=0
I [/opt/actions-runner/_work/mako-fast-reads/mako-fast-reads/src/deptran/paxos/commo.cc:151] 2025-12-10 04:01:17.586 | ForwardToLearner: SENDING to learner site_id=7, slot=16
I [/opt/actions-runner/_work/mako-fast-reads/mako-fast-reads/src/deptran/paxos/commo.cc:125] 2025-12-10 04:01:17.647 | ForwardToLearner: par_id=0, slot=171, n=3, proxies.size=4, batch_idx=0
I [/opt/actions-runner/_work/mako-fast-reads/mako-fast-reads/src/deptran/paxos/commo.cc:151] 2025-12-10 04:01:17.647 | ForwardToLearner: SENDING to learner site_id=3, slot=171
I [/opt/actions-runner/_work/mako-fast-reads/mako-fast-reads/src/deptran/paxos/commo.cc:125] 2025-12-10 04:01:17.667 | ForwardToLearner: par_id=0, slot=172, n=3, proxies.size=4, batch_idx=0
I [/opt/actions-runner/_work/mako-fast-reads/mako-fast-reads/src/deptran/paxos/commo.cc:151] 2025-12-10 04:01:17.667 | ForwardToLearner: SENDING to learner site_id=3, slot=172
I [/opt/actions-runner/_work/mako-fast-reads/mako-fast-reads/src/deptran/paxos/commo.cc:125] 2025-12-10 04:01:17.674 | ForwardToLearner: par_id=1, slot=17, n=3, proxies.size=4, batch_idx=0
I [/opt/actions-runner/_work/mako-fast-reads/mako-fast-reads/src/deptran/paxos/commo.cc:151] 2025-12-10 04:01:17.674 | ForwardToLearner: SENDING to learner site_id=7, slot=17
I [/opt/actions-runner/_work/mako-fast-reads/mako-fast-reads/src/deptran/paxos/commo.cc:125] 2025-12-10 04:01:17.687 | ForwardToLearner: par_id=0, slot=173, n=3, proxies.size=4, batch_idx=0
I [/opt/actions-runner/_work/mako-fast-reads/mako-fast-reads/src/deptran/paxos/commo.cc:151] 2025-12-10 04:01:17.687 | ForwardToLearner: SENDING to learner site_id=3, slot=173
I [/opt/actions-runner/_work/mako-fast-reads/mako-fast-reads/src/deptran/paxos/commo.cc:125] 2025-12-10 04:01:17.695 | ForwardToLearner: par_id=1, slot=18, n=3, proxies.size=4, batch_idx=0
I [/opt/actions-runner/_work/mako-fast-reads/mako-fast-reads/src/deptran/paxos/commo.cc:151] 2025-12-10 04:01:17.695 | ForwardToLearner: SENDING to learner site_id=7, slot=18
I [/opt/actions-runner/_work/mako-fast-reads/mako-fast-reads/src/deptran/paxos/commo.cc:125] 2025-12-10 04:01:17.727 | ForwardToLearner: par_id=0, slot=174, n=3, proxies.size=4, batch_idx=0
I [/opt/actions-runner/_work/mako-fast-reads/mako-fast-reads/src/deptran/paxos/commo.cc:151] 2025-12-10 04:01:17.727 | ForwardToLearner: SENDING to learner site_id=3, slot=174
I [/opt/actions-runner/_work/mako-fast-reads/mako-fast-reads/src/deptran/paxos/commo.cc:125] 2025-12-10 04:01:17.751 | ForwardToLearner: par_id=1, slot=19, n=3, proxies.size=4, batch_idx=0
I [/opt/actions-runner/_work/mako-fast-reads/mako-fast-reads/src/deptran/paxos/commo.cc:151] 2025-12-10 04:01:17.751 | ForwardToLearner: SENDING to learner site_id=7, slot=19
I [/opt/actions-runner/_work/mako-fast-reads/mako-fast-reads/src/deptran/paxos/commo.cc:125] 2025-12-10 04:01:17.752 | ForwardToLearner: par_id=1, slot=20, n=3, proxies.size=4, batch_idx=0
I [/opt/actions-runner/_work/mako-fast-reads/mako-fast-reads/src/deptran/paxos/commo.cc:151] 2025-12-10 04:01:17.752 | ForwardToLearner: SENDING to learner site_id=7, slot=20
I [/opt/actions-runner/_work/mako-fast-reads/mako-fast-reads/src/deptran/paxos/commo.cc:125] 2025-12-10 04:01:17.818 | ForwardToLearner: par_id=0, slot=175, n=3, proxies.size=4, batch_idx=0
I [/opt/actions-runner/_work/mako-fast-reads/mako-fast-reads/src/deptran/paxos/commo.cc:151] 2025-12-10 04:01:17.818 | ForwardToLearner: SENDING to learner site_id=3, slot=175
I [/opt/actions-runner/_work/mako-fast-reads/mako-fast-reads/src/deptran/paxos/commo.cc:125] 2025-12-10 04:01:17.834 | ForwardToLearner: par_id=1, slot=21, n=3, proxies.size=4, batch_idx=0
I [/opt/actions-runner/_work/mako-fast-reads/mako-fast-reads/src/de20251110-04:01.17-980955(us) 19832 * wait_for_termination (mako.hh:538):      follower is waiting for being ended: 0/2, noops_cnt:0, replay_batch:194, wait_time:4s

ptran/paxos/commo.cc:151] 2025-12-10 04:01:17.834 | ForwardToLearner: SENDING to learner site_id=7, slot=21
I [/opt/actions-runner/_work/mako-fast-reads/mako-fast-reads/src/deptran/paxos/commo.cc:125] 2025-12-10 04:01:17.898 | ForwardToLearner: par_id=0, slot=176, n=3, proxies.size=4, batch_idx=0
I [/opt/actions-runner/_work/mako-fast-reads/mako-fast-reads/src/deptran/paxos/commo.cc:151] 2025-12-10 04:01:17.899 | ForwardToLearner: SENDING to learner site_id=3, slot=176
I [/opt/actions-runner/_work/mako-fast-reads/mako-fast-reads/src/deptran/paxos/commo.cc:125] 2025-12-10 04:01:17.927 | ForwardToLearner: par_id=1, slot=22, n=3, proxies.size=4, batch_idx=0
I [/opt/actions-runner/_work/mako-fast-reads/mako-fast-reads/src/deptran/paxos/commo.cc:151] 2025-12-10 04:01:17.927 | ForwardToLearner: SENDING to learner site_id=7, slot=22
I [/opt/actions-runner/_work/mako-fast-reads/mako-fast-reads/src/deptran/paxos/commo.cc:125] 2025-12-10 04:01:17.995 | ForwardToLearner: par_id=0, slot=177, n=3, proxies.size=4, batch_idx=0
I [/opt/actions-runner/_work/mako-fast-reads/mako-fast-reads/src/deptran/paxos/commo.cc:151] 2025-12-10 04:01:17.995 | ForwardToLearner: SENDING to learner site_id=3, slot=177
I [/opt/actions-runner/_work/mako-fast-reads/mako-fast-reads/src/deptran/paxos/commo.cc:125] 2025-12-10 04:01:18.023 | ForwardToLearner: par_id=1, slot=23, n=3, proxies.size=4, batch_idx=0
I [/opt/actions-runner/_work/mako-fast-reads/mako-fast-reads/src/deptran/paxos/commo.cc:151] 2025-12-10 04:01:18.023 | ForwardToLearner: SENDING to learner site_id=7, slot=23
I [/opt/actions-runner/_work/mako-fast-reads/mako-fast-reads/src/deptran/paxos/commo.cc:125] 2025-12-10 04:01:18.102 | ForwardToLearner: par_id=0, slot=178, n=3, proxies.size=4, batch_idx=0
I [/opt/actions-runner/_work/mako-fast-reads/mako-fast-reads/src/deptran/paxos/commo.cc:151] 2025-12-10 04:01:18.102 | ForwardToLearner: SENDING to learner site_id=3, slot=178
I [/opt/actions-runner/_work/mako-fast-reads/mako-fast-reads/src/deptran/paxos/commo.cc:125] 2025-12-10 04:01:18.106 | ForwardToLearner: par_id=0, slot=179, n=3, proxies.size=4, batch_idx=0
I [/opt/actions-runner/_work/mako-fast-reads/mako-fast-reads/src/deptran/paxos/commo.cc:151] 2025-12-10 04:01:18.106 | ForwardToLearner: SENDING to learner site_id=3, slot=179
I [/opt/actions-runner/_work/mako-fast-reads/mako-fast-reads/src/deptran/paxos/commo.cc:125] 2025-12-10 04:01:18.112 | ForwardToLearner: par_id=1, slot=24, n=3, proxies.size=4, batch_idx=0
I [/opt/actions-runner/_work/mako-fast-reads/mako-fast-reads/src/deptran/paxos/commo.cc:151] 2025-12-10 04:01:18.112 | ForwardToLearner: SENDING to learner site_id=7, slot=24
I [/opt/actions-runner/_work/mako-fast-reads/mako-fast-reads/src/deptran/paxos/commo.cc:125] 2025-12-10 04:01:18.119 | ForwardToLearner: par_id=1, slot=25, n=3, proxies.size=4, batch_idx=0
I [/opt/actions-runner/_work/mako-fast-reads/mako-fast-reads/src/deptran/paxos/commo.cc:151] 2025-12-10 04:01:18.119 | ForwardToLearner: SENDING to learner site_id=7, slot=25
I [/opt/actions-runner/_work/mako-fast-reads/mako-fast-reads/src/deptran/paxos/commo.cc:125] 2025-12-10 04:01:18.178 | ForwardToLearner: par_id=0, slot=180, n=3, proxies.size=4, batch_idx=0
I [/opt/actions-runner/_work/mako-fast-reads/mako-fast-reads/src/deptran/paxos/commo.cc:151] 2025-12-10 04:01:18.178 | ForwardToLearner: SENDING to learner site_id=3, slot=180
I [/opt/actions-runner/_work/mako-fast-reads/mako-fast-reads/src/deptran/paxos/commo.cc:125] 2025-12-10 04:01:18.203 | ForwardToLearner: par_id=0, slot=181, n=3, proxies.size=4, batch_idx=0
I [/opt/actions-runner/_work/mako-fast-reads/mako-fast-reads/src/deptran/paxos/commo.cc:151] 2025-12-10 04:01:18.203 | ForwardToLearner: SENDING to learner site_id=3, slot=181
I [/opt/actions-runner/_work/mako-fast-reads/mako-fast-reads/src/deptran/paxos/commo.cc:125] 2025-12-10 04:01:18.208 | ForwardToLearner: par_id=1, slot=26, n=3, proxies.size=4, batch_idx=0
I [/opt/actions-runner/_work/mako-fast-reads/mako-fast-reads/src/deptran/paxos/commo.cc:151] 2025-12-10 04:01:18.208 | ForwardToLearner: SENDING to learner site_id=7, slot=26
I [/opt/actions-runner/_work/mako-fast-reads/mako-fast-reads/src/deptran/paxos/commo.cc:125] 2025-12-10 04:01:18.212 | ForwardToLearner: par_id=1, slot=27, n=3, proxies.size=4, batch_idx=0
I [/opt/actions-runner/_work/mako-fast-reads/mako-fast-reads/src/deptran/paxos/commo.cc:151] 2025-12-10 04:01:18.212 | ForwardToLearner: SENDING to learner site_id=7, slot=27
I [/opt/actions-runner/_work/mako-fast-reads/mako-fast-reads/src/deptran/paxos/commo.cc:125] 2025-12-10 04:01:18.268 | ForwardToLearner: par_id=0, slot=182, n=3, proxies.size=4, batch_idx=0
I [/opt/actions-runner/_work/mako-fast-reads/mako-fast-reads/src/deptran/paxos/commo.cc:151] 2025-12-10 04:01:18.268 | ForwardToLearner: SENDING to learner site_id=3, slot=182
I [/opt/actions-runner/_work/mako-fast-reads/mako-fast-reads/src/deptran/paxos/commo.cc:125] 2025-12-10 04:01:18.293 | ForwardToLearner: par_id=1, slot=28, n=3, proxies.size=4, batch_idx=0
I [/opt/actions-runner/_work/mako-fast-reads/mako-fast-reads/src/deptran/paxos/commo.cc:151] 2025-12-10 04:01:18.293 | ForwardToLearner: SENDING to learner site_id=7, slot=28
I [/opt/actions-runner/_work/mako-fast-reads/mako-fast-reads/src/deptran/paxos/commo.cc:125] 2025-12-10 04:01:18.353 | ForwardToLearner: par_id=0, slot=183, n=3, proxies.size=4, batch_idx=0
I [/opt/actions-runner/_work/mako-fast-reads/mako-fast-reads/src/deptran/paxos/commo.cc:151] 2025-12-10 04:01:18.353 | ForwardToLearner: SENDING to learner site_id=3, slot=183
I [/opt/actions-runner/_work/mako-fast-reads/mako-fast-reads/src/deptran/paxos/commo.cc:125] 2025-12-10 04:01:18.377 | ForwardToLearner: par_id=1, slot=29, n=3, proxies.size=4, batch_idx=0
I [/opt/actions-runner/_work/mako-fast-reads/mako-fast-reads/src/deptran/paxos/commo.cc:151] 2025-12-10 04:01:18.377 | ForwardToLearner: SENDING to learner site_id=7, slot=29
I [/opt/actions-runner/_work/mako-fast-reads/mako-fast-reads/src/deptran/paxos/commo.cc:125] 2025-12-10 04:01:18.448 | ForwardToLearner: par_id=0, slot=184, n=3, proxies.size=4, batch_idx=0
I [/opt/actions-runner/_work/mako-fast-reads/mako-fast-reads/src/deptran/paxos/commo.cc:151] 2025-12-10 04:01:18.448 | ForwardToLearner: SENDING to learner site_id=3, slot=184
I [/opt/actions-runner/_work/mako-fast-reads/mako-fast-reads/src/deptran/paxos/commo.cc:125] 2025-12-10 04:01:18.469 | ForwardToLearner: par_id=1, slot=30, n=3, proxies.size=4, batch_idx=0
I [/opt/actions-runner/_work/mako-fast-reads/mako-fast-reads/src/deptran/paxos/commo.cc:151] 2025-12-10 04:01:18.469 | ForwardToLearner: SENDING to learner site_id=7, slot=30
I [/opt/actions-runner/_work/mako-fast-reads/mako-fast-reads/src/deptran/paxos/commo.cc:125] 2025-12-10 04:01:18.533 | ForwardToLearner: par_id=0, slot=185, n=3, proxies.size=4, batch_idx=0
I [/opt/actions-runner/_work/mako-fast-reads/mako-fast-reads/src/deptran/paxos/commo.cc:151] 2025-12-10 04:01:18.533 | ForwardToLearner: SENDING to learner site_id=3, slot=185
I [/opt/actions-runner/_work/mako-fast-reads/mako-fast-reads/src/deptran/paxos/commo.cc:125] 2025-12-10 04:01:18.549 | ForwardToLearner: par_id=0, slot=186, n=3, proxies.size=4, batch_idx=0
I [/opt/actions-runner/_work/mako-fast-reads/mako-fast-reads/src/deptran/paxos/commo.cc:151] 2025-12-10 04:01:18.549 | ForwardToLearner: SENDING to learner site_id=3, slot=186
I [/opt/actions-runner/_work/mako-fast-reads/mako-fast-reads/src/deptran/paxos/commo.cc:125] 2025-12-10 04:01:18.559 | ForwardToLearner: par_id=1, slot=31, n=3, proxies.size=4, batch_idx=0
I [/opt/actions-runner/_work/mako-fast-reads/mako-fast-reads/src/deptran/paxos/commo.cc:151] 2025-12-10 04:01:18.559 | ForwardToLearner: SENDING to learner site_id=7, slot=31
I [/opt/actions-runner/_work/mako-fast-reads/mako-fast-reads/src/deptran/paxos/commo.cc:125] 2025-12-10 04:01:18.581 | ForwardToLearner: par_id=1, slot=32, n=3, proxies.size=4, batch_idx=0
I [/opt/actions-runner/_work/mako-fast-reads/mako-fast-reads/src/deptran/paxos/commo.cc:151] 2025-12-10 04:01:18.581 | ForwardToLearner: SENDING to learner site_id=7, slot=32
I [/opt/actions-runner/_work/mako-fast-reads/mako-fast20251110-04:01.18-981043(us) 19832 * wait_for_termination (mako.hh:538):      follower is waiting for being ended: 0/2, noops_cnt:0, replay_batch:224, wait_time:5s

-reads/src/deptran/paxos/commo.cc:125] 2025-12-10 04:01:18.625 | ForwardToLearner: par_id=0, slot=187, n=3, proxies.size=4, batch_idx=0
I [/opt/actions-runner/_work/mako-fast-reads/mako-fast-reads/src/deptran/paxos/commo.cc:151] 2025-12-10 04:01:18.625 | ForwardToLearner: SENDING to learner site_id=3, slot=187
I [/opt/actions-runner/_work/mako-fast-reads/mako-fast-reads/src/deptran/paxos/commo.cc:125] 2025-12-10 04:01:18.643 | ForwardToLearner: par_id=1, slot=33, n=3, proxies.size=4, batch_idx=0
I [/opt/actions-runner/_work/mako-fast-reads/mako-fast-reads/src/deptran/paxos/commo.cc:151] 2025-12-10 04:01:18.643 | ForwardToLearner: SENDING to learner site_id=7, slot=33
I [/opt/actions-runner/_work/mako-fast-reads/mako-fast-reads/src/deptran/paxos/commo.cc:125] 2025-12-10 04:01:18.673 | ForwardToLearner: par_id=1, slot=34, n=3, proxies.size=4, batch_idx=0
I [/opt/actions-runner/_work/mako-fast-reads/mako-fast-reads/src/deptran/paxos/commo.cc:151] 2025-12-10 04:01:18.673 | ForwardToLearner: SENDING to learner site_id=7, slot=34
I [/opt/actions-runner/_work/mako-fast-reads/mako-fast-reads/src/deptran/paxos/commo.cc:125] 2025-12-10 04:01:18.714 | ForwardToLearner: par_id=0, slot=188, n=3, proxies.size=4, batch_idx=0
I [/opt/actions-runner/_work/mako-fast-reads/mako-fast-reads/src/deptran/paxos/commo.cc:151] 2025-12-10 04:01:18.714 | ForwardToLearner: SENDING to learner site_id=3, slot=188
I [/opt/actions-runner/_work/mako-fast-reads/mako-fast-reads/src/deptran/paxos/commo.cc:125] 2025-12-10 04:01:18.724 | ForwardToLearner: par_id=0, slot=189, n=3, proxies.size=4, batch_idx=0
I [/opt/actions-runner/_work/mako-fast-reads/mako-fast-reads/src/deptran/paxos/commo.cc:151] 2025-12-10 04:01:18.724 | ForwardToLearner: SENDING to learner site_id=3, slot=189
I [/opt/actions-runner/_work/mako-fast-reads/mako-fast-reads/src/deptran/paxos/commo.cc:125] 2025-12-10 04:01:18.727 | ForwardToLearner: par_id=1, slot=35, n=3, proxies.size=4, batch_idx=0
I [/opt/actions-runner/_work/mako-fast-reads/mako-fast-reads/src/deptran/paxos/commo.cc:151] 2025-12-10 04:01:18.728 | ForwardToLearner: SENDING to learner site_id=7, slot=35
I [/opt/actions-runner/_work/mako-fast-reads/mako-fast-reads/src/deptran/paxos/commo.cc:125] 2025-12-10 04:01:18.800 | ForwardToLearner: par_id=0, slot=190, n=3, proxies.size=4, batch_idx=0
I [/opt/actions-runner/_work/mako-fast-reads/mako-fast-reads/src/deptran/paxos/commo.cc:151] 2025-12-10 04:01:18.800 | ForwardToLearner: SENDING to learner site_id=3, slot=190
I [/opt/actions-runner/_work/mako-fast-reads/mako-fast-reads/src/deptran/paxos/commo.cc:125] 2025-12-10 04:01:18.806 | ForwardToLearner: par_id=1, slot=36, n=3, proxies.size=4, batch_idx=0
I [/opt/actions-runner/_work/mako-fast-reads/mako-fast-reads/src/deptran/paxos/commo.cc:151] 2025-12-10 04:01:18.806 | ForwardToLearner: SENDING to learner site_id=7, slot=36
I [/opt/actions-runner/_work/mako-fast-reads/mako-fast-reads/src/deptran/paxos/commo.cc:125] 2025-12-10 04:01:18.891 | ForwardToLearner: par_id=0, slot=191, n=3, proxies.size=4, batch_idx=0
I [/opt/actions-runner/_work/mako-fast-reads/mako-fast-reads/src/deptran/paxos/commo.cc:151] 2025-12-10 04:01:18.891 | ForwardToLearner: SENDING to learner site_id=3, slot=191
I [/opt/actions-runner/_work/mako-fast-reads/mako-fast-reads/src/deptran/paxos/commo.cc:125] 2025-12-10 04:01:18.893 | ForwardToLearner: par_id=1, slot=37, n=3, proxies.size=4, batch_idx=0
I [/opt/actions-runner/_work/mako-fast-reads/mako-fast-reads/src/deptran/paxos/commo.cc:151] 2025-12-10 04:01:18.893 | ForwardToLearner: SENDING to learner site_id=7, slot=37
I [/opt/actions-runner/_work/mako-fast-reads/mako-fast-reads/src/deptran/paxos/commo.cc:125] 2025-12-10 04:01:18.982 | ForwardToLearner: par_id=1, slot=38, n=3, proxies.size=4, batch_idx=0
I [/opt/actions-runner/_work/mako-fast-reads/mako-fast-reads/src/deptran/paxos/commo.cc:151] 2025-12-10 04:01:18.982 | ForwardToLearner: SENDING to learner site_id=7, slot=38
I [/opt/actions-runner/_work/mako-fast-reads/mako-fast-reads/src/deptran/paxos/commo.cc:125] 2025-12-10 04:01:18.984 | ForwardToLearner: par_id=0, slot=192, n=3, proxies.size=4, batch_idx=0
I [/opt/actions-runner/_work/mako-fast-reads/mako-fast-reads/src/deptran/paxos/commo.cc:151] 2025-12-10 04:01:18.984 | ForwardToLearner: SENDING to learner site_id=3, slot=192
I [/opt/actions-runner/_work/mako-fast-reads/mako-fast-reads/src/deptran/paxos/commo.cc:125] 2025-12-10 04:01:19.060 | ForwardToLearner: par_id=0, slot=193, n=3, proxies.size=4, batch_idx=0
I [/opt/actions-runner/_work/mako-fast-reads/mako-fast-reads/src/deptran/paxos/commo.cc:151] 2025-12-10 04:01:19.060 | ForwardToLearner: SENDING to learner site_id=3, slot=193
I [/opt/actions-runner/_work/mako-fast-reads/mako-fast-reads/src/deptran/paxos/commo.cc:125] 2025-12-10 04:01:19.074 | ForwardToLearner: par_id=1, slot=39, n=3, proxies.size=4, batch_idx=0
I [/opt/actions-runner/_work/mako-fast-reads/mako-fast-reads/src/deptran/paxos/commo.cc:151] 2025-12-10 04:01:19.074 | ForwardToLearner: SENDING to learner site_id=7, slot=39
I [/opt/actions-runner/_work/mako-fast-reads/mako-fast-reads/src/deptran/paxos/commo.cc:125] 2025-12-10 04:01:19.077 | ForwardToLearner: par_id=1, slot=40, n=3, proxies.size=4, batch_idx=0
I [/opt/actions-runner/_work/mako-fast-reads/mako-fast-reads/src/deptran/paxos/commo.cc:151] 2025-12-10 04:01:19.077 | ForwardToLearner: SENDING to learner site_id=7, slot=40
I [/opt/actions-runner/_work/mako-fast-reads/mako-fast-reads/src/deptran/paxos/commo.cc:125] 2025-12-10 04:01:19.080 | ForwardToLearner: par_id=1, slot=41, n=3, proxies.size=4, batch_idx=0
I [/opt/actions-runner/_work/mako-fast-reads/mako-fast-reads/src/deptran/paxos/commo.cc:151] 2025-12-10 04:01:19.080 | ForwardToLearner: SENDING to learner site_id=7, slot=41
I [/opt/actions-runner/_work/mako-fast-reads/mako-fast-reads/src/deptran/paxos/commo.cc:125] 2025-12-10 04:01:19.089 | ForwardToLearner: par_id=0, slot=194, n=3, proxies.size=4, batch_idx=0
I [/opt/actions-runner/_work/mako-fast-reads/mako-fast-reads/src/deptran/paxos/commo.cc:151] 2025-12-10 04:01:19.089 | ForwardToLearner: SENDING to learner site_id=3, slot=194
I [/opt/actions-runner/_work/mako-fast-reads/mako-fast-reads/src/deptran/paxos/commo.cc:125] 2025-12-10 04:01:19.155 | ForwardToLearner: par_id=1, slot=42, n=3, proxies.size=4, batch_idx=0
I [/opt/actions-runner/_work/mako-fast-reads/mako-fast-reads/src/deptran/paxos/commo.cc:151] 2025-12-10 04:01:19.155 | ForwardToLearner: SENDING to learner site_id=7, slot=42
I [/opt/actions-runner/_work/mako-fast-reads/mako-fast-reads/src/deptran/paxos/commo.cc:125] 2025-12-10 04:01:19.163 | ForwardToLearner: par_id=0, slot=195, n=3, proxies.size=4, batch_idx=0
I [/opt/actions-runner/_work/mako-fast-reads/mako-fast-reads/src/deptran/paxos/commo.cc:151] 2025-12-10 04:01:19.163 | ForwardToLearner: SENDING to learner site_id=3, slot=195
I [/opt/actions-runner/_work/mako-fast-reads/mako-fast-reads/src/deptran/paxos/commo.cc:125] 2025-12-10 04:01:19.169 | ForwardToLearner: par_id=0, slot=196, n=3, proxies.size=4, batch_idx=0
I [/opt/actions-runner/_work/mako-fast-reads/mako-fast-reads/src/deptran/paxos/commo.cc:151] 2025-12-10 04:01:19.169 | ForwardToLearner: SENDING to learner site_id=3, slot=196
I [/opt/actions-runner/_work/mako-fast-reads/mako-fast-reads/src/deptran/paxos/commo.cc:125] 2025-12-10 04:01:19.243 | ForwardToLearner: par_id=1, slot=43, n=3, proxies.size=4, batch_idx=0
I [/opt/actions-runner/_work/mako-fast-reads/mako-fast-reads/src/deptran/paxos/commo.cc:151] 2025-12-10 04:01:19.243 | ForwardToLearner: SENDING to learner site_id=7, slot=43
I [/opt/actions-runner/_work/mako-fast-reads/mako-fast-reads/src/deptran/paxos/commo.cc:125] 2025-12-10 04:01:19.259 | ForwardToLearner: par_id=0, slot=197, n=3, proxies.size=4, batch_idx=0
I [/opt/actions-runner/_work/mako-fast-reads/mako-fast-reads/src/deptran/paxos/commo.cc:151] 2025-12-10 04:01:19.259 | ForwardToLearner: SENDING to learner site_id=3, slot=197
I [/opt/actions-runner/_work/mako-fast-reads/mako-fast-reads/src/deptran/paxos/commo.cc:125] 2025-12-10 04:01:19.318 | ForwardToLearner: par_id=1, slot=44, n=3, proxies.size=4, batch_idx=0
I [/opt/actions-runner/_work/mako-fast-reads/mako-fast-reads/src/deptran/paxos/commo.cc:151] 2025-12-10 04:01:19.318 | ForwardToLearner: SENDING to learner site_id=7, slot=44
I [/opt/actions-runner/_work/mako-fast-reads/mako-fast-reads/src/deptran/paxos/commo.cc:125] 2025-12-10 04:01:19.364 | ForwardToLearner: par_id=0, slot=198, n=3, proxies.size=4, batch_idx=0
I [/opt/actions-runner/_work/mako-fast-reads/mako-fast-reads/src/deptran/paxos/commo.cc:151] 2025-12-10 04:01:19.364 | ForwardToLearner: SENDING to learner site_id=3, slot=198
I [/opt/actions-runner/_work/mako-fast-reads/mako-fast-reads/src/deptran/paxos/commo.cc:125] 2025-12-10 04:01:19.418 | ForwardToLearner: par_id=1, slot=45, n=3, proxies.size=4, batch_idx=0
I [/opt/actions-runner/_work/mako-fast-reads/mako-fast-reads/src/deptran/paxos/commo.cc:151] 2025-12-10 04:01:19.418 | ForwardToLearner: SENDING to learner site_id=7, slot=45
I [/opt/actions-runner/_work/mako-fast-reads/mako-fast-reads/src/deptran/paxos/commo.cc:125] 2025-12-10 04:01:19.460 | ForwardToLearner: par_id=0, slot=199, n=3, proxies.size=4, batch_idx=0
I [/opt/actions-runner/_work/mako-fast-reads/mako-fast-reads/src/deptran/paxos/commo.cc:151] 2025-12-10 04:01:19.460 | ForwardToLearner: SENDING to learner site_id=3, slot=199
I [/opt/actions-runner/_work/mako-fast-reads/mako-fast-reads/src/deptran/paxos/commo.cc:125] 2025-12-10 04:01:19.463 | ForwardToLearner: par_id=0, slot=200, n=3, proxies.size=4, batch_idx=0
I [/opt/actions-runner/_work/mako-fast-reads/mako-fast-reads/src/deptran/paxos/commo.cc:151] 2025-12-10 04:01:19.463 | ForwardToLearner: SENDING to learner site_id=3, slot=200
I [/opt/actions-runner/_work/mako-fast-reads/mako-fast-reads/src/deptran/paxos/commo.cc:125] 2025-12-10 04:01:19.500 | ForwardToLearner: par_id=1, slot=46, n=3, proxies.size=4, batch_idx=0
I [/opt/actions-runner/_work/mako-fast-reads/mako-fast-reads/src/deptran/paxos/commo.cc:151] 2025-12-10 04:01:19.500 | ForwardToLearner: SENDING to learner site_id=7, slot=46
I [/opt/actions-runner/_work/mako-fast-reads/mako-fast-reads/src/deptran/paxos/commo.cc:125] 2025-12-10 04:01:19.516 | ForwardToLearner: par_id=1, slot=47, n=3, proxies.size=4, batch_idx=0
I [/opt/actions-runner/_work/mako-fast-reads/mako-fast-reads/src/deptran/paxos/commo.cc:151] 2025-12-10 04:01:19.516 | ForwardToLearner: SENDING to learner site_id=7, slot=47
I [/opt/actions-runner/_work/mako-fast-reads/mako-fast-reads/src/deptran/paxos/commo.cc:125] 2025-12-10 04:01:19.551 | ForwardToLearner: par_id=0, slot=201, n=3, proxies.size=4, batch_idx=0
I [/opt/actions-runner/_work/mako-fast-reads/mako-fast-reads/src/deptran/paxos/commo.cc:151] 2025-12-10 04:01:19.551 | ForwardToLearner: SENDING to learner site_id=3, slot=201
I [/opt/actions-runner/_work/mako-fast-reads/mako-fast-reads/src/deptran/paxos/commo.cc:125] 2025-12-10 04:01:19.564 | ForwardToLearner: par_id=1, slot=48, n=3, proxies.size=4, batch_idx=0
I [/opt/actions-runner/_work/mako-fast-reads/mako-fast-reads/src/deptran/paxos/commo.cc:151] 2025-12-10 04:01:19.564 | ForwardToLearner: SENDING to learner site_id=7, slot=48
I [/opt/actions-runner/_work/mako-fast-reads/mako-fast-reads/src/deptran/paxos/commo.cc:125] 2025-12-10 04:01:19.583 | ForwardToLearner: par_id=1, slot=49, n=3, proxies.size=4, batch_idx=0
I [/opt/actions-runner/_work/mako-fast-reads/mako-fast-reads/src/deptran/paxos/commo.cc:151] 2025-12-10 04:01:19.583 | ForwardToLearner: SENDING to learner site_id=7, slot=49
I [/opt/actions-runner/_work/mako-fast-reads/mako-fast-reads/src/deptran/paxos/commo.cc:125] 2025-12-10 04:01:19.646 | ForwardToLearner: par_id=0, slot=202, n=3, proxies.size=4, batch_idx=0
I [/opt/actions-runner/_work/mako-fast-reads/mako-fast-reads/src/deptran/paxos/commo.cc:151] 2025-12-10 04:01:19.646 | ForwardToLearner: SENDING to learner site_id=3, slot=202
I [/opt/actions-runner/_work/mako-fast-reads/mako-fast-reads/src/deptran/paxos/commo.cc:125] 2025-12-10 04:01:19.663 | ForwardToLearner: par_id=0, slot=203, n=3, proxies.size=4, batch_idx=0
I [/opt/actions-runner/_work/mako-fast-reads/mako-fast-reads/src/deptran/paxos/commo.cc:151] 2025-12-10 04:020251110-04:01.19-981105(us) 19832 * wait_for_termination (mako.hh:538):      follower is waiting for being ended: 0/2, noops_cnt:0, replay_batch:258, wait_time:6s

1:19.663 | ForwardToLearner: SENDING to learner site_id=3, slot=203
I [/opt/actions-runner/_work/mako-fast-reads/mako-fast-reads/src/deptran/paxos/commo.cc:125] 2025-12-10 04:01:19.679 | ForwardToLearner: par_id=1, slot=50, n=3, proxies.size=4, batch_idx=0
I [/opt/actions-runner/_work/mako-fast-reads/mako-fast-reads/src/deptran/paxos/commo.cc:151] 2025-12-10 04:01:19.679 | ForwardToLearner: SENDING to learner site_id=7, slot=50
I [/opt/actions-runner/_work/mako-fast-reads/mako-fast-reads/src/deptran/paxos/commo.cc:125] 2025-12-10 04:01:19.738 | ForwardToLearner: par_id=0, slot=204, n=3, proxies.size=4, batch_idx=0
I [/opt/actions-runner/_work/mako-fast-reads/mako-fast-reads/src/deptran/paxos/commo.cc:151] 2025-12-10 04:01:19.738 | ForwardToLearner: SENDING to learner site_id=3, slot=204
I [/opt/actions-runner/_work/mako-fast-reads/mako-fast-reads/src/deptran/paxos/commo.cc:125] 2025-12-10 04:01:19.772 | ForwardToLearner: par_id=1, slot=51, n=3, proxies.size=4, batch_idx=0
I [/opt/actions-runner/_work/mako-fast-reads/mako-fast-reads/src/deptran/paxos/commo.cc:151] 2025-12-10 04:01:19.772 | ForwardToLearner: SENDING to learner site_id=7, slot=51
I [/opt/actions-runner/_work/mako-fast-reads/mako-fast-reads/src/deptran/paxos/commo.cc:125] 2025-12-10 04:01:19.822 | ForwardToLearner: par_id=0, slot=205, n=3, proxies.size=4, batch_idx=0
I [/opt/actions-runner/_work/mako-fast-reads/mako-fast-reads/src/deptran/paxos/commo.cc:151] 2025-12-10 04:01:19.822 | ForwardToLearner: SENDING to learner site_id=3, slot=205
I [/opt/actions-runner/_work/mako-fast-reads/mako-fast-reads/src/deptran/paxos/commo.cc:125] 2025-12-10 04:01:19.842 | ForwardToLearner: par_id=0, slot=206, n=3, proxies.size=4, batch_idx=0
I [/opt/actions-runner/_work/mako-fast-reads/mako-fast-reads/src/deptran/paxos/commo.cc:151] 2025-12-10 04:01:19.842 | ForwardToLearner: SENDING to learner site_id=3, slot=206
I [/opt/actions-runner/_work/mako-fast-reads/mako-fast-reads/src/deptran/paxos/commo.cc:125] 2025-12-10 04:01:19.848 | ForwardToLearner: par_id=1, slot=52, n=3, proxies.size=4, batch_idx=0
I [/opt/actions-runner/_work/mako-fast-reads/mako-fast-reads/src/deptran/paxos/commo.cc:151] 2025-12-10 04:01:19.848 | ForwardToLearner: SENDING to learner site_id=7, slot=52
I [/opt/actions-runner/_work/mako-fast-reads/mako-fast-reads/src/deptran/paxos/commo.cc:125] 2025-12-10 04:01:19.902 | ForwardToLearner: par_id=0, slot=207, n=3, proxies.size=4, batch_idx=0
I [/opt/actions-runner/_work/mako-fast-reads/mako-fast-reads/src/deptran/paxos/commo.cc:151] 2025-12-10 04:01:19.902 | ForwardToLearner: SENDING to learner site_id=3, slot=207
I [/opt/actions-runner/_work/mako-fast-reads/mako-fast-reads/src/deptran/paxos/commo.cc:125] 2025-12-10 04:01:19.945 | ForwardToLearner: par_id=1, slot=53, n=3, proxies.size=4, batch_idx=0
I [/opt/actions-runner/_work/mako-fast-reads/mako-fast-reads/src/deptran/paxos/commo.cc:151] 2025-12-10 04:01:19.945 | ForwardToLearner: SENDING to learner site_id=7, slot=53
I [/opt/actions-runner/_work/mako-fast-reads/mako-fast-reads/src/deptran/paxos/commo.cc:125] 2025-12-10 04:01:19.952 | ForwardToLearner: par_id=1, slot=54, n=3, proxies.size=4, batch_idx=0
I [/opt/actions-runner/_work/mako-fast-reads/mako-fast-reads/src/deptran/paxos/commo.cc:151] 2025-12-10 04:01:19.952 | ForwardToLearner: SENDING to learner site_id=7, slot=54
I [/opt/actions-runner/_work/mako-fast-reads/mako-fast-reads/src/deptran/paxos/commo.cc:125] 2025-12-10 04:01:19.979 | ForwardToLearner: par_id=0, slot=208, n=3, proxies.size=4, batch_idx=0
I [/opt/actions-runner/_work/mako-fast-reads/mako-fast-reads/src/deptran/paxos/commo.cc:151] 2025-12-10 04:01:19.979 | ForwardToLearner: SENDING to learner site_id=3, slot=208
I [/opt/actions-runner/_work/mako-fast-reads/mako-fast-reads/src/deptran/paxos/commo.cc:125] 2025-12-10 04:01:20.013 | ForwardToLearner: par_id=1, slot=55, n=3, proxies.size=4, batch_idx=0
I [/opt/actions-runner/_work/mako-fast-reads/mako-fast-reads/src/deptran/paxos/commo.cc:151] 2025-12-10 04:01:20.013 | ForwardToLearner: SENDING to learner site_id=7, slot=55
I [/opt/actions-runner/_work/mako-fast-reads/mako-fast-reads/src/deptran/paxos/commo.cc:125] 2025-12-10 04:01:20.047 | ForwardToLearner: par_id=1, slot=56, n=3, proxies.size=4, batch_idx=0
I [/opt/actions-runner/_work/mako-fast-reads/mako-fast-reads/src/deptran/paxos/commo.cc:151] 2025-12-10 04:01:20.047 | ForwardToLearner: SENDING to learner site_id=7, slot=56
I [/opt/actions-runner/_work/mako-fast-reads/mako-fast-reads/src/deptran/paxos/commo.cc:125] 2025-12-10 04:01:20.066 | ForwardToLearner: par_id=0, slot=209, n=3, proxies.size=4, batch_idx=0
I [/opt/actions-runner/_work/mako-fast-reads/mako-fast-reads/src/deptran/paxos/commo.cc:151] 2025-12-10 04:01:20.066 | ForwardToLearner: SENDING to learner site_id=3, slot=209
I [/opt/actions-runner/_work/mako-fast-reads/mako-fast-reads/src/deptran/paxos/commo.cc:125] 2025-12-10 04:01:20.090 | ForwardToLearner: par_id=0, slot=210, n=3, proxies.size=4, batch_idx=0
I [/opt/actions-runner/_work/mako-fast-reads/mako-fast-reads/src/deptran/paxos/commo.cc:151] 2025-12-10 04:01:20.090 | ForwardToLearner: SENDING to learner site_id=3, slot=210
I [/opt/actions-runner/_work/mako-fast-reads/mako-fast-reads/src/deptran/paxos/commo.cc:125] 2025-12-10 04:01:20.130 | ForwardToLearner: par_id=1, slot=57, n=3, proxies.size=4, batch_idx=0
I [/opt/actions-runner/_work/mako-fast-reads/mako-fast-reads/src/deptran/paxos/commo.cc:151] 2025-12-10 04:01:20.130 | ForwardToLearner: SENDING to learner site_id=7, slot=57
I [/opt/actions-runner/_work/mako-fast-reads/mako-fast-reads/src/deptran/paxos/commo.cc:125] 2025-12-10 04:01:20.148 | ForwardToLearner: par_id=0, slot=211, n=3, proxies.size=4, batch_idx=0
I [/opt/actions-runner/_work/mako-fast-reads/mako-fast-reads/src/deptran/paxos/commo.cc:151] 2025-12-10 04:01:20.148 | ForwardToLearner: SENDING to learner site_id=3, slot=211
I [/opt/actions-runner/_work/mako-fast-reads/mako-fast-reads/src/deptran/paxos/commo.cc:125] 2025-12-10 04:01:20.224 | ForwardToLearner: par_id=1, slot=58, n=3, proxies.size=4, batch_idx=0
I [/opt/actions-runner/_work/mako-fast-reads/mako-fast-reads/src/deptran/paxos/commo.cc:151] 2025-12-10 04:01:20.224 | ForwardToLearner: SENDING to learner site_id=7, slot=58
I [/opt/actions-runner/_work/mako-fast-reads/mako-fast-reads/src/deptran/paxos/commo.cc:125] 2025-12-10 04:01:20.233 | ForwardToLearner: par_id=0, slot=212, n=3, proxies.size=4, batch_idx=0
I [/opt/actions-runner/_work/mako-fast-reads/mako-fast-reads/src/deptran/paxos/commo.cc:151] 2025-12-10 04:01:20.233 | ForwardToLearner: SENDING to learner site_id=3, slot=212
I [/opt/actions-runner/_work/mako-fast-reads/mako-fast-reads/src/deptran/paxos/commo.cc:125] 2025-12-10 04:01:20.267 | ForwardToLearner: par_id=0, slot=213, n=3, proxies.size=4, batch_idx=0
I [/opt/actions-runner/_work/mako-fast-reads/mako-fast-reads/src/deptran/paxos/commo.cc:151] 2025-12-10 04:01:20.267 | ForwardToLearner: SENDING to learner site_id=3, slot=213
I [/opt/actions-runner/_work/mako-fast-reads/mako-fast-reads/src/deptran/paxos/commo.cc:125] 2025-12-10 04:01:20.318 | ForwardToLearner: par_id=1, slot=59, n=3, proxies.size=4, batch_idx=0
I [/opt/actions-runner/_work/mako-fast-reads/mako-fast-reads/src/deptran/paxos/commo.cc:151] 2025-12-10 04:01:20.318 | ForwardToLearner: SENDING to learner site_id=7, slot=59
I [/opt/actions-runner/_work/mako-fast-reads/mako-fast-reads/src/deptran/paxos/commo.cc:125] 2025-12-10 04:01:20.329 | ForwardToLearner: par_id=0, slot=214, n=3, proxies.size=4, batch_idx=0
I [/opt/actions-runner/_work/mako-fast-reads/mako-fast-reads/src/deptran/paxos/commo.cc:151] 2025-12-10 04:01:20.329 | ForwardToLearner: SENDING to learner site_id=3, slot=214
I [/opt/actions-runner/_work/mako-fast-reads/mako-fast-reads/src/deptran/paxos/commo.cc:125] 2025-12-10 04:01:20.341 | ForwardToLearner: par_id=1, slot=60, n=3, proxies.size=4, batch_idx=0
I [/opt/actions-runner/_work/mako-fast-reads/mako-fast-reads/src/deptran/paxos/commo.cc:151] 2025-12-10 04:01:20.341 | ForwardToLearner: SENDING to learner site_id=7, slot=60
I [/opt/actions-runner/_work/mako-fast-reads/mako-fast-reads/src/deptran/paxos/commo.cc:125] 2025-12-10 04:01:20.410 | ForwardToLearner: par_id=1, slot=61, n=3, proxies.size=4, batch_idx=0
I [/opt/actions-runner/_work/mako-fast-reads/mako-fast-reads/src/deptran/paxos/commo.cc:151] 2025-12-10 04:01:20.410 | ForwardToLearner: SENDING to learner site_id=7, slot=61
I [/opt/actions-runner/_work/mako-fast-reads/mako-fast-reads/src/deptran/paxos/commo.cc:125] 2025-12-10 04:01:20.412 | ForwardToLearner: par_id=0, slot=215, n=3, proxies.size=4, batch_idx=0
I [/opt/actions-runner/_work/mako-fast-reads/mako-fast-reads/src/deptran/paxos/commo.cc:151] 2025-12-10 04:01:20.412 | ForwardToLearner: SENDING to learner site_id=3, slot=215
I [/opt/actions-runner/_work/mako-fast-reads/mako-fast-reads/src/deptran/paxos/commo.cc:125] 2025-12-10 04:01:20.419 | ForwardToLearner: par_id=1, slot=62, n=3, proxies.size=4, batch_idx=0
I [/opt/actions-runner/_work/mako-fast-reads/mako-fast-reads/src/deptran/paxos/commo.cc:151] 2025-12-10 04:01:20.419 | ForwardToLearner: SENDING to learner site_id=7, slot=62
I [/opt/actions-runner/_work/mako-fast-reads/mako-fast-reads/src/deptran/paxos/commo.cc:125] 2025-12-10 04:01:20.477 | ForwardToLearner: par_id=0, slot=216, n=3, proxies.size=4, batch_idx=0
I [/opt/actions-runner/_work/mako-fast-reads/mako-fast-reads/src/deptran/paxos/commo.cc:151] 2025-12-10 04:01:20.477 | ForwardToLearner: SENDING to learner site_id=3, slot=216
I [/opt/actions-runner/_work/mako-fast-reads/mako-fast-reads/src/deptran/paxos/commo.cc:125] 2025-12-10 04:01:20.488 | ForwardToLearner: par_id=1, slot=63, n=3, proxies.size=4, batch_idx=0
I [/opt/actions-runner/_work/mako-fast-reads/mako-fast-reads/src/deptran/paxos/commo.cc:151] 2025-12-10 04:01:20.488 | ForwardToLearner: SENDING to learner site_id=7, slot=63
I [/opt/actions-runner/_work/mako-fast-reads/mako-fast-reads/src/deptran/paxos/commo.cc:125] 2025-12-10 04:01:20.507 | ForwardToLearner: par_id=0, slot=217, n=3, proxies.size=4, batch_idx=0
I [/opt/actions-runner/_work/mako-fast-reads/mako-fast-reads/src/deptran/paxos/commo.cc:151] 2025-12-10 04:01:20.507 | ForwardToLearner: SENDING to learner site_id=3, slot=217
I [/opt/actions-runner/_work/mako-fast-reads/mako-fast-reads/src/deptran/paxos/commo.cc:125] 2025-12-10 04:01:20.574 | ForwardToLearner: par_id=1, slot=64, n=3, proxies.size=4, batch_idx=0
I [/opt/actions-runner/_work/mako-fast-reads/mako-fast-reads/src/deptran/paxos/commo.cc:151] 2025-12-10 04:01:20.574 | ForwardToLearner: SENDING to learner site_id=7, slot=64
I [/opt/actions-runner/_work/mako-fast-reads/mako-fast-reads/src/deptran/paxos/commo.cc:125] 2025-12-10 04:01:20.597 | ForwardToLearner: par_id=0, slot=218, n=3, proxies.size=4, batch_idx=0
I [/opt/actions-runner/_work/mako-fast-reads/mako-fast-reads/src/deptran/paxos/commo.cc:151] 2025-12-10 04:01:20.597 | ForwardToLearner: SENDING to learner site_id=3, slot=218
I [/opt/actions-runner/_work/mako-fast-reads/mako-fast-reads/src/deptran/paxos/commo.cc:125] 2025-12-10 04:01:20.662 | ForwardToLearner: par_id=1, slot=65, n=3, proxies.size=4, batch_idx=0
I [/opt/actions-runner/_work/mako-fast-reads/mako-fast-reads/src/deptran/paxos/commo.cc:151] 2025-12-10 04:01:20.662 | ForwardToLearner: SENDING to learner site_id=7, slot=65
I [/opt/actions-runner/_work/mako-fast-reads/mako-fast-reads/src/deptran/paxos/commo.cc:125] 2025-12-10 04:01:20.692 | ForwardToLearner: par_id=0, slot=219, n=3, proxies.size=4, batch_idx=0
I [/opt/actions-runner/_work/mako-fast-reads/mako-fast-reads/src/deptran/paxos/commo.cc:151] 2025-12-10 04:01:20.692 | ForwardToLearner: SENDING to learner site_id=3, slot=219
I [/opt/actions-runner/_work/mako-fast-reads/mako-fast-reads/src/deptran/paxos/commo.cc:125] 2025-12-10 04:01:20.729 | ForwardToLearner: par_id=0, slot=220, n=3, proxies.size=4, batch_idx=0
I [/opt/actions-runner/_work/mako-fast-reads/mako-fast-reads/src/deptran/paxos/commo.cc:151] 2025-12-10 04:01:20.729 | ForwardToLearner: SENDING to learner site_id=3, slot=220
I [/opt/actions-runner/_work/mako-fast-reads/mako-fast-reads/src/deptran/paxos/commo.cc:125] 2025-12-10 04:01:20.739 | ForwardToLearner: par_id=1, slot=66, n=3, proxies.size=20251110-04:01.20-981164(us) 19832 * wait_for_termination (mako.hh:538):      follower is waiting for being ended: 0/2, noops_cnt:0, replay_batch:290, wait_time:7s

4, batch_idx=0
I [/opt/actions-runner/_work/mako-fast-reads/mako-fast-reads/src/deptran/paxos/commo.cc:151] 2025-12-10 04:01:20.739 | ForwardToLearner: SENDING to learner site_id=7, slot=66
I [/opt/actions-runner/_work/mako-fast-reads/mako-fast-reads/src/deptran/paxos/commo.cc:125] 2025-12-10 04:01:20.776 | ForwardToLearner: par_id=0, slot=221, n=3, proxies.size=4, batch_idx=0
I [/opt/actions-runner/_work/mako-fast-reads/mako-fast-reads/src/deptran/paxos/commo.cc:151] 2025-12-10 04:01:20.776 | ForwardToLearner: SENDING to learner site_id=3, slot=221
I [/opt/actions-runner/_work/mako-fast-reads/mako-fast-reads/src/deptran/paxos/commo.cc:125] 2025-12-10 04:01:20.813 | ForwardToLearner: par_id=1, slot=67, n=3, proxies.size=4, batch_idx=0
I [/opt/actions-runner/_work/mako-fast-reads/mako-fast-reads/src/deptran/paxos/commo.cc:151] 2025-12-10 04:01:20.813 | ForwardToLearner: SENDING to learner site_id=7, slot=67
I [/opt/actions-runner/_work/mako-fast-reads/mako-fast-reads/src/deptran/paxos/commo.cc:125] 2025-12-10 04:01:20.826 | ForwardToLearner: par_id=1, slot=68, n=3, proxies.size=4, batch_idx=0
I [/opt/actions-runner/_work/mako-fast-reads/mako-fast-reads/src/deptran/paxos/commo.cc:151] 2025-12-10 04:01:20.826 | ForwardToLearner: SENDING to learner site_id=7, slot=68
I [/opt/actions-runner/_work/mako-fast-reads/mako-fast-reads/src/deptran/paxos/commo.cc:125] 2025-12-10 04:01:20.853 | ForwardToLearner: par_id=0, slot=222, n=3, proxies.size=4, batch_idx=0
I [/opt/actions-runner/_work/mako-fast-reads/mako-fast-reads/src/deptran/paxos/commo.cc:151] 2025-12-10 04:01:20.853 | ForwardToLearner: SENDING to learner site_id=3, slot=222
I [/opt/actions-runner/_work/mako-fast-reads/mako-fast-reads/src/deptran/paxos/commo.cc:125] 2025-12-10 04:01:20.856 | ForwardToLearner: par_id=1, slot=69, n=3, proxies.size=4, batch_idx=0
I [/opt/actions-runner/_work/mako-fast-reads/mako-fast-reads/src/deptran/paxos/commo.cc:151] 2025-12-10 04:01:20.856 | ForwardToLearner: SENDING to learner site_id=7, slot=69
I [/opt/actions-runner/_work/mako-fast-reads/mako-fast-reads/src/deptran/paxos/commo.cc:125] 2025-12-10 04:01:20.908 | ForwardToLearner: par_id=0, slot=223, n=3, proxies.size=4, batch_idx=0
I [/opt/actions-runner/_work/mako-fast-reads/mako-fast-reads/src/deptran/paxos/commo.cc:151] 2025-12-10 04:01:20.908 | ForwardToLearner: SENDING to learner site_id=3, slot=223
I [/opt/actions-runner/_work/mako-fast-reads/mako-fast-reads/src/deptran/paxos/commo.cc:125] 2025-12-10 04:01:20.916 | ForwardToLearner: par_id=1, slot=70, n=3, proxies.size=4, batch_idx=0
I [/opt/actions-runner/_work/mako-fast-reads/mako-fast-reads/src/deptran/paxos/commo.cc:151] 2025-12-10 04:01:20.916 | ForwardToLearner: SENDING to learner site_id=7, slot=70
I [/opt/actions-runner/_work/mako-fast-reads/mako-fast-reads/src/deptran/paxos/commo.cc:125] 2025-12-10 04:01:20.942 | ForwardToLearner: par_id=0, slot=224, n=3, proxies.size=4, batch_idx=0
I [/opt/actions-runner/_work/mako-fast-reads/mako-fast-reads/src/deptran/paxos/commo.cc:151] 2025-12-10 04:01:20.942 | ForwardToLearner: SENDING to learner site_id=3, slot=224
I [/opt/actions-runner/_work/mako-fast-reads/mako-fast-reads/src/deptran/paxos/commo.cc:125] 2025-12-10 04:01:20.000 | ForwardToLearner: par_id=1, slot=71, n=3, proxies.size=4, batch_idx=0
I [/opt/actions-runner/_work/mako-fast-reads/mako-fast-reads/src/deptran/paxos/commo.cc:151] 2025-12-10 04:01:20.000 | ForwardToLearner: SENDING to learner site_id=7, slot=71
I [/opt/actions-runner/_work/mako-fast-reads/mako-fast-reads/src/deptran/paxos/commo.cc:125] 2025-12-10 04:01:21.015 | ForwardToLearner: par_id=0, slot=225, n=3, proxies.size=4, batch_idx=0
I [/opt/actions-runner/_work/mako-fast-reads/mako-fast-reads/src/deptran/paxos/commo.cc:151] 2025-12-10 04:01:21.015 | ForwardToLearner: SENDING to learner site_id=3, slot=225
I [/opt/actions-runner/_work/mako-fast-reads/mako-fast-reads/src/deptran/paxos/commo.cc:125] 2025-12-10 04:01:21.085 | ForwardToLearner: par_id=1, slot=72, n=3, proxies.size=4, batch_idx=0
I [/opt/actions-runner/_work/mako-fast-reads/mako-fast-reads/src/deptran/paxos/commo.cc:151] 2025-12-10 04:01:21.085 | ForwardToLearner: SENDING to learner site_id=7, slot=72
I [/opt/actions-runner/_work/mako-fast-reads/mako-fast-reads/src/deptran/paxos/commo.cc:125] 2025-12-10 04:01:21.104 | ForwardToLearner: par_id=0, slot=226, n=3, proxies.size=4, batch_idx=0
I [/opt/actions-runner/_work/mako-fast-reads/mako-fast-reads/src/deptran/paxos/commo.cc:151] 2025-12-10 04:01:21.104 | ForwardToLearner: SENDING to learner site_id=3, slot=226
I [/opt/actions-runner/_work/mako-fast-reads/mako-fast-reads/src/deptran/paxos/commo.cc:125] 2025-12-10 04:01:21.170 | ForwardToLearner: par_id=1, slot=73, n=3, proxies.size=4, batch_idx=0
I [/opt/actions-runner/_work/mako-fast-reads/mako-fast-reads/src/deptran/paxos/commo.cc:151] 2025-12-10 04:01:21.170 | ForwardToLearner: SENDING to learner site_id=7, slot=73
I [/opt/actions-runner/_work/mako-fast-reads/mako-fast-reads/src/deptran/paxos/commo.cc:125] 2025-12-10 04:01:21.171 | ForwardToLearner: par_id=0, slot=227, n=3, proxies.size=4, batch_idx=0
I [/opt/actions-runner/_work/mako-fast-reads/mako-fast-reads/src/deptran/paxos/commo.cc:151] 2025-12-10 04:01:21.171 | ForwardToLearner: SENDING to learner site_id=3, slot=227
I [/opt/actions-runner/_work/mako-fast-reads/mako-fast-reads/src/deptran/paxos/commo.cc:125] 2025-12-10 04:01:21.197 | ForwardToLearner: par_id=0, slot=228, n=3, proxies.size=4, batch_idx=0
I [/opt/actions-runner/_work/mako-fast-reads/mako-fast-reads/src/deptran/paxos/commo.cc:151] 2025-12-10 04:01:21.197 | ForwardToLearner: SENDING to learner site_id=3, slot=228
I [/opt/actions-runner/_work/mako-fast-reads/mako-fast-reads/src/deptran/paxos/commo.cc:125] 2025-12-10 04:01:21.266 | ForwardToLearner: par_id=1, slot=74, n=3, proxies.size=4, batch_idx=0
I [/opt/actions-runner/_work/mako-fast-reads/mako-fast-reads/src/deptran/paxos/commo.cc:151] 2025-12-10 04:01:21.266 | ForwardToLearner: SENDING to learner site_id=7, slot=74
I [/opt/actions-runner/_work/mako-fast-reads/mako-fast-reads/src/deptran/paxos/commo.cc:125] 2025-12-10 04:01:21.291 | ForwardToLearner: par_id=1, slot=75, n=3, proxies.size=4, batch_idx=0
I [/opt/actions-runner/_work/mako-fast-reads/mako-fast-reads/src/deptran/paxos/commo.cc:151] 2025-12-10 04:01:21.291 | ForwardToLearner: SENDING to learner site_id=7, slot=75
I [/opt/actions-runner/_work/mako-fast-reads/mako-fast-reads/src/deptran/paxos/commo.cc:125] 2025-12-10 04:01:21.292 | ForwardToLearner: par_id=0, slot=229, n=3, proxies.size=4, batch_idx=0
I [/opt/actions-runner/_work/mako-fast-reads/mako-fast-reads/src/deptran/paxos/commo.cc:151] 2025-12-10 04:01:21.292 | ForwardToLearner: SENDING to learner site_id=3, slot=229
I [/opt/actions-runner/_work/mako-fast-reads/mako-fast-reads/src/deptran/paxos/commo.cc:125] 2025-12-10 04:01:21.329 | ForwardToLearner: par_id=0, slot=230, n=3, proxies.size=4, batch_idx=0
I [/opt/actions-runner/_work/mako-fast-reads/mako-fast-reads/src/deptran/paxos/commo.cc:151] 2025-12-10 04:01:21.329 | ForwardToLearner: SENDING to learner site_id=3, slot=230
I [/opt/actions-runner/_work/mako-fast-reads/mako-fast-reads/src/deptran/paxos/commo.cc:125] 2025-12-10 04:01:21.353 | ForwardToLearner: par_id=1, slot=76, n=3, proxies.size=4, batch_idx=0
I [/opt/actions-runner/_work/mako-fast-reads/mako-fast-reads/src/deptran/paxos/commo.cc:151] 2025-12-10 04:01:21.353 | ForwardToLearner: SENDING to learner site_id=7, slot=76
I [/opt/actions-runner/_work/mako-fast-reads/mako-fast-reads/src/deptran/paxos/commo.cc:125] 2025-12-10 04:01:21.376 | ForwardToLearner: par_id=1, slot=77, n=3, proxies.size=4, batch_idx=0
I [/opt/actions-runner/_work/mako-fast-reads/mako-fast-reads/src/deptran/paxos/commo.cc:151] 2025-12-10 04:01:21.376 | ForwardToLearner: SENDING to learner site_id=7, slot=77
I [/opt/actions-runner/_work/mako-fast-reads/mako-fast-reads/src/deptran/paxos/commo.cc:125] 2025-12-10 04:01:21.383 | ForwardToLearner: par_id=0, slot=231, n=3, proxies.size=4, batch_idx=0
I [/opt/actions-runner/_work/mako-fast-reads/mako-fast-reads/src/deptran/paxos/commo.cc:151] 2025-12-10 04:01:21.383 | ForwardToLearner: SENDING to learner site_id=3, slot=231
I [/opt/actions-runner/_work/mako-fast-reads/mako-fast-reads/src/deptran/paxos/commo.cc:125] 2025-12-10 04:01:21.442 | ForwardToLearner: par_id=1, slot=78, n=3, proxies.size=4, batch_idx=0
I [/opt/actions-runner/_work/mako-fast-reads/mako-fast-reads/src/deptran/paxos/commo.cc:151] 2025-12-10 04:01:21.442 | ForwardToLearner: SENDING to learner site_id=7, slot=78
I [/opt/actions-runner/_work/mako-fast-reads/mako-fast-reads/src/deptran/paxos/commo.cc:125] 2025-12-10 04:01:21.475 | ForwardToLearner: par_id=0, slot=232, n=3, proxies.size=4, batch_idx=0
I [/opt/actions-runner/_work/mako-fast-reads/mako-fast-reads/src/deptran/paxos/commo.cc:151] 2025-12-10 04:01:21.475 | ForwardToLearner: SENDING to learner site_id=3, slot=232
I [/opt/actions-runner/_work/mako-fast-reads/mako-fast-reads/src/deptran/paxos/commo.cc:125] 2025-12-10 04:01:21.515 | ForwardToLearner: par_id=1, slot=79, n=3, proxies.size=4, batch_idx=0
I [/opt/actions-runner/_work/mako-fast-reads/mako-fast-reads/src/deptran/paxos/commo.cc:151] 2025-12-10 04:01:21.515 | ForwardToLearner: SENDING to learner site_id=7, slot=79
I [/opt/actions-runner/_work/mako-fast-reads/mako-fast-reads/src/deptran/paxos/commo.cc:125] 2025-12-10 04:01:21.555 | ForwardToLearner: par_id=0, slot=233, n=3, proxies.size=4, batch_idx=0
I [/opt/actions-runner/_work/mako-fast-reads/mako-fast-reads/src/deptran/paxos/commo.cc:151] 2025-12-10 04:01:21.555 | ForwardToLearner: SENDING to learner site_id=3, slot=233
I [/opt/actions-runner/_work/mako-fast-reads/mako-fast-reads/src/deptran/paxos/commo.cc:125] 2025-12-10 04:01:21.603 | ForwardToLearner: par_id=1, slot=80, n=3, proxies.size=4, batch_idx=0
I [/opt/actions-runner/_work/mako-fast-reads/mako-fast-reads/src/deptran/paxos/commo.cc:151] 2025-12-10 04:01:21.603 | ForwardToLearner: SENDING to learner site_id=7, slot=80
I [/opt/actions-runner/_work/mako-fast-reads/mako-fast-reads/src/deptran/paxos/commo.cc:125] 2025-12-10 04:01:21.638 | ForwardToLearner: par_id=0, slot=234, n=3, proxies.size=4, batch_idx=0
I [/opt/actions-runner/_work/mako-fast-reads/mako-fast-reads/src/deptran/paxos/commo.cc:151] 2025-12-10 04:01:21.638 | ForwardToLearner: SENDING to learner site_id=3, slot=234
I [/opt/actions-runner/_work/mako-fast-reads/mako-fast-reads/src/deptran/paxos/commo.cc:125] 2025-12-10 04:01:21.642 | ForwardToLearner: par_id=0, slot=235, n=3, proxies.size=4, batch_idx=0
I [/opt/actions-runner/_work/mako-fast-reads/mako-fast-reads/src/deptran/paxos/commo.cc:151] 2025-12-10 04:01:21.642 | ForwardToLearner: SENDING to learner site_id=3, slot=235
I [/opt/actions-runner/_work/mako-fast-reads/mako-fast-reads/src/deptran/paxos/commo.cc:125] 2025-12-10 04:01:21.682 | ForwardToLearner: par_id=1, slot=81, n=3, proxies.size=4, batch_idx=0
I [/opt/actions-runner/_work/mako-fast-reads/mako-fast-reads/src/deptran/paxos/commo.cc:151] 2025-12-10 04:01:21.682 | ForwardToLearner: SENDING to learner site_id=7, slot=81
I [/opt/actions-runner/_work/mako-fast-reads/mako-fast-reads/src/deptran/paxos/commo.cc:125] 2025-12-10 04:01:21.719 | ForwardToLearner: par_id=0, slot=236, n=3, proxies.size=4, batch_idx=0
I [/opt/actions-runner/_work/mako-fast-reads/mako-fast-reads/src/deptran/paxos/commo.cc:151] 2025-12-10 04:01:21.719 | ForwardToLearner: SENDING to learner site_id=3, slot=236
I [/opt/actions-runner/_work/mako-fast-reads/mako-fast-reads/src/deptran/paxos/commo.cc:125] 2025-12-10 04:01:21.735 | ForwardToLearner: par_id=1, slot=82, n=3, proxies.size=4, batch_idx=0
I [/opt/actions-runner/_work/mako-fast-reads/mako-fast-reads/src/deptran/paxos/commo.cc:151] 2025-12-10 04:01:21.735 | ForwardToLearner: SENDING to learner site_id=7, slot=82
I [/opt/actions-runner/_work/mako-fast-reads/mako-fast-reads/src/deptran/paxos/commo.cc:125] 2025-12-10 04:01:21.775 | ForwardToLearner: par_id=1, slot=83, n=3, proxies.size=4, batch_idx=0
I [/opt/actions-runner/_work/mako-fast-reads/mako-fast-reads/src/deptran/paxos/commo.cc:151] 2025-12-10 04:01:21.775 | ForwardToLearner: SENDING to learner site_id=7, slot=83
I [/opt/actions-runner/_work/mako-fast-reads/mako-fast20251110-04:01.21-981232(us) 19832 * wait_for_termination (mako.hh:538):      follower is waiting for being ended: 0/2, noops_cnt:0, replay_batch:321, wait_time:8s

-reads/src/deptran/paxos/commo.cc:125] 2025-12-10 04:01:21.812 | ForwardToLearner: par_id=1, slot=84, n=3, proxies.size=4, batch_idx=0
I [/opt/actions-runner/_work/mako-fast-reads/mako-fast-reads/src/deptran/paxos/commo.cc:151] 2025-12-10 04:01:21.812 | ForwardToLearner: SENDING to learner site_id=7, slot=84
I [/opt/actions-runner/_work/mako-fast-reads/mako-fast-reads/src/deptran/paxos/commo.cc:125] 2025-12-10 04:01:21.819 | ForwardToLearner: par_id=0, slot=237, n=3, proxies.size=4, batch_idx=0
I [/opt/actions-runner/_work/mako-fast-reads/mako-fast-reads/src/deptran/paxos/commo.cc:151] 2025-12-10 04:01:21.819 | ForwardToLearner: SENDING to learner site_id=3, slot=237
I [/opt/actions-runner/_work/mako-fast-reads/mako-fast-reads/src/deptran/paxos/commo.cc:125] 2025-12-10 04:01:21.843 | ForwardToLearner: par_id=0, slot=238, n=3, proxies.size=4, batch_idx=0
I [/opt/actions-runner/_work/mako-fast-reads/mako-fast-reads/src/deptran/paxos/commo.cc:151] 2025-12-10 04:01:21.843 | ForwardToLearner: SENDING to learner site_id=3, slot=238
I [/opt/actions-runner/_work/mako-fast-reads/mako-fast-reads/src/deptran/paxos/commo.cc:125] 2025-12-10 04:01:21.866 | ForwardToLearner: par_id=1, slot=85, n=3, proxies.size=4, batch_idx=0
I [/opt/actions-runner/_work/mako-fast-reads/mako-fast-reads/src/deptran/paxos/commo.cc:151] 2025-12-10 04:01:21.866 | ForwardToLearner: SENDING to learner site_id=7, slot=85
I [/opt/actions-runner/_work/mako-fast-reads/mako-fast-reads/src/deptran/paxos/commo.cc:125] 2025-12-10 04:01:21.912 | ForwardToLearner: par_id=0, slot=239, n=3, proxies.size=4, batch_idx=0
I [/opt/actions-runner/_work/mako-fast-reads/mako-fast-reads/src/deptran/paxos/commo.cc:151] 2025-12-10 04:01:21.912 | ForwardToLearner: SENDING to learner site_id=3, slot=239
I [/opt/actions-runner/_work/mako-fast-reads/mako-fast-reads/src/deptran/paxos/commo.cc:125] 2025-12-10 04:01:21.961 | ForwardToLearner: par_id=1, slot=86, n=3, proxies.size=4, batch_idx=0
I [/opt/actions-runner/_work/mako-fast-reads/mako-fast-reads/src/deptran/paxos/commo.cc:151] 2025-12-10 04:01:21.961 | ForwardToLearner: SENDING to learner site_id=7, slot=86
I [/opt/actions-runner/_work/mako-fast-reads/mako-fast-reads/src/deptran/paxos/commo.cc:125] 2025-12-10 04:01:22.007 | ForwardToLearner: par_id=0, slot=240, n=3, proxies.size=4, batch_idx=0
I [/opt/actions-runner/_work/mako-fast-reads/mako-fast-reads/src/deptran/paxos/commo.cc:151] 2025-12-10 04:01:22.007 | ForwardToLearner: SENDING to learner site_id=3, slot=240
I [/opt/actions-runner/_work/mako-fast-reads/mako-fast-reads/src/deptran/paxos/commo.cc:125] 2025-12-10 04:01:22.051 | ForwardToLearner: par_id=1, slot=87, n=3, proxies.size=4, batch_idx=0
I [/opt/actions-runner/_work/mako-fast-reads/mako-fast-reads/src/deptran/paxos/commo.cc:151] 2025-12-10 04:01:22.051 | ForwardToLearner: SENDING to learner site_id=7, slot=87
I [/opt/actions-runner/_work/mako-fast-reads/mako-fast-reads/src/deptran/paxos/commo.cc:125] 2025-12-10 04:01:22.085 | ForwardToLearner: par_id=0, slot=241, n=3, proxies.size=4, batch_idx=0
I [/opt/actions-runner/_work/mako-fast-reads/mako-fast-reads/src/deptran/paxos/commo.cc:151] 2025-12-10 04:01:22.085 | ForwardToLearner: SENDING to learner site_id=3, slot=241
I [/opt/actions-runner/_work/mako-fast-reads/mako-fast-reads/src/deptran/paxos/commo.cc:125] 2025-12-10 04:01:22.096 | ForwardToLearner: par_id=0, slot=242, n=3, proxies.size=4, batch_idx=0
I [/opt/actions-runner/_work/mako-fast-reads/mako-fast-reads/src/deptran/paxos/commo.cc:151] 2025-12-10 04:01:22.096 | ForwardToLearner: SENDING to learner site_id=3, slot=242
I [/opt/actions-runner/_work/mako-fast-reads/mako-fast-reads/src/deptran/paxos/commo.cc:125] 2025-12-10 04:01:22.142 | ForwardToLearner: par_id=1, slot=88, n=3, proxies.size=4, batch_idx=0
I [/opt/actions-runner/_work/mako-fast-reads/mako-fast-reads/src/deptran/paxos/commo.cc:151] 2025-12-10 04:01:22.142 | ForwardToLearner: SENDING to learner site_id=7, slot=88
I [/opt/actions-runner/_work/mako-fast-reads/mako-fast-reads/src/deptran/paxos/commo.cc:125] 2025-12-10 04:01:22.173 | ForwardToLearner: par_id=1, slot=89, n=3, proxies.size=4, batch_idx=0
I [/opt/actions-runner/_work/mako-fast-reads/mako-fast-reads/src/deptran/paxos/commo.cc:151] 2025-12-10 04:01:22.173 | ForwardToLearner: SENDING to learner site_id=7, slot=89
I [/opt/actions-runner/_work/mako-fast-reads/mako-fast-reads/src/deptran/paxos/commo.cc:125] 2025-12-10 04:01:22.179 | ForwardToLearner: par_id=0, slot=243, n=3, proxies.size=4, batch_idx=0
I [/opt/actions-runner/_work/mako-fast-reads/mako-fast-reads/src/deptran/paxos/commo.cc:151] 2025-12-10 04:01:22.179 | ForwardToLearner: SENDING to learner site_id=3, slot=243
I [/opt/actions-runner/_work/mako-fast-reads/mako-fast-reads/src/deptran/paxos/commo.cc:125] 2025-12-10 04:01:22.233 | ForwardToLearner: par_id=1, slot=90, n=3, proxies.size=4, batch_idx=0
I [/opt/actions-runner/_work/mako-fast-reads/mako-fast-reads/src/deptran/paxos/commo.cc:151] 2025-12-10 04:01:22.233 | ForwardToLearner: SENDING to learner site_id=7, slot=90
I [/opt/actions-runner/_work/mako-fast-reads/mako-fast-reads/src/deptran/paxos/commo.cc:125] 2025-12-10 04:01:22.267 | ForwardToLearner: par_id=0, slot=244, n=3, proxies.size=4, batch_idx=0
I [/opt/actions-runner/_work/mako-fast-reads/mako-fast-reads/src/deptran/paxos/commo.cc:151] 2025-12-10 04:01:22.267 | ForwardToLearner: SENDING to learner site_id=3, slot=244
I [/opt/actions-runner/_work/mako-fast-reads/mako-fast-reads/src/deptran/paxos/commo.cc:125] 2025-12-10 04:01:22.272 | ForwardToLearner: par_id=1, slot=91, n=3, proxies.size=4, batch_idx=0
I [/opt/actions-runner/_work/mako-fast-reads/mako-fast-reads/src/deptran/paxos/commo.cc:151] 2025-12-10 04:01:22.272 | ForwardToLearner: SENDING to learner site_id=7, slot=91
I [/opt/actions-runner/_work/mako-fast-reads/mako-fast-reads/src/deptran/paxos/commo.cc:125] 2025-12-10 04:01:22.296 | ForwardToLearner: par_id=0, slot=245, n=3, proxies.size=4, batch_idx=0
I [/opt/actions-runner/_work/mako-fast-reads/mako-fast-reads/src/deptran/paxos/commo.cc:151] 2025-12-10 04:01:22.296 | ForwardToLearner: SENDING to learner site_id=3, slot=245
I [/opt/actions-runner/_work/mako-fast-reads/mako-fast-reads/src/deptran/paxos/commo.cc:125] 2025-12-10 04:01:22.333 | ForwardToLearner: par_id=1, slot=92, n=3, proxies.size=4, batch_idx=0
I [/opt/actions-runner/_work/mako-fast-reads/mako-fast-reads/src/deptran/paxos/commo.cc:151] 2025-12-10 04:01:22.333 | ForwardToLearner: SENDING to learner site_id=7, slot=92
I [/opt/actions-runner/_work/mako-fast-reads/mako-fast-reads/src/deptran/paxos/commo.cc:125] 2025-12-10 04:01:22.354 | ForwardToLearner: par_id=0, slot=246, n=3, proxies.size=4, batch_idx=0
I [/opt/actions-runner/_work/mako-fast-reads/mako-fast-reads/src/deptran/paxos/commo.cc:151] 2025-12-10 04:01:22.354 | ForwardToLearner: SENDING to learner site_id=3, slot=246
I [/opt/actions-runner/_work/mako-fast-reads/mako-fast-reads/src/deptran/paxos/commo.cc:125] 2025-12-10 04:01:22.419 | ForwardToLearner: par_id=1, slot=93, n=3, proxies.size=4, batch_idx=0
I [/opt/actions-runner/_work/mako-fast-reads/mako-fast-reads/src/deptran/paxos/commo.cc:151] 2025-12-10 04:01:22.419 | ForwardToLearner: SENDING to learner site_id=7, slot=93
I [/opt/actions-runner/_work/mako-fast-reads/mako-fast-reads/src/deptran/paxos/commo.cc:125] 2025-12-10 04:01:22.432 | ForwardToLearner: par_id=0, slot=247, n=3, proxies.size=4, batch_idx=0
I [/opt/actions-runner/_work/mako-fast-reads/mako-fast-reads/src/deptran/paxos/commo.cc:151] 2025-12-10 04:01:22.432 | ForwardToLearner: SENDING to learner site_id=3, slot=247
I [/opt/actions-runner/_work/mako-fast-reads/mako-fast-reads/src/deptran/paxos/commo.cc:125] 2025-12-10 04:01:22.506 | ForwardToLearner: par_id=1, slot=94, n=3, proxies.size=4, batch_idx=0
I [/opt/actions-runner/_work/mako-fast-reads/mako-fast-reads/src/deptran/paxos/commo.cc:151] 2025-12-10 04:01:22.506 | ForwardToLearner: SENDING to learner site_id=7, slot=94
I [/opt/actions-runner/_work/mako-fast-reads/mako-fast-reads/src/deptran/paxos/commo.cc:125] 2025-12-10 04:01:22.514 | ForwardToLearner: par_id=0, slot=248, n=3, proxies.size=4, batch_idx=0
I [/opt/actions-runner/_work/mako-fast-reads/mako-fast-reads/src/deptran/paxos/commo.cc:151] 2025-12-10 04:01:22.514 | ForwardToLearner: SENDING to learner site_id=3, slot=248
I [/opt/actions-runner/_work/mako-fast-reads/mako-fast-reads/src/deptran/paxos/commo.cc:125] 2025-12-10 04:01:22.559 | ForwardToLearner: par_id=0, slot=249, n=3, proxies.size=4, batch_idx=0
I [/opt/actions-runner/_work/mako-fast-reads/mako-fast-reads/src/deptran/paxos/commo.cc:151] 2025-12-10 04:01:22.559 | ForwardToLearner: SENDING to learner site_id=3, slot=249
I [/opt/actions-runner/_work/mako-fast-reads/mako-fast-reads/src/deptran/paxos/commo.cc:125] 2025-12-10 04:01:22.585 | ForwardToLearner: par_id=1, slot=95, n=3, proxies.size=4, batch_idx=0
I [/opt/actions-runner/_work/mako-fast-reads/mako-fast-reads/src/deptran/paxos/commo.cc:151] 2025-12-10 04:01:22.585 | ForwardToLearner: SENDING to learner site_id=7, slot=95
I [/opt/actions-runner/_work/mako-fast-reads/mako-fast-reads/src/deptran/paxos/commo.cc:125] 2025-12-10 04:01:22.606 | ForwardToLearner: par_id=0, slot=250, n=3, proxies.size=4, batch_idx=0
I [/opt/actions-runner/_work/mako-fast-reads/mako-fast-reads/src/deptran/paxos/commo.cc:151] 2025-12-10 04:01:22.606 | ForwardToLearner: SENDING to learner site_id=3, slot=250
I [/opt/actions-runner/_work/mako-fast-reads/mako-fast-reads/src/deptran/paxos/commo.cc:125] 2025-12-10 04:01:22.621 | ForwardToLearner: par_id=1, slot=96, n=3, proxies.size=4, batch_idx=0
I [/opt/actions-runner/_work/mako-fast-reads/mako-fast-reads/src/deptran/paxos/commo.cc:151] 2025-12-10 04:01:22.621 | ForwardToLearner: SENDING to learner site_id=7, slot=96
I [/opt/actions-runner/_work/mako-fast-reads/mako-fast-reads/src/deptran/paxos/commo.cc:125] 2025-12-10 04:01:22.677 | ForwardToLearner: par_id=1, slot=97, n=3, proxies.size=4, batch_idx=0
I [/opt/actions-runner/_work/mako-fast-reads/mako-fast-reads/src/deptran/paxos/commo.cc:151] 2025-12-10 04:01:22.677 | ForwardToLearner: SENDING to learner site_id=7, slot=97
I [/opt/actions-runner/_work/mako-fast-reads/mako-fast-reads/src/deptran/paxos/commo.cc:125] 2025-12-10 04:01:22.691 | ForwardToLearner: par_id=0, slot=251, n=3, proxies.size=4, batch_idx=0
I [/opt/actions-runner/_work/mako-fast-reads/mako-fast-reads/src/deptran/paxos/commo.cc:151] 2025-12-10 04:01:22.691 | ForwardToLearner: SENDING to learner site_id=3, slot=251
I [/opt/actions-runner/_work/mako-fast-reads/mako-fast-reads/src/deptran/paxos/commo.cc:125] 2025-12-10 04:01:22.747 | ForwardToLearner: par_id=1, slot=98, n=3, proxies.size=4, batch_idx=0
I [/opt/actions-runner/_work/mako-fast-reads/mako-fast-reads/src/deptran/paxos/commo.cc:151] 2025-12-10 04:01:22.747 | ForwardToLearner: SENDING to learner site_id=7, slot=98
I [/opt/actions-runner/_work/mako-fast-reads/mako-fast-reads/src/deptran/paxos/commo.cc:125] 2025-12-10 04:01:22.765 | ForwardToLearner: par_id=1, slot=99, n=3, proxies.size=4, batch_idx=0
I [/opt/actions-runner/_work/mako-fast-reads/mako-fast-reads/src/deptran/paxos/commo.cc:151] 2025-12-10 04:01:22.765 | ForwardToLearner: SENDING to learner site_id=7, slot=99
I [/opt/actions-runner/_work/mako-fast-reads/mako-fast-reads/src/deptran/paxos/commo.cc:125] 2025-12-10 04:01:22.775 | ForwardToLearner: par_id=0, slot=252, n=3, proxies.size=4, batch_idx=0
I [/opt/actions-runner/_work/mako-fast-reads/mako-fast-reads/src/deptran/paxos/commo.cc:151] 2025-12-10 04:01:22.775 | ForwardToLearner: SENDING to learner site_id=3, slot=252
I [/opt/actions-runner/_work/mako-fast-reads/mako-fast-reads/src/deptran/paxos/commo.cc:125] 2025-12-10 04:01:22.788 | ForwardToLearner: par_id=0, slot=253, n=3, proxies.size=4, batch_idx=0
I [/opt/actions-runner/_work/mako-fast-reads/mako-fast-reads/src/deptran/paxos/commo.cc:151] 2025-12-10 04:01:22.788 | ForwardToLearner: SENDING to learner site_id=3, slot=253
I [/opt/actions-runner/_work/mako-fast-reads/mako-fast-reads/src/deptran/paxos/commo.cc:125] 2025-12-10 04:01:22.853 | ForwardToLearner: par_id=0, slot=254, n=3, proxies.size=4, batch_idx=0
I [/opt/actions-runner/_work/mako-fast-reads/mako-fast-reads/src/deptran/paxos/commo.cc:151] 2025-12-10 0420251110-04:01.22-981319(us) 19832 * wait_for_termination (mako.hh:538):      follower is waiting for being ended: 0/2, noops_cnt:0, replay_batch:352, wait_time:9s

:01:22.853 | ForwardToLearner: SENDING to learner site_id=3, slot=254
I [/opt/actions-runner/_work/mako-fast-reads/mako-fast-reads/src/deptran/paxos/commo.cc:125] 2025-12-10 04:01:22.854 | ForwardToLearner: par_id=1, slot=100, n=3, proxies.size=4, batch_idx=0
I [/opt/actions-runner/_work/mako-fast-reads/mako-fast-reads/src/deptran/paxos/commo.cc:151] 2025-12-10 04:01:22.854 | ForwardToLearner: SENDING to learner site_id=7, slot=100
I [/opt/actions-runner/_work/mako-fast-reads/mako-fast-reads/src/deptran/paxos/commo.cc:125] 2025-12-10 04:01:22.938 | ForwardToLearner: par_id=0, slot=255, n=3, proxies.size=4, batch_idx=0
I [/opt/actions-runner/_work/mako-fast-reads/mako-fast-reads/src/deptran/paxos/commo.cc:151] 2025-12-10 04:01:22.938 | ForwardToLearner: SENDING to learner site_id=3, slot=255
I [/opt/actions-runner/_work/mako-fast-reads/mako-fast-reads/src/deptran/paxos/commo.cc:125] 2025-12-10 04:01:22.940 | ForwardToLearner: par_id=1, slot=101, n=3, proxies.size=4, batch_idx=0
I [/opt/actions-runner/_work/mako-fast-reads/mako-fast-reads/src/deptran/paxos/commo.cc:151] 2025-12-10 04:01:22.940 | ForwardToLearner: SENDING to learner site_id=7, slot=101
I [/opt/actions-runner/_work/mako-fast-reads/mako-fast-reads/src/deptran/paxos/commo.cc:125] 2025-12-10 04:01:23.023 | ForwardToLearner: par_id=0, slot=256, n=3, proxies.size=4, batch_idx=0
I [/opt/actions-runner/_work/mako-fast-reads/mako-fast-reads/src/deptran/paxos/commo.cc:151] 2025-12-10 04:01:23.023 | ForwardToLearner: SENDING to learner site_id=3, slot=256
I [/opt/actions-runner/_work/mako-fast-reads/mako-fast-reads/src/deptran/paxos/commo.cc:125] 2025-12-10 04:01:23.034 | ForwardToLearner: par_id=1, slot=102, n=3, proxies.size=4, batch_idx=0
I [/opt/actions-runner/_work/mako-fast-reads/mako-fast-reads/src/deptran/paxos/commo.cc:151] 2025-12-10 04:01:23.034 | ForwardToLearner: SENDING to learner site_id=7, slot=102
I [/opt/actions-runner/_work/mako-fast-reads/mako-fast-reads/src/deptran/paxos/commo.cc:125] 2025-12-10 04:01:23.041 | ForwardToLearner: par_id=0, slot=257, n=3, proxies.size=4, batch_idx=0
I [/opt/actions-runner/_work/mako-fast-reads/mako-fast-reads/src/deptran/paxos/commo.cc:151] 2025-12-10 04:01:23.041 | ForwardToLearner: SENDING to learner site_id=3, slot=257
I [/opt/actions-runner/_work/mako-fast-reads/mako-fast-reads/src/deptran/paxos/commo.cc:125] 2025-12-10 04:01:23.077 | ForwardToLearner: par_id=1, slot=103, n=3, proxies.size=4, batch_idx=0
I [/opt/actions-runner/_work/mako-fast-reads/mako-fast-reads/src/deptran/paxos/commo.cc:151] 2025-12-10 04:01:23.077 | ForwardToLearner: SENDING to learner site_id=7, slot=103
I [/opt/actions-runner/_work/mako-fast-reads/mako-fast-reads/src/deptran/paxos/commo.cc:125] 2025-12-10 04:01:23.106 | ForwardToLearner: par_id=0, slot=258, n=3, proxies.size=4, batch_idx=0
I [/opt/actions-runner/_work/mako-fast-reads/mako-fast-reads/src/deptran/paxos/commo.cc:151] 2025-12-10 04:01:23.106 | ForwardToLearner: SENDING to learner site_id=3, slot=258
I [/opt/actions-runner/_work/mako-fast-reads/mako-fast-reads/src/deptran/paxos/commo.cc:125] 2025-12-10 04:01:23.117 | ForwardToLearner: par_id=1, slot=104, n=3, proxies.size=4, batch_idx=0
I [/opt/actions-runner/_work/mako-fast-reads/mako-fast-reads/src/deptran/paxos/commo.cc:151] 2025-12-10 04:01:23.117 | ForwardToLearner: SENDING to learner site_id=7, slot=104
I [/opt/actions-runner/_work/mako-fast-reads/mako-fast-reads/src/deptran/paxos/commo.cc:125] 2025-12-10 04:01:23.181 | ForwardToLearner: par_id=1, slot=105, n=3, proxies.size=4, batch_idx=0
I [/opt/actions-runner/_work/mako-fast-reads/mako-fast-reads/src/deptran/paxos/commo.cc:151] 2025-12-10 04:01:23.181 | ForwardToLearner: SENDING to learner site_id=7, slot=105
I [/opt/actions-runner/_work/mako-fast-reads/mako-fast-reads/src/deptran/paxos/commo.cc:125] 2025-12-10 04:01:23.188 | ForwardToLearner: par_id=0, slot=259, n=3, proxies.size=4, batch_idx=0
I [/opt/actions-runner/_work/mako-fast-reads/mako-fast-reads/src/deptran/paxos/commo.cc:151] 2025-12-10 04:01:23.188 | ForwardToLearner: SENDING to learner site_id=3, slot=259
I [/opt/actions-runner/_work/mako-fast-reads/mako-fast-reads/src/deptran/paxos/commo.cc:125] 2025-12-10 04:01:23.200 | ForwardToLearner: par_id=1, slot=106, n=3, proxies.size=4, batch_idx=0
I [/opt/actions-runner/_work/mako-fast-reads/mako-fast-reads/src/deptran/paxos/commo.cc:151] 2025-12-10 04:01:23.200 | ForwardToLearner: SENDING to learner site_id=7, slot=106
I [/opt/actions-runner/_work/mako-fast-reads/mako-fast-reads/src/deptran/paxos/commo.cc:125] 2025-12-10 04:01:23.224 | ForwardToLearner: par_id=0, slot=260, n=3, proxies.size=4, batch_idx=0
I [/opt/actions-runner/_work/mako-fast-reads/mako-fast-reads/src/deptran/paxos/commo.cc:151] 2025-12-10 04:01:23.224 | ForwardToLearner: SENDING to learner site_id=3, slot=260
I [/opt/actions-runner/_work/mako-fast-reads/mako-fast-reads/src/deptran/paxos/commo.cc:125] 2025-12-10 04:01:23.282 | ForwardToLearner: par_id=1, slot=107, n=3, proxies.size=4, batch_idx=0
I [/opt/actions-runner/_work/mako-fast-reads/mako-fast-reads/src/deptran/paxos/commo.cc:151] 2025-12-10 04:01:23.282 | ForwardToLearner: SENDING to learner site_id=7, slot=107
I [/opt/actions-runner/_work/mako-fast-reads/mako-fast-reads/src/deptran/paxos/commo.cc:125] 2025-12-10 04:01:23.284 | ForwardToLearner: par_id=0, slot=261, n=3, proxies.size=4, batch_idx=0
I [/opt/actions-runner/_work/mako-fast-reads/mako-fast-reads/src/deptran/paxos/commo.cc:151] 2025-12-10 04:01:23.284 | ForwardToLearner: SENDING to learner site_id=3, slot=261
I [/opt/actions-runner/_work/mako-fast-reads/mako-fast-reads/src/deptran/paxos/commo.cc:125] 2025-12-10 04:01:23.367 | ForwardToLearner: par_id=0, slot=262, n=3, proxies.size=4, batch_idx=0
I [/opt/actions-runner/_work/mako-fast-reads/mako-fast-reads/src/deptran/paxos/commo.cc:151] 2025-12-10 04:01:23.367 | ForwardToLearner: SENDING to learner site_id=3, slot=262
I [/opt/actions-runner/_work/mako-fast-reads/mako-fast-reads/src/deptran/paxos/commo.cc:125] 2025-12-10 04:01:23.372 | ForwardToLearner: par_id=1, slot=108, n=3, proxies.size=4, batch_idx=0
I [/opt/actions-runner/_work/mako-fast-reads/mako-fast-reads/src/deptran/paxos/commo.cc:151] 2025-12-10 04:01:23.372 | ForwardToLearner: SENDING to learner site_id=7, slot=108
I [/opt/actions-runner/_work/mako-fast-reads/mako-fast-reads/src/deptran/paxos/commo.cc:125] 2025-12-10 04:01:23.429 | ForwardToLearner: par_id=0, slot=263, n=3, proxies.size=4, batch_idx=0
I [/opt/actions-runner/_work/mako-fast-reads/mako-fast-reads/src/deptran/paxos/commo.cc:151] 2025-12-10 04:01:23.429 | ForwardToLearner: SENDING to learner site_id=3, slot=263
I [/opt/actions-runner/_work/mako-fast-reads/mako-fast-reads/src/deptran/paxos/commo.cc:125] 2025-12-10 04:01:23.452 | ForwardToLearner: par_id=0, slot=264, n=3, proxies.size=4, batch_idx=0
I [/opt/actions-runner/_work/mako-fast-reads/mako-fast-reads/src/deptran/paxos/commo.cc:151] 2025-12-10 04:01:23.452 | ForwardToLearner: SENDING to learner site_id=3, slot=264
I [/opt/actions-runner/_work/mako-fast-reads/mako-fast-reads/src/deptran/paxos/commo.cc:125] 2025-12-10 04:01:23.461 | ForwardToLearner: par_id=1, slot=109, n=3, proxies.size=4, batch_idx=0
I [/opt/actions-runner/_work/mako-fast-reads/mako-fast-reads/src/deptran/paxos/commo.cc:151] 2025-12-10 04:01:23.461 | ForwardToLearner: SENDING to learner site_id=7, slot=109
I [/opt/actions-runner/_work/mako-fast-reads/mako-fast-reads/src/deptran/paxos/commo.cc:125] 2025-12-10 04:01:23.546 | ForwardToLearner: par_id=0, slot=265, n=3, proxies.size=4, batch_idx=0
I [/opt/actions-runner/_work/mako-fast-reads/mako-fast-reads/src/deptran/paxos/commo.cc:151] 2025-12-10 04:01:23.546 | ForwardToLearner: SENDING to learner site_id=3, slot=265
I [/opt/actions-runner/_work/mako-fast-reads/mako-fast-reads/src/deptran/paxos/commo.cc:125] 2025-12-10 04:01:23.551 | ForwardToLearner: par_id=1, slot=110, n=3, proxies.size=4, batch_idx=0
I [/opt/actions-runner/_work/mako-fast-reads/mako-fast-reads/src/deptran/paxos/commo.cc:151] 2025-12-10 04:01:23.551 | ForwardToLearner: SENDING to learner site_id=7, slot=110
I [/opt/actions-runner/_work/mako-fast-reads/mako-fast-reads/src/deptran/paxos/commo.cc:125] 2025-12-10 04:01:23.558 | ForwardToLearner: par_id=1, slot=111, n=3, proxies.size=4, batch_idx=0
I [/opt/actions-runner/_work/mako-fast-reads/mako-fast-reads/src/deptran/paxos/commo.cc:151] 2025-12-10 04:01:23.558 | ForwardToLearner: SENDING to learner site_id=7, slot=111
I [/opt/actions-runner/_work/mako-fast-reads/mako-fast-reads/src/deptran/paxos/commo.cc:125] 2025-12-10 04:01:23.588 | ForwardToLearner: par_id=1, slot=112, n=3, proxies.size=4, batch_idx=0
I [/opt/actions-runner/_work/mako-fast-reads/mako-fast-reads/src/deptran/paxos/commo.cc:151] 2025-12-10 04:01:23.588 | ForwardToLearner: SENDING to learner site_id=7, slot=112
I [/opt/actions-runner/_work/mako-fast-reads/mako-fast-reads/src/deptran/paxos/commo.cc:125] 2025-12-10 04:01:23.633 | ForwardToLearner: par_id=0, slot=266, n=3, proxies.size=4, batch_idx=0
I [/opt/actions-runner/_work/mako-fast-reads/mako-fast-reads/src/deptran/paxos/commo.cc:151] 2025-12-10 04:01:23.633 | ForwardToLearner: SENDING to learner site_id=3, slot=266
I [/opt/actions-runner/_work/mako-fast-reads/mako-fast-reads/src/deptran/paxos/commo.cc:125] 2025-12-10 04:01:23.638 | ForwardToLearner: par_id=1, slot=113, n=3, proxies.size=4, batch_idx=0
I [/opt/actions-runner/_work/mako-fast-reads/mako-fast-reads/src/deptran/paxos/commo.cc:151] 2025-12-10 04:01:23.638 | ForwardToLearner: SENDING to learner site_id=7, slot=113
I [/opt/actions-runner/_work/mako-fast-reads/mako-fast-reads/src/deptran/paxos/commo.cc:125] 2025-12-10 04:01:23.715 | ForwardToLearner: par_id=0, slot=267, n=3, proxies.size=4, batch_idx=0
I [/opt/actions-runner/_work/mako-fast-reads/mako-fast-reads/src/deptran/paxos/commo.cc:151] 2025-12-10 04:01:23.715 | ForwardToLearner: SENDING to learner site_id=3, slot=267
I [/opt/actions-runner/_work/mako-fast-reads/mako-fast-reads/src/deptran/paxos/commo.cc:125] 2025-12-10 04:01:23.719 | ForwardToLearner: par_id=0, slot=268, n=3, proxies.size=4, batch_idx=0
I [/opt/actions-runner/_work/mako-fast-reads/mako-fast-reads/src/deptran/paxos/commo.cc:151] 2025-12-10 04:01:23.719 | ForwardToLearner: SENDING to learner site_id=3, slot=268
I [/opt/actions-runner/_work/mako-fast-reads/mako-fast-reads/src/deptran/paxos/commo.cc:125] 2025-12-10 04:01:23.724 | ForwardToLearner: par_id=1, slot=114, n=3, proxies.size=4, batch_idx=0
I [/opt/actions-runner/_work/mako-fast-reads/mako-fast-reads/src/deptran/paxos/commo.cc:151] 2025-12-10 04:01:23.724 | ForwardToLearner: SENDING to learner site_id=7, slot=114
I [/opt/actions-runner/_work/mako-fast-reads/mako-fast-reads/src/deptran/paxos/commo.cc:125] 2025-12-10 04:01:23.808 | ForwardToLearner: par_id=1, slot=115, n=3, proxies.size=4, batch_idx=0
I [/opt/actions-runner/_work/mako-fast-reads/mako-fast-reads/src/deptran/paxos/commo.cc:151] 2025-12-10 04:01:23.808 | ForwardToLearner: SENDING to learner site_id=7, slot=115
I [/opt/actions-runner/_work/mako-fast-reads/mako-fast-reads/src/deptran/paxos/commo.cc:125] 2025-12-10 04:01:23.817 | ForwardToLearner: par_id=0, slot=269, n=3, proxies.size=4, batch_idx=0
I [/opt/actions-runner/_work/mako-fast-reads/mako-fast-reads/src/deptran/paxos/commo.cc:151] 2025-12-10 04:01:23.817 | ForwardToLearner: SENDING to learner site_id=3, slot=269
I [/opt/actions-runner/_work/mako-fast-reads/mako-fast-reads/src/deptran/paxos/commo.cc:125] 2025-12-10 04:01:23.905 | ForwardToLearner: par_id=1, slot=116, n=3, proxies.size=4, batch_idx=0
I [/opt/actions-runner/_work/mako-fast-reads/mako-fast-reads/src/deptran/paxos/commo.cc:151] 2025-12-10 04:01:23.905 | ForwardToLearner: SENDING to learner site_id=7, slot=116
I [/opt/actions-runner/_work/mako-fast-reads/mako-fast-reads/src/deptran/paxos/commo.cc:125] 2025-12-10 04:01:23.906 | ForwardToLearner: par_id=0, slot=270, n=3, proxies.size=4, batch_idx=0
I [/opt/actions-runner/_work/mako-fast-reads/mako-fast-reads/src/deptran/paxos/commo.cc:151] 2025-12-10 04:01:23.906 | ForwardToLearner: SENDING to learner site_id=3, slot=270
I [/opt/actions-runner/_work/mako-fast-reads/mako-fast-reads/src/deptran/paxos/commo.cc:125] 2025-12-10 04:01:23.909 | ForwardToLearner: par20251110-04:01.23-981405(us) 19832 * wait_for_termination (mako.hh:538):      follower is waiting for being ended: 0/2, noops_cnt:0, replay_batch:382, wait_time:10s

_id=0, slot=271, n=3, proxies.size=4, batch_idx=0
I [/opt/actions-runner/_work/mako-fast-reads/mako-fast-reads/src/deptran/paxos/commo.cc:151] 2025-12-10 04:01:23.909 | ForwardToLearner: SENDING to learner site_id=3, slot=271
I [/opt/actions-runner/_work/mako-fast-reads/mako-fast-reads/src/deptran/paxos/commo.cc:125] 2025-12-10 04:01:23.983 | ForwardToLearner: par_id=1, slot=117, n=3, proxies.size=4, batch_idx=0
I [/opt/actions-runner/_work/mako-fast-reads/mako-fast-reads/src/deptran/paxos/commo.cc:151] 2025-12-10 04:01:23.983 | ForwardToLearner: SENDING to learner site_id=7, slot=117
I [/opt/actions-runner/_work/mako-fast-reads/mako-fast-reads/src/deptran/paxos/commo.cc:125] 2025-12-10 04:01:23.994 | ForwardToLearner: par_id=0, slot=272, n=3, proxies.size=4, batch_idx=0
I [/opt/actions-runner/_work/mako-fast-reads/mako-fast-reads/src/deptran/paxos/commo.cc:151] 2025-12-10 04:01:23.994 | ForwardToLearner: SENDING to learner site_id=3, slot=272
I [/opt/actions-runner/_work/mako-fast-reads/mako-fast-reads/src/deptran/paxos/commo.cc:125] 2025-12-10 04:01:24.002 | ForwardToLearner: par_id=1, slot=118, n=3, proxies.size=4, batch_idx=0
I [/opt/actions-runner/_work/mako-fast-reads/mako-fast-reads/src/deptran/paxos/commo.cc:151] 2025-12-10 04:01:24.002 | ForwardToLearner: SENDING to learner site_id=7, slot=118
I [/opt/actions-runner/_work/mako-fast-reads/mako-fast-reads/src/deptran/paxos/commo.cc:125] 2025-12-10 04:01:24.052 | ForwardToLearner: par_id=1, slot=119, n=3, proxies.size=4, batch_idx=0
I [/opt/actions-runner/_work/mako-fast-reads/mako-fast-reads/src/deptran/paxos/commo.cc:151] 2025-12-10 04:01:24.052 | ForwardToLearner: SENDING to learner site_id=7, slot=119
I [/opt/actions-runner/_work/mako-fast-reads/mako-fast-reads/src/deptran/paxos/commo.cc:125] 2025-12-10 04:01:24.085 | ForwardToLearner: par_id=1, slot=120, n=3, proxies.size=4, batch_idx=0
I [/opt/actions-runner/_work/mako-fast-reads/mako-fast-reads/src/deptran/paxos/commo.cc:151] 2025-12-10 04:01:24.085 | ForwardToLearner: SENDING to learner site_id=7, slot=120
I [/opt/actions-runner/_work/mako-fast-reads/mako-fast-reads/src/deptran/paxos/commo.cc:125] 2025-12-10 04:01:24.090 | ForwardToLearner: par_id=0, slot=273, n=3, proxies.size=4, batch_idx=0
I [/opt/actions-runner/_work/mako-fast-reads/mako-fast-reads/src/deptran/paxos/commo.cc:151] 2025-12-10 04:01:24.090 | ForwardToLearner: SENDING to learner site_id=3, slot=273
I [/opt/actions-runner/_work/mako-fast-reads/mako-fast-reads/src/deptran/paxos/commo.cc:125] 2025-12-10 04:01:24.167 | ForwardToLearner: par_id=1, slot=121, n=3, proxies.size=4, batch_idx=0
I [/opt/actions-runner/_work/mako-fast-reads/mako-fast-reads/src/deptran/paxos/commo.cc:151] 2025-12-10 04:01:24.167 | ForwardToLearner: SENDING to learner site_id=7, slot=121
I [/opt/actions-runner/_work/mako-fast-reads/mako-fast-reads/src/deptran/paxos/commo.cc:125] 2025-12-10 04:01:24.173 | ForwardToLearner: par_id=0, slot=274, n=3, proxies.size=4, batch_idx=0
I [/opt/actions-runner/_work/mako-fast-reads/mako-fast-reads/src/deptran/paxos/commo.cc:151] 2025-12-10 04:01:24.173 | ForwardToLearner: SENDING to learner site_id=3, slot=274
I [/opt/actions-runner/_work/mako-fast-reads/mako-fast-reads/src/deptran/paxos/commo.cc:125] 2025-12-10 04:01:24.245 | ForwardToLearner: par_id=1, slot=122, n=3, proxies.size=4, batch_idx=0
I [/opt/actions-runner/_work/mako-fast-reads/mako-fast-reads/src/deptran/paxos/commo.cc:151] 2025-12-10 04:01:24.245 | ForwardToLearner: SENDING to learner site_id=7, slot=122
I [/opt/actions-runner/_work/mako-fast-reads/mako-fast-reads/src/deptran/paxos/commo.cc:125] 2025-12-10 04:01:24.256 | ForwardToLearner: par_id=0, slot=275, n=3, proxies.size=4, batch_idx=0
I [/opt/actions-runner/_work/mako-fast-reads/mako-fast-reads/src/deptran/paxos/commo.cc:151] 2025-12-10 04:01:24.256 | ForwardToLearner: SENDING to learner site_id=3, slot=275
I [/opt/actions-runner/_work/mako-fast-reads/mako-fast-reads/src/deptran/paxos/commo.cc:125] 2025-12-10 04:01:24.258 | ForwardToLearner: par_id=0, slot=276, n=3, proxies.size=4, batch_idx=0
I [/opt/actions-runner/_work/mako-fast-reads/mako-fast-reads/src/deptran/paxos/commo.cc:151] 2025-12-10 04:01:24.258 | ForwardToLearner: SENDING to learner site_id=3, slot=276
I [/opt/actions-runner/_work/mako-fast-reads/mako-fast-reads/src/deptran/paxos/commo.cc:125] 2025-12-10 04:01:24.297 | ForwardToLearner: par_id=0, slot=277, n=3, proxies.size=4, batch_idx=0
I [/opt/actions-runner/_work/mako-fast-reads/mako-fast-reads/src/deptran/paxos/commo.cc:151] 2025-12-10 04:01:24.297 | ForwardToLearner: SENDING to learner site_id=3, slot=277
I [/opt/actions-runner/_work/mako-fast-reads/mako-fast-reads/src/deptran/paxos/commo.cc:125] 2025-12-10 04:01:24.345 | ForwardToLearner: par_id=1, slot=123, n=3, proxies.size=4, batch_idx=0
I [/opt/actions-runner/_work/mako-fast-reads/mako-fast-reads/src/deptran/paxos/commo.cc:151] 2025-12-10 04:01:24.345 | ForwardToLearner: SENDING to learner site_id=7, slot=123
I [/opt/actions-runner/_work/mako-fast-reads/mako-fast-reads/src/deptran/paxos/commo.cc:125] 2025-12-10 04:01:24.351 | ForwardToLearner: par_id=0, slot=278, n=3, proxies.size=4, batch_idx=0
I [/opt/actions-runner/_work/mako-fast-reads/mako-fast-reads/src/deptran/paxos/commo.cc:151] 2025-12-10 04:01:24.351 | ForwardToLearner: SENDING to learner site_id=3, slot=278
I [/opt/actions-runner/_work/mako-fast-reads/mako-fast-reads/src/deptran/paxos/commo.cc:125] 2025-12-10 04:01:24.424 | ForwardToLearner: par_id=1, slot=124, n=3, proxies.size=4, batch_idx=0
I [/opt/actions-runner/_work/mako-fast-reads/mako-fast-reads/src/deptran/paxos/commo.cc:151] 2025-12-10 04:01:24.424 | ForwardToLearner: SENDING to learner site_id=7, slot=124
I [/opt/actions-runner/_work/mako-fast-reads/mako-fast-reads/src/deptran/paxos/commo.cc:125] 2025-12-10 04:01:24.429 | ForwardToLearner: par_id=0, slot=279, n=3, proxies.size=4, batch_idx=0
I [/opt/actions-runner/_work/mako-fast-reads/mako-fast-reads/src/deptran/paxos/commo.cc:151] 2025-12-10 04:01:24.429 | ForwardToLearner: SENDING to learner site_id=3, slot=279
I [/opt/actions-runner/_work/mako-fast-reads/mako-fast-reads/src/deptran/paxos/commo.cc:125] 2025-12-10 04:01:24.431 | ForwardToLearner: par_id=1, slot=125, n=3, proxies.size=4, batch_idx=0
I [/opt/actions-runner/_work/mako-fast-reads/mako-fast-reads/src/deptran/paxos/commo.cc:151] 2025-12-10 04:01:24.431 | ForwardToLearner: SENDING to learner site_id=7, slot=125
I [/opt/actions-runner/_work/mako-fast-reads/mako-fast-reads/src/deptran/paxos/commo.cc:125] 2025-12-10 04:01:24.445 | ForwardToLearner: par_id=1, slot=126, n=3, proxies.size=4, batch_idx=0
I [/opt/actions-runner/_work/mako-fast-reads/mako-fast-reads/src/deptran/paxos/commo.cc:151] 2025-12-10 04:01:24.445 | ForwardToLearner: SENDING to learner site_id=7, slot=126
I [/opt/actions-runner/_work/mako-fast-reads/mako-fast-reads/src/deptran/paxos/commo.cc:125] 2025-12-10 04:01:24.509 | ForwardToLearner: par_id=0, slot=280, n=3, proxies.size=4, batch_idx=0
I [/opt/actions-runner/_work/mako-fast-reads/mako-fast-reads/src/deptran/paxos/commo.cc:151] 2025-12-10 04:01:24.509 | ForwardToLearner: SENDING to learner site_id=3, slot=280
I [/opt/actions-runner/_work/mako-fast-reads/mako-fast-reads/src/deptran/paxos/commo.cc:125] 2025-12-10 04:01:24.510 | ForwardToLearner: par_id=1, slot=127, n=3, proxies.size=4, batch_idx=0
I [/opt/actions-runner/_work/mako-fast-reads/mako-fast-reads/src/deptran/paxos/commo.cc:151] 2025-12-10 04:01:24.510 | ForwardToLearner: SENDING to learner site_id=7, slot=127
I [/opt/actions-runner/_work/mako-fast-reads/mako-fast-reads/src/deptran/paxos/commo.cc:125] 2025-12-10 04:01:24.592 | ForwardToLearner: par_id=1, slot=128, n=3, proxies.size=4, batch_idx=0
I [/opt/actions-runner/_work/mako-fast-reads/mako-fast-reads/src/deptran/paxos/commo.cc:151] 2025-12-10 04:01:24.592 | ForwardToLearner: SENDING to learner site_id=7, slot=128
I [/opt/actions-runner/_work/mako-fast-reads/mako-fast-reads/src/deptran/paxos/commo.cc:125] 2025-12-10 04:01:24.599 | ForwardToLearner: par_id=0, slot=281, n=3, proxies.size=4, batch_idx=0
I [/opt/actions-runner/_work/mako-fast-reads/mako-fast-reads/src/deptran/paxos/commo.cc:151] 2025-12-10 04:01:24.599 | ForwardToLearner: SENDING to learner site_id=3, slot=281
I [/opt/actions-runner/_work/mako-fast-reads/mako-fast-reads/src/deptran/paxos/commo.cc:125] 2025-12-10 04:01:24.678 | ForwardToLearner: par_id=1, slot=129, n=3, proxies.size=4, batch_idx=0
I [/opt/actions-runner/_work/mako-fast-reads/mako-fast-reads/src/deptran/paxos/commo.cc:151] 2025-12-10 04:01:24.678 | ForwardToLearner: SENDING to learner site_id=7, slot=129
I [/opt/actions-runner/_work/mako-fast-reads/mako-fast-reads/src/deptran/paxos/commo.cc:125] 2025-12-10 04:01:24.684 | ForwardToLearner: par_id=0, slot=282, n=3, proxies.size=4, batch_idx=0
I [/opt/actions-runner/_work/mako-fast-reads/mako-fast-reads/src/deptran/paxos/commo.cc:151] 2025-12-10 04:01:24.684 | ForwardToLearner: SENDING to learner site_id=3, slot=282
I [/opt/actions-runner/_work/mako-fast-reads/mako-fast-reads/src/deptran/paxos/commo.cc:125] 2025-12-10 04:01:24.717 | ForwardToLearner: par_id=0, slot=283, n=3, proxies.size=4, batch_idx=0
I [/opt/actions-runner/_work/mako-fast-reads/mako-fast-reads/src/deptran/paxos/commo.cc:151] 2025-12-10 04:01:24.717 | ForwardToLearner: SENDING to learner site_id=3, slot=283
I [/opt/actions-runner/_work/mako-fast-reads/mako-fast-reads/src/deptran/paxos/commo.cc:125] 2025-12-10 04:01:24.758 | ForwardToLearner: par_id=1, slot=130, n=3, proxies.size=4, batch_idx=0
I [/opt/actions-runner/_work/mako-fast-reads/mako-fast-reads/src/deptran/paxos/commo.cc:151] 2025-12-10 04:01:24.758 | ForwardToLearner: SENDING to learner site_id=7, slot=130
I [/opt/actions-runner/_work/mako-fast-reads/mako-fast-reads/src/deptran/paxos/commo.cc:125] 2025-12-10 04:01:24.764 | ForwardToLearner: par_id=0, slot=284, n=3, proxies.size=4, batch_idx=0
I [/opt/actions-runner/_work/mako-fast-reads/mako-fast-reads/src/deptran/paxos/commo.cc:151] 2025-12-10 04:01:24.764 | ForwardToLearner: SENDING to learner site_id=3, slot=284
I [/opt/actions-runner/_work/mako-fast-reads/mako-fast-reads/src/deptran/paxos/commo.cc:125] 2025-12-10 04:01:24.780 | ForwardToLearner: par_id=0, slot=285, n=3, proxies.size=4, batch_idx=0
I [/opt/actions-runner/_work/mako-fast-reads/mako-fast-reads/src/deptran/paxos/commo.cc:151] 2025-12-10 04:01:24.780 | ForwardToLearner: SENDING to learner site_id=3, slot=285
I [/opt/actions-runner/_work/mako-fast-reads/mako-fast-reads/src/deptran/paxos/commo.cc:125] 2025-12-10 04:01:24.844 | ForwardToLearner: par_id=1, slot=131, n=3, proxies.size=4, batch_idx=0
I [/opt/actions-runner/_work/mako-fast-reads/mako-fast-reads/src/deptran/paxos/commo.cc:151] 2025-12-10 04:01:24.844 | ForwardToLearner: SENDING to learner site_id=7, slot=131
I [/opt/actions-runner/_work/mako-fast-reads/mako-fast-reads/src/deptran/paxos/commo.cc:125] 2025-12-10 04:01:24.855 | ForwardToLearner: par_id=0, slot=286, n=3, proxies.size=4, batch_idx=0
I [/opt/actions-runner/_work/mako-fast-reads/mako-fast-reads/src/deptran/paxos/commo.cc:151] 2025-12-10 04:01:24.855 | ForwardToLearner: SENDING to learner site_id=3, slot=286
I [/opt/actions-runner/_work/mako-fast-reads/mako-fast-reads/src/deptran/paxos/commo.cc:125] 2025-12-10 04:01:24.861 | ForwardToLearner: par_id=1, slot=132, n=3, proxies.size=4, batch_idx=0
I [/opt/actions-runner/_work/mako-fast-reads/mako-fast-reads/src/deptran/paxos/commo.cc:151] 2025-12-10 04:01:24.861 | ForwardToLearner: SENDING to learner site_id=7, slot=132
I [/opt/actions-runner/_work/mako-fast-reads/mako-fast-reads/src/deptran/paxos/commo.cc:125] 2025-12-10 04:01:24.938 | ForwardToLearner: par_id=1, slot=133, n=3, proxies.size=4, batch_idx=0
I [/opt/actions-runner/_work/mako-fast-reads/mako-fast-reads/src/deptran/paxos/commo.cc:151] 2025-12-10 04:01:24.938 | ForwardToLearner: SENDING to learner site_id=7, slot=133
I [/opt/actions-runner/_work/mako-fast-reads/mako-fast-reads/src/deptran/paxos/commo.cc:125] 2025-12-10 04:01:24.947 | ForwardToLearner: par_id=0, slot=287, n=3, proxies.size=4, batch_idx=0
I [/opt/actions-runner/_work/mako-fast-reads/mako-fast-reads/src/deptran/paxos/commo.cc:151] 2025-12-10 04:01:24.947 | ForwardToLearner: SENDING to learner site20251110-04:01.24-981468(us) 19832 * wait_for_termination (mako.hh:538):      follower is waiting for being ended: 0/2, noops_cnt:0, replay_batch:417, wait_time:11s

_id=3, slot=287
I [/opt/actions-runner/_work/mako-fast-reads/mako-fast-reads/src/deptran/paxos/commo.cc:125] 2025-12-10 04:01:24.955 | ForwardToLearner: par_id=1, slot=134, n=3, proxies.size=4, batch_idx=0
I [/opt/actions-runner/_work/mako-fast-reads/mako-fast-reads/src/deptran/paxos/commo.cc:151] 2025-12-10 04:01:24.955 | ForwardToLearner: SENDING to learner site_id=7, slot=134
I [/opt/actions-runner/_work/mako-fast-reads/mako-fast-reads/src/deptran/paxos/commo.cc:125] 2025-12-10 04:01:25.037 | ForwardToLearner: par_id=1, slot=135, n=3, proxies.size=4, batch_idx=0
I [/opt/actions-runner/_work/mako-fast-reads/mako-fast-reads/src/deptran/paxos/commo.cc:151] 2025-12-10 04:01:25.037 | ForwardToLearner: SENDING to learner site_id=7, slot=135
I [/opt/actions-runner/_work/mako-fast-reads/mako-fast-reads/src/deptran/paxos/commo.cc:125] 2025-12-10 04:01:25.056 | ForwardToLearner: par_id=0, slot=288, n=3, proxies.size=4, batch_idx=0
I [/opt/actions-runner/_work/mako-fast-reads/mako-fast-reads/src/deptran/paxos/commo.cc:151] 2025-12-10 04:01:25.056 | ForwardToLearner: SENDING to learner site_id=3, slot=288
I [/opt/actions-runner/_work/mako-fast-reads/mako-fast-reads/src/deptran/paxos/commo.cc:125] 2025-12-10 04:01:25.115 | ForwardToLearner: par_id=1, slot=136, n=3, proxies.size=4, batch_idx=0
I [/opt/actions-runner/_work/mako-fast-reads/mako-fast-reads/src/deptran/paxos/commo.cc:151] 2025-12-10 04:01:25.115 | ForwardToLearner: SENDING to learner site_id=7, slot=136
I [/opt/actions-runner/_work/mako-fast-reads/mako-fast-reads/src/deptran/paxos/commo.cc:125] 2025-12-10 04:01:25.154 | ForwardToLearner: par_id=0, slot=289, n=3, proxies.size=4, batch_idx=0
I [/opt/actions-runner/_work/mako-fast-reads/mako-fast-reads/src/deptran/paxos/commo.cc:151] 2025-12-10 04:01:25.154 | ForwardToLearner: SENDING to learner site_id=3, slot=289
I [/opt/actions-runner/_work/mako-fast-reads/mako-fast-reads/src/deptran/paxos/commo.cc:125] 2025-12-10 04:01:25.163 | ForwardToLearner: par_id=0, slot=290, n=3, proxies.size=4, batch_idx=0
I [/opt/actions-runner/_work/mako-fast-reads/mako-fast-reads/src/deptran/paxos/commo.cc:151] 2025-12-10 04:01:25.163 | ForwardToLearner: SENDING to learner site_id=3, slot=290
I [/opt/actions-runner/_work/mako-fast-reads/mako-fast-reads/src/deptran/paxos/commo.cc:125] 2025-12-10 04:01:25.211 | ForwardToLearner: par_id=1, slot=137, n=3, proxies.size=4, batch_idx=0
I [/opt/actions-runner/_work/mako-fast-reads/mako-fast-reads/src/deptran/paxos/commo.cc:151] 2025-12-10 04:01:25.211 | ForwardToLearner: SENDING to learner site_id=7, slot=137
I [/opt/actions-runner/_work/mako-fast-reads/mako-fast-reads/src/deptran/paxos/commo.cc:125] 2025-12-10 04:01:25.241 | ForwardToLearner: par_id=0, slot=291, n=3, proxies.size=4, batch_idx=0
I [/opt/actions-runner/_work/mako-fast-reads/mako-fast-reads/src/deptran/paxos/commo.cc:151] 2025-12-10 04:01:25.241 | ForwardToLearner: SENDING to learner site_id=3, slot=291
I [/opt/actions-runner/_work/mako-fast-reads/mako-fast-reads/src/deptran/paxos/commo.cc:125] 2025-12-10 04:01:25.259 | ForwardToLearner: par_id=0, slot=292, n=3, proxies.size=4, batch_idx=0
I [/opt/actions-runner/_work/mako-fast-reads/mako-fast-reads/src/deptran/paxos/commo.cc:151] 2025-12-10 04:01:25.259 | ForwardToLearner: SENDING to learner site_id=3, slot=292
I [/opt/actions-runner/_work/mako-fast-reads/mako-fast-reads/src/deptran/paxos/commo.cc:125] 2025-12-10 04:01:25.297 | ForwardToLearner: par_id=1, slot=138, n=3, proxies.size=4, batch_idx=0
I [/opt/actions-runner/_work/mako-fast-reads/mako-fast-reads/src/deptran/paxos/commo.cc:151] 2025-12-10 04:01:25.297 | ForwardToLearner: SENDING to learner site_id=7, slot=138
I [/opt/actions-runner/_work/mako-fast-reads/mako-fast-reads/src/deptran/paxos/commo.cc:125] 2025-12-10 04:01:25.333 | ForwardToLearner: par_id=0, slot=293, n=3, proxies.size=4, batch_idx=0
I [/opt/actions-runner/_work/mako-fast-reads/mako-fast-reads/src/deptran/paxos/commo.cc:151] 2025-12-10 04:01:25.333 | ForwardToLearner: SENDING to learner site_id=3, slot=293
I [/opt/actions-runner/_work/mako-fast-reads/mako-fast-reads/src/deptran/paxos/commo.cc:125] 2025-12-10 04:01:25.360 | ForwardToLearner: par_id=1, slot=139, n=3, proxies.size=4, batch_idx=0
I [/opt/actions-runner/_work/mako-fast-reads/mako-fast-reads/src/deptran/paxos/commo.cc:151] 2025-12-10 04:01:25.360 | ForwardToLearner: SENDING to learner site_id=7, slot=139
I [/opt/actions-runner/_work/mako-fast-reads/mako-fast-reads/src/deptran/paxos/commo.cc:125] 2025-12-10 04:01:25.382 | ForwardToLearner: par_id=1, slot=140, n=3, proxies.size=4, batch_idx=0
I [/opt/actions-runner/_work/mako-fast-reads/mako-fast-reads/src/deptran/paxos/commo.cc:151] 2025-12-10 04:01:25.382 | ForwardToLearner: SENDING to learner site_id=7, slot=140
I [/opt/actions-runner/_work/mako-fast-reads/mako-fast-reads/src/deptran/paxos/commo.cc:125] 2025-12-10 04:01:25.413 | ForwardToLearner: par_id=0, slot=294, n=3, proxies.size=4, batch_idx=0
I [/opt/actions-runner/_work/mako-fast-reads/mako-fast-reads/src/deptran/paxos/commo.cc:151] 2025-12-10 04:01:25.413 | ForwardToLearner: SENDING to learner site_id=3, slot=294
I [/opt/actions-runner/_work/mako-fast-reads/mako-fast-reads/src/deptran/paxos/commo.cc:125] 2025-12-10 04:01:25.439 | ForwardToLearner: par_id=1, slot=141, n=3, proxies.size=4, batch_idx=0
I [/opt/actions-runner/_work/mako-fast-reads/mako-fast-reads/src/deptran/paxos/commo.cc:151] 2025-12-10 04:01:25.439 | ForwardToLearner: SENDING to learner site_id=7, slot=141
I [/opt/actions-runner/_work/mako-fast-reads/mako-fast-reads/src/deptran/paxos/commo.cc:125] 2025-12-10 04:01:25.469 | ForwardToLearner: par_id=1, slot=142, n=3, proxies.size=4, batch_idx=0
I [/opt/actions-runner/_work/mako-fast-reads/mako-fast-reads/src/deptran/paxos/commo.cc:151] 2025-12-10 04:01:25.469 | ForwardToLearner: SENDING to learner site_id=7, slot=142
I [/opt/actions-runner/_work/mako-fast-reads/mako-fast-reads/src/deptran/paxos/commo.cc:125] 2025-12-10 04:01:25.512 | ForwardToLearner: par_id=0, slot=295, n=3, proxies.size=4, batch_idx=0
I [/opt/actions-runner/_work/mako-fast-reads/mako-fast-reads/src/deptran/paxos/commo.cc:151] 2025-12-10 04:01:25.512 | ForwardToLearner: SENDING to learner site_id=3, slot=295
I [/opt/actions-runner/_work/mako-fast-reads/mako-fast-reads/src/deptran/paxos/commo.cc:125] 2025-12-10 04:01:25.560 | ForwardToLearner: par_id=1, slot=143, n=3, proxies.size=4, batch_idx=0
I [/opt/actions-runner/_work/mako-fast-reads/mako-fast-reads/src/deptran/paxos/commo.cc:151] 2025-12-10 04:01:25.560 | ForwardToLearner: SENDING to learner site_id=7, slot=143
I [/opt/actions-runner/_work/mako-fast-reads/mako-fast-reads/src/deptran/paxos/commo.cc:125] 2025-12-10 04:01:25.593 | ForwardToLearner: par_id=0, slot=296, n=3, proxies.size=4, batch_idx=0
I [/opt/actions-runner/_work/mako-fast-reads/mako-fast-reads/src/deptran/paxos/commo.cc:151] 2025-12-10 04:01:25.593 | ForwardToLearner: SENDING to learner site_id=3, slot=296
I [/opt/actions-runner/_work/mako-fast-reads/mako-fast-reads/src/deptran/paxos/commo.cc:125] 2025-12-10 04:01:25.645 | ForwardToLearner: par_id=1, slot=144, n=3, proxies.size=4, batch_idx=0
I [/opt/actions-runner/_work/mako-fast-reads/mako-fast-reads/src/deptran/paxos/commo.cc:151] 2025-12-10 04:01:25.645 | ForwardToLearner: SENDING to learner site_id=7, slot=144
I [/opt/actions-runner/_work/mako-fast-reads/mako-fast-reads/src/deptran/paxos/commo.cc:125] 2025-12-10 04:01:25.653 | ForwardToLearner: par_id=0, slot=297, n=3, proxies.size=4, batch_idx=0
I [/opt/actions-runner/_work/mako-fast-reads/mako-fast-reads/src/deptran/paxos/commo.cc:151] 2025-12-10 04:01:25.653 | ForwardToLearner: SENDING to learner site_id=3, slot=297
I [/opt/actions-runner/_work/mako-fast-reads/mako-fast-reads/src/deptran/paxos/commo.cc:125] 2025-12-10 04:01:25.679 | ForwardToLearner: par_id=0, slot=298, n=3, proxies.size=4, batch_idx=0
I [/opt/actions-runner/_work/mako-fast-reads/mako-fast-reads/src/deptran/paxos/commo.cc:151] 2025-12-10 04:01:25.679 | ForwardToLearner: SENDING to learner site_id=3, slot=298
I [/opt/actions-runner/_work/mako-fast-reads/mako-fast-reads/src/deptran/paxos/commo.cc:125] 2025-12-10 04:01:25.687 | Forwa20251110-04:01.25-981555(us) 19832 * wait_for_termination (mako.hh:538):      follower is waiting for being ended: 0/2, noops_cnt:0, replay_batch:446, wait_time:12s

rdToLearner: par_id=0, slot=299, n=3, proxies.size=4, batch_idx=0
I [/opt/actions-runner/_work/mako-fast-reads/mako-fast-reads/src/deptran/paxos/commo.cc:151] 2025-12-10 04:01:25.687 | ForwardToLearner: SENDING to learner site_id=3, slot=299
I [/opt/actions-runner/_work/mako-fast-reads/mako-fast-reads/src/deptran/paxos/commo.cc:125] 2025-12-10 04:01:25.737 | ForwardToLearner: par_id=1, slot=145, n=3, proxies.size=4, batch_idx=0
I [/opt/actions-runner/_work/mako-fast-reads/mako-fast-reads/src/deptran/paxos/commo.cc:151] 2025-12-10 04:01:25.737 | ForwardToLearner: SENDING to learner site_id=7, slot=145
I [/opt/actions-runner/_work/mako-fast-reads/mako-fast-reads/src/deptran/paxos/commo.cc:125] 2025-12-10 04:01:25.779 | ForwardToLearner: par_id=0, slot=300, n=3, proxies.size=4, batch_idx=0
I [/opt/actions-runner/_work/mako-fast-reads/mako-fast-reads/src/deptran/paxos/commo.cc:151] 2025-12-10 04:01:25.779 | ForwardToLearner: SENDING to learner site_id=3, slot=300
I [/opt/actions-runner/_work/mako-fast-reads/mako-fast-reads/src/deptran/paxos/commo.cc:125] 2025-12-10 04:01:25.786 | ForwardToLearner: par_id=1, slot=146, n=3, proxies.size=4, batch_idx=0
I [/opt/actions-runner/_work/mako-fast-reads/mako-fast-reads/src/deptran/paxos/commo.cc:151] 2025-12-10 04:01:25.786 | ForwardToLearner: SENDING to learner site_id=7, slot=146
I [/opt/actions-runner/_work/mako-fast-reads/mako-fast-reads/src/deptran/paxos/commo.cc:125] 2025-12-10 04:01:25.828 | ForwardToLearner: par_id=1, slot=147, n=3, proxies.size=4, batch_idx=0
I [/opt/actions-runner/_work/mako-fast-reads/mako-fast-reads/src/deptran/paxos/commo.cc:151] 2025-12-10 04:01:25.828 | ForwardToLearner: SENDING to learner site_id=7, slot=147
I [/opt/actions-runner/_work/mako-fast-reads/mako-fast-reads/src/deptran/paxos/commo.cc:125] 2025-12-10 04:01:25.871 | ForwardToLearner: par_id=0, slot=301, n=3, proxies.size=4, batch_idx=0
I [/opt/actions-runner/_work/mako-fast-reads/mako-fast-reads/src/deptran/paxos/commo.cc:151] 2025-12-10 04:01:25.871 | ForwardToLearner: SENDING to learner site_id=3, slot=301
I [/opt/actions-runner/_work/mako-fast-reads/mako-fast-reads/src/deptran/paxos/commo.cc:125] 2025-12-10 04:01:25.897 | ForwardToLearner: par_id=1, slot=148, n=3, proxies.size=4, batch_idx=0
I [/opt/actions-runner/_work/mako-fast-reads/mako-fast-reads/src/deptran/paxos/commo.cc:151] 2025-12-10 04:01:25.897 | ForwardToLearner: SENDING to learner site_id=7, slot=148
I [/opt/actions-runner/_work/mako-fast-reads/mako-fast-reads/src/deptran/paxos/commo.cc:125] 2025-12-10 04:01:25.921 | ForwardToLearner: par_id=1, slot=149, n=3, proxies.size=4, batch_idx=0
I [/opt/actions-runner/_work/mako-fast-reads/mako-fast-reads/src/deptran/paxos/commo.cc:151] 2025-12-10 04:01:25.921 | ForwardToLearner: SENDING to learner site_id=7, slot=149
I [/opt/actions-runner/_work/mako-fast-reads/mako-fast-reads/src/deptran/paxos/commo.cc:125] 2025-12-10 04:01:25.952 | ForwardToLearner: par_id=0, slot=302, n=3, proxies.size=4, batch_idx=0
I [/opt/actions-runner/_work/mako-fast-reads/mako-fast-reads/src/deptran/paxos/commo.cc:151] 2025-12-10 04:01:25.952 | ForwardToLearner: SENDING to learner site_id=3, slot=302
I [/opt/actions-runner/_work/mako-fast-reads/mako-fast-reads/src/deptran/paxos/commo.cc:125] 2025-12-10 04:01:26.008 | ForwardToLearner: par_id=1, slot=150, n=3, proxies.size=4, batch_idx=0
I [/opt/actions-runner/_work/mako-fast-reads/mako-fast-reads/src/deptran/paxos/commo.cc:151] 2025-12-10 04:01:26.008 | ForwardToLearner: SENDING to learner site_id=7, slot=150
I [/opt/actions-runner/_work/mako-fast-reads/mako-fast-reads/src/deptran/paxos/commo.cc:125] 2025-12-10 04:01:26.055 | ForwardToLearner: par_id=0, slot=303, n=3, proxies.size=4, batch_idx=0
I [/opt/actions-runner/_work/mako-fast-reads/mako-fast-reads/src/deptran/paxos/commo.cc:151] 2025-12-10 04:01:26.055 | ForwardToLearner: SENDING to learner site_id=3, slot=303
I [/opt/actions-runner/_work/mako-fast-reads/mako-fast-reads/src/deptran/paxos/commo.cc:125] 2025-12-10 04:01:26.106 | ForwardToLearner: par_id=1, slot=151, n=3, proxies.size=4, batch_idx=0
I [/opt/actions-runner/_work/mako-fast-reads/mako-fast-reads/src/deptran/paxos/commo.cc:151] 2025-12-10 04:01:26.106 | ForwardToLearner: SENDING to learner site_id=7, slot=151
I [/opt/actions-runner/_work/mako-fast-reads/mako-fast-reads/src/deptran/paxos/commo.cc:125] 2025-12-10 04:01:26.123 | ForwardToLearner: par_id=0, slot=304, n=3, proxies.size=4, batch_idx=0
I [/opt/actions-runner/_work/mako-fast-reads/mako-fast-reads/src/deptran/paxos/commo.cc:151] 2025-12-10 04:01:26.123 | ForwardToLearner: SENDING to learner site_id=3, slot=304
I [/opt/actions-runner/_work/mako-fast-reads/mako-fast-reads/src/deptran/paxos/commo.cc:125] 2025-12-10 04:01:26.153 | ForwardToLearner: par_id=0, slot=305, n=3, proxies.size=4, batch_idx=0
I [/opt/actions-runner/_work/mako-fast-reads/mako-fast-reads/src/deptran/paxos/commo.cc:151] 2025-12-10 04:01:26.153 | ForwardToLearner: SENDING to learner site_id=3, slot=305
I [/opt/actions-runner/_work/mako-fast-reads/mako-fast-reads/src/deptran/paxos/commo.cc:125] 2025-12-10 04:01:26.194 | ForwardToLearner: par_id=1, slot=152, n=3, proxies.size=4, batch_idx=0
I [/opt/actions-runner/_work/mako-fast-reads/mako-fast-reads/src/deptran/paxos/commo.cc:151] 2025-12-10 04:01:26.194 | ForwardToLearner: SENDING to learner site_id=7, slot=152
I [/opt/actions-runner/_work/mako-fast-reads/mako-fast-reads/src/deptran/paxos/commo.cc:125] 2025-12-10 04:01:26.202 | ForwardToLearner: par_id=0, slot=306, n=3, proxies.size=4, batch_idx=0
I [/opt/actions-runner/_work/mako-fast-reads/mako-fast-reads/src/deptran/paxos/commo.cc:151] 2025-12-10 04:01:26.202 | ForwardToLearner: SENDING to learner site_id=3, slot=306
I [/opt/actions-runner/_work/mako-fast-reads/mako-fast-reads/src/deptran/paxos/commo.cc:125] 2025-12-10 04:01:26.237 | ForwardToLearner: par_id=0, slot=307, n=3, proxies.size=4, batch_idx=0
I [/opt/actions-runner/_work/mako-fast-reads/mako-fast-reads/src/deptran/paxos/commo.cc:151] 2025-12-10 04:01:26.237 | ForwardToLearner: SENDING to learner site_id=3, slot=307
I [/opt/actions-runner/_work/mako-fast-reads/mako-fast-reads/src/deptran/paxos/commo.cc:125] 2025-12-10 04:01:26.258 | ForwardToLearner: par_id=1, slot=153, n=3, proxies.size=4, batch_idx=0
I [/opt/actions-runner/_work/mako-fast-reads/mako-fast-reads/src/deptran/paxos/commo.cc:151] 2025-12-10 04:01:26.258 | ForwardToLearner: SENDING to learner site_id=7, slot=153
I [/opt/actions-runner/_work/mako-fast-reads/mako-fast-reads/src/deptran/paxos/commo.cc:125] 2025-12-10 04:01:26.290 | ForwardToLearner: par_id=1, slot=154, n=3, proxies.size=4, batch_idx=0
I [/opt/actions-runner/_work/mako-fast-reads/mako-fast-reads/src/deptran/paxos/commo.cc:151] 2025-12-10 04:01:26.290 | ForwardToLearner: SENDING to learner site_id=7, slot=154
I [/opt/actions-runner/_work/mako-fast-reads/mako-fast-reads/src/deptran/paxos/commo.cc:125] 2025-12-10 04:01:26.317 | ForwardToLearner: par_id=0, slot=308, n=3, proxies.size=4, batch_idx=0
I [/opt/actions-runner/_work/mako-fast-reads/mako-fast-reads/src/deptran/paxos/commo.cc:151] 2025-12-10 04:01:26.317 | ForwardToLearner: SENDING to learner site_id=3, slot=308
I [/opt/actions-runner/_work/mako-fast-reads/mako-fast-reads/src/deptran/paxos/commo.cc:125] 2025-12-10 04:01:26.367 | ForwardToLearner: par_id=1, slot=155, n=3, proxies.size=4, batch_idx=0
I [/opt/actions-runner/_work/mako-fast-reads/mako-fast-reads/src/deptran/paxos/commo.cc:151] 2025-12-10 04:01:26.367 | ForwardToLearner: SENDING to learner site_id=7, slot=155
I [/opt/actions-runner/_work/mako-fast-reads/mako-fast-reads/src/deptran/paxos/commo.cc:125] 2025-12-10 04:01:26.378 | ForwardToLearner: par_id=1, slot=156, n=3, proxies.size=4, batch_idx=0
I [/opt/actions-runner/_work/mako-fast-reads/mako-fast-reads/src/deptran/paxos/commo.cc:151] 2025-12-10 04:01:26.378 | ForwardToLearner: SENDING to learner site_id=7, slot=156
I [/opt/actions-runner/_work/mako-fast-reads/mako-fast-reads/src/deptran/paxos/commo.cc:125] 2025-12-10 04:01:26.400 | ForwardToLearner: par_id=0, slot=309, n=3, proxies.size=4, batch_idx=0
I [/opt/actions-runner/_work/mako-fast-reads/mako-fast-reads/src/deptran/paxos/commo.cc:151] 2025-12-10 04:01:26.400 | ForwardToLearner: SENDING to learner site_id=3, slot=309
I [/opt/actions-runner/_work/mako-fast-reads/mako-fast-reads/src/deptran/paxos/commo.cc:125] 2025-12-10 04:01:26.469 | ForwardToLearner: par_id=1, slot=157, n=3, proxies.size=4, batch_idx=0
I [/opt/actions-runner/_work/mako-fast-reads/mako-fast-reads/src/deptran/paxos/commo.cc:151] 2025-12-10 04:01:26.469 | ForwardToLearner: SENDING to learner site_id=7, slot=157
I [/opt/actions-runner/_work/mako-fast-reads/mako-fast-reads/src/deptran/paxos/commo.cc:125] 2025-12-10 04:01:26.485 | ForwardToLearner: par_id=0, slot=310, n=3, proxies.size=4, batch_idx=0
I [/opt/actions-runner/_work/mako-fast-reads/mako-fast-reads/src/deptran/paxos/commo.cc:151] 2025-12-10 04:01:26.485 | ForwardToLearner: SENDING to learner site_id=3, slot=310
I [/opt/actions-runner/_work/mako-fast-reads/mako-fast-reads/src/deptran/paxos/commo.cc:125] 2025-12-10 04:01:26.560 | ForwardToLearner: par_id=1, slot=158, n=3, proxies.size=4, batch_idx=0
I [/opt/actions-runner/_work/mako-fast-reads/mako-fast-reads/src/deptran/paxos/commo.cc:151] 2025-12-10 04:01:26.560 | ForwardToLearner: SENDING to learner site_id=7, slot=158
I [/opt/actions-runner/_work/mako-fast-reads/mako-fast-reads/src/deptran/paxos/commo.cc:125] 2025-12-10 04:01:26.568 | ForwardToLearner: par_id=0, slot=311, n=3, proxies.size=4, batch_idx=0
I [/opt/actions-runner/_work/mako-fast-reads/mako-fast-reads/src/deptran/paxos/commo.cc:151] 2025-12-10 04:01:26.568 | ForwardToLearner: SENDING to learner site_id=3, slot=311
I [/opt/actions-runner/_work/mako-fast-reads/mako-fast-reads/src/deptran/paxos/commo.cc:125] 2025-12-10 04:01:26.622 | ForwardToLearner: par_id=0, slot=312, n=3, proxies.size=4, batch_idx=0
I [/opt/actions-runner/_work/mako-fast-reads/mako-fast-reads/src/deptran/paxos/commo.cc:151] 2025-12-10 04:01:26.622 | ForwardToLearner: SENDING to learner site_id=3, slot=312
I [/opt/actions-runner/_work/mako-fast-reads/mako-fast-reads/src/deptran/paxos/commo.cc:125] 2025-12-10 04:01:26.645 | ForwardToLearner: par_id=0, slot=313, n=3, proxies.size=4, batch_idx=0
I [/opt/actions-runner/_work/mako-fast-reads/mako-fast-reads/src/deptran/paxos/commo.cc:151] 2025-12-10 04:01:26.645 | ForwardToLearner: SENDING to learner site_id=3, slot=313
I [/opt/actions-runner/_work/mako-fast-reads/mako-fast-reads/src/deptran/paxos/commo.cc:125] 2025-12-10 04:01:26.653 | ForwardToLearner: par_id=1, slot=159, n=3, proxies.size=4, batch_idx=0
I [/opt/actions-runner/_work/mako-fast-reads/mako-fast-reads/src/deptran/paxos/commo.cc:151] 2025-12-10 04:01:26.653 | ForwardToLearner: SENDING to learner site_id=7, slot=159
I [/opt/actions-runner/_work/mako-fast-reads/mako-fast-reads/src/deptran/paxos/commo.cc:125] 2025-12-10 04:01:26.656 | ForwardToLearner: par_id=1, slot=160, n=3, proxies.size=4, batch_idx=0
I [/opt/actions-runner/_work/mako-fast-reads/mako-fast-reads/src/deptran/paxos/commo.cc:151] 2025-12-10 04:01:26.656 | ForwardToLearner: SENDING to learner site_id=7, slot=160
I [/opt/actions-runner/_work/mako-fast-reads/mako-fast-reads/src/deptran/paxos/commo.cc:125] 2025-12-10 04:01:26.659 | ForwardToLearner: par_id=0, slot=314, n=3, proxies.size=4, batch_idx=0
I [/opt/actions-runner/_work/mako-fast-reads/mako-fast-reads/src/deptran/paxos/commo.cc:151] 2025-12-10 04:01:26.659 | ForwardToLearner: SENDING to learner site_id=3, slot=314
I [/opt/actions-runner/_work/mako-fast-reads/mako-fast-reads/src/deptran/paxos/commo.cc:125] 2025-12-10 04:01:26.735 | ForwardToLearner: par_id=1, slot=161, n=3, proxies.size=4, batch_idx=0
I [/opt/actions-runner/_work/mako-fast-reads/mako-fast-reads/src/deptran/paxos/commo.cc:151] 2025-12-10 04:01:26.735 | ForwardToLearner: SENDING to learner site_id=7, slot=161
I [/opt/actions-runner/_work/mako-fast-reads/mako-fast-reads/src/deptran/paxos/commo.cc:125] 2025-12-10 04:01:26.755 | ForwardToLearner: par_id=0, slot=315, n=3, proxies.size=4, batch_idx=0
I [/opt/actions-runner/_work/mako-fast-reads/mako-fast-reads/src/deptran/paxos/commo.cc:151] 2025-12-10 04:01:26.755 | ForwardToLearner: SENDING20251110-04:01.26-981626(us) 19832 * wait_for_termination (mako.hh:538):      follower is waiting for being ended: 0/2, noops_cnt:0, replay_batch:477, wait_time:13s

 to learner site_id=3, slot=315
I [/opt/actions-runner/_work/mako-fast-reads/mako-fast-reads/src/deptran/paxos/commo.cc:125] 2025-12-10 04:01:26.820 | ForwardToLearner: par_id=1, slot=162, n=3, proxies.size=4, batch_idx=0
I [/opt/actions-runner/_work/mako-fast-reads/mako-fast-reads/src/deptran/paxos/commo.cc:151] 2025-12-10 04:01:26.820 | ForwardToLearner: SENDING to learner site_id=7, slot=162
I [/opt/actions-runner/_work/mako-fast-reads/mako-fast-reads/src/deptran/paxos/commo.cc:125] 2025-12-10 04:01:26.840 | ForwardToLearner: par_id=1, slot=163, n=3, proxies.size=4, batch_idx=0
I [/opt/actions-runner/_work/mako-fast-reads/mako-fast-reads/src/deptran/paxos/commo.cc:151] 2025-12-10 04:01:26.840 | ForwardToLearner: SENDING to learner site_id=7, slot=163
I [/opt/actions-runner/_work/mako-fast-reads/mako-fast-reads/src/deptran/paxos/commo.cc:125] 2025-12-10 04:01:26.848 | ForwardToLearner: par_id=0, slot=316, n=3, proxies.size=4, batch_idx=0
I [/opt/actions-runner/_work/mako-fast-reads/mako-fast-reads/src/deptran/paxos/commo.cc:151] 2025-12-10 04:01:26.848 | ForwardToLearner: SENDING to learner site_id=3, slot=316
I [/opt/actions-runner/_work/mako-fast-reads/mako-fast-reads/src/deptran/paxos/commo.cc:125] 2025-12-10 04:01:26.903 | ForwardToLearner: par_id=1, slot=164, n=3, proxies.size=4, batch_idx=0
I [/opt/actions-runner/_work/mako-fast-reads/mako-fast-reads/src/deptran/paxos/commo.cc:151] 2025-12-10 04:01:26.903 | ForwardToLearner: SENDING to learner site_id=7, slot=164
I [/opt/actions-runner/_work/mako-fast-reads/mako-fast-reads/src/deptran/paxos/commo.cc:125] 2025-12-10 04:01:26.934 | ForwardToLearner: par_id=0, slot=317, n=3, proxies.size=4, batch_idx=0
I [/opt/actions-runner/_work/mako-fast-reads/mako-fast-reads/src/deptran/paxos/commo.cc:151] 2025-12-10 04:01:26.934 | ForwardToLearner: SENDING to learner site_id=3, slot=317
I [/opt/actions-runner/_work/mako-fast-reads/mako-fast-reads/src/deptran/paxos/commo.cc:125] 2025-12-10 04:01:26.997 | ForwardToLearner: par_id=1, slot=165, n=3, proxies.size=4, batch_idx=0
I [/opt/actions-runner/_work/mako-fast-reads/mako-fast-reads/src/deptran/paxos/commo.cc:151] 2025-12-10 04:01:26.997 | ForwardToLearner: SENDING to learner site_id=7, slot=165
I [/opt/actions-runner/_work/mako-fast-reads/mako-fast-reads/src/deptran/paxos/commo.cc:125] 2025-12-10 04:01:27.026 | ForwardToLearner: par_id=0, slot=318, n=3, proxies.size=4, batch_idx=0
I [/opt/actions-runner/_work/mako-fast-reads/mako-fast-reads/src/deptran/paxos/commo.cc:151] 2025-12-10 04:01:27.026 | ForwardToLearner: SENDING to learner site_id=3, slot=318
I [/opt/actions-runner/_work/mako-fast-reads/mako-fast-reads/src/deptran/paxos/commo.cc:125] 2025-12-10 04:01:27.082 | ForwardToLearner: par_id=1, slot=166, n=3, proxies.size=4, batch_idx=0
I [/opt/actions-runner/_work/mako-fast-reads/mako-fast-reads/src/deptran/paxos/commo.cc:151] 2025-12-10 04:01:27.082 | ForwardToLearner: SENDING to learner site_id=7, slot=166
I [/opt/actions-runner/_work/mako-fast-reads/mako-fast-reads/src/deptran/paxos/commo.cc:125] 2025-12-10 04:01:27.107 | ForwardToLearner: par_id=1, slot=167, n=3, proxies.size=4, batch_idx=0
I [/opt/actions-runner/_work/mako-fast-reads/mako-fast-reads/src/deptran/paxos/commo.cc:151] 2025-12-10 04:01:27.107 | ForwardToLearner: SENDING to learner site_id=7, slot=167
I [/opt/actions-runner/_work/mako-fast-reads/mako-fast-reads/src/deptran/paxos/commo.cc:125] 2025-12-10 04:01:27.111 | ForwardToLearner: par_id=0, slot=319, n=3, proxies.size=4, batch_idx=0
I [/opt/actions-runner/_work/mako-fast-reads/mako-fast-reads/src/deptran/paxos/commo.cc:151] 2025-12-10 04:01:27.111 | ForwardToLearner: SENDING to learner site_id=3, slot=319
I [/opt/actions-runner/_work/mako-fast-reads/mako-fast-reads/src/deptran/paxos/commo.cc:125] 2025-12-10 04:01:27.119 | ForwardToLearner: par_id=0, slot=320, n=3, proxies.size=4, batch_idx=0
I [/opt/actions-runner/_work/mako-fast-reads/mako-fast-reads/src/deptran/paxos/commo.cc:151] 2025-12-10 04:01:27.119 | ForwardToLearner: SENDING to learner site_id=3, slot=320
I [/opt/actions-runner/_work/mako-fast-reads/mako-fast-reads/src/deptran/paxos/commo.cc:125] 2025-12-10 04:01:27.142 | ForwardToLearner: par_id=0, slot=321, n=3, proxies.size=4, batch_idx=0
I [/opt/actions-runner/_work/mako-fast-reads/mako-fast-reads/src/deptran/paxos/commo.cc:151] 2025-12-10 04:01:27.142 | ForwardToLearner: SENDING to learner site_id=3, slot=321
I [/opt/actions-runner/_work/mako-fast-reads/mako-fast-reads/src/deptran/paxos/commo.cc:125] 2025-12-10 04:01:27.173 | ForwardToLearner: par_id=1, slot=168, n=3, proxies.size=4, batch_idx=0
I [/opt/actions-runner/_work/mako-fast-reads/mako-fast-reads/src/deptran/paxos/commo.cc:151] 2025-12-10 04:01:27.173 | ForwardToLearner: SENDING to learner site_id=7, slot=168
I [/opt/actions-runner/_work/mako-fast-reads/mako-fast-reads/src/deptran/paxos/commo.cc:125] 2025-12-10 04:01:27.210 | ForwardToLearner: par_id=0, slot=322, n=3, proxies.size=4, batch_idx=0
I [/opt/actions-runner/_work/mako-fast-reads/mako-fast-reads/src/deptran/paxos/commo.cc:151] 2025-12-10 04:01:27.210 | ForwardToLearner: SENDING to learner site_id=3, slot=322
I [/opt/actions-runner/_work/mako-fast-reads/mako-fast-reads/src/deptran/paxos/commo.cc:125] 2025-12-10 04:01:27.257 | ForwardToLearner: par_id=1, slot=169, n=3, proxies.size=4, batch_idx=0
I [/opt/actions-runner/_work/mako-fast-reads/mako-fast-reads/src/deptran/paxos/commo.cc:151] 2025-12-10 04:01:27.257 | ForwardToLearner: SENDING to learner site_id=7, slot=169
I [/opt/actions-runner/_work/mako-fast-reads/mako-fast-reads/src/deptran/paxos/commo.cc:125] 2025-12-10 04:01:27.269 | ForwardToLearner: par_id=1, slot=170, n=3, proxies.size=4, batch_idx=0
I [/opt/actions-runner/_work/mako-fast-reads/mako-fast-reads/src/deptran/paxos/commo.cc:151] 2025-12-10 04:01:27.269 | ForwardToLearner: SENDING to learner site_id=7, slot=170
I [/opt/actions-runner/_work/mako-fast-reads/mako-fast-reads/src/deptran/paxos/commo.cc:125] 2025-12-10 04:01:27.297 | ForwardToLearner: par_id=0, slot=323, n=3, proxies.size=4, batch_idx=0
I [/opt/actions-runner/_work/mako-fast-reads/mako-fast-reads/src/deptran/paxos/commo.cc:151] 2025-12-10 04:01:27.297 | ForwardToLearner: SENDING to learner site_id=3, slot=323
I [/opt/actions-runner/_work/mako-fast-reads/mako-fast-reads/src/deptran/paxos/commo.cc:125] 2025-12-10 04:01:27.353 | ForwardToLearner: par_id=1, slot=171, n=3, proxies.size=4, batch_idx=0
I [/opt/actions-runner/_work/mako-fast-reads/mako-fast-reads/src/deptran/paxos/commo.cc:151] 2025-12-10 04:01:27.353 | ForwardToLearner: SENDING to learner site_id=7, slot=171
I [/opt/actions-runner/_work/mako-fast-reads/mako-fast-reads/src/deptran/paxos/commo.cc:125] 2025-12-10 04:01:27.388 | ForwardToLearner: par_id=0, slot=324, n=3, proxies.size=4, batch_idx=0
I [/opt/actions-runner/_work/mako-fast-reads/mako-fast-reads/src/deptran/paxos/commo.cc:151] 2025-12-10 04:01:27.388 | ForwardToLearner: SENDING to learner site_id=3, slot=324
I [/opt/actions-runner/_work/mako-fast-reads/mako-fast-reads/src/deptran/paxos/commo.cc:125] 2025-12-10 04:01:27.436 | ForwardToLearner: par_id=1, slot=172, n=3, proxies.size=4, batch_idx=0
I [/opt/actions-runner/_work/mako-fast-reads/mako-fast-reads/src/deptran/paxos/commo.cc:151] 2025-12-10 04:01:27.436 | ForwardToLearner: SENDING to learner site_id=7, slot=172
I [/opt/actions-runner/_work/mako-fast-reads/mako-fast-reads/src/deptran/paxos/commo.cc:125] 2025-12-10 04:01:27.470 | ForwardToLearner: par_id=0, slot=325, n=3, proxies.size=4, batch_idx=0
I [/opt/actions-runner/_work/mako-fast-reads/mako-fast-reads/src/deptran/paxos/commo.cc:151] 2025-12-10 04:01:27.470 | ForwardToLearner: SENDING to learner site_id=3, slot=325
I [/opt/actions-runner/_work/mako-fast-reads/mako-fast-reads/src/deptran/paxos/commo.cc:125] 2025-12-10 04:01:27.526 | ForwardToLearner: par_id=1, slot=173, n=3, proxies.size=4, batch_idx=0
I [/opt/actions-runner/_work/mako-fast-reads/mako-fast-reads/src/deptran/paxos/commo.cc:151] 2025-12-10 04:01:27.526 | ForwardToLearner: SENDING to learner site_id=7, slot=173
I [/opt/actions-runner/_work/mako-fast-reads/mako-fast-reads/src/deptran/paxos/commo.cc:125] 2025-12-10 04:01:27.553 | ForwardToLearner: par_id=0, slot=326, n=3, proxies.size=4, batch_idx=0
I [/opt/actions-runner/_work/mako-fast-reads/mako-fast-reads/src/deptran/paxos/commo.cc:151] 2025-12-10 04:01:27.553 | ForwardToLearner: SENDING to learner site_id=3, slot=326
I [/opt/actions-runner/_work/mako-fast-reads/mako-fast-reads/src/deptran/paxos/commo.cc:125] 2025-12-10 04:01:27.592 | ForwardToLearner: par_id=1, slot=174, n=3, proxies.size=4, batch_idx=0
I [/opt/actions-runner/_work/mako-fast-reads/mako-fast-reads/src/deptran/paxos/commo.cc:151] 2025-12-10 04:01:27.592 | ForwardToLearner: SENDING to learner site_id=7, slot=174
I [/opt/actions-runner/_work/mako-fast-reads/mako-fast-reads/src/deptran/paxos/commo.cc:125] 2025-12-10 04:01:27.596 | ForwardToLearner: par_id=0, slot=327, n=3, proxies.size=4, batch_idx=0
I [/opt/actions-runner/_work/mako-fast-reads/mako-fast-reads/src/deptran/paxos/commo.cc:151] 2025-12-10 04:01:27.596 | ForwardToLearner: SENDING to learner site_id=3, slot=327
I [/opt/actions-runner/_work/mako-fast-reads/mako-fast-reads/src/deptran/paxos/commo.cc:125] 2025-12-10 04:01:27.620 | ForwardToLearner: par_id=0, slot=328, n=3, proxies.size=4, batch_idx=0
I [/opt/actions-runner/_work/mako-fast-reads/mako-fast-reads/src/deptran/paxos/commo.cc:151] 2025-12-10 04:01:27.620 | ForwardToLearner: SENDING to learner site_id=3, slot=328
I [/opt/actions-runner/_work/mako-fast-reads/mako-fast-reads/src/deptran/paxos/commo.cc:125] 2025-12-10 04:01:27.622 | ForwardToLearner: par_id=1, slot=175, n=3, proxies.size=4, batch_idx=0
I [/opt/actions-runner/_work/mako-fast-reads/mako-fast-reads/src/deptran/paxos/commo.cc:151] 2025-12-10 04:01:27.622 | ForwardToLearner: SENDING to learner site_id=7, slot=175
I [/opt/actions-runner/_work/mako-fast-reads/mako-fast-reads/src/deptran/paxos/commo.cc:125] 2025-12-10 04:01:27.642 | ForwardToLearner: par_id=0, slot=329, n=3, proxies.size=4, batch_idx=0
I [/opt/actions-runner/_work/mako-fast-reads/mako-fast-reads/src/deptran/paxos/commo.cc:151] 2025-12-10 04:01:27.642 | ForwardToLearner: SENDING to learner site_id=3, slot=329
I [/opt/actions-runner/_work/mako-fast-reads/mako-fast-reads/src/deptran/paxos/commo.cc:125] 2025-12-10 04:01:27.706 | ForwardToLearner: par_id=1, slot=176, n=3, proxies.size=4, batch_idx=0
I [/opt/actions-runner/_work/mako-fast-reads/mako-fast-reads/src/deptran/paxos/commo.cc:151] 2025-12-10 04:01:27.706 | ForwardToLearner: SENDING to learner site_id=7, slot=176
I [/opt/actions-runner/_work/mako-fast-reads/mako-fast-reads/src/deptran/paxos/commo.cc:125] 2025-12-10 04:01:27.709 | ForwardToLearner: par_id=1, slot=177, n=3, proxies.size=4, batch_idx=0
I [/opt/actions-runner/_work/mako-fast-reads/mako-fast-reads/src/deptran/paxos/commo.cc:151] 2025-12-10 04:01:27.709 | ForwardToLearner: SENDING to learner site_id=7, slot=177
I [/opt/actions-runner/_work/mako-fast-reads/mako-fast-reads/src/deptran/paxos/commo.cc:125] 2025-12-10 04:01:27.722 | ForwardToLearner: par_id=0, slot=330, n=3, proxies.size=4, batch_idx=0
I [/opt/actions-runner/_work/mako-fast-reads/mako-fast-reads/src/deptran/paxos/commo.cc:151] 2025-12-10 04:01:27.722 | ForwardToLearner: SENDING to learner site_id=3, slot=330
I [/opt/actions-runner/_work/mako-fast-reads/mako-fast-reads/src/deptran/paxos/commo.cc:125] 2025-12-10 04:01:27.794 | ForwardToLearner: par_id=1, slot=178, n=3, proxies.size=4, batch_idx=0
I [/opt/actions-runner/_work/mako-fast-reads/mako-fast-reads/src/deptran/paxos/commo.cc:151] 2025-12-10 04:01:27.794 | ForwardToLearner: SENDING to learner site_id=7, slot=178
I [/opt/actions-runner/_work/mako-fast-reads/mako-fast-reads/src/deptran/paxos/commo.cc:125] 2025-12-10 04:01:27.808 | ForwardToLearner: par_id=0, slot=331, n=3, proxies.size=4, batch_idx=0
I [/opt/actions-runner/_work/mako-fast-reads/mako-fast-reads/src/deptran/paxos/commo.cc:151] 2025-12-10 04:01:27.808 | ForwardToLearner: SENDING to learner site_id=3, slot=331
I [/opt/actions-runner/_work/mako-fast-reads/mako-fast-reads/src/deptran/paxos/commo.cc:125] 2025-12-10 04:01:27.890 | ForwardToLearner: par_id=1, slot=179, n=3, proxies.size=4, 20251110-04:01.27-981718(us) 19832 * wait_for_termination (mako.hh:538):      follower is waiting for being ended: 0/2, noops_cnt:0, replay_batch:508, wait_time:14s

batch_idx=0
I [/opt/actions-runner/_work/mako-fast-reads/mako-fast-reads/src/deptran/paxos/commo.cc:151] 2025-12-10 04:01:27.890 | ForwardToLearner: SENDING to learner site_id=7, slot=179
I [/opt/actions-runner/_work/mako-fast-reads/mako-fast-reads/src/deptran/paxos/commo.cc:125] 2025-12-10 04:01:27.901 | ForwardToLearner: par_id=0, slot=332, n=3, proxies.size=4, batch_idx=0
I [/opt/actions-runner/_work/mako-fast-reads/mako-fast-reads/src/deptran/paxos/commo.cc:151] 2025-12-10 04:01:27.901 | ForwardToLearner: SENDING to learner site_id=3, slot=332
I [/opt/actions-runner/_work/mako-fast-reads/mako-fast-reads/src/deptran/paxos/commo.cc:125] 2025-12-10 04:01:27.978 | ForwardToLearner: par_id=1, slot=180, n=3, proxies.size=4, batch_idx=0
I [/opt/actions-runner/_work/mako-fast-reads/mako-fast-reads/src/deptran/paxos/commo.cc:151] 2025-12-10 04:01:27.978 | ForwardToLearner: SENDING to learner site_id=7, slot=180
I [/opt/actions-runner/_work/mako-fast-reads/mako-fast-reads/src/deptran/paxos/commo.cc:125] 2025-12-10 04:01:27.000 | ForwardToLearner: par_id=0, slot=333, n=3, proxies.size=4, batch_idx=0
I [/opt/actions-runner/_work/mako-fast-reads/mako-fast-reads/src/deptran/paxos/commo.cc:151] 2025-12-10 04:01:27.000 | ForwardToLearner: SENDING to learner site_id=3, slot=333
I [/opt/actions-runner/_work/mako-fast-reads/mako-fast-reads/src/deptran/paxos/commo.cc:125] 2025-12-10 04:01:28.032 | ForwardToLearner: par_id=1, slot=181, n=3, proxies.size=4, batch_idx=0
I [/opt/actions-runner/_work/mako-fast-reads/mako-fast-reads/src/deptran/paxos/commo.cc:151] 2025-12-10 04:01:28.032 | ForwardToLearner: SENDING to learner site_id=7, slot=181
I [/opt/actions-runner/_work/mako-fast-reads/mako-fast-reads/src/deptran/paxos/commo.cc:125] 2025-12-10 04:01:28.042 | ForwardToLearner: par_id=0, slot=334, n=3, proxies.size=4, batch_idx=0
I [/opt/actions-runner/_work/mako-fast-reads/mako-fast-reads/src/deptran/paxos/commo.cc:151] 2025-12-10 04:01:28.042 | ForwardToLearner: SENDING to learner site_id=3, slot=334
I [/opt/actions-runner/_work/mako-fast-reads/mako-fast-reads/src/deptran/paxos/commo.cc:125] 2025-12-10 04:01:28.072 | ForwardToLearner: par_id=0, slot=335, n=3, proxies.size=4, batch_idx=0
I [/opt/actions-runner/_work/mako-fast-reads/mako-fast-reads/src/deptran/paxos/commo.cc:151] 2025-12-10 04:01:28.072 | ForwardToLearner: SENDING to learner site_id=3, slot=335
I [/opt/actions-runner/_work/mako-fast-reads/mako-fast-reads/src/deptran/paxos/commo.cc:125] 2025-12-10 04:01:28.074 | ForwardToLearner: par_id=1, slot=182, n=3, proxies.size=4, batch_idx=0
I [/opt/actions-runner/_work/mako-fast-reads/mako-fast-reads/src/deptran/paxos/commo.cc:151] 2025-12-10 04:01:28.074 | ForwardToLearner: SENDING to learner site_id=7, slot=182
I [/opt/actions-runner/_work/mako-fast-reads/mako-fast-reads/src/deptran/paxos/commo.cc:125] 2025-12-10 04:01:28.082 | ForwardToLearner: par_id=0, slot=336, n=3, proxies.size=4, batch_idx=0
I [/opt/actions-runner/_work/mako-fast-reads/mako-fast-reads/src/deptran/paxos/commo.cc:151] 2025-12-10 04:01:28.082 | ForwardToLearner: SENDING to learner site_id=3, slot=336
I [/opt/actions-runner/_work/mako-fast-reads/mako-fast-reads/src/deptran/paxos/commo.cc:125] 2025-12-10 04:01:28.170 | ForwardToLearner: par_id=0, slot=337, n=3, proxies.size=4, batch_idx=0
I [/opt/actions-runner/_work/mako-fast-reads/mako-fast-reads/src/deptran/paxos/commo.cc:151] 2025-12-10 04:01:28.170 | ForwardToLearner: SENDING to learner site_id=3, slot=337
I [/opt/actions-runner/_work/mako-fast-reads/mako-fast-reads/src/deptran/paxos/commo.cc:125] 2025-12-10 04:01:28.175 | ForwardToLearner: par_id=1, slot=183, n=3, proxies.size=4, batch_idx=0
I [/opt/actions-runner/_work/mako-fast-reads/mako-fast-reads/src/deptran/paxos/commo.cc:151] 2025-12-10 04:01:28.175 | ForwardToLearner: SENDING to learner site_id=7, slot=183
I [/opt/actions-runner/_work/mako-fast-reads/mako-fast-reads/src/deptran/paxos/commo.cc:125] 2025-12-10 04:01:28.202 | ForwardToLearner: par_id=1, slot=184, n=3, proxies.size=4, batch_idx=0
I [/opt/actions-runner/_work/mako-fast-reads/mako-fast-reads/src/deptran/paxos/commo.cc:151] 2025-12-10 04:01:28.202 | ForwardToLearner: SENDING to learner site_id=7, slot=184
I [/opt/actions-runner/_work/mako-fast-reads/mako-fast-reads/src/deptran/paxos/commo.cc:125] 2025-12-10 04:01:28.257 | ForwardToLearner: par_id=1, slot=185, n=3, proxies.size=4, batch_idx=0
I [/opt/actions-runner/_work/mako-fast-reads/mako-fast-reads/src/deptran/paxos/commo.cc:151] 2025-12-10 04:01:28.257 | ForwardToLearner: SENDING to learner site_id=7, slot=185
I [/opt/actions-runner/_work/mako-fast-reads/mako-fast-reads/src/deptran/paxos/commo.cc:125] 2025-12-10 04:01:28.262 | ForwardToLearner: par_id=0, slot=338, n=3, proxies.size=4, batch_idx=0
I [/opt/actions-runner/_work/mako-fast-reads/mako-fast-reads/src/deptran/paxos/commo.cc:151] 2025-12-10 04:01:28.262 | ForwardToLearner: SENDING to learner site_id=3, slot=338
I [/opt/actions-runner/_work/mako-fast-reads/mako-fast-reads/src/deptran/paxos/commo.cc:125] 2025-12-10 04:01:28.343 | ForwardToLearner: par_id=0, slot=339, n=3, proxies.size=4, batch_idx=0
I [/opt/actions-runner/_work/mako-fast-reads/mako-fast-reads/src/deptran/paxos/commo.cc:151] 2025-12-10 04:01:28.343 | ForwardToLearner: SENDING to learner site_id=3, slot=339
I [/opt/actions-runner/_work/mako-fast-reads/mako-fast-reads/src/deptran/paxos/commo.cc:125] 2025-12-10 04:01:28.352 | ForwardToLearner: par_id=1, slot=186, n=3, proxies.size=4, batch_idx=0
I [/opt/actions-runner/_work/mako-fast-reads/mako-fast-reads/src/deptran/paxos/commo.cc:151] 2025-12-10 04:01:28.352 | ForwardToLearner: SENDING to learner site_id=7, slot=186
I [/opt/actions-runner/_work/mako-fast-reads/mako-fast-reads/src/deptran/paxos/commo.cc:125] 2025-12-10 04:01:28.428 | ForwardToLearner: par_id=0, slot=340, n=3, proxies.size=4, batch_idx=0
I [/opt/actions-runner/_work/mako-fast-reads/mako-fast-reads/src/deptran/paxos/commo.cc:151] 2025-12-10 04:01:28.428 | ForwardToLearner: SENDING to learner site_id=3, slot=340
I [/opt/actions-runner/_work/mako-fast-reads/mako-fast-reads/src/deptran/paxos/commo.cc:125] 2025-12-10 04:01:28.443 | ForwardToLearner: par_id=1, slot=187, n=3, proxies.size=4, batch_idx=0
I [/opt/actions-runner/_work/mako-fast-reads/mako-fast-reads/src/deptran/paxos/commo.cc:151] 2025-12-10 04:01:28.443 | ForwardToLearner: SENDING to learner site_id=7, slot=187
I [/opt/actions-runner/_work/mako-fast-reads/mako-fast-reads/src/deptran/paxos/commo.cc:125] 2025-12-10 04:01:28.449 | ForwardToLearner: par_id=1, slot=188, n=3, proxies.size=4, batch_idx=0
I [/opt/actions-runner/_work/mako-fast-reads/mako-fast-reads/src/deptran/paxos/commo.cc:151] 2025-12-10 04:01:28.449 | ForwardToLearner: SENDING to learner site_id=7, slot=188
I [/opt/actions-runner/_work/mako-fast-reads/mako-fast-reads/src/deptran/paxos/commo.cc:125] 2025-12-10 04:01:28.480 | ForwardToLearner: par_id=0, slot=341, n=3, proxies.size=4, batch_idx=0
I [/opt/actions-runner/_work/mako-fast-reads/mako-fast-reads/src/deptran/paxos/commo.cc:151] 2025-12-10 04:01:28.480 | ForwardToLearner: SENDING to learner site_id=3, slot=341
I [/opt/actions-runner/_work/mako-fast-reads/mako-fast-reads/src/deptran/paxos/commo.cc:125] 2025-12-10 04:01:28.511 | ForwardToLearner: par_id=0, slot=342, n=3, proxies.size=4, batch_idx=0
I [/opt/actions-runner/_work/mako-fast-reads/mako-fast-reads/src/deptran/paxos/commo.cc:151] 2025-12-10 04:01:28.511 | ForwardToLearner: SENDING to learner site_id=3, slot=342
I [/opt/actions-runner/_work/mako-fast-reads/mako-fast-reads/src/deptran/paxos/commo.cc:125] 2025-12-10 04:01:28.528 | ForwardToLearner: par_id=0, slot=343, n=3, proxies.size=4, batch_idx=0
I [/opt/actions-runner/_work/mako-fast-reads/mako-fast-reads/src/deptran/paxos/commo.cc:151] 2025-12-10 04:01:28.528 | ForwardToLearner: SENDING to learner site_id=3, slot=343
I [/opt/actions-runner/_work/mako-fast-reads/mako-fast-reads/src/deptran/paxos/commo.cc:125] 2025-12-10 04:01:28.532 | ForwardToLearner: par_id=1, slot=189, n=3, proxies.size=4, batch_idx=0
I [/opt/actions-runner/_work/mako-fast-reads/mako-fast-reads/src/deptran/paxos/commo.cc:151] 2025-12-10 04:01:28.532 | ForwardToLearner: SENDING to learner site_id=7, slot=189
I [/opt/actions-runner/_work/mako-fast-reads/mako-fast-reads/src/deptran/paxos/commo.cc:125] 2025-12-10 04:01:28.596 | ForwardToLearner: par_id=0, slot=344, n=3, proxies.size=4, batch_idx=0
I [/opt/actions-runner/_work/mako-fast-reads/mako-fast-reads/src/deptran/paxos/commo.cc:151] 2025-12-10 04:01:28.596 | ForwardToLearner: SENDING to learner site_id=3, slot=344
I [/opt/actions-runner/_work/mako-fast-reads/mako-fast-reads/src/deptran/paxos/commo.cc:125] 2025-12-10 04:01:28.621 | ForwardToLearner: par_id=1, slot=190, n=3, proxies.size=4, batch_idx=0
I [/opt/actions-runner/_work/mako-fast-reads/mako-fast-reads/src/deptran/paxos/commo.cc:151] 2025-12-10 04:01:28.621 | ForwardToLearner: SENDING to learner site_id=7, slot=190
I [/opt/actions-runner/_work/mako-fast-reads/mako-fast-reads/src/deptran/paxos/commo.cc:125] 2025-12-10 04:01:28.661 | ForwardToLearner: par_id=0, slot=345, n=3, proxies.size=4, batch_idx=0
I [/opt/actions-runner/_work/mako-fast-reads/mako-fast-reads/src/deptran/paxos/commo.cc:151] 2025-12-10 04:01:28.661 | ForwardToLearner: SENDING to learner site_id=3, slot=345
I [/opt/actions-runner/_work/mako-fast-reads/mako-fast-reads/src/deptran/paxos/commo.cc:125] 2025-12-10 04:01:28.662 | ForwardToLearner: par_id=1, slot=191, n=3, proxies.size=4, batch_idx=0
I [/opt/actions-runner/_work/mako-fast-reads/mako-fast-reads/src/deptran/paxos/commo.cc:151] 2025-12-10 04:01:28.662 | ForwardToLearner: SENDING to learner site_id=7, slot=191
I [/opt/actions-runner/_work/mako-fast-reads/mako-fast-reads/src/deptran/paxos/commo.cc:125] 2025-12-10 04:01:28.712 | ForwardToLearner: par_id=1, slot=192, n=3, proxies.size=4, batch_idx=0
I [/opt/actions-runner/_work/mako-fast-reads/mako-fast-reads/src/deptran/paxos/commo.cc:151] 2025-12-10 04:01:28.712 | ForwardToLearner: SENDING to learner site_id=7, slot=192
I [/opt/actions-runner/_work/mako-fast-reads/mako-fast-reads/src/deptran/paxos/commo.cc:125] 2025-12-10 04:01:28.754 | ForwardToLearner: par_id=0, slot=346, n=3, proxies.size=4, batch_idx=0
I [/opt/actions-runner/_work/mako-fast-reads/mako-fast-reads/src/deptran/paxos/commo.cc:151] 2025-12-10 04:01:28.754 | ForwardToLearner: SENDING to learner site_id=3, slot=346
I [/opt/actions-runner/_work/mako-fast-reads/mako-fast-reads/src/deptran/paxos/commo.cc:125] 2025-12-10 04:01:28.801 | ForwardToLearner: par_id=1, slot=193, n=3, proxies.size=4, batch_idx=0
I [/opt/actions-runner/_work/mako-fast-reads/mako-fast-reads/src/deptran/paxos/commo.cc:151] 2025-12-10 04:01:28.801 | ForwardToLearner: SENDING to learner site_id=7, slot=193
I [/opt/actions-runner/_work/mako-fast-reads/mako-fast-reads/src/deptran/paxos/commo.cc:125] 2025-12-10 04:01:28.854 | ForwardToLearner: par_id=0, slot=347, n=3, proxies.size=4, batch_idx=0
I [/opt/actions-runner/_work/mako-fast-reads/mako-fast-reads/src/deptran/paxos/commo.cc:151] 2025-12-10 04:01:28.854 | ForwardToLearner: SENDING to learner site_id=3, slot=347
I [/opt/actions-runner/_work/mako-fast-reads/mako-fast-reads/src/deptran/paxos/commo.cc:125] 2025-12-10 04:01:28.885 | ForwardToLearner: par_id=1, slot=194, n=3, proxies.size=4, batch_idx=0
I [/opt/actions-runner/_work/mako-fast-reads/mako-fast-reads/src/deptran/paxos/commo.cc:151] 2025-12-10 04:01:28.885 | ForwardToLearner: SENDING to learner site_id=7, slot=194
I [/opt/actions-runner/_work/mako-fast-reads/mako-fast-reads/src/deptran/paxos/commo.cc:125] 2025-12-10 04:01:28.887 | ForwardToLearner: par_id=0, slot=348, n=3, proxies.size=4, batch_idx=0
I [/opt/actions-runner/_work/mako-fast-reads/mako-fast-reads/src/deptran/paxos/commo.cc:151] 2025-12-10 04:01:28.887 | ForwardToLearner: SENDING to learner site_id=3, slot=348
I [/opt/actions-runner/_work/mako-fast-reads/mako-fast-reads/src/deptran/paxos/commo.cc:125] 2025-12-10 04:01:28.938 | ForwardToLearner: par_id=0, slot=349, n=3, proxies.size=4, batch_idx=0
I [/opt/actions-runner/_work/mako-fast-reads/mako-fast-reads/src/deptran/paxos/commo.cc:151] 2025-12-10 04:01:28.938 | ForwardToLearner: SENDING to learner site_id=3, slot=349
I [/opt/actions-runner20251110-04:01.28-981800(us) 19832 * wait_for_termination (mako.hh:538):      follower is waiting for being ended: 0/2, noops_cnt:0, replay_batch:542, wait_time:15s

/_work/mako-fast-reads/mako-fast-reads/src/deptran/paxos/commo.cc:125] 2025-12-10 04:01:28.952 | ForwardToLearner: par_id=1, slot=195, n=3, proxies.size=4, batch_idx=0
I [/opt/actions-runner/_work/mako-fast-reads/mako-fast-reads/src/deptran/paxos/commo.cc:151] 2025-12-10 04:01:28.952 | ForwardToLearner: SENDING to learner site_id=7, slot=195
I [/opt/actions-runner/_work/mako-fast-reads/mako-fast-reads/src/deptran/paxos/commo.cc:125] 2025-12-10 04:01:28.966 | ForwardToLearner: par_id=1, slot=196, n=3, proxies.size=4, batch_idx=0
I [/opt/actions-runner/_work/mako-fast-reads/mako-fast-reads/src/deptran/paxos/commo.cc:151] 2025-12-10 04:01:28.966 | ForwardToLearner: SENDING to learner site_id=7, slot=196
I [/opt/actions-runner/_work/mako-fast-reads/mako-fast-reads/src/deptran/paxos/commo.cc:125] 2025-12-10 04:01:28.979 | ForwardToLearner: par_id=0, slot=350, n=3, proxies.size=4, batch_idx=0
I [/opt/actions-runner/_work/mako-fast-reads/mako-fast-reads/src/deptran/paxos/commo.cc:151] 2025-12-10 04:01:28.979 | ForwardToLearner: SENDING to learner site_id=3, slot=350
I [/opt/actions-runner/_work/mako-fast-reads/mako-fast-reads/src/deptran/paxos/commo.cc:125] 2025-12-10 04:01:29.015 | ForwardToLearner: par_id=0, slot=351, n=3, proxies.size=4, batch_idx=0
I [/opt/actions-runner/_work/mako-fast-reads/mako-fast-reads/src/deptran/paxos/commo.cc:151] 2025-12-10 04:01:29.015 | ForwardToLearner: SENDING to learner site_id=3, slot=351
I [/opt/actions-runner/_work/mako-fast-reads/mako-fast-reads/src/deptran/paxos/commo.cc:125] 2025-12-10 04:01:29.063 | ForwardToLearner: par_id=1, slot=197, n=3, proxies.size=4, batch_idx=0
I [/opt/actions-runner/_work/mako-fast-reads/mako-fast-reads/src/deptran/paxos/commo.cc:151] 2025-12-10 04:01:29.063 | ForwardToLearner: SENDING to learner site_id=7, slot=197
I [/opt/actions-runner/_work/mako-fast-reads/mako-fast-reads/src/deptran/paxos/commo.cc:125] 2025-12-10 04:01:29.102 | ForwardToLearner: par_id=0, slot=352, n=3, proxies.size=4, batch_idx=0
I [/opt/actions-runner/_work/mako-fast-reads/mako-fast-reads/src/deptran/paxos/commo.cc:151] 2025-12-10 04:01:29.102 | ForwardToLearner: SENDING to learner site_id=3, slot=352
I [/opt/actions-runner/_work/mako-fast-reads/mako-fast-reads/src/deptran/paxos/commo.cc:125] 2025-12-10 04:01:29.103 | ForwardToLearner: par_id=1, slot=198, n=3, proxies.size=4, batch_idx=0
I [/opt/actions-runner/_work/mako-fast-reads/mako-fast-reads/src/deptran/paxos/commo.cc:151] 2025-12-10 04:01:29.103 | ForwardToLearner: SENDING to learner site_id=7, slot=198
I [/opt/actions-runner/_work/mako-fast-reads/mako-fast-reads/src/deptran/paxos/commo.cc:125] 2025-12-10 04:01:29.159 | ForwardToLearner: par_id=1, slot=199, n=3, proxies.size=4, batch_idx=0
I [/opt/actions-runner/_work/mako-fast-reads/mako-fast-reads/src/deptran/paxos/commo.cc:151] 2025-12-10 04:01:29.159 | ForwardToLearner: SENDING to learner site_id=7, slot=199
I [/opt/actions-runner/_work/mako-fast-reads/mako-fast-reads/src/deptran/paxos/commo.cc:125] 2025-12-10 04:01:29.193 | ForwardToLearner: par_id=0, slot=353, n=3, proxies.size=4, batch_idx=0
I [/opt/actions-runner/_work/mako-fast-reads/mako-fast-reads/src/deptran/paxos/commo.cc:151] 2025-12-10 04:01:29.193 | ForwardToLearner: SENDING to learner site_id=3, slot=353
I [/opt/actions-runner/_work/mako-fast-reads/mako-fast-reads/src/deptran/paxos/commo.cc:125] 2025-12-10 04:01:29.247 | ForwardToLearner: par_id=1, slot=200, n=3, proxies.size=4, batch_idx=0
I [/opt/actions-runner/_work/mako-fast-reads/mako-fast-reads/src/deptran/paxos/commo.cc:151] 2025-12-10 04:01:29.247 | ForwardToLearner: SENDING to learner site_id=7, slot=200
I [/opt/actions-runner/_work/mako-fast-reads/mako-fast-reads/src/deptran/paxos/commo.cc:125] 2025-12-10 04:01:29.280 | ForwardToLearner: par_id=0, slot=354, n=3, proxies.size=4, batch_idx=0
I [/opt/actions-runner/_work/mako-fast-reads/mako-fast-reads/src/deptran/paxos/commo.cc:151] 2025-12-10 04:01:29.280 | ForwardToLearner: SENDING to learner site_id=3, slot=354
I [/opt/actions-runner/_work/mako-fast-reads/mako-fast-reads/src/deptran/paxos/commo.cc:125] 2025-12-10 04:01:29.299 | ForwardToLearner: par_id=0, slot=355, n=3, proxies.size=4, batch_idx=0
I [/opt/actions-runner/_work/mako-fast-reads/mako-fast-reads/src/deptran/paxos/commo.cc:151] 2025-12-10 04:01:29.299 | ForwardToLearner: SENDING to learner site_id=3, slot=355
I [/opt/actions-runner/_work/mako-fast-reads/mako-fast-reads/src/deptran/paxos/commo.cc:125] 2025-12-10 04:01:29.334 | ForwardToLearner: par_id=1, slot=201, n=3, proxies.size=4, batch_idx=0
I [/opt/actions-runner/_work/mako-fast-reads/mako-fast-reads/src/deptran/paxos/commo.cc:151] 2025-12-10 04:01:29.334 | ForwardToLearner: SENDING to learner site_id=7, slot=201
I [/opt/actions-runner/_work/mako-fast-reads/mako-fast-reads/src/deptran/paxos/commo.cc:125] 2025-12-10 04:01:29.366 | ForwardToLearner: par_id=0, slot=356, n=3, proxies.size=4, batch_idx=0
I [/opt/actions-runner/_work/mako-fast-reads/mako-fast-reads/src/deptran/paxos/commo.cc:151] 2025-12-10 04:01:29.366 | ForwardToLearner: SENDING to learner site_id=3, slot=356
I [/opt/actions-runner/_work/mako-fast-reads/mako-fast-reads/src/deptran/paxos/commo.cc:125] 2025-12-10 04:01:29.410 | ForwardToLearner: par_id=1, slot=202, n=3, proxies.size=4, batch_idx=0
I [/opt/actions-runner/_work/mako-fast-reads/mako-fast-reads/src/deptran/paxos/commo.cc:151] 2025-12-10 04:01:29.410 | ForwardToLearner: SENDING to learner site_id=7, slot=202
I [/opt/actions-runner/_work/mako-fast-reads/mako-fast-reads/src/deptran/paxos/commo.cc:125] 2025-12-10 04:01:29.414 | ForwardToLearner: par_id=1, slot=203, n=3, proxies.size=4, batch_idx=0
I [/opt/actions-runner/_work/mako-fast-reads/mako-fast-reads/src/deptran/paxos/commo.cc:151] 2025-12-10 04:01:29.414 | ForwardToLearner: SENDING to learner site_id=7, slot=203
I [/opt/actions-runner/_work/mako-fast-reads/mako-fast-reads/src/deptran/paxos/commo.cc:125] 2025-12-10 04:01:29.432 | ForwardToLearner: par_id=0, slot=357, n=3, proxies.size=4, batch_idx=0
I [/opt/actions-runner/_work/mako-fast-reads/mako-fast-reads/src/deptran/paxos/commo.cc:151] 2025-12-10 04:01:29.432 | ForwardToLearner: SENDING to learner site_id=3, slot=357
I [/opt/actions-runner/_work/mako-fast-reads/mako-fast-reads/src/deptran/paxos/commo.cc:125] 2025-12-10 04:01:29.452 | ForwardToLearner: par_id=0, slot=358, n=3, proxies.size=4, batch_idx=0
I [/opt/actions-runner/_work/mako-fast-reads/mako-fast-reads/src/deptran/paxos/commo.cc:151] 2025-12-10 04:01:29.452 | ForwardToLearner: SENDING to learner site_id=3, slot=358
I [/opt/actions-runner/_work/mako-fast-reads/mako-fast-reads/src/deptran/paxos/commo.cc:125] 2025-12-10 04:01:29.484 | ForwardToLearner: par_id=1, slot=204, n=3, proxies.size=4, batch_idx=0
I [/opt/actions-runner/_work/mako-fast-reads/mako-fast-reads/src/deptran/paxos/commo.cc:151] 2025-12-10 04:01:29.484 | ForwardToLearner: SENDING to learner site_id=7, slot=204
I [/opt/actions-runner/_work/mako-fast-reads/mako-fast-reads/src/deptran/paxos/commo.cc:125] 2025-12-10 04:01:29.534 | ForwardToLearner: par_id=0, slot=359, n=3, proxies.size=4, batch_idx=0
I [/opt/actions-runner/_work/mako-fast-reads/mako-fast-reads/src/deptran/paxos/commo.cc:151] 2025-12-10 04:01:29.534 | ForwardToLearner: SENDING to learner site_id=3, slot=359
I [/opt/actions-runner/_work/mako-fast-reads/mako-fast-reads/src/deptran/paxos/commo.cc:125] 2025-12-10 04:01:29.552 | ForwardToLearner: par_id=1, slot=205, n=3, proxies.size=4, batch_idx=0
I [/opt/actions-runner/_work/mako-fast-reads/mako-fast-reads/src/deptran/paxos/commo.cc:151] 2025-12-10 04:01:29.552 | ForwardToLearner: SENDING to learner site_id=7, slot=205
I [/opt/actions-runner/_work/mako-fast-reads/mako-fast-reads/src/deptran/paxos/commo.cc:125] 2025-12-10 04:01:29.576 | ForwardToLearner: par_id=1, slot=206, n=3, proxies.size=4, batch_idx=0
I [/opt/actions-runner/_work/mako-fast-reads/mako-fast-reads/src/deptran/paxos/commo.cc:151] 2025-12-10 04:01:29.576 | ForwardToLearner: SENDING to learner site_id=7, slot=206
I [/opt/actions-runner/_work/mako-fast-reads/mako-fast-reads/src/deptran/paxos/commo.cc:125] 2025-12-10 04:01:29.628 | ForwardToLearner: par_id=0, slot=360, n=3, 20251110-04:01.29-981886(us) 19832 * wait_for_termination (mako.hh:538):      follower is waiting for being ended: 0/2, noops_cnt:0, replay_batch:572, wait_time:16s

proxies.size=4, batch_idx=0
I [/opt/actions-runner/_work/mako-fast-reads/mako-fast-reads/src/deptran/paxos/commo.cc:151] 2025-12-10 04:01:29.629 | ForwardToLearner: SENDING to learner site_id=3, slot=360
I [/opt/actions-runner/_work/mako-fast-reads/mako-fast-reads/src/deptran/paxos/commo.cc:125] 2025-12-10 04:01:29.665 | ForwardToLearner: par_id=1, slot=207, n=3, proxies.size=4, batch_idx=0
I [/opt/actions-runner/_work/mako-fast-reads/mako-fast-reads/src/deptran/paxos/commo.cc:151] 2025-12-10 04:01:29.665 | ForwardToLearner: SENDING to learner site_id=7, slot=207
I [/opt/actions-runner/_work/mako-fast-reads/mako-fast-reads/src/deptran/paxos/commo.cc:125] 2025-12-10 04:01:29.719 | ForwardToLearner: par_id=0, slot=361, n=3, proxies.size=4, batch_idx=0
I [/opt/actions-runner/_work/mako-fast-reads/mako-fast-reads/src/deptran/paxos/commo.cc:151] 2025-12-10 04:01:29.719 | ForwardToLearner: SENDING to learner site_id=3, slot=361
I [/opt/actions-runner/_work/mako-fast-reads/mako-fast-reads/src/deptran/paxos/commo.cc:125] 2025-12-10 04:01:29.751 | ForwardToLearner: par_id=0, slot=362, n=3, proxies.size=4, batch_idx=0
I [/opt/actions-runner/_work/mako-fast-reads/mako-fast-reads/src/deptran/paxos/commo.cc:151] 2025-12-10 04:01:29.751 | ForwardToLearner: SENDING to learner site_id=3, slot=362
I [/opt/actions-runner/_work/mako-fast-reads/mako-fast-reads/src/deptran/paxos/commo.cc:125] 2025-12-10 04:01:29.758 | ForwardToLearner: par_id=1, slot=208, n=3, proxies.size=4, batch_idx=0
I [/opt/actions-runner/_work/mako-fast-reads/mako-fast-reads/src/deptran/paxos/commo.cc:151] 2025-12-10 04:01:29.758 | ForwardToLearner: SENDING to learner site_id=7, slot=208
I [/opt/actions-runner/_work/mako-fast-reads/mako-fast-reads/src/deptran/paxos/commo.cc:125] 2025-12-10 04:01:29.801 | ForwardToLearner: par_id=0, slot=363, n=3, proxies.size=4, batch_idx=0
I [/opt/actions-runner/_work/mako-fast-reads/mako-fast-reads/src/deptran/paxos/commo.cc:151] 2025-12-10 04:01:29.801 | ForwardToLearner: SENDING to learner site_id=3, slot=363
I [/opt/actions-runner/_work/mako-fast-reads/mako-fast-reads/src/deptran/paxos/commo.cc:125] 2025-12-10 04:01:29.838 | ForwardToLearner: par_id=1, slot=209, n=3, proxies.size=4, batch_idx=0
I [/opt/actions-runner/_work/mako-fast-reads/mako-fast-reads/src/deptran/paxos/commo.cc:151] 2025-12-10 04:01:29.838 | ForwardToLearner: SENDING to learner site_id=7, slot=209
I [/opt/actions-runner/_work/mako-fast-reads/mako-fast-reads/src/deptran/paxos/commo.cc:125] 2025-12-10 04:01:29.846 | ForwardToLearner: par_id=1, slot=210, n=3, proxies.size=4, batch_idx=0
I [/opt/actions-runner/_work/mako-fast-reads/mako-fast-reads/src/deptran/paxos/commo.cc:151] 2025-12-10 04:01:29.846 | ForwardToLearner: SENDING to learner site_id=7, slot=210
I [/opt/actions-runner/_work/mako-fast-reads/mako-fast-reads/src/deptran/paxos/commo.cc:125] 2025-12-10 04:01:29.901 | ForwardToLearner: par_id=0, slot=364, n=3, proxies.size=4, batch_idx=0
I [/opt/actions-runner/_work/mako-fast-reads/mako-fast-reads/src/deptran/paxos/commo.cc:151] 2025-12-10 04:01:29.901 | ForwardToLearner: SENDING to learner site_id=3, slot=364
I [/opt/actions-runner/_work/mako-fast-reads/mako-fast-reads/src/deptran/paxos/commo.cc:125] 2025-12-10 04:01:29.904 | ForwardToLearner: par_id=0, slot=365, n=3, proxies.size=4, batch_idx=0
I [/opt/actions-runner/_work/mako-fast-reads/mako-fast-reads/src/deptran/paxos/commo.cc:151] 2025-12-10 04:01:29.904 | ForwardToLearner: SENDING to learner site_id=3, slot=365
I [/opt/actions-runner/_work/mako-fast-reads/mako-fast-reads/src/deptran/paxos/commo.cc:125] 2025-12-10 04:01:29.946 | ForwardToLearner: par_id=1, slot=211, n=3, proxies.size=4, batch_idx=0
I [/opt/actions-runner/_work/mako-fast-reads/mako-fast-reads/src/deptran/paxos/commo.cc:151] 2025-12-10 04:01:29.946 | ForwardToLearner: SENDING to learner site_id=7, slot=211
I [/opt/actions-runner/_work/mako-fast-reads/mako-fast-reads/src/deptran/paxos/commo.cc:125] 2025-12-10 04:01:30.008 | ForwardToLearner: par_id=0, slot=366, n=3, proxies.size=4, batch_idx=0
I [/opt/actions-runner/_work/mako-fast-reads/mako-fast-reads/src/deptran/paxos/commo.cc:151] 2025-12-10 04:01:30.008 | ForwardToLearner: SENDING to learner site_id=3, slot=366
I [/opt/actions-runner/_work/mako-fast-reads/mako-fast-reads/src/deptran/paxos/commo.cc:125] 2025-12-10 04:01:30.044 | ForwardToLearner: par_id=1, slot=212, n=3, proxies.size=4, batch_idx=0
I [/opt/actions-runner/_work/mako-fast-reads/mako-fast-reads/src/deptran/paxos/commo.cc:151] 2025-12-10 04:01:30.044 | ForwardToLearner: SENDING to learner site_id=7, slot=212
I [/opt/actions-runner/_work/mako-fast-reads/mako-fast-reads/src/deptran/paxos/commo.cc:125] 2025-12-10 04:01:30.071 | ForwardToLearner: par_id=1, slot=213, n=3, proxies.size=4, batch_idx=0
I [/opt/actions-runner/_work/mako-fast-reads/mako-fast-reads/src/deptran/paxos/commo.cc:151] 2025-12-10 04:01:30.071 | ForwardToLearner: SENDING to learner site_id=7, slot=213
I [/opt/actions-runner/_work/mako-fast-reads/mako-fast-reads/src/deptran/paxos/commo.cc:125] 2025-12-10 04:01:30.103 | ForwardToLearner: par_id=0, slot=367, n=3, proxies.size=4, batch_idx=0
I [/opt/actions-runner/_work/mako-fast-reads/mako-fast-reads/src/deptran/paxos/commo.cc:151] 2025-12-10 04:01:30.103 | ForwardToLearner: SENDING to learner site_id=3, slot=367
I [/opt/actions-runner/_work/mako-fast-reads/mako-fast-reads/src/deptran/paxos/commo.cc:125] 2025-12-10 04:01:30.145 | ForwardToLearner: par_id=1, slot=214, n=3, proxies.size=4, batch_idx=0
I [/opt/actions-runner/_work/mako-fast-reads/mako-fast-reads/src/deptran/paxos/commo.cc:151] 2025-12-10 04:01:30.145 | ForwardToLearner: SENDING to learner site_id=7, slot=214
I [/opt/actions-runner/_work/mako-fast-reads/mako-fast-reads/src/deptran/paxos/commo.cc:125] 2025-12-10 04:01:30.194 | ForwardToLearner: par_id=0, slot=368, n=3, proxies.size=4, batch_idx=0
I [/opt/actions-runner/_work/mako-fast-reads/mako-fast-reads/src/deptran/paxos/commo.cc:151] 2025-12-10 04:01:30.194 | ForwardToLearner: SENDING to learner site_id=3, slot=368
I [/opt/actions-runner/_work/mako-fast-reads/mako-fast-reads/src/deptran/paxos/commo.cc:125] 2025-12-10 04:01:30.229 | ForwardToLearner: par_id=0, slot=369, n=3, proxies.size=4, batch_idx=0
I [/opt/actions-runner/_work/mako-fast-reads/mako-fast-reads/src/deptran/paxos/commo.cc:151] 2025-12-10 04:01:30.229 | ForwardToLearner: SENDING to learner site_id=3, slot=369
I [/opt/actions-runner/_work/mako-fast-reads/mako-fast-reads/src/deptran/paxos/commo.cc:125] 2025-12-10 04:01:30.244 | ForwardToLearner: par_id=1, slot=215, n=3, proxies.size=4, batch_idx=0
I [/opt/actions-runner/_work/mako-fast-reads/mako-fast-reads/src/deptran/paxos/commo.cc:151] 2025-12-10 04:01:30.244 | ForwardToLearner: SENDING to learner site_id=7, slot=215
I [/opt/actions-runner/_work/mako-fast-reads/mako-fast-reads/src/deptran/paxos/commo.cc:125] 2025-12-10 04:01:30.283 | ForwardToLearner: par_id=0, slot=370, n=3, proxies.size=4, batch_idx=0
I [/opt/actions-runner/_work/mako-fast-reads/mako-fast-reads/src/deptran/paxos/commo.cc:151] 2025-12-10 04:01:30.283 | ForwardToLearner: SENDING to learner site_id=3, slot=370
I [/opt/actions-runner/_work/mako-fast-reads/mako-fast-reads/src/deptran/paxos/commo.cc:125] 2025-12-10 04:01:30.342 | ForwardToLearner: par_id=1, slot=216, n=3, proxies.size=4, batch_idx=0
I [/opt/actions-runner/_work/mako-fast-reads/mako-fast-reads/src/deptran/paxos/commo.cc:151] 2025-12-10 04:01:30.342 | ForwardToLearner: SENDING to learner site_id=7, slot=216
I [/opt/actions-runner/_work/mako-fast-reads/mako-fast-reads/src/deptran/paxos/commo.cc:125] 2025-12-10 04:01:30.377 | ForwardToLearner: par_id=1, slot=217, n=3, proxies.size=4, batch_idx=0
I [/opt/actions-runner/_work/mako-fast-reads/mako-fast-reads/src/deptran/paxos/commo.cc:151] 2025-12-10 04:01:30.377 | ForwardToLearner: SENDING to learner site_id=7, slot=217
I [/opt/actions-runner/_work/mako-fast-reads/mako-fast-reads/src/deptran/paxos/commo.cc:125] 2025-12-10 04:01:30.392 | ForwardToLearner: par_id=0, slot=371, n=3, proxies.size=4, batch_idx=0
I [/opt/actions-runner/_work/mako-fast-reads/mako-fast-reads/src/deptran/paxos/commo.cc:151] 2025-12-10 04:01:30.392 | ForwardToLearner: SENDING to learner site_id=3, slot=371
I [/opt/actions-runner/_work/mako-fast-reads/mako-fast-reads/src/deptran/paxos/commo.cc:125] 2025-12-10 04:01:30.435 | ForwardToLearner: par_id=1, slot=218, n=3, proxies.size=4, batch_idx=0
I [/opt/actions-runner/_work/mako-fast-reads/mako-fast-reads/src/deptran/paxos/commo.cc:151] 2025-12-10 04:01:30.435 | ForwardToLearner: SENDING to learner site_id=7, slot=218
I [/opt/actions-runner/_work/mako-fast-reads/mako-fast-reads/src/deptran/paxos/commo.cc:125] 2025-12-10 04:01:30.445 | ForwardToLearner: par_id=0, slot=372, n=3, proxies.size=4, batch_idx=0
I [/opt/actions-runner/_work/mako-fast-reads/mako-fast-reads/src/deptran/paxos/commo.cc:151] 2025-12-10 04:01:30.445 | ForwardToLearner: SENDING to learner site_id=3, slot=372
I [/opt/actions-runner/_work/mako-fast-reads/mako-fast-reads/src/deptran/paxos/commo.cc:125] 2025-12-10 04:01:30.479 | ForwardToLearner: par_id=0, slot=373, n=3, proxies.size=4, batch_idx=0
I [/opt/actions-runner/_work/mako-fast-reads/mako-fast-reads/src/deptran/paxos/commo.cc:151] 2025-12-10 04:01:30.479 | ForwardToLearner: SENDING to learner site_id=3, slot=373
I [/opt/actions-runner/_work/mako-fast-reads/mako-fast-reads/src/deptran/paxos/commo.cc:125] 2025-12-10 04:01:30.536 | ForwardToLearner: par_id=1, slot=219, n=3, proxies.size=4, batch_idx=0
I [/opt/actions-runner/_work/mako-fast-reads/mako-fast-reads/src/deptran/paxos/commo.cc:151] 2025-12-10 04:01:30.536 | ForwardToLearner: SENDING to learner site_id=7, slot=219
I [/opt/actions-runner/_work/mako-fast-reads/mako-fast-reads/src/deptran/paxos/commo.cc:125] 2025-12-10 04:01:30.576 | ForwardToLearner: par_id=0, slot=374, n=3, proxies.size=4, batch_idx=0
I [/opt/actions-runner/_work/mako-fast-reads/mako-fast-reads/src/deptran/paxos/commo.cc:151] 2025-12-10 04:01:30.576 | ForwardToLearner: SENDING to learner site_id=3, slot=374
I [/opt/actions-runner/_work/mako-fast-reads/mako-fast-reads/src/deptran/paxos/commo.cc:125] 2025-12-10 04:01:30.605 | ForwardToLearner: par_id=1, slot=220, n=3, proxies.size=4, batch_idx=0
I [/opt/actions-runner/_work/mako-fast-reads/mako-fast-reads/src/deptran/paxos/commo.cc:151] 2025-12-10 04:01:30.605 | ForwardToLearner: SENDING to learner site_id=7, slot=220
I [/opt/actions-runner/_work/mako-fast-reads/mako-fast-reads/src/deptran/paxos/commo.cc:125] 2025-12-10 04:01:30.663 | ForwardToLearner: par_id=0, slot=375, n=3, proxies.size=4, batch_idx=0
I [/opt/actions-runner/_work/mako-fast-reads/mako-fast-reads/src/deptran/paxos/commo.cc:151] 2025-12-10 04:01:30.663 | ForwardToLearner: SENDING to learner site_id=3, slot=375
I [/opt/actions-runner/_work/mako-fast-reads/mako-fast-reads/src/deptran/paxos/commo.cc:125] 2025-12-10 04:01:30.760 | ForwardToLearner: par_id=0, slot=376, n=3, proxies.size=4, batch_idx=0
I [/opt/actions-runner/_work/mako-fast-reads/mako-fast-reads/src/deptran/paxos/commo.cc:151] 2025-12-10 04:01:30.760 | ForwardToLearner: SENDING to learner site_id=3, slot=376
I [/opt/actions-runner/_work/mako-fast-reads/mako-fast-reads/src/deptran/paxos/commo.cc:125] 2025-12-10 04:01:30.784 | ForwardToLearner: par_id=0, slot=377, n=3, proxies.size=4, batch_idx=0
I [/opt/actions-runner/_work/mako-fast-reads/mako-fast-reads/src/deptran/paxos/commo.cc:151] 2025-12-10 04:01:30.784 | ForwardToLearner: SENDING to learner site_id=3, slot=377
I [/opt/actions-runner/_work/mako-fast-reads/mako-fast-reads/src/deptran/paxos/commo.cc:125] 2025-12-10 04:01:30.860 | ForwardToLearner: par_id=0, slot=378, n=3, proxies.size=4, batch_idx=0
I [/opt/actions-runner/_work/mako-fast-reads/mako-fast-reads/src/deptran/paxos/commo.cc:151] 2025-12-10 04:01:30.860 | ForwardToLearner: SENDING to learner site_id=3, slot=378
I [/opt/actions-runner/_work/mako-fast-reads/mako-fast-reads/src/deptran/paxos/commo.cc:125] 2025-12-10 04:01:30.886 | ForwardToLearner: par_id=0, slot=379, n=3, proxies.size=4, batch_idx=0
I [/opt/actions-runner/_work/mako-fast-reads/mako-fast-reads/src/deptran/paxos/commo.cc:151] 2025-12-10 04:01:30.886 | ForwardToLearner: SENDING to learner site_id=3, slot=379
I [/op20251110-04:01.30-981975(us) 19832 * wait_for_termination (mako.hh:538):      follower is waiting for being ended: 0/2, noops_cnt:0, replay_batch:597, wait_time:17s

t/actions-runner/_work/mako-fast-reads/mako-fast-reads/src/deptran/paxos/commo.cc:125] 2025-12-10 04:01:30.931 | ForwardToLearner: par_id=1, slot=221, n=3, proxies.size=4, batch_idx=0
I [/opt/actions-runner/_work/mako-fast-reads/mako-fast-reads/src/deptran/paxos/commo.cc:151] 2025-12-10 04:01:30.931 | ForwardToLearner: SENDING to learner site_id=7, slot=221
I [/opt/actions-runner/_work/mako-fast-reads/mako-fast-reads/src/deptran/paxos/commo.cc:125] 2025-12-10 04:01:30.935 | ForwardToLearner: par_id=0, slot=380, n=3, proxies.size=4, batch_idx=0
I [/opt/actions-runner/_work/mako-fast-reads/mako-fast-reads/src/deptran/paxos/commo.cc:151] 2025-12-10 04:01:30.935 | ForwardToLearner: SENDING to learner site_id=3, slot=380
I [/opt/actions-runner/_work/mako-fast-reads/mako-fast-reads/src/deptran/paxos/commo.cc:125] 2025-12-10 04:01:31.030 | ForwardToLearner: par_id=0, slot=381, n=3, proxies.size=4, batch_idx=0
I [/opt/actions-runner/_work/mako-fast-reads/mako-fast-reads/src/deptran/paxos/commo.cc:151] 2025-12-10 04:01:31.030 | ForwardToLearner: SENDING to learner site_id=3, slot=381
I [/opt/actions-runner/_work/mako-fast-reads/mako-fast-reads/src/deptran/paxos/commo.cc:125] 2025-12-10 04:01:31.059 | ForwardToLearner: par_id=1, slot=222, n=3, proxies.size=4, batch_idx=0
I [/opt/actions-runner/_work/mako-fast-reads/mako-fast-reads/src/deptran/paxos/commo.cc:151] 2025-12-10 04:01:31.059 | ForwardToLearner: SENDING to learner site_id=7, slot=222
I [/opt/actions-runner/_work/mako-fast-reads/mako-fast-reads/src/deptran/paxos/commo.cc:125] 2025-12-10 04:01:31.109 | ForwardToLearner: par_id=0, slot=382, n=3, proxies.size=4, batch_idx=0
I [/opt/actions-runner/_work/mako-fast-reads/mako-fast-reads/src/deptran/paxos/commo.cc:151] 2025-12-10 04:01:31.109 | ForwardToLearner: SENDING to learner site_id=3, slot=382
I [/opt/actions-runner/_work/mako-fast-reads/mako-fast-reads/src/deptran/paxos/commo.cc:125] 2025-12-10 04:01:31.193 | ForwardToLearner: par_id=0, slot=383, n=3, proxies.size=4, batch_idx=0
I [/opt/actions-runner/_work/mako-fast-reads/mako-fast-reads/src/deptran/paxos/commo.cc:151] 2025-12-10 04:01:31.193 | ForwardToLearner: SENDING to learner site_id=3, slot=383
I [/opt/actions-runner/_work/mako-fast-reads/mako-fast-reads/src/deptran/paxos/commo.cc:125] 2025-12-10 04:01:31.287 | ForwardToLearner: par_id=0, slot=384, n=3, proxies.size=4, batch_idx=0
I [/opt/actions-runner/_work/mako-fast-reads/mako-fast-reads/src/deptran/paxos/commo.cc:151] 2025-12-10 04:01:31.287 | ForwardToLearner: SENDING to learner site_id=3, slot=384
I [/opt/actions-runner/_work/mako-fast-reads/mako-fast-reads/src/deptran/paxos/commo.cc:125] 2025-12-10 04:01:31.343 | ForwardToLearner: par_id=0, slot=385, n=3, proxies.size=4, batch_idx=0
I [/opt/actions-runner/_work/mako-fast-reads/mako-fast-reads/src/deptran/paxos/commo.cc:151] 2025-12-10 04:01:31.343 | ForwardToLearner: SENDING to learner site_id=3, slot=385
I [/opt/actions-runner/_work/mako-fast-reads/mako-fast-reads/src/deptran/paxos/commo.cc:125] 2025-12-10 04:01:31.375 | ForwardToLearner: par_id=0, slot=386, n=3, proxies.size=4, batch_idx=0
I [/opt/actions-runner/_work/mako-fast-reads/mako-fast-reads/src/deptran/paxos/commo.cc:151] 2025-12-10 04:01:31.375 | ForwardToLearner: SENDING to learner site_id=3, slot=386
I [/opt/actions-runner/_work/mako-fast-reads/mako-fast-reads/src/deptran/paxos/commo.cc:125] 2025-12-10 04:01:31.394 | ForwardToLearner: par_id=0, slot=387, n=3, proxies.size=4, batch_idx=0
I [/opt/actions-runner/_work/mako-fast-reads/mako-fast-reads/src/deptran/paxos/commo.cc:151] 2025-12-10 04:01:31.394 | ForwardToLearner: SENDING to learner site_id=3, slot=387
I [/opt/actions-runner/_work/mako-fast-reads/mako-fast-reads/src/deptran/paxos/commo.cc:125] 2025-12-10 04:01:31.411 | ForwardToLearner: par_id=1, slot=223, n=3, proxies.size=4, batch_idx=0
I [/opt/actions-runner/_work/mako-fast-reads/mako-fast-reads/src/deptran/paxos/commo.cc:151] 2025-12-10 04:01:31.411 | ForwardToLearner: SENDING to learner site_id=7, slot=223
I [/opt/actions-runner/_work/mako-fast-reads/mako-fast-reads/src/deptran/pax20251110-04:01.31-982055(us) 19832 * wait_for_termination (mako.hh:538):      follower is waiting for being ended: 0/2, noops_cnt:0, replay_batch:615, wait_time:18s

os/commo.cc:125] 2025-12-10 04:01:31.462 | ForwardToLearner: par_id=0, slot=388, n=3, proxies.size=4, batch_idx=0
I [/opt/actions-runner/_work/mako-fast-reads/mako-fast-reads/src/deptran/paxos/commo.cc:151] 2025-12-10 04:01:31.462 | ForwardToLearner: SENDING to learner site_id=3, slot=388
I [/opt/actions-runner/_work/mako-fast-reads/mako-fast-reads/src/deptran/paxos/commo.cc:125] 2025-12-10 04:01:31.540 | ForwardToLearner: par_id=1, slot=224, n=3, proxies.size=4, batch_idx=0
I [/opt/actions-runner/_work/mako-fast-reads/mako-fast-reads/src/deptran/paxos/commo.cc:151] 2025-12-10 04:01:31.540 | ForwardToLearner: SENDING to learner site_id=7, slot=224
I [/opt/actions-runner/_work/mako-fast-reads/mako-fast-reads/src/deptran/paxos/commo.cc:125] 2025-12-10 04:01:31.550 | ForwardToLearner: par_id=0, slot=389, n=3, proxies.size=4, batch_idx=0
I [/opt/actions-runner/_work/mako-fast-reads/mako-fast-reads/src/deptran/paxos/commo.cc:151] 2025-12-10 04:01:31.550 | ForwardToLearner: SENDING to learner site_id=3, slot=389
I [/opt/actions-runner/_work/mako-fast-reads/mako-fast-reads/src/deptran/paxos/commo.cc:125] 2025-12-10 04:01:31.642 | ForwardToLearner: par_id=0, slot=390, n=3, proxies.size=4, batch_idx=0
I [/opt/actions-runner/_work/mako-fast-reads/mako-fast-reads/src/deptran/paxos/commo.cc:151] 2025-12-10 04:01:31.642 | ForwardToLearner: SENDING to learner site_id=3, slot=390
I [/opt/actions-runner/_work/mako-fast-reads/mako-fast-reads/src/deptran/paxos/commo.cc:125] 2025-12-10 04:01:31.736 | ForwardToLearner: par_id=0, slot=391, n=3, proxies.size=4, batch_idx=0
I [/opt/actions-runner/_work/mako-fast-reads/mako-fast-reads/src/deptran/paxos/commo.cc:151] 2025-12-10 04:01:31.736 | ForwardToLearner: SENDING to learner site_id=3, slot=391
I [/opt/actions-runner/_work/mako-fast-reads/mako-fast-reads/src/deptran/paxos/commo.cc:125] 2025-12-10 04:01:31.811 | ForwardToLearner: par_id=0, slot=392, n=3, proxies.size=4, batch_idx=0
I [/opt/actions-runner/_work/mako-fast-reads/mako-fast-reads/src/deptran/paxos/commo.cc:151] 2025-12-10 04:01:31.811 | ForwardToLearner: SENDING to learner site_id=3, slot=392
I [/opt/actions-runner/_work/mako-fast-reads/mako-fast-reads/src/deptran/paxos/commo.cc:125] 2025-12-10 04:01:31.831 | ForwardToLearner: par_id=0, slot=393, n=3, proxies.size=4, batch_idx=0
I [/opt/actions-runner/_work/mako-fast-reads/mako-fast-reads/src/deptran/paxos/commo.cc:151] 2025-12-10 04:01:31.831 | ForwardToLearner: SENDING to learner site_id=3, slot=393
I [/opt/actions-runner/_work/mako-fast-reads/mako-fast-reads/src/deptran/paxos/commo.cc:125] 2025-12-10 04:01:31.848 | ForwardToLearner: par_id=1, slot=225, n=3, proxies.size=4, batch_idx=0
I [/opt/actions-runner/_work/mako-fast-reads/mako-fast-reads/src/deptran/paxos/commo.cc:151] 2025-12-10 04:01:31.848 | ForwardToLearner: SENDING to learner site_id=7, slot=225
I [/opt/actions-runner/_work/mako-fast-reads/mako-fast-reads/src/deptran/paxos/commo.cc:125] 2025-12-10 04:01:31.857 | ForwardToLearner: par_id=0, slot=394, n=3, proxies.size=4, batch_idx=0
I [/opt/actions-runner/_work/mako-fast-reads/mako-fast-reads/src/deptran/paxos/commo.cc:151] 2025-12-10 04:01:31.857 | ForwardToLearner: SENDING to learner site_id=3, slot=394
I [/opt/actions-runner/_work/mako-fast-reads/mako-fast-reads/src/deptran/paxos/commo.cc:125] 2025-12-10 04:01:31.896 | ForwardToLearner: par_id=0, slot=395, n=3, proxies.size=4, batch_idx=0
I [/opt/actions-runner/_work/mako-fast-reads/mako-fast-reads/src/deptran/paxos/commo.cc:151] 2025-12-10 04:01:31.896 | ForwardToLearner: SENDING to learner site_id=3, slot=395
I [/opt/actions-runner/_work/mako-fast-reads/mako-fast-reads/src/deptran/paxos/commo.cc:125] 2025-12-10 04:01:31.985 | ForwardToLearner: par_id=0, slot=396, n=3, proxies.size=4, batch_idx=0
I [/opt/actions-runner/_work/mako-fast-reads/mako-fast-reads/src/deptran/paxos/commo.cc:151] 2025-12-10 04:01:31.985 | ForwardToLearner: SENDING to learner site_id=3, slot=396
I [/opt/actions-runner/_work/mako-fast-reads/mako-fast-reads/src/deptran/paxos/commo.cc:125] 2025-12-10 04:01:32.004 | ForwardToLearner: par_id=1, slot=226, n=3, proxies.size=4, batch_idx=0
I [/opt/actions-runner/_work/mako-fast-reads/mako-fast-reads/src/deptran/paxos/commo.cc:151] 2025-12-10 04:01:32.004 | ForwardToLearner: SENDING to learner site_id=7, slot=226
I [/opt/actions-runner/_work/mako-fast-reads/mako-fast-reads/src/deptran/paxos/commo.cc:125] 2025-12-10 04:01:32.066 | ForwardToLearner: par_id=0, slot=397, n=3, proxies.size=4, batch_idx=0
I [/opt/actions-runner/_work/mako-fast-reads/mako-fast-reads/src/deptran/paxos/commo.cc:151] 2025-12-10 04:01:32.066 | ForwardToLearner: SENDING to learner site_id=3, slot=397
I [/opt/actions-runner/_work/mako-fast-reads/mako-fast-reads/src/deptran/paxos/commo.cc:125] 2025-12-10 04:01:32.157 | ForwardToLearner: par_id=0, slot=398, n=3, proxies.size=4, batch_idx=0
I [/opt/actions-runner/_work/mako-fast-reads/mako-fast-reads/src/deptran/paxos/commo.cc:151] 2025-12-10 04:01:32.157 | ForwardToLearner: SENDING to learner site_id=3, slot=398
I [/opt/actions-runner/_work/mako-fast-reads/mako-fast-reads/src/deptran/paxos/commo.cc:125] 2025-12-10 04:01:32.241 | ForwardToLearner: par_id=0, slot=399, n=3, proxies.size=4, batch_idx=0
I [/opt/actions-runner/_work/mako-fast-reads/mako-fast-reads/src/deptran/paxos/commo.cc:151] 2025-12-10 04:01:32.241 | ForwardToLearner: SENDING to learner site_id=3, slot=399
I [/opt/actions-runner/_work/mako-fast-reads/mako-fast-reads/src/deptran/paxos/commo.cc:125] 2025-12-10 04:01:32.257 | ForwardToLearner: par_id=0, slot=400, n=3, proxies.size=4, batch_idx=0
I [/opt/actions-runner/_work/mako-fast-reads/mako-fast-reads/src/deptran/paxos/commo.cc:151] 2025-12-10 04:01:32.257 | ForwardToLearner: SENDING to learner site_id=3, slot=400
I [/opt/actions-runner/_work/mako-fast-reads/mako-fast-reads/src/deptran/paxos/commo.cc:125] 2025-12-10 04:01:32.276 | ForwardToLearner: par_id=0, slot=401, n=3, proxies.size=4, batch_idx=0
I [/opt/actions-runner/_work/mako-fast-reads/mako-fast-reads/src/deptran/paxos/commo.cc:151] 2025-12-10 04:01:32.276 | ForwardToLearner: SENDING to learner site_id=3, slot=401
I [/opt/actions-runner/_work/mako-fast-reads/mako-fast-reads/src/deptran/paxos/commo.cc:125] 2025-12-10 04:01:32.327 | ForwardToLearner: par_id=0, slot=402, n=3, proxies.size=4, batch_idx=0
I [/opt/actions-runner/_work/mako-fast-reads/mako-fast-reads/src/deptran/paxos/commo.cc:151] 2025-12-10 04:01:32.327 | ForwardToLearner: SENDING to learner site_id=3, slot=402
I [/opt/actions-runner/_work/mako-fast-reads/mako-fast-reads/src/deptran/paxos/commo.cc:125] 2025-12-10 04:01:32.380 | ForwardToLearner: par_id=1, slot=227, n=3, proxies.size=4, batch_idx=0
I [/opt/actions-runner/_work/mako-fast-reads/mako-fast-reads/src/deptran/paxos/commo.cc:151] 2025-12-10 04:01:32.380 | ForwardToLearner: SENDING to learner site_id=7, slot=227
I [/opt/actions-runner/_work/mako-fast-reads/mako-fast-reads/src/deptran/paxos/commo.cc:125] 2025-12-10 04:01:32.412 | ForwardToLearner: par_id=0, slot=403, n=3, proxies.size=4, batch_idx=0
I [/opt/actions-runner/_work/mako-fast-reads/mako-fast-reads/src/deptran/paxos/commo.cc:151] 2025-12-10 04:01:32.412 | ForwardToLearner: SENDING to learner site_id=3, slot=403
I [/opt/actions-runner/_work/mako-fast-reads/mako-fast-reads/src/deptran/paxos/commo.cc:125] 2025-12-10 04:01:32.436 | ForwardToLearner: par_id=1, slot=228, n=3, proxies.size=4, batch_idx=0
I [/opt/actions-runner/_work/mako-fast-reads/mako-fast-reads/src/deptran/paxos/commo.cc:151] 2025-12-10 04:01:32.436 | ForwardToLearner: SENDING to learner site_id=7, slot=228
I [/opt/actions-runner/_work/mako-fast-reads/mako-fast-reads/src/deptran/paxos/commo.cc:125] 2025-12-10 04:01:32.497 | ForwardToLearner: par_id=0, slot=404, n=3, proxies.size=4, batch_idx=0
I [/opt/actions-runner/_work/mako-fast-reads/mako-fast-reads/src/deptran/paxos/commo.cc:151] 2025-12-10 04:01:32.497 | ForwardToLearner: SENDING to learner site_id=3, slot=404
I [/opt/actions-runner/_work/mako-fast-reads/mako-fast-reads/src/deptran/paxos/commo.cc:125] 2025-12-10 04:01:32.576 | ForwardToLearner: par_id=0, slot=405, n=3, proxies.size=4, batch_idx=0
I [/opt/actions-runner/_wo20251110-04:01.32-982135(us) 19832 * wait_for_termination (mako.hh:538):      follower is waiting for being ended: 0/2, noops_cnt:0, replay_batch:635, wait_time:19s

rk/mako-fast-reads/mako-fast-reads/src/deptran/paxos/commo.cc:151] 2025-12-10 04:01:32.576 | ForwardToLearner: SENDING to learner site_id=3, slot=405
I [/opt/actions-runner/_work/mako-fast-reads/mako-fast-reads/src/deptran/paxos/commo.cc:125] 2025-12-10 04:01:32.673 | ForwardToLearner: par_id=0, slot=406, n=3, proxies.size=4, batch_idx=0
I [/opt/actions-runner/_work/mako-fast-reads/mako-fast-reads/src/deptran/paxos/commo.cc:151] 2025-12-10 04:01:32.673 | ForwardToLearner: SENDING to learner site_id=3, slot=406
I [/opt/actions-runner/_work/mako-fast-reads/mako-fast-reads/src/deptran/paxos/commo.cc:125] 2025-12-10 04:01:32.712 | ForwardToLearner: par_id=0, slot=407, n=3, proxies.size=4, batch_idx=0
I [/opt/actions-runner/_work/mako-fast-reads/mako-fast-reads/src/deptran/paxos/commo.cc:151] 2025-12-10 04:01:32.712 | ForwardToLearner: SENDING to learner site_id=3, slot=407
I [/opt/actions-runner/_work/mako-fast-reads/mako-fast-reads/src/deptran/paxos/commo.cc:125] 2025-12-10 04:01:32.763 | ForwardToLearner: par_id=0, slot=408, n=3, proxies.size=4, batch_idx=0
I [/opt/actions-runner/_work/mako-fast-reads/mako-fast-reads/src/deptran/paxos/commo.cc:151] 2025-12-10 04:01:32.763 | ForwardToLearner: SENDING to learner site_id=3, slot=408
I [/opt/actions-runner/_work/mako-fast-reads/mako-fast-reads/src/deptran/paxos/commo.cc:125] 2025-12-10 04:01:32.771 | ForwardToLearner: par_id=0, slot=409, n=3, proxies.size=4, batch_idx=0
I [/opt/actions-runner/_work/mako-fast-reads/mako-fast-reads/src/deptran/paxos/commo.cc:151] 2025-12-10 04:01:32.771 | ForwardToLearner: SENDING to learner site_id=3, slot=409
I [/opt/actions-runner/_work/mako-fast-reads/mako-fast-reads/src/deptran/paxos/commo.cc:125] 2025-12-10 04:01:32.825 | ForwardToLearner: par_id=1, slot=229, n=3, proxies.size=4, batch_idx=0
I [/opt/actions-runner/_work/mako-fast-reads/mako-fast-reads/src/deptran/paxos/commo.cc:151] 2025-12-10 04:01:32.825 | ForwardToLearner: SENDING to learner site_id=7, slot=229
I [/opt/actions-runner/_work/mako-fast-reads/mako-fast-reads/src/deptran/paxos/commo.cc:125] 2025-12-10 04:01:32.859 | ForwardToLearner: par_id=1, slot=230, n=3, proxies.size=4, batch_idx=0
I [/opt/actions-runner/_work/mako-fast-reads/mako-fast-reads/src/deptran/paxos/commo.cc:151] 2025-12-10 04:01:32.859 | ForwardToLearner: SENDING to learner site_id=7, slot=230
I [/opt/actions-runner/_work/mako-fast-reads/mako-fast-reads/src/deptran/paxos/commo.cc:125] 2025-12-10 04:01:32.860 | ForwardToLearner: par_id=0, slot=410, n=3, proxies.size=4, batch_idx=0
I [/opt/actions-runner/_work/mako-fast-reads/mako-fast-reads/src/deptran/paxos/commo.cc:151] 2025-12-10 04:01:32.860 | ForwardToLearner: SENDING to learner site_id=3, slot=410
I [/opt/actions-runner/_work/mako-fast-reads/mako-fast-reads/src/deptran/paxos/commo.cc:125] 2025-12-10 04:01:32.951 | ForwardToLearner: par_id=0, slot=411, n=3, proxies.size=4, batch_idx=0
I [/opt/actions-runner/_work/mako-fast-reads/mako-fast-reads/src/deptran/paxos/commo.cc:151] 2025-12-10 04:01:32.951 | ForwardToLearner: SENDING to learner site_id=3, slot=411
I [/opt/actions-runner/_work/mako-fast-reads/mako-fast-reads/src/deptran/paxos/commo.cc:125] 2025-12-10 04:01:33.041 | ForwardToLearner: par_id=0, slot=412, n=3, proxies.size=4, batch_idx=0
I [/opt/actions-runner/_work/mako-fast-reads/mako-fast-reads/src/deptran/paxos/commo.cc:151] 2025-12-10 04:01:33.041 | ForwardToLearner: SENDING to learner site_id=3, slot=412
I [/opt/actions-runner/_work/mako-fast-reads/mako-fast-reads/src/deptran/paxos/commo.cc:125] 2025-12-10 04:01:33.116 | ForwardToLearner: par_id=0, slot=413, n=3, proxies.size=4, batch_idx=0
I [/opt/actions-runner/_work/mako-fast-reads/mako-fast-reads/src/deptran/paxos/commo.cc:151] 2025-12-10 04:01:33.116 | ForwardToLearner: SENDING to learner site_id=3, slot=413
I [/opt/actions-runner/_work/mako-fast-reads/mako-fast-reads/src/deptran/paxos/commo.cc:125] 2025-12-10 04:01:33.119 | ForwardToLearner: par_id=0, slot=414, n=3, proxies.size=4, batch_idx=0
I [/opt/actions-runner/_work/mako-fast-reads/mako-fast-reads/src/deptran/paxos/commo.cc:151] 2025-12-10 04:01:33.119 | ForwardToLearner: SENDING to learner site_id=3, slot=414
I [/opt/actions-runner/_work/mako-fast-reads/mako-fast-reads/src/deptran/paxos/commo.cc:125] 2025-12-10 04:01:33.185 | ForwardToLearner: par_id=0, slot=415, n=3, proxies.size=4, batch_idx=0
I [/opt/actions-runner/_work/mako-fast-reads/mako-fast-reads/src/deptran/paxos/commo.cc:151] 2025-12-10 04:01:33.185 | ForwardToLearner: SENDING to learner site_id=3, slot=415
I [/opt/actions-runner/_work/mako-fast-reads/mako-fast-reads/src/deptran/paxos/commo.cc:125] 2025-12-10 04:01:33.207 | ForwardToLearner: par_id=0, slot=416, n=3, proxies.size=4, batch_idx=0
I [/opt/actions-runner/_work/mako-fast-reads/mako-fast-reads/src/deptran/paxos/commo.cc:151] 2025-12-10 04:01:33.207 | ForwardToLearner: SENDING to learner site_id=3, slot=416
I [/opt/actions-runner/_work/mako-fast-reads/mako-fast-reads/src/deptran/paxos/commo.cc:125] 2025-12-10 04:01:33.213 | ForwardToLearner: par_id=1, slot=231, n=3, proxies.size=4, batch_idx=0
I [/opt/actions-runner/_work/mako-fast-reads/mako-fast-reads/src/deptran/paxos/commo.cc:151] 2025-12-10 04:01:33.213 | ForwardToLearner: SENDING to learner site_id=7, slot=231
I [/opt/actions-runner/_work/mako-fast-reads/mako-fast-reads/src/deptran/paxos/commo.cc:125] 2025-12-10 04:01:33.256 | ForwardToLearner: par_id=1, slot=232, n=3, proxies.size=4, batch_idx=0
I [/opt/actions-runner/_work/mako-fast-reads/mako-fast-reads/src/deptran/paxos/commo.cc:151] 2025-12-10 04:01:33.256 | ForwardToLearner: SENDING to learner site_id=7, slot=232
I [/opt/actions-runner/_work/mako-fast-reads/mako-fast-reads/src/deptran/paxos/commo.cc:125] 2025-12-10 04:01:33.285 | ForwardToLearner: par_id=0, slot=417, n=3, proxies.size=4, batch_idx=0
I [/opt/actions-runner/_work/mako-fast-reads/mako-fast-reads/src/deptran/paxos/commo.cc:151] 2025-12-10 04:01:33.285 | ForwardToLearner: SENDING to learner site_id=3, slot=417
I [/opt/actions-runner/_work/mako-fast-reads/mako-fast-reads/src/deptran/paxos/commo.cc:125] 2025-12-10 04:01:33.359 | ForwardToLearner: par_id=0, slot=418, n=3, proxies.size=4, batch_idx=0
I [/opt/actions-runner/_work/mako-fast-reads/mako-fast-reads/src/deptran/paxos/commo.cc:151] 2025-12-10 04:01:33.359 | ForwardToLearner: SENDING to learner site_id=3, slot=418
I [/opt/actions-runner/_work/mako-fast-reads/mako-fast-reads/src/deptran/paxos/commo.cc:125] 2025-12-10 04:01:33.444 | ForwardToLearner: par_id=0, slot=419, n=3, proxies.size=4, batch_idx=0
I [/opt/actions-runner/_work/mako-fast-reads/mako-fast-reads/src/deptran/paxos/commo.cc:151] 2025-12-10 04:01:33.444 | ForwardToLearner: SENDING to learner site_id=3, slot=419
I [/opt/actions-runner/_work/mako-fast-reads/mako-fast-reads/src/deptran/paxos/commo.cc:125] 2025-12-10 04:01:33.517 | ForwardToLearner: par_id=0, slot=420, n=3, proxies.size=4, batch_idx=0
I [/opt/actions-runner/_work/mako-fast-reads/mako-fast-reads/src/deptran/paxos/commo.cc:151] 2025-12-10 04:01:33.517 | ForwardToLearner: SENDING to learner site_id=3, slot=420
I [/opt/actions-runner/_work/mako-fast-reads/mako-fast-reads/src/deptran/paxos/commo.cc:125] 2025-12-10 04:01:33.530 | ForwardToLearner: par_id=0, slot=421, n=3, proxies.size=4, batch_idx=0
I [/opt/actions-runner/_work/mako-fast-reads/mako-fast-reads/src/deptran/paxos/commo.cc:151] 2025-12-10 04:01:33.530 | ForwardToLearner: SENDING to learner site_id=3, slot=421
I [/opt/actions-runner/_work/mako-fast-reads/mako-fast-reads/src/deptran/paxos/commo.cc:125] 2025-12-10 04:01:33.621 | ForwardToLearner: par_id=0, slot=422, n=3, proxies.size=4, batch_idx=0
I [/opt/actions-runner/_work/mako-fast-reads/mako-fast-reads/src/deptran/paxos/commo.cc:151] 2025-12-10 04:01:33.621 | ForwardToLearner: SENDING to learner site_id=3, slot=422
I [/opt/actions-runner/_work/mako-fast-reads/mako-fast-reads/src/deptran/paxos/commo.cc:125] 2025-12-10 04:01:33.673 | ForwardToLearner: par_id=1, slot=233, n=3, proxies.size=4, batch_idx=0
I [/opt/actions-runner/_work/mako-fast-reads/mako-fast-reads/src/deptran/paxos/commo.cc:151] 2025-12-10 04:01:33.673 | ForwardToLearner: SENDING to learner site_id=7,20251110-04:01.33-982229(us) 19832 * wait_for_termination (mako.hh:538):      follower is waiting for being ended: 0/2, noops_cnt:0, replay_batch:657, wait_time:20s

 slot=233
I [/opt/actions-runner/_work/mako-fast-reads/mako-fast-reads/src/deptran/paxos/commo.cc:125] 2025-12-10 04:01:33.707 | ForwardToLearner: par_id=0, slot=423, n=3, proxies.size=4, batch_idx=0
I [/opt/actions-runner/_work/mako-fast-reads/mako-fast-reads/src/deptran/paxos/commo.cc:151] 2025-12-10 04:01:33.707 | ForwardToLearner: SENDING to learner site_id=3, slot=423
I [/opt/actions-runner/_work/mako-fast-reads/mako-fast-reads/src/deptran/paxos/commo.cc:125] 2025-12-10 04:01:33.710 | ForwardToLearner: par_id=0, slot=424, n=3, proxies.size=4, batch_idx=0
I [/opt/actions-runner/_work/mako-fast-reads/mako-fast-reads/src/deptran/paxos/commo.cc:151] 2025-12-10 04:01:33.710 | ForwardToLearner: SENDING to learner site_id=3, slot=424
I [/opt/actions-runner/_work/mako-fast-reads/mako-fast-reads/src/deptran/paxos/commo.cc:125] 2025-12-10 04:01:33.727 | ForwardToLearner: par_id=1, slot=234, n=3, proxies.size=4, batch_idx=0
I [/opt/actions-runner/_work/mako-fast-reads/mako-fast-reads/src/deptran/paxos/commo.cc:151] 2025-12-10 04:01:33.727 | ForwardToLearner: SENDING to learner site_id=7, slot=234
I [/opt/actions-runner/_work/mako-fast-reads/mako-fast-reads/src/deptran/paxos/commo.cc:125] 2025-12-10 04:01:33.794 | ForwardToLearner: par_id=0, slot=425, n=3, proxies.size=4, batch_idx=0
I [/opt/actions-runner/_work/mako-fast-reads/mako-fast-reads/src/deptran/paxos/commo.cc:151] 2025-12-10 04:01:33.794 | ForwardToLearner: SENDING to learner site_id=3, slot=425
I [/opt/actions-runner/_work/mako-fast-reads/mako-fast-reads/src/deptran/paxos/commo.cc:125] 2025-12-10 04:01:33.888 | ForwardToLearner: par_id=0, slot=426, n=3, proxies.size=4, batch_idx=0
I [/opt/actions-runner/_work/mako-fast-reads/mako-fast-reads/src/deptran/paxos/commo.cc:151] 2025-12-10 04:01:33.888 | ForwardToLearner: SENDING to learner site_id=3, slot=426
I [/opt/actions-runner/_work/mako-fast-reads/mako-fast-reads/src/deptran/paxos/commo.cc:125] 2025-12-10 04:01:33.971 | ForwardToLearner: par_id=0, slot=427, n=3, proxies.size=4, batch_idx=0
I [/opt/actions-runner/_work/mako-fast-reads/mako-fast-reads/src/deptran/paxos/commo.cc:151] 2025-12-10 04:01:33.971 | ForwardToLearner: SENDING to learner site_id=3, slot=427
I [/opt/actions-runner/_work/mako-fast-reads/mako-fast-reads/src/deptran/paxos/commo.cc:125] 2025-12-10 04:01:34.063 | ForwardToLearner: par_id=0, slot=428, n=3, proxies.size=4, batch_idx=0
I [/opt/actions-runner/_work/mako-fast-reads/mako-fast-reads/src/deptran/paxos/commo.cc:151] 2025-12-10 04:01:34.063 | ForwardToLearner: SENDING to learner site_id=3, slot=428
I [/opt/actions-runner/_work/mako-fast-reads/mako-fast-reads/src/deptran/paxos/commo.cc:125] 2025-12-10 04:01:34.066 | ForwardToLearner: par_id=0, slot=429, n=3, proxies.size=4, batch_idx=0
I [/opt/actions-runner/_work/mako-fast-reads/mako-fast-reads/src/deptran/paxos/commo.cc:151] 2025-12-10 04:01:34.066 | ForwardToLearner: SENDING to learner site_id=3, slot=429
I [/opt/actions-runner/_work/mako-fast-reads/mako-fast-reads/src/deptran/paxos/commo.cc:125] 2025-12-10 04:01:34.136 | ForwardToLearner: par_id=1, slot=235, n=3, proxies.size=4, batch_idx=0
I [/opt/actions-runner/_work/mako-fast-reads/mako-fast-reads/src/deptran/paxos/commo.cc:151] 2025-12-10 04:01:34.136 | ForwardToLearner: SENDING to learner site_id=7, slot=235
I [/opt/actions-runner/_work/mako-fast-reads/mako-fast-reads/src/deptran/paxos/commo.cc:125] 2025-12-10 04:01:34.139 | ForwardToLearner: par_id=1, slot=236, n=3, proxies.size=4, batch_idx=0
I [/opt/actions-runner/_work/mako-fast-reads/mako-fast-reads/src/deptran/paxos/commo.cc:151] 2025-12-10 04:01:34.139 | ForwardToLearner: SENDING to learner site_id=7, slot=236
I [/opt/actions-runner/_work/mako-fast-reads/mako-fast-reads/src/deptran/paxos/commo.cc:125] 2025-12-10 04:01:34.161 | ForwardToLearner: par_id=0, slot=430, n=3, proxies.size=4, batch_idx=0
I [/opt/actions-runner/_work/mako-fast-reads/mako-fast-reads/src/deptran/paxos/commo.cc:151] 2025-12-10 04:01:34.161 | ForwardToLearner: SENDING to learner site_id=3, slot=430
I [/opt/actions-runner/_work/mako-fast-reads/mako-fast-reads/src/deptran/paxos/commo.cc:125] 2025-12-10 04:01:34.187 | ForwardToLearner: par_id=0, slot=431, n=3, proxies.size=4, batch_idx=0
I [/opt/actions-runner/_work/mako-fast-reads/mako-fast-reads/src/deptran/paxos/commo.cc:151] 2025-12-10 04:01:34.187 | ForwardToLearner: SENDING to learner site_id=3, slot=431
I [/opt/actions-runner/_work/mako-fast-reads/mako-fast-reads/src/deptran/paxos/commo.cc:125] 2025-12-10 04:01:34.254 | ForwardToLearner: par_id=0, slot=432, n=3, proxies.size=4, batch_idx=0
I [/opt/actions-runner/_work/mako-fast-reads/mako-fast-reads/src/deptran/paxos/commo.cc:151] 2025-12-10 04:01:34.254 | ForwardToLearner: SENDING to learner site_id=3, slot=432
I [/opt/actions-runner/_work/mako-fast-reads/mako-fast-reads/src/deptran/paxos/commo.cc:125] 2025-12-10 04:01:34.333 | ForwardToLearner: par_id=0, slot=433, n=3, proxies.size=4, batch_idx=0
I [/opt/actions-runner/_work/mako-fast-reads/mako-fast-reads/src/deptran/paxos/commo.cc:151] 2025-12-10 04:01:34.333 | ForwardToLearner: SENDING to learner site_id=3, slot=433
I [/opt/actions-runner/_work/mako-fast-reads/mako-fast-reads/src/deptran/paxos/commo.cc:125] 2025-12-10 04:01:34.432 | ForwardToLearner: par_id=0, slot=434, n=3, proxies.size=4, batch_idx=0
I [/opt/actions-runner/_work/mako-fast-reads/mako-fast-reads/src/deptran/paxos/commo.cc:151] 2025-12-10 04:01:34.432 | ForwardToLearner: SENDING to learner site_id=3, slot=434
I [/opt/actions-runner/_work/mako-fast-reads/mako-fast-reads/src/deptran/paxos/commo.cc:125] 2025-12-10 04:01:34.526 | ForwardToLearner: par_id=0, slot=435, n=3, proxies.size=4, batch_idx=0
I [/opt/actions-runner/_work/mako-fast-reads/mako-fast-reads/src/deptran/paxos/commo.cc:151] 2025-12-10 04:01:34.526 | ForwardToLearner: SENDING to learner site_id=3, slot=435
I [/opt/actions-runner/_work/mako-fast-reads/mako-fast-reads/src/deptran/paxos/commo.cc:125] 2025-12-10 04:01:34.528 | ForwardToLearner: par_id=0, slot=436, n=3, proxies.size=4, batch_idx=0
I [/opt/actions-runner/_work/mako-fast-reads/mako-fast-reads/src/deptran/paxos/commo.cc:151] 2025-12-10 04:01:34.528 | ForwardToLearner: SENDING to learner site_id=3, slot=436
I [/opt/actions-runner/_work/mako-fast-reads/mako-fast-reads/src/deptran/paxos/commo.cc:125] 2025-12-10 04:01:34.601 | ForwardToLearner: par_id=0, slot=437, n=3, proxies.size=4, batch_idx=0
I [/opt/actions-runner/_work/mako-fast-reads/mako-fast-reads/src/deptran/paxos/commo.cc:151] 2025-12-10 04:01:34.601 | ForwardToLearner: SENDING to learner site_id=3, slot=437
I [/opt/actions-runner/_work/mako-fast-reads/mako-fast-reads/src/deptran/paxos/commo.cc:125] 2025-12-10 04:01:34.607 | ForwardToLearner: par_id=0, slot=438, n=3, proxies.size=4, batch_idx=0
I [/opt/actions-runner/_work/mako-fast-reads/mako-fast-reads/src/deptran/paxos/commo.cc:151] 2025-12-10 04:01:34.607 | ForwardToLearner: SENDING to learner site_id=3, slot=438
I [/opt/actions-runner/_work/mako-fast-reads/mako-fast-reads/src/deptran/paxos/commo.cc:125] 2025-12-10 04:01:34.609 | ForwardToLearner: par_id=1, slot=237, n=3, proxies.size=4, batch_idx=0
I [/opt/actions-runner/_work/mako-fast-reads/mako-fast-reads/src/deptran/paxos/commo.cc:151] 2025-12-10 04:01:34.609 | ForwardToLearner: SENDING to learner site_id=7, slot=237
I [/opt/actions-runner/_work/mako-fast-reads/mako-fast-reads/src/deptran/paxos/commo.cc:125] 2025-12-10 04:01:34.694 | ForwardToLearner: par_id=0, slot=439, n=3, proxies.size=4, batch_idx=0
I [/opt/actions-runner/_work/mako-fast-reads/mako-fast-reads/src/deptran/paxos/commo.cc:151] 2025-12-10 04:01:34.694 | ForwardToLearner: SENDING to learner site_id=3, slot=439
I [/opt/actions-runner/_work/mako-fast-reads/mako-fast-reads/src/deptran/paxos/commo.cc:125] 2025-12-10 04:01:34.776 | ForwardToLearner: par_id=0, slot=440, n=3, proxies.size=4, batch_idx=0
I [/opt/actions-runner/_work/mako-fast-reads/mako-fast-reads/src/deptran/paxos/commo.cc:151] 2025-12-10 04:01:34.776 | ForwardToLearner: SENDING to learner site_id=3, slot=440
I [/opt/actions-runner/_work/mako-fast-reads/mako-fast-reads/src/deptran/paxos/commo.cc:125] 2025-12-10 04:01:34.859 | ForwardToLe20251110-04:01.34-982317(us) 19832 * wait_for_termination (mako.hh:538):      follower is waiting for being ended: 0/2, noops_cnt:0, replay_batch:676, wait_time:21s

arner: par_id=0, slot=441, n=3, proxies.size=4, batch_idx=0
I [/opt/actions-runner/_work/mako-fast-reads/mako-fast-reads/src/deptran/paxos/commo.cc:151] 2025-12-10 04:01:34.859 | ForwardToLearner: SENDING to learner site_id=3, slot=441
I [/opt/actions-runner/_work/mako-fast-reads/mako-fast-reads/src/deptran/paxos/commo.cc:125] 2025-12-10 04:01:34.940 | ForwardToLearner: par_id=0, slot=442, n=3, proxies.size=4, batch_idx=0
I [/opt/actions-runner/_work/mako-fast-reads/mako-fast-reads/src/deptran/paxos/commo.cc:151] 2025-12-10 04:01:34.940 | ForwardToLearner: SENDING to learner site_id=3, slot=442
I [/opt/actions-runner/_work/mako-fast-reads/mako-fast-reads/src/deptran/paxos/commo.cc:125] 2025-12-10 04:01:34.943 | ForwardToLearner: par_id=0, slot=443, n=3, proxies.size=4, batch_idx=0
I [/opt/actions-runner/_work/mako-fast-reads/mako-fast-reads/src/deptran/paxos/commo.cc:151] 2025-12-10 04:01:34.943 | ForwardToLearner: SENDING to learner site_id=3, slot=443
I [/opt/actions-runner/_work/mako-fast-reads/mako-fast-reads/src/deptran/paxos/commo.cc:125] 2025-12-10 04:01:34.996 | ForwardToLearner: par_id=1, slot=238, n=3, proxies.size=4, batch_idx=0
I [/opt/actions-runner/_work/mako-fast-reads/mako-fast-reads/src/deptran/paxos/commo.cc:151] 2025-12-10 04:01:34.996 | ForwardToLearner: SENDING to learner site_id=7, slot=238
I [/opt/actions-runner/_work/mako-fast-reads/mako-fast-reads/src/deptran/paxos/commo.cc:125] 2025-12-10 04:01:35.031 | ForwardToLearner: par_id=0, slot=444, n=3, proxies.size=4, batch_idx=0
I [/opt/actions-runner/_work/mako-fast-reads/mako-fast-reads/src/deptran/paxos/commo.cc:151] 2025-12-10 04:01:35.031 | ForwardToLearner: SENDING to learner site_id=3, slot=444
I [/opt/actions-runner/_work/mako-fast-reads/mako-fast-reads/src/deptran/paxos/commo.cc:125] 2025-12-10 04:01:35.032 | ForwardToLearner: par_id=0, slot=445, n=3, proxies.size=4, batch_idx=0
I [/opt/actions-runner/_work/mako-fast-reads/mako-fast-reads/src/deptran/paxos/commo.cc:151] 2025-12-10 04:01:35.032 | ForwardToLearner: SENDING to learner site_id=3, slot=445
I [/opt/actions-runner/_work/mako-fast-reads/mako-fast-reads/src/deptran/paxos/commo.cc:125] 2025-12-10 04:01:35.125 | ForwardToLearner: par_id=0, slot=446, n=3, proxies.size=4, batch_idx=0
I [/opt/actions-runner/_work/mako-fast-reads/mako-fast-reads/src/deptran/paxos/commo.cc:151] 2025-12-10 04:01:35.125 | ForwardToLearner: SENDING to learner site_id=3, slot=446
I [/opt/actions-runner/_work/mako-fast-reads/mako-fast-reads/src/deptran/paxos/commo.cc:125] 2025-12-10 04:01:35.206 | ForwardToLearner: par_id=0, slot=447, n=3, proxies.size=4, batch_idx=0
I [/opt/actions-runner/_work/mako-fast-reads/mako-fast-reads/src/deptran/paxos/commo.cc:151] 2025-12-10 04:01:35.206 | ForwardToLearner: SENDING to learner site_id=3, slot=447
I [/opt/actions-runner/_work/mako-fast-reads/mako-fast-reads/src/deptran/paxos/commo.cc:125] 2025-12-10 04:01:35.299 | ForwardToLearner: par_id=0, slot=448, n=3, proxies.size=4, batch_idx=0
I [/opt/actions-runner/_work/mako-fast-reads/mako-fast-reads/src/deptran/paxos/commo.cc:151] 2025-12-10 04:01:35.299 | ForwardToLearner: SENDING to learner site_id=3, slot=448
I [/opt/actions-runner/_work/mako-fast-reads/mako-fast-reads/src/deptran/paxos/commo.cc:125] 2025-12-10 04:01:35.341 | ForwardToLearner: par_id=0, slot=449, n=3, proxies.size=4, batch_idx=0
I [/opt/actions-runner/_work/mako-fast-reads/mako-fast-reads/src/deptran/paxos/commo.cc:151] 2025-12-10 04:01:35.341 | ForwardToLearner: SENDING to learner site_id=3, slot=449
I [/opt/actions-runner/_work/mako-fast-reads/mako-fast-reads/src/deptran/paxos/commo.cc:125] 2025-12-10 04:01:35.388 | ForwardToLearner: par_id=0, slot=450, n=3, proxies.size=4, batch_idx=0
I [/opt/actions-runner/_work/mako-fast-reads/mako-fast-reads/src/deptran/paxos/commo.cc:151] 2025-12-10 04:01:35.388 | ForwardToLearner: SENDING to learner site_id=3, slot=450
I [/opt/actions-runner/_work/mako-fast-reads/mako-fast-reads/src/deptran/paxos/commo.cc:125] 2025-12-10 04:01:35.432 | ForwardToLearner: par_id=1, slot=239, n=3, proxies.size=4, batch_idx=0
I [/opt/ac20251110-04:01.35-982398(us) 19832 * wait_for_termination (mako.hh:538):      follower is waiting for being ended: 0/2, noops_cnt:0, replay_batch:695, wait_time:22s

tions-runner/_work/mako-fast-reads/mako-fast-reads/src/deptran/paxos/commo.cc:151] 2025-12-10 04:01:35.432 | ForwardToLearner: SENDING to learner site_id=7, slot=239
I [/opt/actions-runner/_work/mako-fast-reads/mako-fast-reads/src/deptran/paxos/commo.cc:125] 2025-12-10 04:01:35.444 | ForwardToLearner: par_id=0, slot=451, n=3, proxies.size=4, batch_idx=0
I [/opt/actions-runner/_work/mako-fast-reads/mako-fast-reads/src/deptran/paxos/commo.cc:151] 2025-12-10 04:01:35.444 | ForwardToLearner: SENDING to learner site_id=3, slot=451
I [/opt/actions-runner/_work/mako-fast-reads/mako-fast-reads/src/deptran/paxos/commo.cc:125] 2025-12-10 04:01:35.470 | ForwardToLearner: par_id=0, slot=452, n=3, proxies.size=4, batch_idx=0
I [/opt/actions-runner/_work/mako-fast-reads/mako-fast-reads/src/deptran/paxos/commo.cc:151] 2025-12-10 04:01:35.470 | ForwardToLearner: SENDING to learner site_id=3, slot=452
I [/opt/actions-runner/_work/mako-fast-reads/mako-fast-reads/src/deptran/paxos/commo.cc:125] 2025-12-10 04:01:35.562 | ForwardToLearner: par_id=0, slot=453, n=3, proxies.size=4, batch_idx=0
I [/opt/actions-runner/_work/mako-fast-reads/mako-fast-reads/src/deptran/paxos/commo.cc:151] 2025-12-10 04:01:35.562 | ForwardToLearner: SENDING to learner site_id=3, slot=453
I [/opt/actions-runner/_work/mako-fast-reads/mako-fast-reads/src/deptran/paxos/commo.cc:125] 2025-12-10 04:01:35.650 | ForwardToLearner: par_id=0, slot=454, n=3, proxies.size=4, batch_idx=0
I [/opt/actions-runner/_work/mako-fast-reads/mako-fast-reads/src/deptran/paxos/commo.cc:151] 2025-12-10 04:01:35.650 | ForwardToLearner: SENDING to learner site_id=3, slot=454
I [/opt/actions-runner/_work/mako-fast-reads/mako-fast-reads/src/deptran/paxos/commo.cc:125] 2025-12-10 04:01:35.745 | ForwardToLearner: par_id=0, slot=455, n=3, proxies.size=4, batch_idx=0
I [/opt/actions-runner/_work/mako-fast-reads/mako-fast-reads/src/deptran/paxos/commo.cc:151] 2025-12-10 04:01:35.745 | ForwardToLearner: SENDING to learner site_id=3, slot=455
I [/opt/actions-runner/_work/mako-fast-reads/mako-fast-reads/src/deptran/paxos/commo.cc:125] 2025-12-10 04:01:35.774 | ForwardToLearner: par_id=0, slot=456, n=3, proxies.size=4, batch_idx=0
I [/opt/actions-runner/_work/mako-fast-reads/mako-fast-reads/src/deptran/paxos/commo.cc:151] 2025-12-10 04:01:35.774 | ForwardToLearner: SENDING to learner site_id=3, slot=456
I [/opt/actions-runner/_work/mako-fast-reads/mako-fast-reads/src/deptran/paxos/commo.cc:125] 2025-12-10 04:01:35.831 | ForwardToLearner: par_id=0, slot=457, n=3, proxies.size=4, batch_idx=0
I [/opt/actions-runner/_work/mako-fast-reads/mako-fast-reads/src/deptran/paxos/commo.cc:151] 2025-12-10 04:01:35.831 | ForwardToLearner: SENDING to learner site_id=3, slot=457
I [/opt/actions-runner/_work/mako-fast-reads/mako-fast-reads/src/deptran/paxos/commo.cc:125] 2025-12-10 04:01:35.857 | ForwardToLearner: par_id=1, slot=240, n=3, proxies.size=4, batch_idx=0
I [/opt/actions-runner/_work/mako-fast-reads/mako-fast-reads/src/deptran/paxos/commo.cc:151] 2025-12-10 04:01:35.857 | ForwardToLearner: SENDING to learner site_id=7, slot=240
I [/opt/actions-runner/_work/mako-fast-reads/mako-fast-reads/src/deptran/paxos/commo.cc:125] 2025-12-10 04:01:35.861 | ForwardToLearner: par_id=0, slot=458, n=3, proxies.size=4, batch_idx=0
I [/opt/actions-runner/_work/mako-fast-reads/mako-fast-reads/src/deptran/paxos/commo.cc:151] 2025-12-10 04:01:35.861 | ForwardToLearner: SENDING to learner site_id=3, slot=458
I [/opt/actions-runner/_work/mako-fast-reads/mako-fast-reads/src/deptran/paxos/commo.cc:125] 2025-12-10 04:01:35.916 | ForwardToLearner: par_id=0, slot=459, n=3, proxies.size=4, batch_idx=0
I [/opt/actions-runner/_work/mako-fast-reads/mako-fast-reads/src/deptran/paxos/commo.cc:151] 2025-12-10 04:01:35.916 | ForwardToLearner: SENDING to learner site_id=3, slot=459
I [/opt/actions-runner/_work/mako-fast-reads/mako-fast-reads/src/deptran/paxos/commo.cc:125] 2025-12-10 04:01:36.004 | ForwardToLearner: par_id=0, slot=460, n=3, proxies.size=4, batch_idx=0
I [/opt/actions-runner/_work/mako-fast-reads/mako-fast-reads/src/deptran/paxos/commo.cc:151] 2025-12-10 04:01:36.004 | ForwardToLearner: SENDING to learner site_id=3, slot=460
I [/opt/actions-runner/_work/mako-fast-reads/mako-fast-reads/src/deptran/paxos/commo.cc:125] 2025-12-10 04:01:36.093 | ForwardToLearner: par_id=0, slot=461, n=3, proxies.size=4, batch_idx=0
I [/opt/actions-runner/_work/mako-fast-reads/mako-fast-reads/src/deptran/paxos/commo.cc:151] 2025-12-10 04:01:36.093 | ForwardToLearner: SENDING to learner site_id=3, slot=461
I [/opt/actions-runner/_work/mako-fast-reads/mako-fast-reads/src/deptran/paxos/commo.cc:125] 2025-12-10 04:01:36.183 | ForwardToLearner: par_id=0, slot=462, n=3, proxies.size=4, batch_idx=0
I [/opt/actions-runner/_work/mako-fast-reads/mako-fast-reads/src/deptran/paxos/commo.cc:151] 2025-12-10 04:01:36.183 | ForwardToLearner: SENDING to learner site_id=3, slot=462
I [/opt/actions-runner/_work/mako-fast-reads/mako-fast-reads/src/deptran/paxos/commo.cc:125] 2025-12-10 04:01:36.202 | ForwardToLearner: par_id=1, slot=241, n=3, proxies.size=4, batch_idx=0
I [/opt/actions-runner/_work/mako-fast-reads/mako-fast-reads/src/deptran/paxos/commo.cc:151] 2025-12-10 04:01:36.202 | ForwardToLearner: SENDING to learner site_id=7, slot=241
I [/opt/actions-runner/_work/mako-fast-reads/mako-fast-reads/src/deptran/paxos/commo.cc:125] 2025-12-10 04:01:36.233 | ForwardToLearner: par_id=0, slot=463, n=3, proxies.size=4, batch_idx=0
I [/opt/actions-runner/_work/mako-fast-reads/mako-fast-reads/src/deptran/paxos/commo.cc:151] 2025-12-10 04:01:36.233 | ForwardToLearner: SENDING to learner site_id=3, slot=463
I [/opt/actions-runner/_work/mako-fast-reads/mako-fast-reads/src/deptran/paxos/commo.cc:125] 2025-12-10 04:01:36.265 | ForwardToLearner: par_id=0, slot=464, n=3, proxies.size=4, batch_idx=0
I [/opt/actions-runner/_work/mako-fast-reads/mako-fast-reads/src/deptran/paxos/commo.cc:151] 2025-12-10 04:01:36.265 | ForwardToLearner: SENDING to learner site_id=3, slot=464
I [/opt/actions-runner/_work/mako-fast-reads/mako-fast-reads/src/deptran/paxos/commo.cc:125] 2025-12-10 04:01:36.286 | ForwardToLearner: par_id=0, slot=465, n=3, proxies.size=4, batch_idx=0
I [/opt/actions-runner/_work/mako-fast-reads/mako-fast-reads/src/deptran/paxos/commo.cc:151] 2025-12-10 04:01:36.286 | ForwardToLearner: SENDING to learner site_id=3, slot=465
I [/opt/actions-runner/_work/mako-fast-reads/mako-fast-reads/src/deptran/paxos/commo.cc:125] 2025-12-10 04:01:36.355 | ForwardToLearner: par_id=0, slot=466, n=3, proxies.size=4, batch_idx=0
I [/opt/actions-runner/_work/mako-fast-reads/mako-fast-reads/src/deptran/paxos/commo.cc:151] 2025-12-10 04:01:36.355 | ForwardToLearner: SENDING to learner site_id=3, slot=466
I [/opt/actions-runner/_work/mako-fast-reads/mako-fast-reads/src/deptran/paxos/commo.cc:125] 2025-12-10 04:01:36.435 | ForwardToLearner: par_id=0, slot=467, n=3, proxies.size=4, batch_idx=0
I [/opt/actions-runner/_work/mako-fast-reads/mako-fast-reads/src/deptran/paxos/commo.cc:151] 2025-12-10 04:01:36.435 | ForwardToLearner: SENDING to learner site_id=3, slot=467
I [/opt/actions-runner/_work/mako-fast-reads/mako-fast-reads/src/deptran/paxos/commo.cc:125] 2025-12-10 04:01:36.505 | ForwardToLearner: par_id=0, slot=468, n=3, proxies.size=4, batch_idx=0
I [/opt/actions-runner/_work/mako-fast-reads/mako-fast-reads/src/deptran/paxos/commo.cc:151] 2025-12-10 04:01:36.505 | ForwardToLearner: SENDING to learner site_id=3, slot=468
I [/opt/actions-runner/_work/mako-fast-reads/mako-fast-reads/src/deptran/paxos/commo.cc:125] 2025-12-10 04:01:36.592 | ForwardToLearner: par_id=0, slot=469, n=3, proxies.size=4, batch_idx=0
I [/opt/actions-runner/_work/mako-fast-reads/mako-fast-reads/src/deptran/paxos/commo.cc:151] 2025-12-10 04:01:36.592 | ForwardToLearner: SENDING to learner site_id=3, slot=469
I [/opt/actions-runner/_work/mako-fast-reads/mako-fast-reads/src/deptran/paxos/commo.cc:125] 2025-12-10 04:01:36.672 | ForwardToLearner: par_id=1, slot=242, n=3, proxies.size=4, batch_idx=0
I [/opt/actions-runner/_work/mako-fast-reads/mako-fast-reads/src/deptran/paxos/commo.cc:151] 2025-12-10 04:01:36.672 | ForwardToLearner: SENDING to le20251110-04:01.36-982483(us) 19832 * wait_for_termination (mako.hh:538):      follower is waiting for being ended: 0/2, noops_cnt:0, replay_batch:713, wait_time:23s

arner site_id=7, slot=242
I [/opt/actions-runner/_work/mako-fast-reads/mako-fast-reads/src/deptran/paxos/commo.cc:125] 2025-12-10 04:01:36.674 | ForwardToLearner: par_id=0, slot=470, n=3, proxies.size=4, batch_idx=0
I [/opt/actions-runner/_work/mako-fast-reads/mako-fast-reads/src/deptran/paxos/commo.cc:151] 2025-12-10 04:01:36.674 | ForwardToLearner: SENDING to learner site_id=3, slot=470
I [/opt/actions-runner/_work/mako-fast-reads/mako-fast-reads/src/deptran/paxos/commo.cc:125] 2025-12-10 04:01:36.729 | ForwardToLearner: par_id=0, slot=471, n=3, proxies.size=4, batch_idx=0
I [/opt/actions-runner/_work/mako-fast-reads/mako-fast-reads/src/deptran/paxos/commo.cc:151] 2025-12-10 04:01:36.729 | ForwardToLearner: SENDING to learner site_id=3, slot=471
I [/opt/actions-runner/_work/mako-fast-reads/mako-fast-reads/src/deptran/paxos/commo.cc:125] 2025-12-10 04:01:36.737 | ForwardToLearner: par_id=0, slot=472, n=3, proxies.size=4, batch_idx=0
I [/opt/actions-runner/_work/mako-fast-reads/mako-fast-reads/src/deptran/paxos/commo.cc:151] 2025-12-10 04:01:36.737 | ForwardToLearner: SENDING to learner site_id=3, slot=472
I [/opt/actions-runner/_work/mako-fast-reads/mako-fast-reads/src/deptran/paxos/commo.cc:125] 2025-12-10 04:01:36.770 | ForwardToLearner: par_id=0, slot=473, n=3, proxies.size=4, batch_idx=0
I [/opt/actions-runner/_work/mako-fast-reads/mako-fast-reads/src/deptran/paxos/commo.cc:151] 2025-12-10 04:01:36.770 | ForwardToLearner: SENDING to learner site_id=3, slot=473
I [/opt/actions-runner/_work/mako-fast-reads/mako-fast-reads/src/deptran/paxos/commo.cc:125] 2025-12-10 04:01:36.857 | ForwardToLearner: par_id=0, slot=474, n=3, proxies.size=4, batch_idx=0
I [/opt/actions-runner/_work/mako-fast-reads/mako-fast-reads/src/deptran/paxos/commo.cc:151] 2025-12-10 04:01:36.857 | ForwardToLearner: SENDING to learner site_id=3, slot=474
I [/opt/actions-runner/_work/mako-fast-reads/mako-fast-reads/src/deptran/paxos/commo.cc:125] 2025-12-10 04:01:36.946 | ForwardToLearner: par_id=0, slot=475, n=3, proxies.size=4, batch_idx=0
I [/opt/actions-runner/_work/mako-fast-reads/mako-fast-reads/src/deptran/paxos/commo.cc:151] 2025-12-10 04:01:36.946 | ForwardToLearner: SENDING to learner site_id=3, slot=475
I [/opt/actions-runner/_work/mako-fast-reads/mako-fast-reads/src/deptran/paxos/commo.cc:125] 2025-12-10 04:01:37.040 | ForwardToLearner: par_id=0, slot=476, n=3, proxies.size=4, batch_idx=0
I [/opt/actions-runner/_work/mako-fast-reads/mako-fast-reads/src/deptran/paxos/commo.cc:151] 2025-12-10 04:01:37.040 | ForwardToLearner: SENDING to learner site_id=3, slot=476
I [/opt/actions-runner/_work/mako-fast-reads/mako-fast-reads/src/deptran/paxos/commo.cc:125] 2025-12-10 04:01:37.110 | ForwardToLearner: par_id=1, slot=243, n=3, proxies.size=4, batch_idx=0
I [/opt/actions-runner/_work/mako-fast-reads/mako-fast-reads/src/deptran/paxos/commo.cc:151] 2025-12-10 04:01:37.110 | ForwardToLearner: SENDING to learner site_id=7, slot=243
I [/opt/actions-runner/_work/mako-fast-reads/mako-fast-reads/src/deptran/paxos/commo.cc:125] 2025-12-10 04:01:37.126 | ForwardToLearner: par_id=0, slot=477, n=3, proxies.size=4, batch_idx=0
I [/opt/actions-runner/_work/mako-fast-reads/mako-fast-reads/src/deptran/paxos/commo.cc:151] 2025-12-10 04:01:37.126 | ForwardToLearner: SENDING to learner site_id=3, slot=477
I [/opt/actions-runner/_work/mako-fast-reads/mako-fast-reads/src/deptran/paxos/commo.cc:125] 2025-12-10 04:01:37.130 | ForwardToLearner: par_id=0, slot=478, n=3, proxies.size=4, batch_idx=0
I [/opt/actions-runner/_work/mako-fast-reads/mako-fast-reads/src/deptran/paxos/commo.cc:151] 2025-12-10 04:01:37.130 | ForwardToLearner: SENDING to learner site_id=3, slot=478
I [/opt/actions-runner/_work/mako-fast-reads/mako-fast-reads/src/deptran/paxos/commo.cc:125] 2025-12-10 04:01:37.148 | ForwardToLearner: par_id=0, slot=479, n=3, proxies.size=4, batch_idx=0
I [/opt/actions-runner/_work/mako-fast-reads/mako-fast-reads/src/deptran/paxos/commo.cc:151] 2025-12-10 04:01:37.148 | ForwardToLearner: SENDING to learner site_id=3, slot=479
I [/opt/actions-runner/_work/mako-fast-reads/mako-fast-reads/src/deptran/paxos/commo.cc:125] 2025-12-10 04:01:37.220 | ForwardToLearner: par_id=0, slot=480, n=3, proxies.size=4, batch_idx=0
I [/opt/actions-runner/_work/mako-fast-reads/mako-fast-reads/src/deptran/paxos/commo.cc:151] 2025-12-10 04:01:37.221 | ForwardToLearner: SENDING to learner site_id=3, slot=480
I [/opt/actions-runner/_work/mako-fast-reads/mako-fast-reads/src/deptran/paxos/commo.cc:125] 2025-12-10 04:01:37.313 | ForwardToLearner: par_id=0, slot=481, n=3, proxies.size=4, batch_idx=0
I [/opt/actions-runner/_work/mako-fast-reads/mako-fast-reads/src/deptran/paxos/commo.cc:151] 2025-12-10 04:01:37.313 | ForwardToLearner: SENDING to learner site_id=3, slot=481
I [/opt/actions-runner/_work/mako-fast-reads/mako-fast-reads/src/deptran/paxos/commo.cc:125] 2025-12-10 04:01:37.406 | ForwardToLearner: par_id=0, slot=482, n=3, proxies.size=4, batch_idx=0
I [/opt/actions-runner/_work/mako-fast-reads/mako-fast-reads/src/deptran/paxos/commo.cc:151] 2025-12-10 04:01:37.406 | ForwardToLearner: SENDING to learner site_id=3, slot=482
I [/opt/actions-runner/_work/mako-fast-reads/mako-fast-reads/src/deptran/paxos/commo.cc:125] 2025-12-10 04:01:37.484 | ForwardToLearner: par_id=0, slot=483, n=3, proxies.size=4, batch_idx=0
I [/opt/actions-runner/_work/mako-fast-reads/mako-fast-reads/src/deptran/paxos/commo.cc:151] 2025-12-10 04:01:37.484 | ForwardToLearner: SENDING to learner site_id=3, slot=483
I [/opt/actions-runner/_work/mako-fast-reads/mako-fast-reads/src/deptran/paxos/commo.cc:125] 2025-12-10 04:01:37.541 | ForwardToLearner: par_id=0, slot=484, n=3, proxies.size=4, batch_idx=0
I [/opt/actions-runner/_work/mako-fast-reads/mako-fast-reads/src/deptran/paxos/commo.cc:151] 2025-12-10 04:01:37.541 | ForwardToLearner: SENDING to learner site_id=3, slot=484
I [/opt/actions-runner/_work/mako-fast-reads/mako-fast-reads/src/deptran/paxos/commo.cc:125] 2025-12-10 04:01:37.554 | ForwardToLearner: par_id=1, slot=244, n=3, proxies.size=4, batch_idx=0
I [/opt/actions-runner/_work/mako-fast-reads/mako-fast-reads/src/deptran/paxos/commo.cc:151] 2025-12-10 04:01:37.554 | ForwardToLearner: SENDING to learner site_id=7, slot=244
I [/opt/actions-runner/_work/mako-fast-reads/mako-fast-reads/src/deptran/paxos/commo.cc:125] 2025-12-10 04:01:37.575 | ForwardToLearner: par_id=0, slot=485, n=3, proxies.size=4, batch_idx=0
I [/opt/actions-runner/_work/mako-fast-reads/mako-fast-reads/src/deptran/paxos/commo.cc:151] 2025-12-10 04:01:37.575 | ForwardToLearner: SENDING to learner site_id=3, slot=485
I [/opt/actions-runner/_work/mako-fast-reads/mako-fast-reads/src/deptran/paxos/commo.cc:125] 2025-12-10 04:01:37.609 | ForwardToLearner: par_id=0, slot=486, n=3, proxies.size=4, batch_idx=0
I [/opt/actions-runner/_work/mako-fast-reads/mako-fast-reads/src/deptran/paxos/commo.cc:151] 2025-12-10 04:01:37.609 | ForwardToLearner: SENDING to learner site_id=3, slot=486
I [/opt/actions-runner/_work/mako-fast-reads/mako-fast-reads/src/deptran/paxos/commo.cc:125] 2025-12-10 04:01:37.615 | ForwardToLearner: par_id=1, slot=245, n=3, proxies.size=4, batch_idx=0
I [/opt/actions-runner/_work/mako-fast-reads/mako-fast-reads/src/deptran/paxos/commo.cc:151] 2025-12-10 04:01:37.615 | ForwardToLearner: SENDING to learner site_id=7, slot=245
I [/opt/actions-runner/_work/mako-fast-reads/mako-fast-reads/src/deptran/paxos/commo.cc:125] 2025-12-10 04:01:37.658 | ForwardToLearner: par_id=0, slot=487, n=3, proxies.size=4, batch_idx=0
I [/opt/actions-runner/_work/mako-fast-reads/mako-fast-reads/src/deptran/paxos/commo.cc:151] 2025-12-10 04:01:37.658 | ForwardToLearner: SENDING to learner site_id=3, slot=487
I [/opt/actions-runner/_work/mako-fast-reads/mako-fast-reads/src/deptran/paxos/commo.cc:125] 2025-12-10 04:01:37.745 | ForwardToLearner: par_id=0, slot=488, n=3, proxies.size=4, batch_idx=0
I [/opt/actions-runner/_work/mako-fast-reads/mako-fast-reads/src/deptran/paxos/commo.cc:151] 2025-12-10 04:01:37.745 | ForwardToLearner: SENDING to learner site_id=3, slot=488
I [/opt/actions-runner/_work/mako-fast-reads/mako-fast-reads/src/deptran/paxos/commo.cc:125] 2025-12-10 04:01:37.820251110-04:01.37-982571(us) 19832 * wait_for_termination (mako.hh:538):      follower is waiting for being ended: 0/2, noops_cnt:0, replay_batch:733, wait_time:24s

25 | ForwardToLearner: par_id=0, slot=489, n=3, proxies.size=4, batch_idx=0
I [/opt/actions-runner/_work/mako-fast-reads/mako-fast-reads/src/deptran/paxos/commo.cc:151] 2025-12-10 04:01:37.825 | ForwardToLearner: SENDING to learner site_id=3, slot=489
I [/opt/actions-runner/_work/mako-fast-reads/mako-fast-reads/src/deptran/paxos/commo.cc:125] 2025-12-10 04:01:37.905 | ForwardToLearner: par_id=0, slot=490, n=3, proxies.size=4, batch_idx=0
I [/opt/actions-runner/_work/mako-fast-reads/mako-fast-reads/src/deptran/paxos/commo.cc:151] 2025-12-10 04:01:37.905 | ForwardToLearner: SENDING to learner site_id=3, slot=490
I [/opt/actions-runner/_work/mako-fast-reads/mako-fast-reads/src/deptran/paxos/commo.cc:125] 2025-12-10 04:01:37.952 | ForwardToLearner: par_id=0, slot=491, n=3, proxies.size=4, batch_idx=0
I [/opt/actions-runner/_work/mako-fast-reads/mako-fast-reads/src/deptran/paxos/commo.cc:151] 2025-12-10 04:01:37.952 | ForwardToLearner: SENDING to learner site_id=3, slot=491
I [/opt/actions-runner/_work/mako-fast-reads/mako-fast-reads/src/deptran/paxos/commo.cc:125] 2025-12-10 04:01:37.956 | ForwardToLearner: par_id=1, slot=246, n=3, proxies.size=4, batch_idx=0
I [/opt/actions-runner/_work/mako-fast-reads/mako-fast-reads/src/deptran/paxos/commo.cc:151] 2025-12-10 04:01:37.956 | ForwardToLearner: SENDING to learner site_id=7, slot=246
I [/opt/actions-runner/_work/mako-fast-reads/mako-fast-reads/src/deptran/paxos/commo.cc:125] 2025-12-10 04:01:37.992 | ForwardToLearner: par_id=0, slot=492, n=3, proxies.size=4, batch_idx=0
I [/opt/actions-runner/_work/mako-fast-reads/mako-fast-reads/src/deptran/paxos/commo.cc:151] 2025-12-10 04:01:37.992 | ForwardToLearner: SENDING to learner site_id=3, slot=492
I [/opt/actions-runner/_work/mako-fast-reads/mako-fast-reads/src/deptran/paxos/commo.cc:125] 2025-12-10 04:01:38.086 | ForwardToLearner: par_id=0, slot=493, n=3, proxies.size=4, batch_idx=0
I [/opt/actions-runner/_work/mako-fast-reads/mako-fast-reads/src/deptran/paxos/commo.cc:151] 2025-12-10 04:01:38.086 | ForwardToLearner: SENDING to learner site_id=3, slot=493
I [/opt/actions-runner/_work/mako-fast-reads/mako-fast-reads/src/deptran/paxos/commo.cc:125] 2025-12-10 04:01:38.093 | ForwardToLearner: par_id=0, slot=494, n=3, proxies.size=4, batch_idx=0
I [/opt/actions-runner/_work/mako-fast-reads/mako-fast-reads/src/deptran/paxos/commo.cc:151] 2025-12-10 04:01:38.093 | ForwardToLearner: SENDING to learner site_id=3, slot=494
I [/opt/actions-runner/_work/mako-fast-reads/mako-fast-reads/src/deptran/paxos/commo.cc:125] 2025-12-10 04:01:38.179 | ForwardToLearner: par_id=0, slot=495, n=3, proxies.size=4, batch_idx=0
I [/opt/actions-runner/_work/mako-fast-reads/mako-fast-reads/src/deptran/paxos/commo.cc:151] 2025-12-10 04:01:38.179 | ForwardToLearner: SENDING to learner site_id=3, slot=495
I [/opt/actions-runner/_work/mako-fast-reads/mako-fast-reads/src/deptran/paxos/commo.cc:125] 2025-12-10 04:01:38.270 | ForwardToLearner: par_id=0, slot=496, n=3, proxies.size=4, batch_idx=0
I [/opt/actions-runner/_work/mako-fast-reads/mako-fast-reads/src/deptran/paxos/commo.cc:151] 2025-12-10 04:01:38.270 | ForwardToLearner: SENDING to learner site_id=3, slot=496
I [/opt/actions-runner/_work/mako-fast-reads/mako-fast-reads/src/deptran/paxos/commo.cc:125] 2025-12-10 04:01:38.358 | ForwardToLearner: par_id=0, slot=497, n=3, proxies.size=4, batch_idx=0
I [/opt/actions-runner/_work/mako-fast-reads/mako-fast-reads/src/deptran/paxos/commo.cc:151] 2025-12-10 04:01:38.358 | ForwardToLearner: SENDING to learner site_id=3, slot=497
I [/opt/actions-runner/_work/mako-fast-reads/mako-fast-reads/src/deptran/paxos/commo.cc:125] 2025-12-10 04:01:38.380 | ForwardToLearner: par_id=0, slot=498, n=3, proxies.size=4, batch_idx=0
I [/opt/actions-runner/_work/mako-fast-reads/mako-fast-reads/src/deptran/paxos/commo.cc:151] 2025-12-10 04:01:38.380 | ForwardToLearner: SENDING to learner site_id=3, slot=498
I [/opt/actions-runner/_work/mako-fast-reads/mako-fast-reads/src/deptran/paxos/commo.cc:125] 2025-12-10 04:01:38.416 | ForwardToLearner: par_id=1, slot=247, n=3, proxies.size=4, batch_idx=0
I [/opt/actions-runner/_work/mako-fast-reads/mako-fast-reads/src/deptran/paxos/commo.cc:151] 2025-12-10 04:01:38.416 | ForwardToLearner: SENDING to learner site_id=7, slot=247
I [/opt/actions-runner/_work/mako-fast-reads/mako-fast-reads/src/deptran/paxos/commo.cc:125] 2025-12-10 04:01:38.457 | ForwardToLearner: par_id=0, slot=499, n=3, proxies.size=4, batch_idx=0
I [/opt/actions-runner/_work/mako-fast-reads/mako-fast-reads/src/deptran/paxos/commo.cc:151] 2025-12-10 04:01:38.457 | ForwardToLearner: SENDING to learner site_id=3, slot=499
I [/opt/actions-runner/_work/mako-fast-reads/mako-fast-reads/src/deptran/paxos/commo.cc:125] 2025-12-10 04:01:38.541 | ForwardToLearner: par_id=0, slot=500, n=3, proxies.size=4, batch_idx=0
I [/opt/actions-runner/_work/mako-fast-reads/mako-fast-reads/src/deptran/paxos/commo.cc:151] 2025-12-10 04:01:38.541 | ForwardToLearner: SENDING to learner site_id=3, slot=500
I [/opt/actions-runner/_work/mako-fast-reads/mako-fast-reads/src/deptran/paxos/commo.cc:125] 2025-12-10 04:01:38.545 | ForwardToLearner: par_id=0, slot=501, n=3, proxies.size=4, batch_idx=0
I [/opt/actions-runner/_work/mako-fast-reads/mako-fast-reads/src/deptran/paxos/commo.cc:151] 2025-12-10 04:01:38.545 | ForwardToLearner: SENDING to learner site_id=3, slot=501
I [/opt/actions-runner/_work/mako-fast-reads/mako-fast-reads/src/deptran/paxos/commo.cc:125] 2025-12-10 04:01:38.618 | ForwardToLearner: par_id=0, slot=502, n=3, proxies.size=4, batch_idx=0
I [/opt/actions-runner/_work/mako-fast-reads/mako-fast-reads/src/deptran/paxos/commo.cc:151] 2025-12-10 04:01:38.618 | ForwardToLearner: SENDING to learner site_id=3, slot=502
I [/opt/actions-runner/_work/mako-fast-reads/mako-fast-reads/src/deptran/paxos/commo.cc:125] 2025-12-10 04:01:38.701 | ForwardToLearner: par_id=0, slot=503, n=3, proxies.size=4, batch_idx=0
I [/opt/actions-runner/_work/mako-fast-reads/mako-fast-reads/src/deptran/paxos/commo.cc:151] 2025-12-10 04:01:38.701 | ForwardToLearner: SENDING to learner site_id=3, slot=503
I [/opt/actions-runner/_work/mako-fast-reads/mako-fast-reads/src/deptran/paxos/commo.cc:125] 2025-12-10 04:01:38.789 | ForwardToLearner: par_id=0, slot=504, n=3, proxies.size=4, batch_idx=0
I [/opt/actions-runner/_work/mako-fast-reads/mako-fast-reads/src/deptran/paxos/commo.cc:151] 2025-12-10 04:01:38.789 | ForwardToLearner: SENDING to learner site_id=3, slot=504
I [/opt/actions-runner/_work/mako-fast-reads/mako-fast-reads/src/deptran/paxos/commo.cc:125] 2025-12-10 04:01:38.791 | ForwardToLearner: par_id=0, slot=505, n=3, proxies.size=4, batch_idx=0
I [/opt/actions-runner/_work/mako-fast-reads/mako-fast-reads/src/deptran/paxos/commo.cc:151] 2025-12-10 04:01:38.791 | ForwardToLearner: SENDING to learner site_id=3, slot=505
I [/opt/actions-runner/_work/mako-fast-reads/mako-fast-reads/src/deptran/paxos/commo.cc:125] 2025-12-10 04:01:38.846 | ForwardToLearner: par_id=1, slot=248, n=3, proxies.size=4, batch_idx=0
I [/opt/actions-runner/_work/mako-fast-reads/mako-fast-reads/src/deptran/paxos/commo.cc:151] 2025-12-10 04:01:38.846 | ForwardToLearner: SENDING to learner site_id=7, slot=248
I [/opt/actions-runner/_work/mako-fast-reads/mako-fast-reads/src/deptran/paxos/commo.cc:125] 2025-12-10 04:01:38.878 | ForwardToLearner: par_id=0, slot=506, n=3, proxies.size=4, batch_idx=0
I [/opt/actions-runner/_work/mako-fast-reads/mako-fast-reads/src/deptran/paxos/commo.cc:151] 2025-12-10 04:01:38.878 | ForwardToLearner: SENDING to learner site_id=3, slot=506
I [/opt/actions-runner/_work/mako-fast-reads/mako-fast-reads/src/deptran/paxos/commo.cc:125] 2025-12-10 04:01:38.952 | ForwardToLearner: par_id=0, slot=507, n=3, proxies.size=4, batch_idx=0
I [/opt/actions-runner/_work/mako-fast-reads/mako-fast-reads/src/deptran/paxos/commo.cc:151] 2025-12-10 04:01:38.952 | ForwardToLearner: SENDING to learner site_id=3, slot=507
I [/opt/actions-runner/_work/mako-fast-reads/mako-fast-reads/src/deptran/paxos/commo.cc:125] 2025-12-10 04:01:38.974 | ForwardToLearner: par_id=0, slot=508, n=3, proxies.size=4, batch_idx=0
I [/opt/actions-runner/_work/mako-fast-reads/mako-fast-reads/src20251110-04:01.38-982631(us) 19832 * wait_for_termination (mako.hh:538):      follower is waiting for being ended: 0/2, noops_cnt:0, replay_batch:750, wait_time:25s

/deptran/paxos/commo.cc:151] 2025-12-10 04:01:38.974 | ForwardToLearner: SENDING to learner site_id=3, slot=508
I [/opt/actions-runner/_work/mako-fast-reads/mako-fast-reads/src/deptran/paxos/commo.cc:125] 2025-12-10 04:01:39.058 | ForwardToLearner: par_id=0, slot=509, n=3, proxies.size=4, batch_idx=0
I [/opt/actions-runner/_work/mako-fast-reads/mako-fast-reads/src/deptran/paxos/commo.cc:151] 2025-12-10 04:01:39.058 | ForwardToLearner: SENDING to learner site_id=3, slot=509
I [/opt/actions-runner/_work/mako-fast-reads/mako-fast-reads/src/deptran/paxos/commo.cc:125] 2025-12-10 04:01:39.144 | ForwardToLearner: par_id=0, slot=510, n=3, proxies.size=4, batch_idx=0
I [/opt/actions-runner/_work/mako-fast-reads/mako-fast-reads/src/deptran/paxos/commo.cc:151] 2025-12-10 04:01:39.144 | ForwardToLearner: SENDING to learner site_id=3, slot=510
I [/opt/actions-runner/_work/mako-fast-reads/mako-fast-reads/src/deptran/paxos/commo.cc:125] 2025-12-10 04:01:39.194 | ForwardToLearner: par_id=0, slot=511, n=3, proxies.size=4, batch_idx=0
I [/opt/actions-runner/_work/mako-fast-reads/mako-fast-reads/src/deptran/paxos/commo.cc:151] 2025-12-10 04:01:39.194 | ForwardToLearner: SENDING to learner site_id=3, slot=511
I [/opt/actions-runner/_work/mako-fast-reads/mako-fast-reads/src/deptran/paxos/commo.cc:125] 2025-12-10 04:01:39.223 | ForwardToLearner: par_id=0, slot=512, n=3, proxies.size=4, batch_idx=0
I [/opt/actions-runner/_work/mako-fast-reads/mako-fast-reads/src/deptran/paxos/commo.cc:151] 2025-12-10 04:01:39.223 | ForwardToLearner: SENDING to learner site_id=3, slot=512
I [/opt/actions-runner/_work/mako-fast-reads/mako-fast-reads/src/deptran/paxos/commo.cc:125] 2025-12-10 04:01:39.270 | ForwardToLearner: par_id=1, slot=249, n=3, proxies.size=4, batch_idx=0
I [/opt/actions-runner/_work/mako-fast-reads/mako-fast-reads/src/deptran/paxos/commo.cc:151] 2025-12-10 04:01:39.270 | ForwardToLearner: SENDING to learner site_id=7, slot=249
I [/opt/actions-runner/_work/mako-fast-reads/mako-fast-reads/src/deptran/paxos/commo.cc:125] 2025-12-10 04:01:39.308 | ForwardToLearner: par_id=0, slot=513, n=3, proxies.size=4, batch_idx=0
I [/opt/actions-runner/_work/mako-fast-reads/mako-fast-reads/src/deptran/paxos/commo.cc:151] 2025-12-10 04:01:39.308 | ForwardToLearner: SENDING to learner site_id=3, slot=513
I [/opt/actions-runner/_work/mako-fast-reads/mako-fast-reads/src/deptran/paxos/commo.cc:125] 2025-12-10 04:01:39.399 | ForwardToLearner: par_id=0, slot=514, n=3, proxies.size=4, batch_idx=0
I [/opt/actions-runner/_work/mako-fast-reads/mako-fast-reads/src/deptran/paxos/commo.cc:151] 2025-12-10 04:01:39.399 | ForwardToLearner: SENDING to learner site_id=3, slot=514
I [/opt/actions-runner/_work/mako-fast-reads/mako-fast-reads/src/deptran/paxos/commo.cc:125] 2025-12-10 04:01:39.430 | ForwardToLearner: par_id=0, slot=515, n=3, proxies.size=4, batch_idx=0
I [/opt/actions-runner/_work/mako-fast-reads/mako-fast-reads/src/deptran/paxos/commo.cc:151] 2025-12-10 04:01:39.430 | ForwardToLearner: SENDING to learner site_id=3, slot=515
I [/opt/actions-runner/_work/mako-fast-reads/mako-fast-reads/src/deptran/paxos/commo.cc:125] 2025-12-10 04:01:39.496 | ForwardToLearner: par_id=0, slot=516, n=3, proxies.size=4, batch_idx=0
I [/opt/actions-runner/_work/mako-fast-reads/mako-fast-reads/src/deptran/paxos/commo.cc:151] 2025-12-10 04:01:39.496 | ForwardToLearner: SENDING to learner site_id=3, slot=516
I [/opt/actions-runner/_work/mako-fast-reads/mako-fast-reads/src/deptran/paxos/commo.cc:125] 2025-12-10 04:01:39.590 | ForwardToLearner: par_id=0, slot=517, n=3, proxies.size=4, batch_idx=0
I [/opt/actions-runner/_work/mako-fast-reads/mako-fast-reads/src/deptran/paxos/commo.cc:151] 2025-12-10 04:01:39.590 | ForwardToLearner: SENDING to learner site_id=3, slot=517
I [/opt/actions-runner/_work/mako-fast-reads/mako-fast-reads/src/deptran/paxos/commo.cc:125] 2025-12-10 04:01:39.592 | ForwardToLearner: par_id=0, slot=518, n=3, proxies.size=4, batch_idx=0
I [/opt/actions-runner/_work/mako-fast-reads/mako-fast-reads/src/deptran/paxos/commo.cc:151] 2025-12-10 04:01:39.592 | ForwardToLearne20251110-04:01.39-982717(us) 19832 * wait_for_termination (mako.hh:538):      follower is waiting for being ended: 0/2, noops_cnt:0, replay_batch:770, wait_time:26s

r: SENDING to learner site_id=3, slot=518
I [/opt/actions-runner/_work/mako-fast-reads/mako-fast-reads/src/deptran/paxos/commo.cc:125] 2025-12-10 04:01:39.679 | ForwardToLearner: par_id=0, slot=519, n=3, proxies.size=4, batch_idx=0
I [/opt/actions-runner/_work/mako-fast-reads/mako-fast-reads/src/deptran/paxos/commo.cc:151] 2025-12-10 04:01:39.679 | ForwardToLearner: SENDING to learner site_id=3, slot=519
I [/opt/actions-runner/_work/mako-fast-reads/mako-fast-reads/src/deptran/paxos/commo.cc:125] 2025-12-10 04:01:39.765 | ForwardToLearner: par_id=0, slot=520, n=3, proxies.size=4, batch_idx=0
I [/opt/actions-runner/_work/mako-fast-reads/mako-fast-reads/src/deptran/paxos/commo.cc:151] 2025-12-10 04:01:39.765 | ForwardToLearner: SENDING to learner site_id=3, slot=520
I [/opt/actions-runner/_work/mako-fast-reads/mako-fast-reads/src/deptran/paxos/commo.cc:125] 2025-12-10 04:01:39.793 | ForwardToLearner: par_id=1, slot=250, n=3, proxies.size=4, batch_idx=0
I [/opt/actions-runner/_work/mako-fast-reads/mako-fast-reads/src/deptran/paxos/commo.cc:151] 2025-12-10 04:01:39.793 | ForwardToLearner: SENDING to learner site_id=7, slot=250
I [/opt/actions-runner/_work/mako-fast-reads/mako-fast-reads/src/deptran/paxos/commo.cc:125] 2025-12-10 04:01:39.843 | ForwardToLearner: par_id=0, slot=521, n=3, proxies.size=4, batch_idx=0
I [/opt/actions-runner/_work/mako-fast-reads/mako-fast-reads/src/deptran/paxos/commo.cc:151] 2025-12-10 04:01:39.843 | ForwardToLearner: SENDING to learner site_id=3, slot=521
I [/opt/actions-runner/_work/mako-fast-reads/mako-fast-reads/src/deptran/paxos/commo.cc:125] 2025-12-10 04:01:39.932 | ForwardToLearner: par_id=0, slot=522, n=3, proxies.size=4, batch_idx=0
I [/opt/actions-runner/_work/mako-fast-reads/mako-fast-reads/src/deptran/paxos/commo.cc:151] 2025-12-10 04:01:39.932 | ForwardToLearner: SENDING to learner site_id=3, slot=522
I [/opt/actions-runner/_work/mako-fast-reads/mako-fast-reads/src/deptran/paxos/commo.cc:125] 2025-12-10 04:01:39.934 | ForwardToLearner: par_id=0, slot=523, n=3, proxies.size=4, batch_idx=0
I [/opt/actions-runner/_work/mako-fast-reads/mako-fast-reads/src/deptran/paxos/commo.cc:151] 2025-12-10 04:01:39.934 | ForwardToLearner: SENDING to learner site_id=3, slot=523
I [/opt/actions-runner/_work/mako-fast-reads/mako-fast-reads/src/deptran/paxos/commo.cc:125] 2025-12-10 04:01:39.982 | ForwardToLearner: par_id=0, slot=524, n=3, proxies.size=4, batch_idx=0
I [/opt/actions-runner/_work/mako-fast-reads/mako-fast-reads/src/deptran/paxos/commo.cc:151] 2025-12-10 04:01:39.982 | ForwardToLearner: SENDING to learner site_id=3, slot=524
I [/opt/actions-runner/_work/mako-fast-reads/mako-fast-reads/src/deptran/paxos/commo.cc:125] 2025-12-10 04:01:40.018 | ForwardToLearner: par_id=0, slot=525, n=3, proxies.size=4, batch_idx=0
I [/opt/actions-runner/_work/mako-fast-reads/mako-fast-reads/src/deptran/paxos/commo.cc:151] 2025-12-10 04:01:40.018 | ForwardToLearner: SENDING to learner site_id=3, slot=525
I [/opt/actions-runner/_work/mako-fast-reads/mako-fast-reads/src/deptran/paxos/commo.cc:125] 2025-12-10 04:01:40.106 | ForwardToLearner: par_id=0, slot=526, n=3, proxies.size=4, batch_idx=0
I [/opt/actions-runner/_work/mako-fast-reads/mako-fast-reads/src/deptran/paxos/commo.cc:151] 2025-12-10 04:01:40.106 | ForwardToLearner: SENDING to learner site_id=3, slot=526
I [/opt/actions-runner/_work/mako-fast-reads/mako-fast-reads/src/deptran/paxos/commo.cc:125] 2025-12-10 04:01:40.198 | ForwardToLearner: par_id=0, slot=527, n=3, proxies.size=4, batch_idx=0
I [/opt/actions-runner/_work/mako-fast-reads/mako-fast-reads/src/deptran/paxos/commo.cc:151] 2025-12-10 04:01:40.198 | ForwardToLearner: SENDING to learner site_id=3, slot=527
I [/opt/actions-runner/_work/mako-fast-reads/mako-fast-reads/src/deptran/paxos/commo.cc:125] 2025-12-10 04:01:40.260 | ForwardToLearner: par_id=1, slot=251, n=3, proxies.size=4, batch_idx=0
I [/opt/actions-runner/_work/mako-fast-reads/mako-fast-reads/src/deptran/paxos/commo.cc:151] 2025-12-10 04:01:40.260 | ForwardToLearner: SENDING to learner site_id=7, slot=251
I [/opt/actions-runner/_work/mako-fast-reads/mako-fast-reads/src/deptran/paxos/commo.cc:125] 2025-12-10 04:01:40.282 | ForwardToLearner: par_id=0, slot=528, n=3, proxies.size=4, batch_idx=0
I [/opt/actions-runner/_work/mako-fast-reads/mako-fast-reads/src/deptran/paxos/commo.cc:151] 2025-12-10 04:01:40.282 | ForwardToLearner: SENDING to learner site_id=3, slot=528
I [/opt/actions-runner/_work/mako-fast-reads/mako-fast-reads/src/deptran/paxos/commo.cc:125] 2025-12-10 04:01:40.365 | ForwardToLearner: par_id=0, slot=529, n=3, proxies.size=4, batch_idx=0
I [/opt/actions-runner/_work/mako-fast-reads/mako-fast-reads/src/deptran/paxos/commo.cc:151] 2025-12-10 04:01:40.365 | ForwardToLearner: SENDING to learner site_id=3, slot=529
I [/opt/actions-runner/_work/mako-fast-reads/mako-fast-reads/src/deptran/paxos/commo.cc:125] 2025-12-10 04:01:40.414 | ForwardToLearner: par_id=0, slot=530, n=3, proxies.size=4, batch_idx=0
I [/opt/actions-runner/_work/mako-fast-reads/mako-fast-reads/src/deptran/paxos/commo.cc:151] 2025-12-10 04:01:40.414 | ForwardToLearner: SENDING to learner site_id=3, slot=530
I [/opt/actions-runner/_work/mako-fast-reads/mako-fast-reads/src/deptran/paxos/commo.cc:125] 2025-12-10 04:01:40.420 | ForwardToLearner: par_id=0, slot=531, n=3, proxies.size=4, batch_idx=0
I [/opt/actions-runner/_work/mako-fast-reads/mako-fast-reads/src/deptran/paxos/commo.cc:151] 2025-12-10 04:01:40.420 | ForwardToLearner: SENDING to learner site_id=3, slot=531
I [/opt/actions-runner/_work/mako-fast-reads/mako-fast-reads/src/deptran/paxos/commo.cc:125] 2025-12-10 04:01:40.469 | ForwardToLearner: par_id=0, slot=532, n=3, proxies.size=4, batch_idx=0
I [/opt/actions-runner/_work/mako-fast-reads/mako-fast-reads/src/deptran/paxos/commo.cc:151] 2025-12-10 04:01:40.469 | ForwardToLearner: SENDING to learner site_id=3, slot=532
I [/opt/actions-runner/_work/mako-fast-reads/mako-fast-reads/src/deptran/paxos/commo.cc:125] 2025-12-10 04:01:40.569 | ForwardToLearner: par_id=0, slot=533, n=3, proxies.size=4, batch_idx=0
I [/opt/actions-runner/_work/mako-fast-reads/mako-fast-reads/src/deptran/paxos/commo.cc:151] 2025-12-10 04:01:40.569 | ForwardToLearner: SENDING to learner site_id=3, slot=533
I [/opt/actions-runner/_work/mako-fast-reads/mako-fast-reads/src/deptran/paxos/commo.cc:125] 2025-12-10 04:01:40.659 | ForwardToLearner: par_id=0, slot=534, n=3, proxies.size=4, batch_idx=0
I [/opt/actions-runner/_work/mako-fast-reads/mako-fast-reads/src/deptran/paxos/commo.cc:151] 2025-12-10 04:01:40.659 | ForwardToLearner: SENDING to learner site_id=3, slot=534
I [/opt/actions-runner/_work/mako-fast-reads/mako-fast-reads/src/deptran/paxos/commo.cc:125] 2025-12-10 04:01:40.744 | ForwardToLearner: par_id=0, slot=535, n=3, proxies.size=4, batch_idx=0
I [/opt/actions-runner/_work/mako-fast-reads/mako-fast-reads/src/deptran/paxos/commo.cc:151] 2025-12-10 04:01:40.744 | ForwardToLearner: SENDING to learner site_id=3, slot=535
I [/opt/actions-runner/_work/mako-fast-reads/mako-fast-reads/src/deptran/paxos/commo.cc:125] 2025-12-10 04:01:40.754 | ForwardToLearner: par_id=1, slot=252, n=3, proxies.size=4, batch_idx=0
I [/opt/actions-runner/_work/mako-fast-reads/mako-fast-reads/src/deptran/paxos/commo.cc:151] 2025-12-10 04:01:40.754 | ForwardToLearner: SENDING to learner site_id=7, slot=252
I [/opt/actions-runner/_work/mako-fast-reads/mako-fast-reads/src/deptran/paxos/commo.cc:125] 2025-12-10 04:01:40.832 | ForwardToLearner: par_id=0, slot=536, n=3, proxies.size=4, batch_idx=0
I [/opt/actions-runner/_work/mako-fast-reads/mako-fast-reads/src/deptran/paxos/commo.cc:151] 2025-12-10 04:01:40.832 | ForwardToLearner: SENDING to learner site_id=3, slot=536
I [/opt/actions-runner/_work/mako-fast-reads/mako-fast-reads/src/deptran/paxos/commo.cc:125] 2025-12-10 04:01:40.835 | ForwardToLearner: par_id=0, slot=537, n=3, proxies.size=4, batch_idx=0
I [/opt/actions-runner/_work/mako-fast-reads/mako-fast-reads/src/deptran/paxos/commo.cc:151] 2025-12-10 04:01:40.835 | ForwardToLearner: SENDING to learner site_id=3, slot=537
I [/opt/actions-runner/_work/mako-fast-reads/mako-fast-reads/src/deptran/paxos/commo.cc:125] 2025-20251110-04:01.40-982800(us) 19832 * wait_for_termination (mako.hh:538):      follower is waiting for being ended: 0/2, noops_cnt:0, replay_batch:787, wait_time:27s

12-10 04:01:40.913 | ForwardToLearner: par_id=0, slot=538, n=3, proxies.size=4, batch_idx=0
I [/opt/actions-runner/_work/mako-fast-reads/mako-fast-reads/src/deptran/paxos/commo.cc:151] 2025-12-10 04:01:40.913 | ForwardToLearner: SENDING to learner site_id=3, slot=538
I [/opt/actions-runner/_work/mako-fast-reads/mako-fast-reads/src/deptran/paxos/commo.cc:125] 2025-12-10 04:01:40.921 | ForwardToLearner: par_id=0, slot=539, n=3, proxies.size=4, batch_idx=0
I [/opt/actions-runner/_work/mako-fast-reads/mako-fast-reads/src/deptran/paxos/commo.cc:151] 2025-12-10 04:01:40.921 | ForwardToLearner: SENDING to learner site_id=3, slot=539
I [/opt/actions-runner/_work/mako-fast-reads/mako-fast-reads/src/deptran/paxos/commo.cc:125] 2025-12-10 04:01:41.015 | ForwardToLearner: par_id=0, slot=540, n=3, proxies.size=4, batch_idx=0
I [/opt/actions-runner/_work/mako-fast-reads/mako-fast-reads/src/deptran/paxos/commo.cc:151] 2025-12-10 04:01:41.015 | ForwardToLearner: SENDING to learner site_id=3, slot=540
I [/opt/actions-runner/_work/mako-fast-reads/mako-fast-reads/src/deptran/paxos/commo.cc:125] 2025-12-10 04:01:41.105 | ForwardToLearner: par_id=0, slot=541, n=3, proxies.size=4, batch_idx=0
I [/opt/actions-runner/_work/mako-fast-reads/mako-fast-reads/src/deptran/paxos/commo.cc:151] 2025-12-10 04:01:41.105 | ForwardToLearner: SENDING to learner site_id=3, slot=541
I [/opt/actions-runner/_work/mako-fast-reads/mako-fast-reads/src/deptran/paxos/commo.cc:125] 2025-12-10 04:01:41.193 | ForwardToLearner: par_id=0, slot=542, n=3, proxies.size=4, batch_idx=0
I [/opt/actions-runner/_work/mako-fast-reads/mako-fast-reads/src/deptran/paxos/commo.cc:151] 2025-12-10 04:01:41.193 | ForwardToLearner: SENDING to learner site_id=3, slot=542
I [/opt/actions-runner/_work/mako-fast-reads/mako-fast-reads/src/deptran/paxos/commo.cc:125] 2025-12-10 04:01:41.204 | ForwardToLearner: par_id=0, slot=543, n=3, proxies.size=4, batch_idx=0
I [/opt/actions-runner/_work/mako-fast-reads/mako-fast-reads/src/deptran/paxos/commo.cc:151] 2025-12-10 04:01:41.204 | ForwardToLearner: SENDING to learner site_id=3, slot=543
I [/opt/actions-runner/_work/mako-fast-reads/mako-fast-reads/src/deptran/paxos/commo.cc:125] 2025-12-10 04:01:41.227 | ForwardToLearner: par_id=1, slot=253, n=3, proxies.size=4, batch_idx=0
I [/opt/actions-runner/_work/mako-fast-reads/mako-fast-reads/src/deptran/paxos/commo.cc:151] 2025-12-10 04:01:41.227 | ForwardToLearner: SENDING to learner site_id=7, slot=253
I [/opt/actions-runner/_work/mako-fast-reads/mako-fast-reads/src/deptran/paxos/commo.cc:125] 2025-12-10 04:01:41.286 | ForwardToLearner: par_id=0, slot=544, n=3, proxies.size=4, batch_idx=0
I [/opt/actions-runner/_work/mako-fast-reads/mako-fast-reads/src/deptran/paxos/commo.cc:151] 2025-12-10 04:01:41.286 | ForwardToLearner: SENDING to learner site_id=3, slot=544
I [/opt/actions-runner/_work/mako-fast-reads/mako-fast-reads/src/deptran/paxos/commo.cc:125] 2025-12-10 04:01:41.372 | ForwardToLearner: par_id=0, slot=545, n=3, proxies.size=4, batch_idx=0
I [/opt/actions-runner/_work/mako-fast-reads/mako-fast-reads/src/deptran/paxos/commo.cc:151] 2025-12-10 04:01:41.372 | ForwardToLearner: SENDING to learner site_id=3, slot=545
I [/opt/actions-runner/_work/mako-fast-reads/mako-fast-reads/src/deptran/paxos/commo.cc:125] 2025-12-10 04:01:41.375 | ForwardToLearner: par_id=0, slot=546, n=3, proxies.size=4, batch_idx=0
I [/opt/actions-runner/_work/mako-fast-reads/mako-fast-reads/src/deptran/paxos/commo.cc:151] 2025-12-10 04:01:41.375 | ForwardToLearner: SENDING to learner site_id=3, slot=546
I [/opt/actions-runner/_work/mako-fast-reads/mako-fast-reads/src/deptran/paxos/commo.cc:125] 2025-12-10 04:01:41.460 | ForwardToLearner: par_id=0, slot=547, n=3, proxies.size=4, batch_idx=0
I [/opt/actions-runner/_work/mako-fast-reads/mako-fast-reads/src/deptran/paxos/commo.cc:151] 2025-12-10 04:01:41.460 | ForwardToLearner: SENDING to learner site_id=3, slot=547
I [/opt/actions-runner/_work/mako-fast-reads/mako-fast-reads/src/deptran/paxos/commo.cc:125] 2025-12-10 04:01:41.546 | ForwardToLearner: par_id=0, slot=548, n=3, proxie20251110-04:01.41-982883(us) 19832 * wait_for_termination (mako.hh:538):      follower is waiting for being ended: 0/2, noops_cnt:0, replay_batch:805, wait_time:28s

s.size=4, batch_idx=0
I [/opt/actions-runner/_work/mako-fast-reads/mako-fast-reads/src/deptran/paxos/commo.cc:151] 2025-12-10 04:01:41.546 | ForwardToLearner: SENDING to learner site_id=3, slot=548
I [/opt/actions-runner/_work/mako-fast-reads/mako-fast-reads/src/deptran/paxos/commo.cc:125] 2025-12-10 04:01:41.633 | ForwardToLearner: par_id=0, slot=549, n=3, proxies.size=4, batch_idx=0
I [/opt/actions-runner/_work/mako-fast-reads/mako-fast-reads/src/deptran/paxos/commo.cc:151] 2025-12-10 04:01:41.633 | ForwardToLearner: SENDING to learner site_id=3, slot=549
I [/opt/actions-runner/_work/mako-fast-reads/mako-fast-reads/src/deptran/paxos/commo.cc:125] 2025-12-10 04:01:41.660 | ForwardToLearner: par_id=0, slot=550, n=3, proxies.size=4, batch_idx=0
I [/opt/actions-runner/_work/mako-fast-reads/mako-fast-reads/src/deptran/paxos/commo.cc:151] 2025-12-10 04:01:41.660 | ForwardToLearner: SENDING to learner site_id=3, slot=550
I [/opt/actions-runner/_work/mako-fast-reads/mako-fast-reads/src/deptran/paxos/commo.cc:125] 2025-12-10 04:01:41.701 | ForwardToLearner: par_id=1, slot=254, n=3, proxies.size=4, batch_idx=0
I [/opt/actions-runner/_work/mako-fast-reads/mako-fast-reads/src/deptran/paxos/commo.cc:151] 2025-12-10 04:01:41.701 | ForwardToLearner: SENDING to learner site_id=7, slot=254
I [/opt/actions-runner/_work/mako-fast-reads/mako-fast-reads/src/deptran/paxos/commo.cc:125] 2025-12-10 04:01:41.720 | ForwardToLearner: par_id=0, slot=551, n=3, proxies.size=4, batch_idx=0
I [/opt/actions-runner/_work/mako-fast-reads/mako-fast-reads/src/deptran/paxos/commo.cc:151] 2025-12-10 04:01:41.720 | ForwardToLearner: SENDING to learner site_id=3, slot=551
I [/opt/actions-runner/_work/mako-fast-reads/mako-fast-reads/src/deptran/paxos/commo.cc:125] 2025-12-10 04:01:41.800 | ForwardToLearner: par_id=0, slot=552, n=3, proxies.size=4, batch_idx=0
I [/opt/actions-runner/_work/mako-fast-reads/mako-fast-reads/src/deptran/paxos/commo.cc:151] 2025-12-10 04:01:41.800 | ForwardToLearner: SENDING to learner site_id=3, slot=552
I [/opt/actions-runner/_work/mako-fast-reads/mako-fast-reads/src/deptran/paxos/commo.cc:125] 2025-12-10 04:01:41.844 | ForwardToLearner: par_id=0, slot=553, n=3, proxies.size=4, batch_idx=0
I [/opt/actions-runner/_work/mako-fast-reads/mako-fast-reads/src/deptran/paxos/commo.cc:151] 2025-12-10 04:01:41.844 | ForwardToLearner: SENDING to learner site_id=3, slot=553
I [/opt/actions-runner/_work/mako-fast-reads/mako-fast-reads/src/deptran/paxos/commo.cc:125] 2025-12-10 04:01:41.885 | ForwardToLearner: par_id=0, slot=554, n=3, proxies.size=4, batch_idx=0
I [/opt/actions-runner/_work/mako-fast-reads/mako-fast-reads/src/deptran/paxos/commo.cc:151] 2025-12-10 04:01:41.885 | ForwardToLearner: SENDING to learner site_id=3, slot=554
I [/opt/actions-runner/_work/mako-fast-reads/mako-fast-reads/src/deptran/paxos/commo.cc:125] 2025-12-10 04:01:41.966 | ForwardToLearner: par_id=0, slot=555, n=3, proxies.size=4, batch_idx=0
I [/opt/actions-runner/_work/mako-fast-reads/mako-fast-reads/src/deptran/paxos/commo.cc:151] 2025-12-10 04:01:41.966 | ForwardToLearner: SENDING to learner site_id=3, slot=555
I [/opt/actions-runner/_work/mako-fast-reads/mako-fast-reads/src/deptran/paxos/commo.cc:125] 2025-12-10 04:01:42.057 | ForwardToLearner: par_id=0, slot=556, n=3, proxies.size=4, batch_idx=0
I [/opt/actions-runner/_work/mako-fast-reads/mako-fast-reads/src/deptran/paxos/commo.cc:151] 2025-12-10 04:01:42.057 | ForwardToLearner: SENDING to learner site_id=3, slot=556
I [/opt/actions-runner/_work/mako-fast-reads/mako-fast-reads/src/deptran/paxos/commo.cc:125] 2025-12-10 04:01:42.094 | ForwardToLearner: par_id=0, slot=557, n=3, proxies.size=4, batch_idx=0
I [/opt/actions-runner/_work/mako-fast-reads/mako-fast-reads/src/deptran/paxos/commo.cc:151] 2025-12-10 04:01:42.094 | ForwardToLearner: SENDING to learner site_id=3, slot=557
I [/opt/actions-runner/_work/mako-fast-reads/mako-fast-reads/src/deptran/paxos/commo.cc:125] 2025-12-10 04:01:42.126 | ForwardToLearner: par_id=1, slot=255, n=3, proxies.size=4, batch_idx=0
I [/opt/actions-runner/_work/mako-fast-reads/mako-fast-reads/src/deptran/paxos/commo.cc:151] 2025-12-10 04:01:42.126 | ForwardToLearner: SENDING to learner site_id=7, slot=255
I [/opt/actions-runner/_work/mako-fast-reads/mako-fast-reads/src/deptran/paxos/commo.cc:125] 2025-12-10 04:01:42.156 | ForwardToLearner: par_id=0, slot=558, n=3, proxies.size=4, batch_idx=0
I [/opt/actions-runner/_work/mako-fast-reads/mako-fast-reads/src/deptran/paxos/commo.cc:151] 2025-12-10 04:01:42.156 | ForwardToLearner: SENDING to learner site_id=3, slot=558
I [/opt/actions-runner/_work/mako-fast-reads/mako-fast-reads/src/deptran/paxos/commo.cc:125] 2025-12-10 04:01:42.250 | ForwardToLearner: par_id=0, slot=559, n=3, proxies.size=4, batch_idx=0
I [/opt/actions-runner/_work/mako-fast-reads/mako-fast-reads/src/deptran/paxos/commo.cc:151] 2025-12-10 04:01:42.250 | ForwardToLearner: SENDING to learner site_id=3, slot=559
I [/opt/actions-runner/_work/mako-fast-reads/mako-fast-reads/src/deptran/paxos/commo.cc:125] 2025-12-10 04:01:42.320 | ForwardToLearner: par_id=0, slot=560, n=3, proxies.size=4, batch_idx=0
I [/opt/actions-runner/_work/mako-fast-reads/mako-fast-reads/src/deptran/paxos/commo.cc:151] 2025-12-10 04:01:42.320 | ForwardToLearner: SENDING to learner site_id=3, slot=560
I [/opt/actions-runner/_work/mako-fast-reads/mako-fast-reads/src/deptran/paxos/commo.cc:125] 2025-12-10 04:01:42.332 | ForwardToLearner: par_id=0, slot=561, n=3, proxies.size=4, batch_idx=0
I [/opt/actions-runner/_work/mako-fast-reads/mako-fast-reads/src/deptran/paxos/commo.cc:151] 2025-12-10 04:01:42.332 | ForwardToLearner: SENDING to learner site_id=3, slot=561
I [/opt/actions-runner/_work/mako-fast-reads/mako-fast-reads/src/deptran/paxos/commo.cc:125] 2025-12-10 04:01:42.426 | ForwardToLearner: par_id=0, slot=562, n=3, proxies.size=4, batch_idx=0
I [/opt/actions-runner/_work/mako-fast-reads/mako-fast-reads/src/deptran/paxos/commo.cc:151] 2025-12-10 04:01:42.426 | ForwardToLearner: SENDING to learner site_id=3, slot=562
I [/opt/actions-runner/_work/mako-fast-reads/mako-fast-reads/src/deptran/paxos/commo.cc:125] 2025-12-10 04:01:42.517 | ForwardToLearner: par_id=0, slot=563, n=3, proxies.size=4, batch_idx=0
I [/opt/actions-runner/_work/mako-fast-reads/mako-fast-reads/src/deptran/paxos/commo.cc:151] 2025-12-10 04:01:42.517 | ForwardToLearner: SENDING to learner site_id=3, slot=563
I [/opt/actions-runner/_work/mako-fast-reads/mako-fast-reads/src/deptran/paxos/commo.cc:125] 2025-12-10 04:01:42.565 | ForwardToLearner: par_id=0, slot=564, n=3, proxies.size=4, batch_idx=0
I [/opt/actions-runner/_work/mako-fast-reads/mako-fast-reads/src/deptran/paxos/commo.cc:151] 2025-12-10 04:01:42.565 | ForwardToLearner: SENDING to learner site_id=3, slot=564
I [/opt/actions-runner/_work/mako-fast-reads/mako-fast-reads/src/deptran/paxos/commo.cc:125] 2025-12-10 04:01:42.581 | ForwardToLearner: par_id=1, slot=256, n=3, proxies.size=4, batch_idx=0
I [/opt/actions-runner/_work/mako-fast-reads/mako-fast-reads/src/deptran/paxos/commo.cc:151] 2025-12-10 04:01:42.581 | ForwardToLearner: SENDING to learner site_id=7, slot=256
I [/opt/actions-runner/_work/mako-fast-reads/mako-fast-reads/src/deptran/paxos/commo.cc:125] 2025-12-10 04:01:42.608 | ForwardToLearner: par_id=0, slot=565, n=3, proxies.size=4, batch_idx=0
I [/opt/actions-runner/_work/mako-fast-reads/mako-fast-reads/src/deptran/paxos/commo.cc:151] 2025-12-10 04:01:42.608 | ForwardToLearner: SENDING to learner site_id=3, slot=565
I [/opt/actions-runner/_work/mako-fast-reads/mako-fast-reads/src/deptran/paxos/commo.cc:125] 2025-12-10 04:01:42.697 | ForwardToLearner: par_id=0, slot=566, n=3, proxies.size=4, batch_idx=0
I [/opt/actions-runner/_work/mako-fast-reads/mako-fast-reads/src/deptran/paxos/commo.cc:151] 2025-12-10 04:01:42.697 | ForwardToLearner: SENDING to learner site_id=3, slot=566
I [/opt/actions-runner/_work/mako-fast-reads/mako-fast-reads/src/deptran/paxos/commo.cc:125] 2025-12-10 04:01:42.757 | ForwardToLearner: par_id=0, slot=567, n=3, proxies.size=4, batch_idx=0
I [/opt/actions-runner/_work/mako-fast-reads/mako-fast-reads/src/deptran/paxos/commo.cc:151] 2025-12-10 04:01:42.757 |20251110-04:01.42-982969(us) 19832 * wait_for_termination (mako.hh:538):      follower is waiting for being ended: 0/2, noops_cnt:0, replay_batch:822, wait_time:29s

 ForwardToLearner: SENDING to learner site_id=3, slot=567
I [/opt/actions-runner/_work/mako-fast-reads/mako-fast-reads/src/deptran/paxos/commo.cc:125] 2025-12-10 04:01:42.792 | ForwardToLearner: par_id=0, slot=568, n=3, proxies.size=4, batch_idx=0
I [/opt/actions-runner/_work/mako-fast-reads/mako-fast-reads/src/deptran/paxos/commo.cc:151] 2025-12-10 04:01:42.792 | ForwardToLearner: SENDING to learner site_id=3, slot=568
I [/opt/actions-runner/_work/mako-fast-reads/mako-fast-reads/src/deptran/paxos/commo.cc:125] 2025-12-10 04:01:42.872 | ForwardToLearner: par_id=0, slot=569, n=3, proxies.size=4, batch_idx=0
I [/opt/actions-runner/_work/mako-fast-reads/mako-fast-reads/src/deptran/paxos/commo.cc:151] 2025-12-10 04:01:42.872 | ForwardToLearner: SENDING to learner site_id=3, slot=569
I [/opt/actions-runner/_work/mako-fast-reads/mako-fast-reads/src/deptran/paxos/commo.cc:125] 2025-12-10 04:01:42.957 | ForwardToLearner: par_id=0, slot=570, n=3, proxies.size=4, batch_idx=0
I [/opt/actions-runner/_work/mako-fast-reads/mako-fast-reads/src/deptran/paxos/commo.cc:151] 2025-12-10 04:01:42.957 | ForwardToLearner: SENDING to learner site_id=3, slot=570
I [/opt/actions-runner/_work/mako-fast-reads/mako-fast-reads/src/deptran/paxos/commo.cc:125] 2025-12-10 04:01:43.028 | ForwardToLearner: par_id=1, slot=257, n=3, proxies.size=4, batch_idx=0
I [/opt/actions-runner/_work/mako-fast-reads/mako-fast-reads/src/deptran/paxos/commo.cc:151] 2025-12-10 04:01:43.028 | ForwardToLearner: SENDING to learner site_id=7, slot=257
I [/opt/actions-runner/_work/mako-fast-reads/mako-fast-reads/src/deptran/paxos/commo.cc:125] 2025-12-10 04:01:43.036 | ForwardToLearner: par_id=0, slot=571, n=3, proxies.size=4, batch_idx=0
I [/opt/actions-runner/_work/mako-fast-reads/mako-fast-reads/src/deptran/paxos/commo.cc:151] 2025-12-10 04:01:43.036 | ForwardToLearner: SENDING to learner site_id=3, slot=571
I [/opt/actions-runner/_work/mako-fast-reads/mako-fast-reads/src/deptran/paxos/commo.cc:125] 2025-12-10 04:01:43.044 | ForwardToLearner: par_id=0, slot=572, n=3, proxies.size=4, batch_idx=0
I [/opt/actions-runner/_work/mako-fast-reads/mako-fast-reads/src/deptran/paxos/commo.cc:151] 2025-12-10 04:01:43.044 | ForwardToLearner: SENDING to learner site_id=3, slot=572
I [/opt/actions-runner/_work/mako-fast-reads/mako-fast-reads/src/deptran/paxos/commo.cc:125] 2025-12-10 04:01:43.134 | ForwardToLearner: par_id=0, slot=573, n=3, proxies.size=4, batch_idx=0
I [/opt/actions-runner/_work/mako-fast-reads/mako-fast-reads/src/deptran/paxos/commo.cc:151] 2025-12-10 04:01:43.134 | ForwardToLearner: SENDING to learner site_id=3, slot=573
I [/opt/actions-runner/_work/mako-fast-reads/mako-fast-reads/src/deptran/paxos/commo.cc:125] 2025-12-10 04:01:43.219 | ForwardToLearner: par_id=0, slot=574, n=3, proxies.size=4, batch_idx=0
I [/opt/actions-runner/_work/mako-fast-reads/mako-fast-reads/src/deptran/paxos/commo.cc:151] 2025-12-10 04:01:43.219 | ForwardToLearner: SENDING to learner site_id=3, slot=574
I [/opt/actions-runner/_work/mako-fast-reads/mako-fast-reads/src/deptran/paxos/commo.cc:125] 2025-12-10 04:01:43.249 | ForwardToLearner: par_id=0, slot=575, n=3, proxies.size=4, batch_idx=0
I [/opt/actions-runner/_work/mako-fast-reads/mako-fast-reads/src/deptran/paxos/commo.cc:151] 2025-12-10 04:01:43.249 | ForwardToLearner: SENDING to learner site_id=3, slot=575
I [/opt/actions-runner/_work/mako-fast-reads/mako-fast-reads/src/deptran/paxos/commo.cc:125] 2025-12-10 04:01:43.310 | ForwardToLearner: par_id=0, slot=576, n=3, proxies.size=4, batch_idx=0
I [/opt/actions-runner/_work/mako-fast-reads/mako-fast-reads/src/deptran/paxos/commo.cc:151] 2025-12-10 04:01:43.310 | ForwardToLearner: SENDING to learner site_id=3, slot=576
I [/opt/actions-runner/_work/mako-fast-reads/mako-fast-reads/src/deptran/paxos/commo.cc:125] 2025-12-10 04:01:43.393 | ForwardToLearner: par_id=0, slot=577, n=3, proxies.size=4, batch_idx=0
I [/opt/actions-runner/_work/mako-fast-reads/mako-fast-reads/src/deptran/paxos/commo.cc:151] 2025-12-10 04:01:43.393 | ForwardToLearner: SENDING to learner site_id=3, slot=577
I [/opt/acti20251110-04:01.43-983069(us) 19832 * wait_for_termination (mako.hh:538):      follower is waiting for being ended: 0/2, noops_cnt:0, replay_batch:839, wait_time:30s

ons-runner/_work/mako-fast-reads/mako-fast-reads/src/deptran/paxos/commo.cc:125] 2025-12-10 04:01:43.427 | ForwardToLearner: par_id=1, slot=258, n=3, proxies.size=4, batch_idx=0
I [/opt/actions-runner/_work/mako-fast-reads/mako-fast-reads/src/deptran/paxos/commo.cc:151] 2025-12-10 04:01:43.427 | ForwardToLearner: SENDING to learner site_id=7, slot=258
I [/opt/actions-runner/_work/mako-fast-reads/mako-fast-reads/src/deptran/paxos/commo.cc:125] 2025-12-10 04:01:43.493 | ForwardToLearner: par_id=0, slot=578, n=3, proxies.size=4, batch_idx=0
I [/opt/actions-runner/_work/mako-fast-reads/mako-fast-reads/src/deptran/paxos/commo.cc:151] 2025-12-10 04:01:43.493 | ForwardToLearner: SENDING to learner site_id=3, slot=578
I [/opt/actions-runner/_work/mako-fast-reads/mako-fast-reads/src/deptran/paxos/commo.cc:125] 2025-12-10 04:01:43.545 | ForwardToLearner: par_id=0, slot=579, n=3, proxies.size=4, batch_idx=0
I [/opt/actions-runner/_work/mako-fast-reads/mako-fast-reads/src/deptran/paxos/commo.cc:151] 2025-12-10 04:01:43.545 | ForwardToLearner: SENDING to learner site_id=3, slot=579
I [/opt/actions-runner/_work/mako-fast-reads/mako-fast-reads/src/deptran/paxos/commo.cc:125] 2025-12-10 04:01:43.573 | ForwardToLearner: par_id=0, slot=580, n=3, proxies.size=4, batch_idx=0
I [/opt/actions-runner/_work/mako-fast-reads/mako-fast-reads/src/deptran/paxos/commo.cc:151] 2025-12-10 04:01:43.573 | ForwardToLearner: SENDING to learner site_id=3, slot=580
I [/opt/actions-runner/_work/mako-fast-reads/mako-fast-reads/src/deptran/paxos/commo.cc:125] 2025-12-10 04:01:43.641 | ForwardToLearner: par_id=0, slot=581, n=3, proxies.size=4, batch_idx=0
I [/opt/actions-runner/_work/mako-fast-reads/mako-fast-reads/src/deptran/paxos/commo.cc:151] 2025-12-10 04:01:43.641 | ForwardToLearner: SENDING to learner site_id=3, slot=581
I [/opt/actions-runner/_work/mako-fast-reads/mako-fast-reads/src/deptran/paxos/commo.cc:125] 2025-12-10 04:01:43.652 | ForwardToLearner: par_id=0, slot=582, n=3, proxies.size=4, batch_idx=0
I [/opt/actions-runner/_work/mako-fast-reads/mako-fast-reads/src/deptran/paxos/commo.cc:151] 2025-12-10 04:01:43.652 | ForwardToLearner: SENDING to learner site_id=3, slot=582
I [/opt/actions-runner/_work/mako-fast-reads/mako-fast-reads/src/deptran/paxos/commo.cc:125] 2025-12-10 04:01:43.734 | ForwardToLearner: par_id=0, slot=583, n=3, proxies.size=4, batch_idx=0
I [/opt/actions-runner/_work/mako-fast-reads/mako-fast-reads/src/deptran/paxos/commo.cc:151] 2025-12-10 04:01:43.734 | ForwardToLearner: SENDING to learner site_id=3, slot=583
I [/opt/actions-runner/_work/mako-fast-reads/mako-fast-reads/src/deptran/paxos/commo.cc:125] 2025-12-10 04:01:43.796 | ForwardToLearner: par_id=1, slot=259, n=3, proxies.size=4, batch_idx=0
I [/opt/actions-runner/_work/mako-fast-reads/mako-fast-reads/src/deptran/paxos/commo.cc:151] 2025-12-10 04:01:43.796 | ForwardToLearner: SENDING to learner site_id=7, slot=259
I [/opt/actions-runner/_work/mako-fast-reads/mako-fast-reads/src/deptran/paxos/commo.cc:125] 2025-12-10 04:01:43.819 | ForwardToLearner: par_id=0, slot=584, n=3, proxies.size=4, batch_idx=0
I [/opt/actions-runner/_work/mako-fast-reads/mako-fast-reads/src/deptran/paxos/commo.cc:151] 2025-12-10 04:01:43.819 | ForwardToLearner: SENDING to learner site_id=3, slot=584
I [/opt/actions-runner/_work/mako-fast-reads/mako-fast-reads/src/deptran/paxos/commo.cc:125] 2025-12-10 04:01:43.917 | ForwardToLearner: par_id=0, slot=585, n=3, proxies.size=4, batch_idx=0
I [/opt/actions-runner/_work/mako-fast-reads/mako-fast-reads/src/deptran/paxos/commo.cc:151] 2025-12-10 04:01:43.917 | ForwardToLearner: SENDING to learner site_id=3, slot=585
I [/opt/actions-runner/_work/mako-fast-reads/mako-fast-reads/src/deptran/paxos/commo.cc:125] 2025-12-10 04:01:44.013 | ForwardToLearner: par_id=0, slot=586, n=3, proxies.size=4, batch_idx=0
I [/opt/actions-runner/_work/mako-fast-reads/mako-fast-reads/src/deptran/paxos/commo.cc:151] 2025-12-10 04:01:44.013 | ForwardToLearner: SENDING to learner site_id=3, slot=586
I [/opt/actions-runner/_work/mako-fast-reads/mako-fast-reads/src/deptran/paxos/commo.cc:125] 2025-12-10 04:01:44.050 | ForwardToLearner: par_id=0, slot=587, n=3, proxies.size=4, batch_idx=0
I [/opt/actions-runner/_work/mako-fast-reads/mako-fast-reads/src/deptran/paxos/commo.cc:151] 2025-12-10 04:01:44.050 | ForwardToLearner: SENDING to learner site_id=3, slot=587
I [/opt/actions-runner/_work/mako-fast-reads/mako-fast-reads/src/deptran/paxos/commo.cc:125] 2025-12-10 04:01:44.075 | ForwardToLearner: par_id=0, slot=588, n=3, proxies.size=4, batch_idx=0
I [/opt/actions-runner/_work/mako-fast-reads/mako-fast-reads/src/deptran/paxos/commo.cc:151] 2025-12-10 04:01:44.075 | ForwardToLearner: SENDING to learner site_id=3, slot=588
I [/opt/actions-runner/_work/mako-fast-reads/mako-fast-reads/src/deptran/paxos/commo.cc:125] 2025-12-10 04:01:44.096 | ForwardToLearner: par_id=0, slot=589, n=3, proxies.size=4, batch_idx=0
I [/opt/actions-runner/_work/mako-fast-reads/mako-fast-reads/src/deptran/paxos/commo.cc:151] 2025-12-10 04:01:44.096 | ForwardToLearner: SENDING to learner site_id=3, slot=589
I [/opt/actions-runner/_work/mako-fast-reads/mako-fast-reads/src/deptran/paxos/commo.cc:125] 2025-12-10 04:01:44.181 | ForwardToLearner: par_id=0, slot=590, n=3, proxies.size=4, batch_idx=0
I [/opt/actions-runner/_work/mako-fast-reads/mako-fast-reads/src/deptran/paxos/commo.cc:151] 2025-12-10 04:01:44.181 | ForwardToLearner: SENDING to learner site_id=3, slot=590
I [/opt/actions-runner/_work/mako-fast-reads/mako-fast-reads/src/deptran/paxos/commo.cc:125] 2025-12-10 04:01:44.239 | ForwardToLearner: par_id=1, slot=260, n=3, proxies.size=4, batch_idx=0
I [/opt/actions-runner/_work/mako-fast-reads/mako-fast-reads/src/deptran/paxos/commo.cc:151] 2025-12-10 04:01:44.239 | ForwardToLearner: SENDING to learner site_id=7, slot=260
I [/opt/actions-runner/_work/mako-fast-reads/mako-fast-reads/src/deptran/paxos/commo.cc:125] 2025-12-10 04:01:44.274 | ForwardToLearner: par_id=0, slot=591, n=3, proxies.size=4, batch_idx=0
I [/opt/actions-runner/_work/mako-fast-reads/mako-fast-reads/src/deptran/paxos/commo.cc:151] 2025-12-10 04:01:44.274 | ForwardToLearner: SENDING to learner site_id=3, slot=591
I [/opt/actions-runner/_work/mako-fast-reads/mako-fast-reads/src/deptran/paxos/commo.cc:125] 2025-12-10 04:01:44.368 | ForwardToLearner: par_id=0, slot=592, n=3, proxies.size=4, batch_idx=0
I [/opt/actions-runner/_work/mako-fast-reads/mako-fast-reads/src/deptran/paxos/commo.cc:151] 2025-12-10 04:01:44.368 | ForwardToLearner: SENDING to learner site_id=3, slot=592
I [/opt/actions-runner/_work/mako-fast-reads/mako-fast-reads/src/deptran/paxos/commo.cc:125] 2025-12-10 04:01:44.453 | ForwardToLearner: par_id=0, slot=593, n=3, proxies.size=4, batch_idx=0
I [/opt/actions-runner/_work/mako-fast-reads/mako-fast-reads/src/deptran/paxos/commo.cc:151] 2025-12-10 04:01:44.453 | ForwardToLearner: SENDING to learner site_id=3, slot=593
I [/opt/actions-runner/_work/mako-fast-reads/mako-fast-reads/src/deptran/paxos/commo.cc:125] 2025-12-10 04:01:44.470 | ForwardToLearner: par_id=0, slot=594, n=3, proxies.size=4, batch_idx=0
I [/opt/actions-runner/_work/mako-fast-reads/mako-fast-reads/src/deptran/paxos/commo.cc:151] 2025-12-10 04:01:44.470 | ForwardToLearner: SENDING to learner site_id=3, slot=594
I [/opt/actions-runner/_work/mako-fast-reads/mako-fast-reads/src/deptran/paxos/commo.cc:125] 2025-12-10 04:01:44.534 | ForwardToLearner: par_id=0, slot=595, n=3, proxies.size=4, batch_idx=0
I [/opt/actions-runner/_work/mako-fast-reads/mako-fast-reads/src/deptran/paxos/commo.cc:151] 2025-12-10 04:01:44.534 | ForwardToLearner: SENDING to learner site_id=3, slot=595
I [/opt/actions-runner/_work/mako-fast-reads/mako-fast-reads/src/deptran/paxos/commo.cc:125] 2025-12-10 04:01:44.548 | ForwardToLearner: par_id=0, slot=596, n=3, proxies.size=4, batch_idx=0
I [/opt/actions-runner/_work/mako-fast-reads/mako-fast-reads/src/deptran/paxos/commo.cc:151] 2025-12-10 04:01:44.548 | ForwardToLearner: SENDING to learner site_id=3, slot=596
I [/opt/actions-runner/_work/mako-fast-reads/mako-fast-reads/src/deptran/paxos/commo.cc:125] 2025-12-10 04:01:44.616 | ForwardToLearner: par_id=1, slot=20251110-04:01.44-983152(us) 19832 * wait_for_termination (mako.hh:538):      follower is waiting for being ended: 0/2, noops_cnt:0, replay_batch:860, wait_time:31s

261, n=3, proxies.size=4, batch_idx=0
I [/opt/actions-runner/_work/mako-fast-reads/mako-fast-reads/src/deptran/paxos/commo.cc:151] 2025-12-10 04:01:44.616 | ForwardToLearner: SENDING to learner site_id=7, slot=261
I [/opt/actions-runner/_work/mako-fast-reads/mako-fast-reads/src/deptran/paxos/commo.cc:125] 2025-12-10 04:01:44.617 | ForwardToLearner: par_id=0, slot=597, n=3, proxies.size=4, batch_idx=0
I [/opt/actions-runner/_work/mako-fast-reads/mako-fast-reads/src/deptran/paxos/commo.cc:151] 2025-12-10 04:01:44.617 | ForwardToLearner: SENDING to learner site_id=3, slot=597
I [/opt/actions-runner/_work/mako-fast-reads/mako-fast-reads/src/deptran/paxos/commo.cc:125] 2025-12-10 04:01:44.702 | ForwardToLearner: par_id=0, slot=598, n=3, proxies.size=4, batch_idx=0
I [/opt/actions-runner/_work/mako-fast-reads/mako-fast-reads/src/deptran/paxos/commo.cc:151] 2025-12-10 04:01:44.702 | ForwardToLearner: SENDING to learner site_id=3, slot=598
I [/opt/actions-runner/_work/mako-fast-reads/mako-fast-reads/src/deptran/paxos/commo.cc:125] 2025-12-10 04:01:44.800 | ForwardToLearner: par_id=0, slot=599, n=3, proxies.size=4, batch_idx=0
I [/opt/actions-runner/_work/mako-fast-reads/mako-fast-reads/src/deptran/paxos/commo.cc:151] 2025-12-10 04:01:44.800 | ForwardToLearner: SENDING to learner site_id=3, slot=599
I [/opt/actions-runner/_work/mako-fast-reads/mako-fast-reads/src/deptran/paxos/commo.cc:125] 2025-12-10 04:01:44.888 | ForwardToLearner: par_id=0, slot=600, n=3, proxies.size=4, batch_idx=0
I [/opt/actions-runner/_work/mako-fast-reads/mako-fast-reads/src/deptran/paxos/commo.cc:151] 2025-12-10 04:01:44.888 | ForwardToLearner: SENDING to learner site_id=3, slot=600
I [/opt/actions-runner/_work/mako-fast-reads/mako-fast-reads/src/deptran/paxos/commo.cc:125] 2025-12-10 04:01:44.892 | ForwardToLearner: par_id=0, slot=601, n=3, proxies.size=4, batch_idx=0
I [/opt/actions-runner/_work/mako-fast-reads/mako-fast-reads/src/deptran/paxos/commo.cc:151] 2025-12-10 04:01:44.892 | ForwardToLearner: SENDING to learner site_id=3, slot=601
I [/opt/actions-runner/_work/mako-fast-reads/mako-fast-reads/src/deptran/paxos/commo.cc:125] 2025-12-10 04:01:44.964 | ForwardToLearner: par_id=0, slot=602, n=3, proxies.size=4, batch_idx=0
I [/opt/actions-runner/_work/mako-fast-reads/mako-fast-reads/src/deptran/paxos/commo.cc:151] 2025-12-10 04:01:44.964 | ForwardToLearner: SENDING to learner site_id=3, slot=602
I [/opt/actions-runner/_work/mako-fast-reads/mako-fast-reads/src/deptran/paxos/commo.cc:125] 2025-12-10 04:01:44.978 | ForwardToLearner: par_id=0, slot=603, n=3, proxies.size=4, batch_idx=0
I [/opt/actions-runner/_work/mako-fast-reads/mako-fast-reads/src/deptran/paxos/commo.cc:151] 2025-12-10 04:01:44.978 | ForwardToLearner: SENDING to learner site_id=3, slot=603
I [/opt/actions-runner/_work/mako-fast-reads/mako-fast-reads/src/deptran/paxos/commo.cc:125] 2025-12-10 04:01:45.059 | ForwardToLearner: par_id=0, slot=604, n=3, proxies.size=4, batch_idx=0
I [/opt/actions-runner/_work/mako-fast-reads/mako-fast-reads/src/deptran/paxos/commo.cc:151] 2025-12-10 04:01:45.059 | ForwardToLearner: SENDING to learner site_id=3, slot=604
I [/opt/actions-runner/_work/mako-fast-reads/mako-fast-reads/src/deptran/paxos/commo.cc:125] 2025-12-10 04:01:45.136 | ForwardToLearner: par_id=1, slot=262, n=3, proxies.size=4, batch_idx=0
I [/opt/actions-runner/_work/mako-fast-reads/mako-fast-reads/src/deptran/paxos/commo.cc:151] 2025-12-10 04:01:45.136 | ForwardToLearner: SENDING to learner site_id=7, slot=262
I [/opt/actions-runner/_work/mako-fast-reads/mako-fast-reads/src/deptran/paxos/commo.cc:125] 2025-12-10 04:01:45.158 | ForwardToLearner: par_id=0, slot=605, n=3, proxies.size=4, batch_idx=0
I [/opt/actions-runner/_work/mako-fast-reads/mako-fast-reads/src/deptran/paxos/commo.cc:151] 2025-12-10 04:01:45.158 | ForwardToLearner: SENDING to learner site_id=3, slot=605
I [/opt/actions-runner/_work/mako-fast-reads/mako-fast-reads/src/deptran/paxos/commo.cc:125] 2025-12-10 04:01:45.244 | ForwardToLearner: par_id=0, slot=606, n=3, proxies.size=4, batch_idx=0
I [/opt/actions-runner/_work/mako-fast-reads/mako-fast-reads/src/deptran/paxos/commo.cc:151] 2025-12-10 04:01:45.244 | ForwardToLearner: SENDING to learner site_id=3, slot=606
I [/opt/actions-runner/_work/mako-fast-reads/mako-fast-reads/src/deptran/paxos/commo.cc:125] 2025-12-10 04:01:45.329 | ForwardToLearner: par_id=0, slot=607, n=3, proxies.size=4, batch_idx=0
I [/opt/actions-runner/_work/mako-fast-reads/mako-fast-reads/src/deptran/paxos/commo.cc:151] 2025-12-10 04:01:45.329 | ForwardToLearner: SENDING to learner site_id=3, slot=607
I [/opt/actions-runner/_work/mako-fast-reads/mako-fast-reads/src/deptran/paxos/commo.cc:125] 2025-12-10 04:01:45.361 | ForwardToLearner: par_id=0, slot=608, n=3, proxies.size=4, batch_idx=0
I [/opt/actions-runner/_work/mako-fast-reads/mako-fast-reads/src/deptran/paxos/commo.cc:151] 2025-12-10 04:01:45.361 | ForwardToLearner: SENDING to learner site_id=3, slot=608
I [/opt/actions-runner/_work/mako-fast-reads/mako-fast-reads/src/deptran/paxos/commo.cc:125] 2025-12-10 04:01:45.411 | ForwardToLearner: par_id=0, slot=609, n=3, proxies.size=4, batch_idx=0
I [/opt/actions-runner/_work/mako-fast-reads/mako-fast-reads/src/deptran/paxos/commo.cc:151] 2025-12-10 04:01:45.411 | ForwardToLearner: SENDING to learner site_id=3, slot=609
I [/opt/actions-runner/_work/mako-fast-reads/mako-fast-reads/src/deptran/paxos/commo.cc:125] 2025-12-10 04:01:45.492 | ForwardToLearner: par_id=0, slot=610, n=3, proxies.size=4, batch_idx=0
I [/opt/actions-runner/_work/mako-fast-reads/mako-fast-reads/src/deptran/paxos/commo.cc:151] 2025-12-10 04:01:45.492 | ForwardToLearner: SENDING to learner site_id=3, slot=610
I [/opt/actions-runner/_work/mako-fast-reads/mako-fast-reads/src/deptran/paxos/commo.cc:125] 2025-12-10 04:01:45.517 | ForwardToLearner: par_id=0, slot=611, n=3, proxies.size=4, batch_idx=0
I [/opt/actions-runner/_work/mako-fast-reads/mako-fast-reads/src/deptran/paxos/commo.cc:151] 2025-12-10 04:01:45.517 | ForwardToLearner: SENDING to learner site_id=3, slot=611
I [/opt/actions-runner/_work/mako-fast-reads/mako-fast-reads/src/deptran/paxos/commo.cc:125] 2025-12-10 04:01:45.563 | ForwardToLearner: par_id=1, slot=263, n=3, proxies.size=4, batch_idx=0
I [/opt/actions-runner/_work/mako-fast-reads/mako-fast-reads/src/deptran/paxos/commo.cc:151] 2025-12-10 04:01:45.563 | ForwardToLearner: SENDING to learner site_id=7, slot=263
I [/opt/actions-runner/_work/mako-fast-reads/mako-fast-reads/src/deptran/paxos/commo.cc:125] 2025-12-10 04:01:45.584 | ForwardToLearner: par_id=0, slot=612, n=3, proxies.size=4, batch_idx=0
I [/opt/actions-runner/_work/mako-fast-reads/mako-fast-reads/src/deptran/paxos/commo.cc:151] 2025-12-10 04:01:45.584 | ForwardToLearner: SENDING to learner site_id=3, slot=612
I [/opt/actions-runner/_work/mako-fast-reads/mako-fast-reads/src/deptran/paxos/commo.cc:125] 2025-12-10 04:01:45.638 | ForwardToLearner: par_id=1, slot=264, n=3, proxies.size=4, batch_idx=0
I [/opt/actions-runner/_work/mako-fast-reads/mako-fast-reads/src/deptran/paxos/commo.cc:151] 2025-12-10 04:01:45.638 | ForwardToLearner: SENDING to learner site_id=7, slot=264
I [/opt/actions-runner/_work/mako-fast-reads/mako-fast-reads/src/deptran/paxos/commo.cc:125] 2025-12-10 04:01:45.672 | ForwardToLearner: par_id=0, slot=613, n=3, proxies.size=4, batch_idx=0
I [/opt/actions-runner/_work/mako-fast-reads/mako-fast-reads/src/deptran/paxos/commo.cc:151] 2025-12-10 04:01:45.672 | ForwardToLearner: SENDING to learner site_id=3, slot=613
I [/opt/actions-runner/_work/mako-fast-reads/mako-fast-reads/src/deptran/paxos/commo.cc:125] 2025-12-10 04:01:45.759 | ForwardToLearner: par_id=0, slot=614, n=3, proxies.size=4, batch_idx=0
I [/opt/actions-runner/_work/mako-fast-reads/mako-fast-reads/src/deptran/paxos/commo.cc:151] 2025-12-10 04:01:45.759 | ForwardToLearner: SENDING to learner site_id=3, slot=614
I [/opt/actions-runner/_work/mako-fast-reads/mako-fast-reads/src/deptran/paxos/commo.cc:125] 2025-12-10 04:01:45.786 | ForwardToLearner: par_id=0, slot=615, n=3, proxies.size=4, batch_idx=0
I [/opt/actions-runner/_work/mako-fast-reads/mako-fast-reads/src/deptran/paxos/commo.cc:151] 2025-12-120251110-04:01.45-983220(us) 19832 * wait_for_termination (mako.hh:538):      follower is waiting for being ended: 0/2, noops_cnt:0, replay_batch:878, wait_time:32s

0 04:01:45.786 | ForwardToLearner: SENDING to learner site_id=3, slot=615
I [/opt/actions-runner/_work/mako-fast-reads/mako-fast-reads/src/deptran/paxos/commo.cc:125] 2025-12-10 04:01:45.847 | ForwardToLearner: par_id=0, slot=616, n=3, proxies.size=4, batch_idx=0
I [/opt/actions-runner/_work/mako-fast-reads/mako-fast-reads/src/deptran/paxos/commo.cc:151] 2025-12-10 04:01:45.847 | ForwardToLearner: SENDING to learner site_id=3, slot=616
I [/opt/actions-runner/_work/mako-fast-reads/mako-fast-reads/src/deptran/paxos/commo.cc:125] 2025-12-10 04:01:45.929 | ForwardToLearner: par_id=0, slot=617, n=3, proxies.size=4, batch_idx=0
I [/opt/actions-runner/_work/mako-fast-reads/mako-fast-reads/src/deptran/paxos/commo.cc:151] 2025-12-10 04:01:45.929 | ForwardToLearner: SENDING to learner site_id=3, slot=617
I [/opt/actions-runner/_work/mako-fast-reads/mako-fast-reads/src/deptran/paxos/commo.cc:125] 2025-12-10 04:01:45.939 | ForwardToLearner: par_id=0, slot=618, n=3, proxies.size=4, batch_idx=0
I [/opt/actions-runner/_work/mako-fast-reads/mako-fast-reads/src/deptran/paxos/commo.cc:151] 2025-12-10 04:01:45.939 | ForwardToLearner: SENDING to learner site_id=3, slot=618
I [/opt/actions-runner/_work/mako-fast-reads/mako-fast-reads/src/deptran/paxos/commo.cc:125] 2025-12-10 04:01:46.005 | ForwardToLearner: par_id=1, slot=265, n=3, proxies.size=4, batch_idx=0
I [/opt/actions-runner/_work/mako-fast-reads/mako-fast-reads/src/deptran/paxos/commo.cc:151] 2025-12-10 04:01:46.005 | ForwardToLearner: SENDING to learner site_id=7, slot=265
I [/opt/actions-runner/_work/mako-fast-reads/mako-fast-reads/src/deptran/paxos/commo.cc:125] 2025-12-10 04:01:46.027 | ForwardToLearner: par_id=0, slot=619, n=3, proxies.size=4, batch_idx=0
I [/opt/actions-runner/_work/mako-fast-reads/mako-fast-reads/src/deptran/paxos/commo.cc:151] 2025-12-10 04:01:46.027 | ForwardToLearner: SENDING to learner site_id=3, slot=619
I [/opt/actions-runner/_work/mako-fast-reads/mako-fast-reads/src/deptran/paxos/commo.cc:125] 2025-12-10 04:01:46.123 | ForwardToLearner: par_id=0, slot=620, n=3, proxies.size=4, batch_idx=0
I [/opt/actions-runner/_work/mako-fast-reads/mako-fast-reads/src/deptran/paxos/commo.cc:151] 2025-12-10 04:01:46.123 | ForwardToLearner: SENDING to learner site_id=3, slot=620
I [/opt/actions-runner/_work/mako-fast-reads/mako-fast-reads/src/deptran/paxos/commo.cc:125] 2025-12-10 04:01:46.179 | ForwardToLearner: par_id=0, slot=621, n=3, proxies.size=4, batch_idx=0
I [/opt/actions-runner/_work/mako-fast-reads/mako-fast-reads/src/deptran/paxos/commo.cc:151] 2025-12-10 04:01:46.179 | ForwardToLearner: SENDING to learner site_id=3, slot=621
I [/opt/actions-runner/_work/mako-fast-reads/mako-fast-reads/src/deptran/paxos/commo.cc:125] 2025-12-10 04:01:46.215 | ForwardToLearner: par_id=0, slot=622, n=3, proxies.size=4, batch_idx=0
I [/opt/actions-runner/_work/mako-fast-reads/mako-fast-reads/src/deptran/paxos/commo.cc:151] 2025-12-10 04:01:46.215 | ForwardToLearner: SENDING to learner site_id=3, slot=622
I [/opt/actions-runner/_work/mako-fast-reads/mako-fast-reads/src/deptran/paxos/commo.cc:125] 2025-12-10 04:01:46.295 | ForwardToLearner: par_id=0, slot=623, n=3, proxies.size=4, batch_idx=0
I [/opt/actions-runner/_work/mako-fast-reads/mako-fast-reads/src/deptran/paxos/commo.cc:151] 2025-12-10 04:01:46.295 | ForwardToLearner: SENDING to learner site_id=3, slot=623
I [/opt/actions-runner/_work/mako-fast-reads/mako-fast-reads/src/deptran/paxos/commo.cc:125] 2025-12-10 04:01:46.353 | ForwardToLearner: par_id=0, slot=624, n=3, proxies.size=4, batch_idx=0
I [/opt/actions-runner/_work/mako-fast-reads/mako-fast-reads/src/deptran/paxos/commo.cc:151] 2025-12-10 04:01:46.353 | ForwardToLearner: SENDING to learner site_id=3, slot=624
I [/opt/actions-runner/_work/mako-fast-reads/mako-fast-reads/src/deptran/paxos/commo.cc:125] 2025-12-10 04:01:46.380 | ForwardToLearner: par_id=0, slot=625, n=3, proxies.size=4, batch_idx=0
I [/opt/actions-runner/_work/mako-fast-reads/mako-fast-reads/src/deptran/paxos/commo.cc:151] 2025-12-10 04:01:46.380 | ForwardToLearner: SENDING to learner site_id=3, slot=20251110-04:01.46-983304(us) 19832 * wait_for_termination (mako.hh:538):      follower is waiting for being ended: 0/2, noops_cnt:0, replay_batch:896, wait_time:33s

625
I [/opt/actions-runner/_work/mako-fast-reads/mako-fast-reads/src/deptran/paxos/commo.cc:125] 2025-12-10 04:01:46.468 | ForwardToLearner: par_id=0, slot=626, n=3, proxies.size=4, batch_idx=0
I [/opt/actions-runner/_work/mako-fast-reads/mako-fast-reads/src/deptran/paxos/commo.cc:151] 2025-12-10 04:01:46.468 | ForwardToLearner: SENDING to learner site_id=3, slot=626
I [/opt/actions-runner/_work/mako-fast-reads/mako-fast-reads/src/deptran/paxos/commo.cc:125] 2025-12-10 04:01:46.484 | ForwardToLearner: par_id=1, slot=266, n=3, proxies.size=4, batch_idx=0
I [/opt/actions-runner/_work/mako-fast-reads/mako-fast-reads/src/deptran/paxos/commo.cc:151] 2025-12-10 04:01:46.484 | ForwardToLearner: SENDING to learner site_id=7, slot=266
I [/opt/actions-runner/_work/mako-fast-reads/mako-fast-reads/src/deptran/paxos/commo.cc:125] 2025-12-10 04:01:46.551 | ForwardToLearner: par_id=0, slot=627, n=3, proxies.size=4, batch_idx=0
I [/opt/actions-runner/_work/mako-fast-reads/mako-fast-reads/src/deptran/paxos/commo.cc:151] 2025-12-10 04:01:46.551 | ForwardToLearner: SENDING to learner site_id=3, slot=627
I [/opt/actions-runner/_work/mako-fast-reads/mako-fast-reads/src/deptran/paxos/commo.cc:125] 2025-12-10 04:01:46.600 | ForwardToLearner: par_id=0, slot=628, n=3, proxies.size=4, batch_idx=0
I [/opt/actions-runner/_work/mako-fast-reads/mako-fast-reads/src/deptran/paxos/commo.cc:151] 2025-12-10 04:01:46.600 | ForwardToLearner: SENDING to learner site_id=3, slot=628
I [/opt/actions-runner/_work/mako-fast-reads/mako-fast-reads/src/deptran/paxos/commo.cc:125] 2025-12-10 04:01:46.627 | ForwardToLearner: par_id=0, slot=629, n=3, proxies.size=4, batch_idx=0
I [/opt/actions-runner/_work/mako-fast-reads/mako-fast-reads/src/deptran/paxos/commo.cc:151] 2025-12-10 04:01:46.627 | ForwardToLearner: SENDING to learner site_id=3, slot=629
I [/opt/actions-runner/_work/mako-fast-reads/mako-fast-reads/src/deptran/paxos/commo.cc:125] 2025-12-10 04:01:46.714 | ForwardToLearner: par_id=0, slot=630, n=3, proxies.size=4, batch_idx=0
I [/opt/actions-runner/_work/mako-fast-reads/mako-fast-reads/src/deptran/paxos/commo.cc:151] 2025-12-10 04:01:46.714 | ForwardToLearner: SENDING to learner site_id=3, slot=630
I [/opt/actions-runner/_work/mako-fast-reads/mako-fast-reads/src/deptran/paxos/commo.cc:125] 2025-12-10 04:01:46.801 | ForwardToLearner: par_id=0, slot=631, n=3, proxies.size=4, batch_idx=0
I [/opt/actions-runner/_work/mako-fast-reads/mako-fast-reads/src/deptran/paxos/commo.cc:151] 2025-12-10 04:01:46.801 | ForwardToLearner: SENDING to learner site_id=3, slot=631
I [/opt/actions-runner/_work/mako-fast-reads/mako-fast-reads/src/deptran/paxos/commo.cc:125] 2025-12-10 04:01:46.805 | ForwardToLearner: par_id=0, slot=632, n=3, proxies.size=4, batch_idx=0
I [/opt/actions-runner/_work/mako-fast-reads/mako-fast-reads/src/deptran/paxos/commo.cc:151] 2025-12-10 04:01:46.805 | ForwardToLearner: SENDING to learner site_id=3, slot=632
I [/opt/actions-runner/_work/mako-fast-reads/mako-fast-reads/src/deptran/paxos/commo.cc:125] 2025-12-10 04:01:46.894 | ForwardToLearner: par_id=1, slot=267, n=3, proxies.size=4, batch_idx=0
I [/opt/actions-runner/_work/mako-fast-reads/mako-fast-reads/src/deptran/paxos/commo.cc:151] 2025-12-10 04:01:46.894 | ForwardToLearner: SENDING to learner site_id=7, slot=267
I [/opt/actions-runner/_work/mako-fast-reads/mako-fast-reads/src/deptran/paxos/commo.cc:125] 2025-12-10 04:01:46.900 | ForwardToLearner: par_id=0, slot=633, n=3, proxies.size=4, batch_idx=0
I [/opt/actions-runner/_work/mako-fast-reads/mako-fast-reads/src/deptran/paxos/commo.cc:151] 2025-12-10 04:01:46.900 | ForwardToLearner: SENDING to learner site_id=3, slot=633
I [/opt/actions-runner/_work/mako-fast-reads/mako-fast-reads/src/deptran/paxos/commo.cc:125] 2025-12-10 04:01:47.944 | ForwardToLearner: par_id=1, slot=268, n=3, proxies.size=4, batch_idx=0
I [/opt/actions-runner/_work/mako-fast-reads/mako-fast-reads/src/deptran/paxos/commo.cc:151] 2025-12-10 04:01:47.944 | ForwardToLearner: SENDING to learner site_id=7, slot=268
I [/opt/actions-runner/_work/mako-fast-reads/mako-fast-reads/src/d20251110-04:01.47-965773(us) 19832 ! operator()      (mako.hh:233):      Recieved a zero length log
20251110-04:01.47-966312(us) 19832 ! operator()      (mako.hh:233):      Recieved a zero length log
20251110-04:01.47-983384(us) 19832 * wait_for_termination (mako.hh:538):      follower is waiting for being ended: 2/2, noops_cnt:0, replay_batch:904, wait_time:34s

eptran/paxos/commo.cc:125] 2025-12-10 04:01:47.945 | ForwardToLearner: par_id=0, slot=634, n=3, proxies.size=4, batch_idx=0
I [/opt/actions-runner/_work/mako-fast-reads/mako-fast-reads/src/deptran/paxos/commo.cc:151] 2025-12-10 04:01:47.945 | ForwardToLearner: SENDING to learner site_id=3, slot=634
I [/opt/actions-runner/_work/mako-fast-reads/mako-fast-reads/src/deptran/paxos/commo.cc:125] 2025-12-10 04:01:47.954 | ForwardToLearner: par_id=0, slot=635, n=3, proxies.size=4, batch_idx=0
I [/opt/actions-runner/_work/mako-fast-reads/mako-fast-reads/src/deptran/paxos/commo.cc:151] 2025-12-10 04:01:47.954 | ForwardToLearner: SENDING to learner site_id=3, slot=635
I [/opt/actions-runner/_work/mako-fast-reads/mako-fast-reads/src/deptran/paxos/commo.cc:125] 2025-12-10 04:01:47.954 | ForwardToLearner: par_id=0, slot=636, n=3, proxies.size=4, batch_idx=0
I [/opt/actions-runner/_work/mako-fast-reads/mako-fast-reads/src/deptran/paxos/commo.cc:151] 2025-12-10 04:01:47.954 | ForwardToLearner: SENDING to learner site_id=3, slot=636
I [/opt/actions-runner/_work/mako-fast-reads/mako-fast-reads/src/deptran/paxos/commo.cc:125] 2025-12-10 04:01:47.965 | ForwardToLearner: par_id=1, slot=269, n=3, proxies.size=4, batch_idx=0
I [/opt/actions-runner/_work/mako-fast-reads/mako-fast-reads/src/deptran/paxos/commo.cc:151] 2025-12-10 04:01:47.965 | ForwardToLearner: SENDING to learner site_id=7, slot=269
I [/opt/actions-runner/_work/mako-fast-reads/mako-fast-reads/src/deptran/paxos/commo.cc:125] 2025-12-10 04:01:47.965 | ForwardToLearner: par_id=0, slot=637, n=3, proxies.size=4, batch_idx=0
I [/opt/actions-runner/_work/mako-fast-reads/mako-fast-reads/src/deptran/paxos/commo.cc:151] 2025-12-10 04:01:47.965 | ForwardToLearner: SENDING to learner site_id=3, slot=637
I [/opt/actions-runner/_work/mako-fast-reads/mako-fast-reads/src/deptran/paxos_worker.cc:140] 2025-12-10 04:01:47.965 | Recieved a zero length log
I [/opt/actions-runner/_work/mako-fast-reads/mako-fast-reads/src/deptran/paxos/commo.cc:125] 2025-12-10 04:01:47.966 | ForwardToLearner: par_id=1, slot=270, n=3, proxies.size=4, batch_idx=0
I [/opt/actions-runner/_work/mako-fast-reads/mako-fast-reads/src/deptran/paxos/commo.cc:151] 2025-12-10 04:01:47.966 | ForwardToLearner: SENDING to learner site_id=7, slot=270
I [/opt/actions-runner/_work/mako-fast-reads/mako-fast-reads/src/deptran/paxos/commo.cc:125] 2025-12-10 04:01:47.966 | ForwardToLearner: par_id=1, slot=271, n=3, proxies.size=4, batch_idx=0
I [/opt/actions-runner/_work/mako-fast-reads/mako-fast-reads/src/deptran/paxos/commo.cc:151] 2025-12-10 04:01:47.966 | ForwardToLearner: SENDING to learner site_id=7, slot=271
I [/opt/actions-runner/_work/mako-fast-reads/mako-fast-reads/src/deptran/paxos_worker.cc:140] 2025-12-10 04:01:47.966 | Recieved a zero length log
I [/opt/actions-runner/_work/mako-fast-reads/mako-fast-reads/src/deptran/paxos_main_helper.cc:999] 2025-12-10 04:01:49.983 | shutdown Server Control Service after task finish total submit 0
I [/opt/actions-runner/_work/mako-fast-reads/mako-fast-reads/src/deptran/benchmark_control_rpc.cc:43] 2025-12-10 04:01:49.983 | Shutdown Server Control Service
I [/opt/actions-runner/_work/mako-fast-reads/mako-fast-reads/src/deptran/benchmark_control_rpc.cc:43] 2025-12-10 04:01:49.983 | Shutdown Server Control Service
I [/opt/actions-runner/_work/mako-fast-reads/mako-fast-reads/src/deptran/paxos_main_helper.cc:311] 2025-12-10 04:01:49.983 | all server workers have shut down.
20251110-04:01.50-225763(us) 19832 ! SendToAll       (rrr_rpc_backend.cc:411): RPC error: 107
20251110-04:01.50-226862(us) 19832 ! SendToAll       (rrr_rpc_backend.cc:368): Failed to begin_request for shard 0
I [/opt/actions-runner/_work/mako-fast-reads/mako-fast-reads/src/deptran/paxos_worker.cc:288] 2025-12-10 04:01:50.083 | site s201 deleting services, num: 1 0 0 0
I [/opt/actions-runner/_work/mako-fast-reads/mako-fast-reads/src/deptran/paxos/server.h:47] 2025-12-10 04:01:50.133 | site par 0, loc 1: prepare 0, accept 637, commit 637
I [/opt/actions-runner/_work/mako-fast-reads/mako-fast-reads/src/deptran/paxos_worker.cc:288] 2025-12-10 04:01:50.138 | site s202 deleting services, num: 1 0 0 0
I [/opt/actions-runner/_work/mako-fast-reads/mako-fast-reads/src/deptran/paxos/server.h:47] 2025-12-10 04:01:50.188 | site par 1, loc 1: prepare 0, accept 271, commit 271
I [/opt/actions-runner/_work/mako-fast-reads/mako-fast-reads/src/deptran/paxos_worker.cc:649] 2025-12-10 04:01:50.240 | Ending worker with n_tot 0 and n_current 0
I [/opt/actions-runner/_work/mako-fast-reads/mako-fast-reads/src/deptran/paxos_worker.cc:649] 2025-12-10 04:01:50.258 | Ending worker with n_tot 0 and n_current 0
I [/opt/actions-runner/_work/mako-fast-reads/mako-fast-reads/src/deptran/paxos_main_helper.cc:332] 2025-12-10 04:01:50.266 | exit process.
