=========================================
Configuration:
=========================================
  Number of shards:  3
  Shard index:       2
  Number of threads: 2
  Cluster:           p1
  Micro benchmark:   disabled
  Replicated mode:   enabled
=========================================
20251110-03:35.21-58599(us) 19466 * ParseOldFormat  (configuration.cc:66): Using old configuration format
I [/opt/actions-runner/_work/mako-fast-reads/mako-fast-reads/src/deptran/paxos_main_helper.cc:78] 2025-12-10 03:35:21.059 | PWD : /opt/actions-runner/_work/mako-fast-reads/mako-fast-reads
I [/opt/actions-runner/_work/mako-fast-reads/mako-fast-reads/src/deptran/paxos_main_helper.cc:276] 2025-12-10 03:35:21.059 | starting process 19466
I [/opt/actions-runner/_work/mako-fast-reads/mako-fast-reads/src/deptran/config.cc:290] 2025-12-10 03:35:21.059 | LoadYML: config/1leader_2followers/paxos2_shardidx2.yml
I [/opt/actions-runner/_work/mako-fast-reads/mako-fast-reads/src/deptran/config.cc:290] 2025-12-10 03:35:21.059 | LoadYML: config/occ_paxos.yml
I [/opt/actions-runner/_work/mako-fast-reads/mako-fast-reads/src/deptran/paxos_main_helper.cc:285] 2025-12-10 03:35:21.059 | server_infos, number of sites: 2, proc_name: p1
I [/opt/actions-runner/_work/mako-fast-reads/mako-fast-reads/src/deptran/paxos_main_helper.cc:291] 2025-12-10 03:35:21.065 | parition id of each Paxos group is 1, site-name: s202, site-id: 5
I [/opt/actions-runner/_work/mako-fast-reads/mako-fast-reads/src/deptran/paxos_main_helper.cc:291] 2025-12-10 03:35:21.070 | parition id of each Paxos group is 0, site-name: s201, site-id: 1
I [/opt/actions-runner/_work/mako-fast-reads/mako-fast-reads/src/deptran/paxos_main_helper.cc:297] 2025-12-10 03:35:21.070 | running machine-id: 1
I [/opt/actions-runner/_work/mako-fast-reads/mako-fast-reads/src/deptran/paxos_main_helper.cc:92] 2025-12-10 03:35:21.070 | launching site: 1, bind address 0.0.0.0:19101
I [/opt/actions-runner/_work/mako-fast-reads/mako-fast-reads/src/deptran/paxos_main_helper.cc:106] 2025-12-10 03:35:21.070 | waiting for server setup threads.
I [/opt/actions-runner/_work/mako-fast-reads/mako-fast-reads/src/deptran/paxos_main_helper.cc:92] 2025-12-10 03:35:21.070 | launching site: 5, bind address 0.0.0.0:19102
I [/opt/actions-runner/_work/mako-fast-reads/mako-fast-reads/src/deptran/paxos_worker.cc:198] 2025-12-10 03:35:21.070 | [service]loc_id: 1, name: s201, proc: p1, id: 1
I [/opt/actions-runner/_work/mako-fast-reads/mako-fast-reads/src/deptran/paxos_worker.cc:198] 2025-12-10 03:35:21.070 | [service]loc_id: 1, name: s202, proc: p1, id: 5
starting server at 0.0.0.0:19101
starting server at 0.0.0.0:19102
I [/opt/actions-runner/_work/mako-fast-reads/mako-fast-reads/src/deptran/paxos_worker.cc:221] 2025-12-10 03:35:21.070 | Server s201 ready at 0.0.0.0:19101
I [/opt/actions-runner/_work/mako-fast-reads/mako-fast-reads/src/deptran/paxos_worker.cc:221] 2025-12-10 03:35:21.070 | Server s202 ready at 0.0.0.0:19102
I [/opt/actions-runner/_work/mako-fast-reads/mako-fast-reads/src/deptran/communicator.cc:14] 2025-12-10 03:35:21.070 | setup paxos communicator
I [/opt/actions-runner/_work/mako-fast-reads/mako-fast-reads/src/deptran/communicator.cc:14] 2025-12-10 03:35:21.070 | setup paxos communicator
I [/opt/actions-runner/_work/mako-fast-reads/mako-fast-reads/src/deptran/communicator.cc:175] 2025-12-10 03:35:21.070 | connect to site: 127.0.0.1:19001 (attempt 0)
I [/opt/actions-runner/_work/mako-fast-reads/mako-fast-reads/src/deptran/communicator.cc:175] 2025-12-10 03:35:21.070 | connect to site: 127.0.0.1:19001 (attempt 0)
I [/opt/actions-runner/_work/mako-fast-reads/mako-fast-reads/src/deptran/communicator.cc:175] 2025-12-10 03:35:21.070 | connect to site: 127.0.0.1:19101 (attempt 0)
I [/opt/actions-runner/_work/mako-fast-reads/mako-fast-reads/src/deptran/communicator.cc:175] 2025-12-10 03:35:21.070 | connect to site: 127.0.0.1:19101 (attempt 0)
I [/opt/actions-runner/_work/mako-fast-reads/mako-fast-reads/src/deptran/communicator.cc:175] 2025-12-10 03:35:21.070 | connect to site: 127.0.0.1:19201 (attempt 0)
I [/opt/actions-runner/_work/mako-fast-reads/mako-fast-reads/src/deptran/communicator.cc:175] 2025-12-10 03:35:21.070 | connect to site: 127.0.0.1:19201 (attempt 0)
I [/opt/actions-runner/_work/mako-fast-reads/mako-fast-reads/src/deptran/communicator.cc:175] 2025-12-10 03:35:21.070 | connect to site: 127.0.0.1:19301 (attempt 0)
I [/opt/actions-runner/_work/mako-fast-reads/mako-fast-reads/src/deptran/communicator.cc:175] 2025-12-10 03:35:21.070 | connect to site: 127.0.0.1:19301 (attempt 0)
I [/opt/actions-runner/_work/mako-fast-reads/mako-fast-reads/src/deptran/communicator.cc:175] 2025-12-10 03:35:21.070 | connect to site: 127.0.0.1:19002 (attempt 0)
I [/opt/actions-runner/_work/mako-fast-reads/mako-fast-reads/src/deptran/communicator.cc:175] 2025-12-10 03:35:21.070 | connect to site: 127.0.0.1:19002 (attempt 0)
I [/opt/actions-runner/_work/mako-fast-reads/mako-fast-reads/src/deptran/communicator.cc:175] 2025-12-10 03:35:21.070 | connect to site: 127.0.0.1:19102 (attempt 0)
I [/opt/actions-runner/_work/mako-fast-reads/mako-fast-reads/src/deptran/communicator.cc:175] 2025-12-10 03:35:21.070 | connect to site: 127.0.0.1:19102 (attempt 0)
I [/opt/actions-runner/_work/mako-fast-reads/mako-fast-reads/src/deptran/communicator.cc:175] 2025-12-10 03:35:21.070 | connect to site: 127.0.0.1:19202 (attempt 0)
I [/opt/actions-runner/_work/mako-fast-reads/mako-fast-reads/src/deptran/communicator.cc:175] 2025-12-10 03:35:21.070 | connect to site: 127.0.0.1:19202 (attempt 0)
I [/opt/actions-runner/_work/mako-fast-reads/mako-fast-reads/src/deptran/communicator.cc:175] 2025-12-10 03:35:21.070 | connect to site: 127.0.0.1:19302 (attempt 0)
I [/opt/actions-runner/_work/mako-fast-reads/mako-fast-reads/src/deptran/communicator.cc:175] 2025-12-10 03:35:21.070 | connect to site: 127.0.0.1:19302 (attempt 0)
I [/opt/actions-runner/_work/mako-fast-reads/mako-fast-reads/src/deptran/paxos_main_helper.cc:103] 2025-12-10 03:35:21.070 | site 1 launched!
I [/opt/actions-runner/_work/mako-fast-reads/mako-fast-reads/src/deptran/paxos_main_helper.cc:103] 2025-12-10 03:35:21.070 | site 5 launched!
I [/opt/actions-runner/_work/mako-fast-reads/mako-fast-reads/src/deptran/paxos_main_helper.cc:110] 2025-12-10 03:35:21.071 | done waiting for server setup threads.
I [/opt/actions-runner/_work/mako-fast-reads/mako-fast-reads/src/deptran/paxos_worker.cc:255] 2025-12-10 03:35:21.071 | heartbeat setup for s201 on 0.0.0.0:29101
I [/opt/actions-runner/_work/mako-fast-reads/mako-fast-reads/src/deptran/paxos_worker.cc:255] 2025-12-10 03:35:21.071 | heartbeat setup for s202 on 0.0.0.0:29102
I [/opt/actions-runner/_work/mako-fast-reads/mako-fast-reads/src/deptran/paxos_main_helper.cc:117] 2025-12-10 03:35:21.071 | server workers' communicators setup
allocator::Initialize()
  hugepgsize: 2097152
  use MADV_WILLNEED: 1
  mmap() region [0x74d4af800000, 0x74d4efa00000)
cpu0 owns [0x74d4af800000, 0x74d4cf800000)
cpu1 owns [0x74d4cf800000, 0x74d4ef800000)
Database Benchmark:
  pid: 19466
settings:
  num-cpus    : 32
  num-threads : 2
  shardIndex  : 2
  paxos_proc_name  : p1
  nshards     : 3
  is_micro    : 0
  is_replicated : 1
  var-encode  : yes
  allocator   : jemalloc
system properties:
  tuple_prefetch          : no
  btree_node_prefetch     : yes
20251110-03:35.24-71416(us) 19466 ! Init            (sync_util.hh:79):  the watermark is exchanging within the cluster: p1
20251110-03:35.24-71902(us) 19466 * ParseOldFormat  (configuration.cc:66): Using old configuration format
[TRANSPORT] Using default: rrr
20251110-03:35.24-72077(us) 19466 * Initialize      (rrr_rpc_backend.cc:58): RrrRpcBackend::Initialize: poll_thread_worker_ created, is_some=1
20251110-03:35.24-72106(us) 19466 * Initialize      (rrr_rpc_backend.cc:88): RrrRpcBackend initialized on 127.0.0.1:32203 (listening on 0.0.0.0:32203)
20251110-03:35.24-72111(us) 19466 * FastTransport   (fasttransport.cc:116): FastTransport initialized with rrr/rpc backend on 127.0.0.1:32203
20251110-03:35.24-72117(us) 19466 * RunEventLoop    (rrr_rpc_backend.cc:518): RrrRpcBackend::RunEventLoop: Starting event loop
20251110-03:35.24-372011(us) 19466 * ParseOldFormat  (configuration.cc:66): Using old configuration format
20251110-03:35.24-372272(us) 19466 * ParseOldFormat  (configuration.cc:66): Using old configuration format
I [/opt/actions-runner/_work/mako-fast-reads/mako-fast-reads/src/deptran/paxos/commo.cc:125] 2025-12-10 03:35:24.127 | ForwardToLearner: par_id=0, slot=1, n=3, proxies.size=4, batch_idx=0
I [/opt/actions-runner/_work/mako-fast-reads/mako-fast-reads/src/deptran/paxos/commo.cc:151] 2025-12-10 03:35:24.127 | ForwardToLearner: SENDING to learner site_id=3, slot=1
I [/opt/actions-runner/_work/mako-fast-reads/mako-fast-reads/src/deptran/paxos/commo.cc:125] 2025-12-10 03:35:24.198 | ForwardToLearner: par_id=1, slot=1, n=3, proxies.size=4, batch_idx=0
I [/opt/actions-runner/_work/mako-fast-reads/mako-fast-reads/src/deptran/paxos/commo.cc:151] 2025-12-10 03:35:24.198 | ForwardToLearner: SENDING to learner site_id=7, slot=1
I [/opt/actions-runner/_work/mako-fast-reads/mako-fast-reads/src/deptran/paxos/commo.cc:125] 2025-12-10 03:35:24.258 | ForwardToLearner: par_id=1, slot=2, n=3, proxies.size=4, batch_idx=0
I [/opt/actions-runner/_work/mako-fast-reads/mako-fast-reads/src/deptran/paxos/commo.cc:151] 2025-12-10 03:35:24.258 | ForwardToLearner: SENDING to learner site_id=7, slot=2
I [/opt/actions-runner/_work/mako-fast-reads/mako-fast-reads/src/deptran/paxos/commo.cc:125] 2025-12-10 03:35:24.288 | ForwardToLearner: par_id=1, slot=3, n=3, proxies.size=4, batch_idx=0
I [/opt/actions-runner/_work/mako-fast-reads/mako-fast-reads/src/deptran/paxos/commo.cc:151] 2025-12-10 03:35:24.288 | ForwardToLearner: SENDING to learner site_id=7, slot=3
I [/opt/actions-runner/_work/mako-fast-reads/mako-fast-reads/src/deptran/paxos/commo.cc:125] 2025-12-10 03:35:24.295 | ForwardToLearner: par_id=1, slot=4, n=3, proxies.size=4, batch_idx=0
I [/opt/actions-runner/_work/mako-fast-reads/mako-fast-reads/src/deptran/paxos/commo.cc:151] 2025-12-10 03:35:24.295 | ForwardToLearner: SENDING to learner site_id=7, slot=4
[TRANSPORT] Using default: rrr
20251110-03:35.24-372423(us) 19466 * Initialize      (rrr_rpc_backend.cc:58): RrrRpcBackend::Initialize: poll_thread_worker_ created, is_some=1
20251110-03:35.24-372451(us) 19466 * Initialize      (rrr_rpc_backend.cc:88): RrrRpcBackend initialized on 127.0.0.1:32204 (listening on 0.0.0.0:32204)
20251110-03:35.24-372456(us) 19466 * FastTransport   (fasttransport.cc:116): FastTransport initialized with rrr/rpc backend on 127.0.0.1:32204
20251110-03:35.24-372680(us) 19466 * ParseOldFormat  (configuration.cc:66): Using old configuration format
20251110-03:35.25-371786(us) 19466 * wait_for_termination (mako.hh:538):      follower is waiting for being ended: 0/2, noops_cnt:0, replay_batch:8, wait_time:1s

I [/opt/actions-runner/_work/mako-fast-reads/mako-fast-reads/src/deptran/paxos/commo.cc:125] 2025-12-10 03:35:24.583 | ForwardToLearner: par_id=0, slot=2, n=3, proxies.size=4, batch_idx=0
I [/opt/actions-runner/_work/mako-fast-reads/mako-fast-reads/src/deptran/paxos/commo.cc:151] 2025-12-10 03:35:24.583 | ForwardToLearner: SENDING to learner site_id=3, slot=2
I [/opt/actions-runner/_work/mako-fast-reads/mako-fast-reads/src/deptran/paxos/commo.cc:125] 2025-12-10 03:35:24.849 | ForwardToLearner: par_id=0, slot=3, n=3, proxies.size=4, batch_idx=0
I [/opt/actions-runner/_work/mako-fast-reads/mako-fast-reads/src/deptran/paxos/commo.cc:151] 2025-12-10 03:35:24.849 | ForwardToLearner: SENDING to learner site_id=3, slot=3
I [/opt/actions-runner/_work/mako-fast-reads/mako-fast-reads/src/deptran/paxos/commo.cc:125] 2025-12-10 03:35:25.115 | ForwardToLearner: par_id=0, slot=4, n=3, proxies.size=4, batch_idx=0
I [/opt/actions-runner/_work/mako-fast-reads/mako-fast-reads/src/deptran/paxos/commo.cc:151] 2025-12-10 03:35:25.115 | ForwardToLearner: SENDING to learner site_id=3, slot=4
I [/opt/actions-runner/_work/mako-fast-reads/mako-fast-reads/src/deptran/paxos/commo.cc:125] 2025-12-10 03:35:25.385 | ForwardToLearner: par_id=0, slot=5, n=3, proxies.size=4, batch_idx=0
I [/opt/actions-runner/_work/mako-fast-reads/mako-fast-reads/src/deptran/paxos/commo.cc:151] 2025-12-10 03:35:25.385 | ForwardToLearner: SENDING to learner site_id=3, slot=5
I [/opt/actions-runner/_work/mako-fast-reads/mako-fast-reads/src/deptran/paxos/commo.cc:125] 2025-12-10 03:35:25.656 | ForwardToLearner: par_id=0, slot=6, n=3, proxies.size=4, batch_idx=0
I [/opt/actions-runner/_work/mako-fast-reads/mako-fast-reads/src/deptran/paxos/commo.cc:151] 2025-12-10 03:35:25.656 | ForwardToLearner: SENDING to learner site_id=3, slot=6
I [/opt/actions-runner/_work/mako-fast-reads/mako-fast-reads/src/deptran/paxos/commo.cc:125] 2025-12-10 03:35:25.691 | ForwardToLearner: par_id=0, slot=7, n=3, proxies.size=4, batch_idx=0
I [/opt/actions-runner/_work/mako-fast-reads/mako-fast-reads/src/deptran/paxos/commo.cc:151] 2025-12-10 03:35:25.691 | ForwardToLearner: SENDING to learner site_id=3, slot=7
I [/opt/actions-runner/_work/mako-fast-reads/mako-fast-reads/src/deptran/paxos/commo.cc:125] 2025-12-10 03:35:25.693 | ForwardToLearner: par_id=0, slot=8, n=3, proxies.size=4, batch_idx=0
I [/opt/actions-runner/_work/mako-fast-reads/mako-fast-reads/src/deptran/paxos/commo.cc:151] 2025-12-10 03:35:25.693 | ForwardToLearner: SENDING to learner site_id=3, slot=8
I [/opt/actions-runner/_work/mako-fast-reads/mako-fast-reads/src/deptran/paxos/commo.cc:125] 2025-12-10 03:35:25.694 | ForwardToLearner: par_id=0, slot=9, n=3, proxies.size=4, batch_idx=0
I [/opt/actions-runner/_work/mako-fast-reads/mako-fast-reads/src/deptran/paxos/commo.cc:151] 2025-12-10 03:35:25.694 | ForwardToLearner: SENDING to learner site_id=3, slot=9
I [/opt/actions-runner/_work/mako-fast-reads/mako-fast-reads/src/deptran/paxos/commo.cc:125] 2025-12-10 03:35:25.695 | ForwardToLearner: par_id=0, slot=10, n=3, proxies.size=4, batch_idx=0
I [/opt/actions-runner/_work/mako-fast-reads/mako-fast-reads/src/deptran/paxos/commo.cc:151] 2025-12-10 03:35:25.695 | ForwardToLearner: SENDING to learner site_id=3, slot=10
I [/opt/actions-runner/_work/mako-fast-reads/mako-fast-reads/src/deptran/paxos/commo.cc:125] 2025-12-10 03:35:25.697 | ForwardToLearner: par_id=0, slot=11, n=3, proxies.size=4, batch_idx=0
I [/opt/actions-runner/_work/mako-fast-reads/mako-fast-reads/src/deptran/paxos/commo.cc:151] 2025-12-10 03:35:25.697 | ForwardToLearner: SENDING to learner site_id=3, slot=11
I [/opt/actions-runner/_work/mako-fast-reads/mako-fast-reads/src/deptran/paxos/commo.cc:125] 2025-12-10 03:35:25.698 | ForwardToLearner: par_id=0, slot=12, n=3, proxies.size=4, batch_idx=0
I [/opt/actions-runner/_work/mako-fast-reads/mako-fast-reads/src/deptran/paxos/commo.cc:151] 2025-12-10 03:35:25.698 | ForwardToLearner: SENDING to learner site_id=3, slot=12
I [/opt/actions-runner/_work/mako-fast-reads/mako-fast-reads/src/deptran/paxos/commo.cc:125] 2025-12-10 03:35:25.700 | ForwardToLearner: par_id=0, slot=13, n=3, proxies.size=4, batch_idx=0
I [/opt/actions-runner/_work/mako-fast-reads/mako-fast-reads/src/deptran/paxos/commo.cc:151] 2025-12-10 03:35:25.700 | ForwardToLearner: SENDING to learner site_id=3, slot=13
I [/opt/actions-runner/_work/mako-fast-reads/mako-fast-reads/src/deptran/paxos/commo.cc:125] 2025-12-10 03:35:25.701 | ForwardToLearner: par_id=0, slot=14, n=3, proxies.size=4, batch_idx=0
I [/opt/actions-runner/_work/mako-fast-reads/mako-fast-reads/src/deptran/paxos/commo.cc:151] 2025-12-10 03:35:25.701 | ForwardToLearner: SENDING to learner site_id=3, slot=14
I [/opt/actions-runner/_work/mako-fast-reads/mako-fast-reads/src/deptran/paxos/commo.cc:125] 2025-12-10 03:35:25.702 | ForwardToLearner: par_id=0, slot=15, n=3, proxies.size=4, batch_idx=0
I [/opt/actions-runner/_work/mako-fast-reads/mako-fast-reads/src/deptran/paxos/commo.cc:151] 2025-12-10 03:35:25.702 | ForwardToLearner: SENDING to learner site_id=3, slot=15
I [/opt/actions-runner/_work/mako-fast-reads/mako-fast-reads/src/deptran/paxos/commo.cc:125] 2025-12-10 03:35:25.704 | ForwardToLearner: par_id=0, slot=16, n=3, proxies.size=4, batch_idx=0
I [/opt/actions-runner/_work/mako-fast-reads/mako-fast-reads/src/deptran/paxos/commo.cc:151] 2025-12-10 03:35:25.704 | ForwardToLearner: SENDING to learner site_id=3, slot=16
I [/opt/actions-runner/_work/mako-fast-reads/mako-fast-reads/src/deptran/paxos/commo.cc:125] 2025-12-10 03:35:25.705 | ForwardToLearner: par_id=0, slot=17, n=3, proxies.size=4, batch_idx=0
I [/opt/actions-runner/_work/mako-fast-reads/mako-fast-reads/src/deptran/paxos/commo.cc:151] 2025-12-10 03:35:25.705 | ForwardToLearner: SENDING to learner site_id=3, slot=17
I [/opt/actions-runner/_work/mako-fast-reads/mako-fast-reads/src/deptran/paxos/commo.cc:125] 2025-12-10 03:35:25.707 | ForwardToLearner: par_id=0, slot=18, n=3, proxies.size=4, batch_idx=0
I [/opt/actions-runner/_work/mako-fast-reads/mako-fast-reads/src/deptran/paxos/commo.cc:151] 2025-12-10 03:35:25.707 | ForwardToLearner: SENDING to learner site_id=3, slot=18
I [/opt/actions-runner/_work/mako-fast-reads/mako-fast-reads/src/deptran/paxos/commo.cc:125] 2025-12-10 03:35:25.708 | ForwardToLearner: par_id=0, slot=19, n=3, proxies.size=4, batch_idx=0
I [/opt/actions-runner/_work/mako-fast-reads/mako-fast-reads/src/deptran/paxos/commo.cc:151] 2025-12-10 03:35:25.708 | ForwardToLearner: SENDING to learner site_id=3, slot=19
I [/opt/actions-runner/_work/mako-fast-reads/mako-fast-reads/src/deptran/paxos/commo.cc:125] 2025-12-10 03:35:25.711 | ForwardToLearner: par_id=0, slot=20, n=3, proxies.size=4, batch_idx=0
I [/opt/actions-runner/_work/mako-fast-reads/mako-fast-reads/src/deptran/paxos/commo.cc:151] 2025-12-10 03:35:25.711 | ForwardToLearner: SENDING to learner site_id=3, slot=20
I [/opt/actions-runner/_work/mako-fast-reads/mako-fast-reads/src/deptran/paxos/commo.cc:125] 2025-12-10 03:35:25.712 | ForwardToLearner: par_id=0, slot=21, n=3, proxies.size=4, batch_idx=0
I [/opt/actions-runner/_work/mako-fast-reads/mako-fast-reads/src/deptran/paxos/commo.cc:151] 2025-12-10 03:35:25.712 | ForwardToLearner: SENDING to learner site_id=3, slot=21
I [/opt/actions-runner/_work/mako-fast-reads/mako-fast-reads/src/deptran/paxos/commo.cc:125] 2025-12-10 03:35:25.714 | ForwardToLearner: par_id=0, slot=22, n=3, proxies.size=4, batch_idx=0
I [/opt/actions-runner/_work/mako-fast-reads/mako-fast-reads/src/deptran/paxos/commo.cc:151] 2025-12-10 03:35:25.714 | ForwardToLearner: SENDING to learner site_id=3, slot=22
I [/opt/actions-runner/_work/mako-fast-reads/mako-fast-reads/src/deptran/paxos/commo.cc:125] 2025-12-10 03:35:25.715 | ForwardToLearner: par_id=0, slot=23, n=3, proxies.size=4, batch_idx=0
I [/opt/actions-runner/_work/mako-fast-reads/mako-fast-reads/src/deptran/paxos/commo.cc:151] 2025-12-10 03:35:25.715 | ForwardToLearner: SENDING to learner site_id=3, slot=23
I [/opt/actions-runner/_work/mako-fast-reads/mako-fast-reads/src/deptran/paxos/commo.cc:125] 2025-12-10 03:35:25.717 | ForwardToLearner: par_id=0, slot=24, n=3, proxies.size=4, batch_idx=0
I [/opt/actions-runner/_work/mako-fast-reads/mako-fast-reads/src/deptran/paxos/commo.cc:151] 2025-12-10 03:35:25.717 | ForwardToLearner: SENDING to learner site_id=3, slot=24
I [/opt/actions-runner/_work/mako-fast-reads/mako-fast-reads/src/deptran/paxos/commo.cc:125] 2025-12-10 03:35:25.718 | ForwardToLearner: par_id=0, slot=25, n=3, proxies.size=4, batch_idx=0
I [/opt/actions-runner/_work/mako-fast-reads/mako-fast-reads/src/deptran/paxos/commo.cc:151] 2025-12-10 03:35:25.718 | ForwardToLearner: SENDING to learner site_id=3, slot=25
I [/opt/actions-runner/_work/mako-fast-reads/mako-fast-reads/src/deptran/paxos/commo.cc:125] 2025-12-10 03:35:25.720 | ForwardToLearner: par_id=0, slot=26, n=3, proxies.size=4, batch_idx=0
I [/opt/actions-runner/_work/mako-fast-reads/mako-fast-reads/src/deptran/paxos/commo.cc:151] 2025-12-10 03:35:25.720 | ForwardToLearner: SENDING to learner site_id=3, slot=26
I [/opt/actions-runner/_work/mako-fast-reads/mako-fast-reads/src/deptran/paxos/commo.cc:125] 2025-12-10 03:35:25.722 | ForwardToLearner: par_id=0, slot=27, n=3, proxies.size=4, batch_idx=0
I [/opt/actions-runner/_work/mako-fast-reads/mako-fast-reads/src/deptran/paxos/commo.cc:151] 2025-12-10 03:35:25.722 | ForwardToLearner: SENDING to learner site_id=3, slot=27
I [/opt/actions-runner/_work/mako-fast-reads/mako-fast-reads/src/deptran/paxos/commo.cc:125] 2025-12-10 03:35:25.723 | ForwardToLearner: par_id=0, slot=28, n=3, proxies.size=4, batch_idx=0
I [/opt/actions-runner/_work/mako-fast-reads/mako-fast-reads/src/deptran/paxos/commo.cc:151] 2025-12-10 03:35:25.723 | ForwardToLearner: SENDING to learner site_id=3, slot=28
I [/opt/actions-runner/_work/mako-fast-reads/mako-fast-reads/src/deptran/paxos/commo.cc:125] 2025-12-10 03:35:25.726 | ForwardToLearner: par_id=0, slot=29, n=3, proxies.size=4, batch_idx=0
I [/opt/actions-runner/_work/mako-fast-reads/mako-fast-reads/src/deptran/paxos/commo.cc:151] 2025-12-10 03:35:25.726 | ForwardToLearner: SENDING to learner site_id=3, slot=29
I [/opt/actions-runner/_work/mako-fast-reads/mako-fast-reads/src/deptran/paxos/commo.cc:125] 2025-12-10 03:35:25.728 | ForwardToLearner: par_id=0, slot=30, n=3, proxies.size=4, batch_idx=0
I [/opt/actions-runner/_work/mako-fast-reads/mako-fast-reads/src/deptran/paxos/commo.cc:151] 2025-12-10 03:35:25.728 | ForwardToLearner: SENDING to learner site_id=3, slot=30
I [/opt/actions-runner/_work/mako-fast-reads/mako-fast-reads/src/deptran/paxos/commo.cc:125] 2025-12-10 03:35:25.729 | ForwardToLearner: par_id=0, slot=31, n=3, proxies.size=4, batch_idx=0
I [/opt/actions-runner/_work/mako-fast-reads/mako-fast-reads/src/deptran/paxos/commo.cc:151] 2025-12-10 03:35:25.729 | ForwardToLearner: SENDING to learner site_id=3, slot=31
I [/opt/actions-runner/_work/mako-fast-reads/mako-fast-reads/src/deptran/paxos/commo.cc:125] 2025-12-10 03:35:25.731 | ForwardToLearner: par_id=0, slot=32, n=3, proxies.size=4, batch_idx=0
I [/opt/actions-runner/_work/mako-fast-reads/mako-fast-reads/src/deptran/paxos/commo.cc:151] 2025-12-10 03:35:25.731 | ForwardToLearner: SENDING to learner site_id=3, slot=32
I [/opt/actions-runner/_work/mako-fast-reads/mako-fast-reads/src/deptran/paxos/commo.cc:125] 2025-12-10 03:35:25.732 | ForwardToLearner: par_id=0, slot=33, n=3, proxies.size=4, batch_idx=0
I [/opt/actions-runner/_work/mako-fast-reads/mako-fast-reads/src/deptran/paxos/commo.cc:151] 2025-12-10 03:35:25.732 | ForwardToLearner: SENDING to learner site_id=3, slot=33
I [/opt/actions-runner/_work/mako-fast-reads/mako-fast-reads/src/deptran/paxos/commo.cc:125] 2025-12-10 03:35:25.734 | ForwardToLearner: par_id=0, slot=34, n=3, proxies.size=4, batch_idx=0
I [/opt/actions-runner/_work/mako-fast-reads/mako-fast-reads/src/deptran/paxos/commo.cc:151] 2025-12-10 03:35:25.734 | ForwardToLearner: SENDING to learner site_id=3, slot=34
I [/opt/actions-runner/_work/mako-fast-reads/mako-fast-reads/src/deptran/paxos/commo.cc:125] 2025-12-10 03:35:25.736 | ForwardToLearner: par_id=0, slot=35, n=3, proxies.size=4, batch_idx=0
I [/opt/actions-runner/_work/mako-fast-reads/mako-fast-reads/src/deptran/paxos/commo.cc:151] 2025-12-10 03:35:25.736 | ForwardToLearner: SENDING to learner site_id=3, slot=35
I [/opt/actions-runner/_work/mako-fast-reads/mako-fast-reads/src/deptran/paxos/commo.cc:125] 2025-12-10 03:35:25.738 | ForwardToLearner: par_id=0, slot=36, n=3, proxies.size=4, batch_idx=0
I [/opt/actions-runner/_work/mako-fast-reads/mako-fast-reads/src/deptran/paxos/commo.cc:151] 2025-12-10 03:35:25.738 | ForwardToLearner: SENDING to learner site_id=3, slot=36
I [/opt/actions-runner/_work/mako-fast-reads/mako-fast-reads/src/deptran/paxos/commo.cc:125] 2025-12-10 03:35:25.740 | ForwardToLearner: par_id=0, slot=37, n=3, proxies.size=4, batch_idx=0
I [/opt/actions-runner/_work/mako-fast-reads/mako-fast-reads/src/deptran/paxos/commo.cc:151] 2025-12-10 03:35:25.740 | ForwardToLearner: SENDING to learner site_id=3, slot=37
I [/opt/actions-runner/_work/mako-fast-reads/mako-fast-reads/src/deptran/paxos/commo.cc:125] 2025-12-10 03:35:25.742 | ForwardToLearner: par_id=0, slot=38, n=3, proxies.size=4, batch_idx=0
I [/opt/actions-runner/_work/mako-fast-reads/mako-fast-reads/src/deptran/paxos/commo.cc:151] 2025-12-10 03:35:25.742 | ForwardToLearner: SENDING to learner site_id=3, slot=38
I [/opt/actions-runner/_work/mako-fast-reads/mako-fast-reads/src/deptran/paxos/commo.cc:125] 2025-12-10 03:35:25.743 | ForwardToLearner: par_id=0, slot=39, n=3, proxies.size=4, batch_idx=0
I [/opt/actions-runner/_work/mako-fast-reads/mako-fast-reads/src/deptran/paxos/commo.cc:151] 2025-12-10 03:35:25.743 | ForwardToLearner: SENDING to learner site_id=3, slot=39
I [/opt/actions-runner/_work/mako-fast-reads/mako-fast-reads/src/deptran/paxos/commo.cc:125] 2025-12-10 03:35:25.745 | ForwardToLearner: par_id=0, slot=40, n=3, proxies.size=4, batch_idx=0
I [/opt/actions-runner/_work/mako-fast-reads/mako-fast-reads/src/deptran/paxos/commo.cc:151] 2025-12-10 03:35:25.745 | ForwardToLearner: SENDING to learner site_id=3, slot=40
I [/opt/actions-runner/_work/mako-fast-reads/mako-fast-reads/src/deptran/paxos/commo.cc:125] 2025-12-10 03:35:25.747 | ForwardToLearner: par_id=0, slot=41, n=3, proxies.size=4, batch_idx=0
I [/opt/actions-runner/_work/mako-fast-reads/mako-fast-reads/src/deptran/paxos/commo.cc:151] 2025-12-10 03:35:25.747 | ForwardToLearner: SENDING to learner site_id=3, slot=41
I [/opt/actions-runner/_work/mako-fast-reads/mako-fast-reads/src/deptran/paxos/commo.cc:125] 2025-12-10 03:35:25.748 | ForwardToLearner: par_id=0, slot=42, n=3, proxies.size=4, batch_idx=0
I [/opt/actions-runner/_work/mako-fast-reads/mako-fast-reads/src/deptran/paxos/commo.cc:151] 2025-12-10 03:35:25.748 | ForwardToLearner: SENDING to learner site_id=3, slot=42
I [/opt/actions-runner/_work/mako-fast-reads/mako-fast-reads/src/deptran/paxos/commo.cc:125] 2025-12-10 03:35:25.750 | ForwardToLearner: par_id=0, slot=43, n=3, proxies.size=4, batch_idx=0
I [/opt/actions-runner/_work/mako-fast-reads/mako-fast-reads/src/deptran/paxos/commo.cc:151] 2025-12-10 03:35:25.750 | ForwardToLearner: SENDING to learner site_id=3, slot=43
I [/opt/actions-runner/_work/mako-fast-reads/mako-fast-reads/src/deptran/paxos/commo.cc:125] 2025-12-10 03:35:25.752 | ForwardToLearner: par_id=0, slot=44, n=3, proxies.size=4, batch_idx=0
I [/opt/actions-runner/_work/mako-fast-reads/mako-fast-reads/src/deptran/paxos/commo.cc:151] 2025-12-10 03:35:25.752 | ForwardToLearner: SENDING to learner site_id=3, slot=44
I [/opt/actions-runner/_work/mako-fast-reads/mako-fast-reads/src/deptran/paxos/commo.cc:125] 2025-12-10 03:35:25.754 | ForwardToLearner: par_id=0, slot=45, n=3, proxies.size=4, batch_idx=0
I [/opt/actions-runner/_work/mako-fast-reads/mako-fast-reads/src/deptran/paxos/commo.cc:151] 2025-12-10 03:35:25.754 | ForwardToLearner: SENDING to learner site_id=3, slot=45
I [/opt/actions-runner/_work/mako-fast-reads/mako-fast-reads/src/deptran/paxos/commo.cc:125] 2025-12-10 03:35:25.756 | ForwardToLearner: par_id=0, slot=46, n=3, proxies.size=4, batch_idx=0
I [/opt/actions-runner/_work/mako-fast-reads/mako-fast-reads/src/deptran/paxos/commo.cc:151] 2025-12-10 03:35:25.756 | ForwardToLearner: SENDING to learner site_id=3, slot=46
I [/opt/actions-runner/_work/mako-fast-reads/mako-fast-reads/src/deptran/paxos/commo.cc:125] 2025-12-10 03:35:25.758 | ForwardToLearner: par_id=0, slot=47, n=3, proxies.size=4, batch_idx=0
I [/opt/actions-runner/_work/mako-fast-reads/mako-fast-reads/src/deptran/paxos/commo.cc:151] 2025-12-10 03:35:25.758 | ForwardToLearner: SENDING to learner site_id=3, slot=47
I [/opt/actions-runner/_work/mako-fast-reads/mako-fast-reads/src/deptran/paxos/commo.cc:125] 2025-12-10 03:35:25.759 | ForwardToLearner: par_id=0, slot=48, n=3, proxies.size=4, batch_idx=0
I [/opt/actions-runner/_work/mako-fast-reads/mako-fast-reads/src/deptran/paxos/commo.cc:151] 2025-12-10 03:35:25.759 | ForwardToLearner: SENDING to learner site_id=3, slot=48
I [/opt/actions-runner/_work/mako-fast-reads/mako-fast-reads/src/deptran/paxos/commo.cc:125] 2025-12-10 03:35:25.761 | ForwardToLearner: par_id=0, slot=49, n=3, proxies.size=4, batch_idx=0
I [/opt/actions-runner/_work/mako-fast-reads/mako-fast-reads/src/deptran/paxos/commo.cc:151] 2025-12-10 03:35:25.761 | ForwardToLearner: SENDING to learner site_id=3, slot=49
I [/opt/actions-runner/_work/mako-fast-reads/mako-fast-reads/src/deptran/paxos/commo.cc:125] 2025-12-10 03:35:25.763 | ForwardToLearner: par_id=0, slot=50, n=3, proxies.size=4, batch_idx=0
I [/opt/actions-runner/_work/mako-fast-reads/mako-fast-reads/src/deptran/paxos/commo.cc:151] 2025-12-10 03:35:25.763 | ForwardToLearner: SENDING to learner site_id=3, slot=50
I [/opt/actions-runner/_work/mako-fast-reads/mako-fast-reads/src/deptran/paxos/commo.cc:125] 2025-12-10 03:35:25.764 | ForwardToLearner: par_id=0, slot=51, n=3, proxies.size=4, batch_idx=0
I [/opt/actions-runner/_work/mako-fast-reads/mako-fast-reads/src/deptran/paxos/commo.cc:151] 2025-12-10 03:35:25.764 | ForwardToLearner: SENDING to learner site_id=3, slot=51
I [/opt/actions-runner/_work/mako-fast-reads/mako-fast-reads/src/deptran/paxos/commo.cc:125] 2025-12-10 03:35:25.767 | ForwardToLearner: par_id=0, slot=52, n=3, proxies.size=4, batch_idx=0
I [/opt/actions-runner/_work/mako-fast-reads/mako-fast-reads/src/deptran/paxos/commo.cc:151] 2025-12-10 03:35:25.767 | ForwardToLearner: SENDING to learner site_id=3, slot=52
I [/opt/actions-runner/_work/mako-fast-reads/mako-fast-reads/src/deptran/paxos/commo.cc:125] 2025-12-10 03:35:25.768 | ForwardToLearner: par_id=0, slot=53, n=3, proxies.size=4, batch_idx=0
I [/opt/actions-runner/_work/mako-fast-reads/mako-fast-reads/src/deptran/paxos/commo.cc:151] 2025-12-10 03:35:25.768 | ForwardToLearner: SENDING to learner site_id=3, slot=53
I [/opt/actions-runner/_work/mako-fast-reads/mako-fast-reads/src/deptran/paxos/commo.cc:125] 2025-12-10 03:35:25.770 | ForwardToLearner: par_id=0, slot=54, n=3, proxies.size=4, batch_idx=0
I [/opt/actions-runner/_work/mako-fast-reads/mako-fast-reads/src/deptran/paxos/commo.cc:151] 2025-12-10 03:35:25.770 | ForwardToLearner: SENDING to learner site_id=3, slot=54
I [/opt/actions-runner/_work/mako-fast-reads/mako-fast-reads/src/deptran/paxos/commo.cc:125] 2025-12-10 03:35:25.772 | ForwardToLearner: par_id=0, slot=55, n=3, proxies.size=4, batch_idx=0
I [/opt/actions-runner/_work/mako-fast-reads/mako-fast-reads/src/deptran/paxos/commo.cc:151] 2025-12-10 03:35:25.772 | ForwardToLearner: SENDING to learner site_id=3, slot=55
I [/opt/actions-runner/_work/mako-fast-reads/mako-fast-reads/src/deptran/paxos/commo.cc:125] 2025-12-10 03:35:25.774 | ForwardToLearner: par_id=0, slot=56, n=3, proxies.size=4, batch_idx=0
I [/opt/actions-runner/_work/mako-fast-reads/mako-fast-reads/src/deptran/paxos/commo.cc:151] 2025-12-10 03:35:25.774 | ForwardToLearner: SENDING to learner site_id=3, slot=56
I [/opt/actions-runner/_work/mako-fast-reads/mako-fast-reads/src/deptran/paxos/commo.cc:125] 2025-12-10 03:35:25.776 | ForwardToLearner: par_id=0, slot=57, n=3, proxies.size=4, batch_idx=0
I [/opt/actions-runner/_work/mako-fast-reads/mako-fast-reads/src/deptran/paxos/commo.cc:151] 2025-12-10 03:35:25.776 | ForwardToLearner: SENDING to learner site_id=3, slot=57
I [/opt/actions-runner/_work/mako-fast-reads/mako-fast-reads/src/deptran/paxos/commo.cc:125] 2025-12-10 03:35:25.777 | ForwardToLearner: par_id=0, slot=58, n=3, proxies.size=4, batch_idx=0
I [/opt/actions-runner/_work/mako-fast-reads/mako-fast-reads/src/deptran/paxos/commo.cc:151] 2025-12-10 03:35:25.777 | ForwardToLearner: SENDING to learner site_id=3, slot=58
I [/opt/actions-runner/_work/mako-fast-reads/mako-fast-reads/src/deptran/paxos/commo.cc:125] 2025-12-10 03:35:25.780 | ForwardToLearner: par_id=0, slot=59, n=3, proxies.size=4, batch_idx=0
I [/opt/actions-runner/_work/mako-fast-reads/mako-fast-reads/src/deptran/paxos/commo.cc:151] 2025-12-10 03:35:25.780 | ForwardToLearner: SENDING to learner site_id=3, slot=59
I [/opt/actions-runner/_work/mako-fast-reads/mako-fast-reads/src/deptran/paxos/commo.cc:125] 2025-12-10 03:35:25.781 | ForwardToLearner: par_id=0, slot=60, n=3, proxies.size=4, batch_idx=0
I [/opt/actions-runner/_work/mako-fast-reads/mako-fast-reads/src/deptran/paxos/commo.cc:151] 2025-12-10 03:35:25.781 | ForwardToLearner: SENDING to learner site_id=3, slot=60
I [/opt/actions-runner/_work/mako-fast-reads/mako-fast-reads/src/deptran/paxos/commo.cc:125] 2025-12-10 03:35:25.783 | ForwardToLearner: par_id=0, slot=61, n=3, proxies.size=4, batch_idx=0
I [/opt/actions-runner/_work/mako-fast-reads/mako-fast-reads/src/deptran/paxos/commo.cc:151] 2025-12-10 03:35:25.783 | ForwardToLearner: SENDING to learner site_id=3, slot=61
I [/opt/actions-runner/_work/mako-fast-reads/mako-fast-reads/src/deptran/paxos/commo.cc:125] 2025-12-10 03:35:25.785 | ForwardToLearner: par_id=0, slot=62, n=3, proxies.size=4, batch_idx=0
I [/opt/actions-runner/_work/mako-fast-reads/mako-fast-reads/src/deptran/paxos/commo.cc:151] 2025-12-10 03:35:25.785 | ForwardToLearner: SENDING to learner site_id=3, slot=62
I [/opt/actions-runner/_work/mako-fast-reads/mako-fast-reads/src/deptran/paxos/commo.cc:125] 2025-12-10 03:35:25.786 | ForwardToLearner: par_id=0, slot=63, n=3, proxies.size=4, batch_idx=0
I [/opt/actions-runner/_work/mako-fast-reads/mako-fast-reads/src/deptran/paxos/commo.cc:151] 2025-12-10 03:35:25.786 | ForwardToLearner: SENDING to learner site_id=3, slot=63
I [/opt/actions-runner/_work/mako-fast-reads/mako-fast-reads/src/deptran/paxos/commo.cc:125] 2025-12-10 03:35:25.788 | ForwardToLearner: par_id=0, slot=64, n=3, proxies.size=4, batch_idx=0
I [/opt/actions-runner/_work/mako-fast-reads/mako-fast-reads/src/deptran/paxos/commo.cc:151] 2025-12-10 03:35:25.788 | ForwardToLearner: SENDING to learner site_id=3, slot=64
I [/opt/actions-runner/_work/mako-fast-reads/mako-fast-reads/src/deptran/paxos/commo.cc:125] 2025-12-10 03:35:25.790 | ForwardToLearner: par_id=0, slot=65, n=3, proxies.size=4, batch_idx=0
I [/opt/actions-runner/_work/mako-fast-reads/mako-fast-reads/src/deptran/paxos/commo.cc:151] 2025-12-10 03:35:25.790 | ForwardToLearner: SENDING to learner site_id=3, slot=65
I [/opt/actions-runner/_work/mako-fast-reads/mako-fast-reads/src/deptran/paxos/commo.cc:125] 2025-12-10 03:35:25.792 | ForwardToLearner: par_id=0, slot=66, n=3, proxies.size=4, batch_idx=0
I [/opt/actions-runner/_work/mako-fast-reads/mako-fast-reads/src/deptran/paxos/commo.cc:151] 2025-12-10 03:35:25.792 | ForwardToLearner: SENDING to learner site_id=3, slot=66
I [/opt/actions-runner/_work/mako-fast-reads/mako-fast-reads/src/deptran/paxos/commo.cc:125] 2025-12-10 03:35:25.794 | ForwardToLearner: par_id=0, slot=67, n=3, proxies.size=4, batch_idx=0
I [/opt/actions-runner/_work/mako-fast-reads/mako-fast-reads/src/deptran/paxos/commo.cc:151] 2025-12-10 03:35:25.794 | ForwardToLearner: SENDING to learner site_id=3, slot=67
I [/opt/actions-runner/_work/mako-fast-reads/mako-fast-reads/src/deptran/paxos/commo.cc:125] 2025-12-10 03:35:25.795 | ForwardToLearner: par_id=0, slot=68, n=3, proxies.size=4, batch_idx=0
I [/opt/actions-runner/_work/mako-fast-reads/mako-fast-reads/src/deptran/paxos/commo.cc:151] 2025-12-10 03:35:25.795 | ForwardToLearner: SENDING to learner site_id=3, slot=68
I [/opt/actions-runner/_work/mako-fast-reads/mako-fast-reads/src/deptran/paxos/commo.cc:125] 2025-12-10 03:35:25.797 | ForwardToLearner: par_id=0, slot=69, n=3, proxies.size=4, batch_idx=0
I [/opt/actions-runner/_work/mako-fast-reads/mako-fast-reads/src/deptran/paxos/commo.cc:151] 2025-12-10 03:35:25.797 | ForwardToLearner: SENDING to learner site_id=3, slot=69
I [/opt/actions-runner/_work/mako-fast-reads/mako-fast-reads/src/deptran/paxos/commo.cc:125] 2025-12-10 03:35:25.799 | ForwardToLearner: par_id=0, slot=70, n=3, proxies.size=4, batch_idx=0
I [/opt/actions-runner/_work/mako-fast-reads/mako-fast-reads/src/deptran/paxos/commo.cc:151] 2025-12-10 03:35:25.799 | ForwardToLearner: SENDING to learner site_id=3, slot=70
I [/opt/actions-runner/_work/mako-fast-reads/mako-fast-reads/src/deptran/paxos/commo.cc:125] 2025-12-10 03:35:25.800 | ForwardToLearner: par_id=0, slot=71, n=3, proxies.size=4, batch_idx=0
I [/opt/actions-runner/_work/mako-fast-reads/mako-fast-reads/src/deptran/paxos/commo.cc:151] 2025-12-10 03:35:25.800 | ForwardToLearner: SENDING to learner site_id=3, slot=71
I [/opt/actions-runner/_work/mako-fast-reads/mako-fast-reads/src/deptran/paxos/commo.cc:125] 2025-12-10 03:35:25.802 | ForwardToLearner: par_id=0, slot=72, n=3, proxies.size=4, batch_idx=0
I [/opt/actions-runner/_work/mako-fast-reads/mako-fast-reads/src/deptran/paxos/commo.cc:151] 2025-12-10 03:35:25.802 | ForwardToLearner: SENDING to learner site_id=3, slot=72
I [/opt/actions-runner/_work/mako-fast-reads/mako-fast-reads/src/deptran/paxos/commo.cc:125] 2025-12-10 03:35:25.804 | ForwardToLearner: par_id=0, slot=73, n=3, proxies.size=4, batch_idx=0
I [/opt/actions-runner/_work/mako-fast-reads/mako-fast-reads/src/deptran/paxos/commo.cc:151] 2025-12-10 03:35:25.804 | ForwardToLearner: SENDING to learner site_id=3, slot=73
I [/opt/actions-runner/_work/mako-fast-reads/mako-fast-reads/src/deptran/paxos/commo.cc:125] 2025-12-10 03:35:25.807 | ForwardToLearner: par_id=0, slot=74, n=3, proxies.size=4, batch_idx=0
I [/opt/actions-runner/_work/mako-fast-reads/mako-fast-reads/src/deptran/paxos/commo.cc:151] 2025-12-10 03:35:25.807 | ForwardToLearner: SENDING to learner site_id=3, slot=74
I [/opt/actions-runner/_work/mako-fast-reads/mako-fast-reads/src/deptran/paxos/commo.cc:125] 2025-12-10 03:35:25.808 | ForwardToLearner: par_id=0, slot=75, n=3, proxies.size=4, batch_idx=0
I [/opt/actions-runner/_work/mako-fast-reads/mako-fast-reads/src/deptran/paxos/commo.cc:151] 2025-12-10 03:35:25.808 | ForwardToLearner: SENDING to learner site_id=3, slot=75
I [/opt/actions-runner/_work/mako-fast-reads/mako-fast-reads/src/deptran/paxos/commo.cc:125] 2025-12-10 03:35:25.810 | ForwardToLearner: par_id=0, slot=76, n=3, proxies.size=4, batch_idx=0
I [/opt/actions-runner/_work/mako-fast-reads/mako-fast-reads/src/deptran/paxos/commo.cc:151] 2025-12-10 03:35:25.810 | ForwardToLearner: SENDING to learner site_id=3, slot=76
I [/opt/actions-runner/_work/mako-fast-reads/mako-fast-reads/src/deptran/paxos/commo.cc:125] 2025-12-10 03:35:25.812 | ForwardToLearner: par_id=0, slot=77, n=3, proxies.size=4, batch_idx=0
I [/opt/actions-runner/_work/mako-fast-reads/mako-fast-reads/src/deptran/paxos/commo.cc:151] 2025-12-10 03:35:25.812 | ForwardToLearner: SENDING to learner site_id=3, slot=77
I [/opt/actions-runner/_work/mako-fast-reads/mako-fast-reads/src/deptran/paxos/commo.cc:125] 2025-12-10 03:35:25.814 | ForwardToLearner: par_id=0, slot=78, n=3, proxies.size=4, batch_idx=0
I [/opt/actions-runner/_work/mako-fast-reads/mako-fast-reads/src/deptran/paxos/commo.cc:151] 2025-12-10 03:35:25.814 | ForwardToLearner: SENDING to learner site_id=3, slot=78
I [/opt/actions-runner/_work/mako-fast-reads/mako-fast-reads/src/deptran/paxos/commo.cc:125] 2025-12-10 03:35:25.815 | ForwardToLearner: par_id=0, slot=79, n=3, proxies.size=4, batch_idx=0
I [/opt/actions-runner/_work/mako-fast-reads/mako-fast-reads/src/deptran/paxos/commo.cc:151] 2025-12-10 03:35:25.815 | ForwardToLearner: SENDING to learner site_id=3, slot=79
I [/opt/actions-runner/_work/mako-fast-reads/mako-fast-reads/src/deptran/paxos/commo.cc:125] 2025-12-10 03:35:25.817 | ForwardToLearner: par_id=0, slot=80, n=3, proxies.size=4, batch_idx=0
I [/opt/actions-runner/_work/mako-fast-reads/mako-fast-reads/src/deptran/paxos/commo.cc:151] 2025-12-10 03:35:25.817 | ForwardToLearner: SENDING to learner site_id=3, slot=80
I [/opt/actions-runner/_work/mako-fast-reads/mako-fast-reads/src/deptran/paxos/commo.cc:125] 2025-12-10 03:35:25.819 | ForwardToLearner: par_id=0, slot=81, n=3, proxies.size=4, batch_idx=0
I [/opt/actions-runner/_work/mako-fast-reads/mako-fast-reads/src/deptran/paxos/commo.cc:151] 2025-12-10 03:35:25.819 | ForwardToLearner: SENDING to learner site_id=3, slot=81
I [/opt/actions-runner/_work/mako-fast-reads/mako-fast-reads/src/deptran/paxos/commo.cc:125] 2025-12-10 03:35:25.821 | ForwardToLearner: par_id=0, slot=82, n=3, proxies.size=4, batch_idx=0
I [/opt/actions-runner/_work/mako-fast-reads/mako-fast-reads/src/deptran/paxos/commo.cc:151] 2025-12-10 03:35:25.821 | ForwardToLearner: SENDING to learner site_id=3, slot=82
I [/opt/actions-runner/_work/mako-fast-reads/mako-fast-reads/src/deptran/paxos/commo.cc:125] 2025-12-10 03:35:25.822 | ForwardToLearner: par_id=0, slot=83, n=3, proxies.size=4, batch_idx=0
I [/opt/actions-runner/_work/mako-fast-reads/mako-fast-reads/src/deptran/paxos/commo.cc:151] 2025-12-10 03:35:25.822 | ForwardToLearner: SENDING to learner site_id=3, slot=83
I [/opt/actions-runner/_work/mako-fast-reads/mako-fast-reads/src/deptran/paxos/commo.cc:125] 2025-12-10 03:35:25.824 | ForwardToLearner: par_id=0, slot=84, n=3, proxies.size=4, batch_idx=0
I [/opt/actions-runner/_work/mako-fast-reads/mako-fast-reads/src/deptran/paxos/commo.cc:151] 2025-12-10 03:35:25.824 | ForwardToLearner: SENDING to learner site_id=3, slot=84
I [/opt/actions-runner/_work/mako-fast-reads/mako-fast-reads/src/deptran/paxos/commo.cc:125] 2025-12-10 03:35:25.826 | ForwardToLearner: par_id=0, slot=85, n=3, proxies.size=4, batch_idx=0
I [/opt/actions-runner/_work/mako-fast-reads/mako-fast-reads/src/deptran/paxos/commo.cc:151] 2025-12-10 03:35:25.826 | ForwardToLearner: SENDING to learner site_id=3, slot=85
I [/opt/actions-runner/_work/mako-fast-reads/mako-fast-reads/src/deptran/paxos/commo.cc:125] 2025-12-10 03:35:25.827 | ForwardToLearner: par_id=0, slot=86, n=3, proxies.size=4, batch_idx=0
I [/opt/actions-runner/_work/mako-fast-reads/mako-fast-reads/src/deptran/paxos/commo.cc:151] 2025-12-10 03:35:25.827 | ForwardToLearner: SENDING to learner site_id=3, slot=86
I [/opt/actions-runner/_work/mako-fast-reads/mako-fast-reads/src/deptran/paxos/commo.cc:125] 2025-12-10 03:35:25.829 | ForwardToLearner: par_id=0, slot=87, n=3, proxies.size=4, batch_idx=0
I [/opt/actions-runner/_work/mako-fast-reads/mako-fast-reads/src/deptran/paxos/commo.cc:151] 2025-12-10 03:35:25.829 | ForwardToLearner: SENDING to learner site_id=3, slot=87
I [/opt/actions-runner/_work/mako-fast-reads/mako-fast-reads/src/deptran/paxos/commo.cc:125] 2025-12-10 03:35:25.831 | ForwardToLearner: par_id=0, slot=88, n=3, proxies.size=4, batch_idx=0
I [/opt/actions-runner/_work/mako-fast-reads/mako-fast-reads/src/deptran/paxos/commo.cc:151] 2025-12-10 03:35:25.831 | ForwardToLearner: SENDING to learner site_id=3, slot=88
I [/opt/actions-runner/_work/mako-fast-reads/mako-fast-reads/src/deptran/paxos/commo.cc:125] 2025-12-10 03:35:25.833 | ForwardToLearner: par_id=0, slot=89, n=3, proxies.size=4, batch_idx=0
I [/opt/actions-runner/_work/mako-fast-reads/mako-fast-reads/src/deptran/paxos/commo.cc:151] 2025-12-10 03:35:25.833 | ForwardToLearner: SENDING to learner site_id=3, slot=89
I [/opt/actions-runner/_work/mako-fast-reads/mako-fast-reads/src/deptran/paxos/commo.cc:125] 2025-12-10 03:35:25.835 | ForwardToLearner: par_id=0, slot=90, n=3, proxies.size=4, batch_idx=0
I [/opt/actions-runner/_work/mako-fast-reads/mako-fast-reads/src/deptran/paxos/commo.cc:151] 2025-12-10 03:35:25.835 | ForwardToLearner: SENDING to learner site_id=3, slot=90
I [/opt/actions-runner/_work/mako-fast-reads/mako-fast-reads/src/deptran/paxos/commo.cc:125] 2025-12-10 03:35:25.836 | ForwardToLearner: par_id=0, slot=91, n=3, proxies.size=4, batch_idx=0
I [/opt/actions-runner/_work/mako-fast-reads/mako-fast-reads/src/deptran/paxos/commo.cc:151] 2025-12-10 03:35:25.836 | ForwardToLearner: SENDING to learner site_id=3, slot=91
I [/opt/actions-runner/_work/mako-fast-reads/mako-fast-reads/src/deptran/paxos/commo.cc:125] 2025-12-10 03:35:25.838 | ForwardToLearner: par_id=0, slot=92, n=3, proxies.size=4, batch_idx=0
I [/opt/actions-runner/_work/mako-fast-reads/mako-fast-reads/src/deptran/paxos/commo.cc:151] 2025-12-10 03:35:25.838 | ForwardToLearner: SENDING to learner site_id=3, slot=92
I [/opt/actions-runner/_work/mako-fast-reads/mako-fast-reads/src/deptran/paxos/commo.cc:125] 2025-12-10 03:35:25.840 | ForwardToLearner: par_id=0, slot=93, n=3, proxies.size=4, batch_idx=0
I [/opt/actions-runner/_work/mako-fast-reads/mako-fast-reads/src/deptran/paxos/commo.cc:151] 2025-12-10 03:35:25.840 | ForwardToLearner: SENDING to learner site_id=3, slot=93
I [/opt/actions-runner/_work/mako-fast-reads/mako-fast-reads/src/deptran/paxos/commo.cc:125] 2025-12-10 03:35:25.842 | ForwardToLearner: par_id=0, slot=94, n=3, proxies.size=4, batch_idx=0
I [/opt/actions-runner/_work/mako-fast-reads/mako-fast-reads/src/deptran/paxos/commo.cc:151] 2025-12-10 03:35:25.842 | ForwardToLearner: SENDING to learner site_id=3, slot=94
I [/opt/actions-runner/_work/mako-fast-reads/mako-fast-reads/src/deptran/paxos/commo.cc:125] 2025-12-10 03:35:25.844 | ForwardToLearner: par_id=0, slot=95, n=3, proxies.size=4, batch_idx=0
I [/opt/actions-runner/_work/mako-fast-reads/mako-fast-reads/src/deptran/paxos/commo.cc:151] 2025-12-10 03:35:25.844 | ForwardToLearner: SENDING to learner site_id=3, slot=95
I [/opt/actions-runner/_work/mako-fast-reads/mako-fast-reads/src/deptran/paxos/commo.cc:125] 2025-12-10 03:35:25.845 | ForwardToLearner: par_id=0, slot=96, n=3, proxies.size=4, batch_idx=0
I [/opt/actions-runner/_work/mako-fast-reads/mako-fast-reads/src/deptran/paxos/commo.cc:151] 2025-12-10 03:35:25.845 | ForwardToLearner: SENDING to learner site_id=3, slot=96
I [/opt/actions-runner/_work/mako-fast-reads/mako-fast-reads/src/deptran/paxos/commo.cc:125] 2025-12-10 03:35:25.847 | ForwardToLearner: par_id=0, slot=97, n=3, proxies.size=4, batch_idx=0
I [/opt/actions-runner/_work/mako-fast-reads/mako-fast-reads/src/deptran/paxos/commo.cc:151] 2025-12-10 03:35:25.847 | ForwardToLearner: SENDING to learner site_id=3, slot=97
I [/opt/actions-runner/_work/mako-fast-reads/mako-fast-reads/src/deptran/paxos/commo.cc:125] 2025-12-10 03:35:25.849 | ForwardToLearner: par_id=0, slot=98, n=3, proxies.size=4, batch_idx=0
I [/opt/actions-runner/_work/mako-fast-reads/mako-fast-reads/src/deptran/paxos/commo.cc:151] 2025-12-10 03:35:25.849 | ForwardToLearner: SENDING to learner site_id=3, slot=98
I [/opt/actions-runner/_work/mako-fast-reads/mako-fast-reads/src/deptran/paxos/commo.cc:125] 2025-12-10 03:35:25.851 | ForwardToLearner: par_id=0, slot=99, n=3, proxies.size=4, batch_idx=0
I [/opt/actions-runner/_work/mako-fast-reads/mako-fast-reads/src/deptran/paxos/commo.cc:151] 2025-12-10 03:35:25.851 | ForwardToLearner: SENDING to learner site_id=3, slot=99
I [/opt/actions-runner/_work/mako-fast-reads/mako-fast-reads/src/deptran/paxos/commo.cc:125] 2025-12-10 03:35:25.852 | ForwardToLearner: par_id=0, slot=100, n=3, proxies.size=4, batch_idx=0
I [/opt/actions-runner/_work/mako-fast-reads/mako-fast-reads/src/deptran/paxos/commo.cc:151] 2025-12-10 03:35:25.852 | ForwardToLearner: SENDING to learner site_id=3, slot=100
I [/opt/actions-runner/_work/mako-fast-reads/mako-fast-reads/src/deptran/paxos/commo.cc:125] 2025-12-10 03:35:25.854 | ForwardToLearner: par_id=0, slot=101, n=3, proxies.size=4, batch_idx=0
I [/opt/actions-runner/_work/mako-fast-reads/mako-fast-reads/src/deptran/paxos/commo.cc:151] 2025-12-10 03:35:25.854 | ForwardToLearner: SENDING to learner site_id=3, slot=101
I [/opt/actions-runner/_work/mako-fast-reads/mako-fast-reads/src/deptran/paxos/commo.cc:125] 2025-12-10 03:35:25.856 | ForwardToLearner: par_id=0, slot=102, n=3, proxies.size=4, batch_idx=0
I [/opt/actions-runner/_work/mako-fast-reads/mako-fast-reads/src/deptran/paxos/commo.cc:151] 2025-12-10 03:35:25.856 | ForwardToLearner: SENDING to learner site_id=3, slot=102
I [/opt/actions-runner/_work/mako-fast-reads/mako-fast-reads/src/deptran/paxos/commo.cc:125] 2025-12-10 03:35:25.858 | ForwardToLearner: par_id=0, slot=103, n=3, proxies.size=4, batch_idx=0
I [/opt/actions-runner/_work/mako-fast-reads/mako-fast-reads/src/deptran/paxos/commo.cc:151] 2025-12-10 03:35:25.858 | ForwardToLearner: SENDING to learner site_id=3, slot=103
I [/opt/actions-runner/_work/mako-fast-reads/mako-fast-reads/src/deptran/paxos/commo.cc:125] 2025-12-10 03:35:25.860 | ForwardToLearner: par_id=0, slot=104, n=3, proxies.size=4, batch_idx=0
I [/opt/actions-runner/_work/mako-fast-reads/mako-fast-reads/src/deptran/paxos/commo.cc:151] 2025-12-10 03:35:25.860 | ForwardToLearner: SENDING to learner site_id=3, slot=104
I [/opt/actions-runner/_work/mako-fast-reads/mako-fast-reads/src/deptran/paxos/commo.cc:125] 2025-12-10 03:35:25.861 | ForwardToLearner: par_id=0, slot=105, n=3, proxies.size=4, batch_idx=0
I [/opt/actions-runner/_work/mako-fast-reads/mako-fast-reads/src/deptran/paxos/commo.cc:151] 2025-12-10 03:35:25.861 | ForwardToLearner: SENDING to learner site_id=3, slot=105
I [/opt/actions-runner/_work/mako-fast-reads/mako-fast-reads/src/deptran/paxos/commo.cc:125] 2025-12-10 03:35:25.863 | ForwardToLearner: par_id=0, slot=106, n=3, proxies.size=4, batch_idx=0
I [/opt/actions-runner/_work/mako-fast-reads/mako-fast-reads/src/deptran/paxos/commo.cc:151] 2025-12-10 03:35:25.863 | ForwardToLearner: SENDING to learner site_id=3, slot=106
I [/opt/actions-runner/_work/mako-fast-reads/mako-fast-reads/src/deptran/paxos/commo.cc:125] 2025-12-10 03:35:25.865 | ForwardToLearner: par_id=0, slot=107, n=3, proxies.size=4, batch_idx=0
I [/opt/actions-runner/_work/mako-fast-reads/mako-fast-reads/src/deptran/paxos/commo.cc:151] 2025-12-10 03:35:25.865 | ForwardToLearner: SENDING to learner site_id=3, slot=107
I [/opt/actions-runner/_work/mako-fast-reads/mako-fast-reads/src/deptran/paxos/commo.cc:125] 2025-12-10 03:35:25.866 | ForwardToLearner: par_id=0, slot=108, n=3, proxies.size=4, batch_idx=0
I [/opt/actions-runner/_work/mako-fast-reads/mako-fast-reads/src/deptran/paxos/commo.cc:151] 2025-12-10 03:35:25.866 | ForwardToLearner: SENDING to learner site_id=3, slot=108
I [/opt/actions-runner/_work/mako-fast-reads/mako-fast-reads/src/deptran/paxos/commo.cc:125] 2025-12-10 03:35:25.868 | ForwardToLearner: par_id=0, slot=109, n=3, proxies.size=4, batch_idx=0
I [/opt/actions-runner/_work/mako-fast-reads/mako-fast-reads/src/deptran/paxos/commo.cc:151] 2025-12-10 03:35:25.868 | ForwardToLearner: SENDING to learner site_id=3, slot=109
I [/opt/actions-runner/_work/mako-fast-reads/mako-fast-reads/src/deptran/paxos/commo.cc:125] 2025-12-10 03:35:25.870 | ForwardToLearner: par_id=0, slot=110, n=3, proxies.size=4, batch_idx=0
I [/opt/actions-runner/_work/mako-fast-reads/mako-fast-reads/src/deptran/paxos/commo.cc:151] 2025-12-10 03:35:25.870 | ForwardToLearner: SENDING to learner site_id=3, slot=110
I [/opt/actions-runner/_work/mako-fast-reads/mako-fast-reads/src/deptran/paxos/commo.cc:125] 2025-12-10 03:35:25.872 | ForwardToLearner: par_id=0, slot=111, n=3, proxies.size=4, batch_idx=0
I [/opt/actions-runner/_work/mako-fast-reads/mako-fast-reads/src/deptran/paxos/commo.cc:151] 2025-12-10 03:35:25.872 | ForwardToLearner: SENDING to learner site_id=3, slot=111
I [/opt/actions-runner/_work/mako-fast-reads/mako-fast-reads/src/deptran/paxos/commo.cc:125] 2025-12-10 03:35:25.874 | ForwardToLearner: par_id=0, slot=112, n=3, proxies.size=4, batch_idx=0
I [/opt/actions-runner/_work/mako-fast-reads/mako-fast-reads/src/deptran/paxos/commo.cc:151] 2025-12-10 03:35:25.874 | ForwardToLearner: SENDING to learner site_id=3, slot=112
I [/opt/actions-runner/_work/mako-fast-reads/mako-fast-reads/src/deptran/paxos/commo.cc:125] 2025-12-10 03:35:25.876 | ForwardToLearner: par_id=0, slot=113, n=3, proxies.size=4, batch_idx=0
I [/opt/actions-runner/_work/mako-fast-reads/mako-fast-reads/src/deptran/paxos/commo.cc:151] 2025-12-10 03:35:25.876 | ForwardToLearner: SENDING to learner site_id=3, slot=113
I [/opt/actions-runner/_work/mako-fast-reads/mako-fast-reads/src/deptran/paxos/commo.cc:125] 2025-12-10 03:35:25.877 | ForwardToLearner: par_id=0, slot=114, n=3, proxies.size=4, batch_idx=0
I [/opt/actions-runner/_work/mako-fast-reads/mako-fast-reads/src/deptran/paxos/commo.cc:151] 2025-12-10 03:35:25.877 | ForwardToLearner: SENDING to learner site_id=3, slot=114
I [/opt/actions-runner/_work/mako-fast-reads/mako-fast-reads/src/deptran/paxos/commo.cc:125] 2025-12-10 03:35:25.879 | ForwardToLearner: par_id=0, slot=115, n=3, proxies.size=4, batch_idx=0
I [/opt/actions-runner/_work/mako-fast-reads/mako-fast-reads/src/deptran/paxos/commo.cc:151] 2025-12-10 03:35:25.879 | ForwardToLearner: SENDING to learner site_id=3, slot=115
I [/opt/actions-runner/_work/mako-fast-reads/mako-fast-reads/src/deptran/paxos/commo.cc:125] 2025-12-10 03:35:25.880 | ForwardToLearner: par_id=0, slot=116, n=3, proxies.size=4, batch_idx=0
I [/opt/actions-runner/_work/mako-fast-reads/mako-fast-reads/src/deptran/paxos/commo.cc:151] 2025-12-10 03:35:25.880 | ForwardToLearner: SENDING to learner site_id=3, slot=116
I [/opt/actions-runner/_work/mako-fast-reads/mako-fast-reads/src/deptran/paxos/commo.cc:125] 2025-12-10 03:35:25.882 | ForwardToLearner: par_id=0, slot=117, n=3, proxies.size=4, batch_idx=0
I [/opt/actions-runner/_work/mako-fast-reads/mako-fast-reads/src/deptran/paxos/commo.cc:151] 2025-12-10 03:35:25.882 | ForwardToLearner: SENDING to learner site_id=3, slot=117
I [/opt/actions-runner/_work/mako-fast-reads/mako-fast-reads/src/deptran/paxos/commo.cc:125] 2025-12-10 03:35:25.884 | ForwardToLearner: par_id=0, slot=118, n=3, proxies.size=4, batch_idx=0
I [/opt/actions-runner/_work/mako-fast-reads/mako-fast-reads/src/deptran/paxos/commo.cc:151] 2025-12-10 03:35:25.884 | ForwardToLearner: SENDING to learner site_id=3, slot=118
I [/opt/actions-runner/_work/mako-fast-reads/mako-fast-reads/src/deptran/paxos/commo.cc:125] 2025-12-10 03:35:25.886 | ForwardToLearner: par_id=0, slot=119, n=3, proxies.size=4, batch_idx=0
I [/opt/actions-runner/_work/mako-fast-reads/mako-fast-reads/src/deptran/paxos/commo.cc:151] 2025-12-10 03:35:25.886 | ForwardToLearner: SENDING to learner site_id=3, slot=119
I [/opt/actions-runner/_work/mako-fast-reads/mako-fast-reads/src/deptran/paxos/commo.cc:125] 2025-12-10 03:35:25.888 | ForwardToLearner: par_id=0, slot=120, n=3, proxies.size=4, batch_idx=0
I [/opt/actions-runner/_work/mako-fast-reads/mako-fast-reads/src/deptran/paxos/commo.cc:151] 2025-12-10 03:35:25.888 | ForwardToLearner: SENDING to learner site_id=3, slot=120
I [/opt/actions-runner/_work/mako-fast-reads/mako-fast-reads/src/deptran/paxos/commo.cc:125] 2025-12-10 03:35:25.889 | ForwardToLearner: par_id=0, slot=121, n=3, proxies.size=4, batch_idx=0
I [/opt/actions-runner/_work/mako-fast-reads/mako-fast-reads/src/deptran/paxos/commo.cc:151] 2025-12-10 03:35:25.889 | ForwardToLearner: SENDING to learner site_id=3, slot=121
I [/opt/actions-runner/_work/mako-fast-reads/mako-fast-reads/src/deptran/paxos/commo.cc:125] 2025-12-10 03:35:25.891 | ForwardToLearner: par_id=0, slot=122, n=3, proxies.size=4, batch_idx=0
I [/opt/actions-runner/_work/mako-fast-reads/mako-fast-reads/src/deptran/paxos/commo.cc:151] 2025-12-10 03:35:25.891 | ForwardToLearner: SENDING to learner site_id=3, slot=122
I [/opt/actions-runner/_work/mako-fast-reads/mako-fast-reads/src/deptran/paxos/commo.cc:125] 2025-12-10 03:35:25.893 | ForwardToLearner: par_id=0, slot=123, n=3, proxies.size=4, batch_idx=0
I [/opt/actions-runner/_work/mako-fast-reads/mako-fast-reads/src/deptran/paxos/commo.cc:151] 2025-12-10 03:35:25.893 | ForwardToLearner: SENDING to learner site_id=3, slot=123
I [/opt/actions-runner/_work/mako-fast-reads/mako-fast-reads/src/deptran/paxos/commo.cc:125] 2025-12-10 03:35:25.894 | ForwardToLearner: par_id=0, slot=124, n=3, proxies.size=4, batch_idx=0
I [/opt/actions-runner/_work/mako-fast-reads/mako-fast-reads/src/deptran/paxos/commo.cc:151] 2025-12-10 03:35:25.894 | ForwardToLearner: SENDING to learner site_id=3, slot=124
I [/opt/actions-runner/_work/mako-fast-reads/mako-fast-reads/src/deptran/paxos/commo.cc:125] 2025-12-10 03:35:25.896 | ForwardToLearner: par_id=0, slot=125, n=3, proxies.size=4, batch_idx=0
I [/opt/actions-runner/_work/mako-fast-reads/mako-fast-reads/src/deptran/paxos/commo.cc:151] 2025-12-10 03:35:25.896 | ForwardToLearner: SENDING to learner site_id=3, slot=125
I [/opt/actions-runner/_work/mako-fast-reads/mako-fast-reads/src/deptran/paxos/commo.cc:125] 2025-12-10 03:35:25.898 | ForwardToLearner: par_id=0, slot=126, n=3, proxies.size=4, batch_idx=0
I [/opt/actions-runner/_work/mako-fast-reads/mako-fast-reads/src/deptran/paxos/commo.cc:151] 2025-12-10 03:35:25.898 | ForwardToLearner: SENDING to learner site_id=3, slot=126
I [/opt/actions-runner/_work/mako-fast-reads/mako-fast-reads/src/deptran/paxos/commo.cc:125] 2025-12-10 03:35:25.899 | ForwardToLearner: par_id=0, slot=127, n=3, proxies.size=4, batch_idx=0
I [/opt/actions-runner/_work/mako-fast-reads/mako-fast-reads/src/deptran/paxos/commo.cc:151] 2025-12-10 03:35:25.899 | ForwardToLearner: SENDING to learner site_id=3, slot=127
I [/opt/actions-runner/_work/mako-fast-reads/mako-fast-reads/src/deptran/paxos/commo.cc:125] 2025-12-10 03:35:25.901 | ForwardToLearner: par_id=0, slot=128, n=3, proxies.size=4, batch_idx=0
I [/opt/actions-runner/_work/mako-fast-reads/mako-fast-reads/src/deptran/paxos/commo.cc:151] 2025-12-10 03:35:25.901 | ForwardToLearner: SENDING to learner site_id=3, slot=128
I [/opt/actions-runner/_work/mako-fast-reads/mako-fast-reads/src/deptran/paxos/commo.cc:125] 2025-12-10 03:35:25.903 | ForwardToLearner: par_id=0, slot=129, n=3, proxies.size=4, batch_idx=0
I [/opt/actions-runner/_work/mako-fast-reads/mako-fast-reads/src/deptran/paxos/commo.cc:151] 2025-12-10 03:35:25.903 | ForwardToLearner: SENDING to learner site_id=3, slot=129
I [/opt/actions-runner/_work/mako-fast-reads/mako-fast-reads/src/deptran/paxos/commo.cc:125] 2025-12-10 03:35:25.904 | ForwardToLearner: par_id=0, slot=130, n=3, proxies.size=4, batch_idx=0
I [/opt/actions-runner/_work/mako-fast-reads/mako-fast-reads/src/deptran/paxos/commo.cc:151] 2025-12-10 03:35:25.904 | ForwardToLearner: SENDING to learner site_id=3, slot=130
I [/opt/actions-runner/_work/mako-fast-reads/mako-fast-reads/src/deptran/paxos/commo.cc:125] 2025-12-10 03:35:25.906 | ForwardToLearner: par_id=0, slot=131, n=3, proxies.size=4, batch_idx=0
I [/opt/actions-runner/_work/mako-fast-reads/mako-fast-reads/src/deptran/paxos/commo.cc:151] 2025-12-10 03:35:25.906 | ForwardToLearner: SENDING to learner site_id=3, slot=131
I [/opt/actions-runner/_work/mako-fast-reads/mako-fast-reads/src/deptran/paxos/commo.cc:125] 2025-12-10 03:35:25.908 | ForwardToLearner: par_id=0, slot=132, n=3, proxies.size=4, batch_idx=0
I [/opt/actions-runner/_work/mako-fast-reads/mako-fast-reads/src/deptran/paxos/commo.cc:151] 2025-12-10 03:35:25.908 | ForwardToLearner: SENDING to learner site_id=3, slot=132
I [/opt/actions-runner/_work/mako-fast-reads/mako-fast-reads/src/deptran/paxos/commo.cc:125] 2025-12-10 03:35:25.909 | ForwardToLearner: par_id=0, slot=133, n=3, proxies.size=4, batch_idx=0
I [/opt/actions-runner/_work/mako-fast-reads/mako-fast-reads/src/deptran/paxos/commo.cc:151] 2025-12-10 03:35:25.909 | ForwardToLearner: SENDING to learner site_id=3, slot=133
I [/opt/actions-runner/_work/mako-fast-reads/mako-fast-reads/src/deptran/paxos/commo.cc:125] 2025-12-10 03:35:25.911 | ForwardToLearner: par_id=0, slot=134, n=3, proxies.size=4, batch_idx=0
I [/opt/actions-runner/_work/mako-fast-reads/mako-fast-reads/src/deptran/paxos/commo.cc:151] 2025-12-10 03:35:25.911 | ForwardToLearner: SENDING to learner site_id=3, slot=134
I [/opt/actions-runner/_work/mako-fast-reads/mako-fast-reads/src/deptran/paxos/commo.cc:125] 2025-12-10 03:35:25.913 | ForwardToLearner: par_id=0, slot=135, n=3, proxies.size=4, batch_idx=0
I [/opt/actions-runner/_work/mako-fast-reads/mako-fast-reads/src/deptran/paxos/commo.cc:151] 2025-12-10 03:35:25.913 | ForwardToLearner: SENDING to learner site_id=3, slot=135
I [/opt/actions-runner/_work/mako-fast-reads/mako-fast-reads/src/deptran/paxos/commo.cc:125] 2025-12-10 03:35:25.914 | ForwardToLearner: par_id=0, slot=136, n=3, proxies.size=4, batch_idx=0
I [/opt/actions-runner/_work/mako-fast-reads/mako-fast-reads/src/deptran/paxos/commo.cc:151] 2025-12-10 03:35:25.914 | ForwardToLearner: SENDING to learner site_id=3, slot=136
I [/opt/actions-runner/_work/mako-fast-reads/mako-fast-reads/src/deptran/paxos/commo.cc:125] 2025-12-10 03:35:25.916 | ForwardToLearner: par_id=0, slot=137, n=3, proxies.size=4, batch_idx=0
I [/opt/actions-runner/_work/mako-fast-reads/mako-fast-reads/src/deptran/paxos/commo.cc:151] 2025-12-10 03:35:25.916 | ForwardToLearner: SENDING to learner site_id=3, slot=137
I [/opt/actions-runner/_work/mako-fast-reads/mako-fast-reads/src/deptran/paxos/commo.cc:125] 2025-12-10 03:35:25.917 | ForwardToLearner: par_id=0, slot=138, n=3, proxies.size=4, batch_idx=0
I [/opt/actions-runner/_work/mako-fast-reads/mako-fast-reads/src/deptran/paxos/commo.cc:151] 2025-12-10 03:35:25.917 | ForwardToLearner: SENDING to learner site_id=3, slot=138
I [/opt/actions-runner/_work/mako-fast-reads/mako-fast-reads/src/deptran/paxos/commo.cc:125] 2025-12-10 03:35:25.919 | ForwardToLearner: par_id=0, slot=139, n=3, proxies.size=4, batch_idx=0
I [/opt/actions-runner/_work/mako-fast-reads/mako-fast-reads/src/deptran/paxos/commo.cc:151] 2025-12-10 03:35:25.919 | ForwardToLearner: SENDING to learner site_id=3, slot=139
I [/opt/actions-runner/_work/mako-fast-reads/mako-fast-reads/src/deptran/paxos/commo.cc:125] 2025-12-10 03:35:25.921 | ForwardToLearner: par_id=0, slot=140, n=3, proxies.size=4, batch_idx=0
I [/opt/actions-runner/_work/mako-fast-reads/mako-fast-reads/src/deptran/paxos/commo.cc:151] 2025-12-10 03:35:25.921 | ForwardToLearner: SENDING to learner site_id=3, slot=140
I [/opt/actions-runner/_work/mako-fast-reads/mako-fast-reads/src/deptran/paxos/commo.cc:125] 2025-12-10 03:35:25.922 | ForwardToLearner: par_id=0, slot=141, n=3, proxies.size=4, batch_idx=0
I [/opt/actions-runner/_work/mako-fast-reads/mako-fast-reads/src/deptran/paxos/commo.cc:151] 2025-12-10 03:35:25.922 | ForwardToLearner: SENDING to learner site_id=3, slot=141
I [/opt/actions-runner/_work/mako-fast-reads/mako-fast-reads/src/deptran/paxos/commo.cc:125] 2025-12-10 03:35:25.924 | ForwardToLearner: par_id=0, slot=142, n=3, proxies.size=4, batch_idx=0
I [/opt/actions-runner/_work/mako-fast-reads/mako-fast-reads/src/deptran/paxos/commo.cc:151] 2025-12-10 03:35:25.924 | ForwardToLearner: SENDING to learner site_id=3, slot=142
I [/opt/actions-runner/_work/mako-fast-reads/mako-fast-reads/src/deptran/paxos/commo.cc:125] 2025-12-10 03:35:25.926 | ForwardToLearner: par_id=0, slot=143, n=3, proxies.size=4, batch_idx=0
I [/opt/actions-runner/_work/mako-fast-reads/mako-fast-reads/src/deptran/paxos/commo.cc:151] 2025-12-10 03:35:25.926 | ForwardToLearner: SENDING to learner site_id=3, slot=143
I [/opt/actions-runner/_work/mako-fast-reads/mako-fast-reads/src/deptran/paxos/commo.cc:125] 2025-12-10 03:35:25.927 | ForwardToLearner: par_id=0, slot=144, n=3, proxies.size=4, batch_idx=0
I [/opt/actions-runner/_work/mako-fast-reads/mako-fast-reads/src/deptran/paxos/commo.cc:151] 2025-12-10 03:35:25.927 | ForwardToLearner: SENDING to learner site_id=3, slot=144
I [/opt/actions-runner/_work/mako-fast-reads/mako-fast-reads/src/deptran/paxos/commo.cc:125] 2025-12-10 03:35:25.929 | ForwardToLearner: par_id=0, slot=145, n=3, proxies.size=4, batch_idx=0
I [/opt/actions-runner/_work/mako-fast-reads/mako-fast-reads/src/deptran/paxos/commo.cc:151] 2025-12-10 03:35:25.929 | ForwardToLearner: SENDING to learner site_id=3, slot=145
I [/opt/actions-runner/_work/mako-fast-reads/mako-fast-reads/src/deptran/paxos/commo.cc:125] 2025-12-10 03:35:25.931 | ForwardToLearner: par_id=0, slot=146, n=3, proxies.size=4, batch_idx=0
I [/opt/actions-runner/_work/mako-fast-reads/mako-fast-reads/src/deptran/paxos/commo.cc:151] 2025-12-10 03:35:25.931 | ForwardToLearner: SENDING to learner site_id=3, slot=146
I [/opt/actions-runner/_work/mako-fast-reads/mako-fast-reads/src/deptran/paxos/commo.cc:125] 2025-12-10 03:35:25.933 | ForwardToLearner: par_id=0, slot=147, n=3, proxies.size=4, batch_idx=0
I [/opt/actions-runner/_work/mako-fast-reads/mako-fast-reads/src/deptran/paxos/commo.cc:151] 2025-12-10 03:35:25.933 | ForwardToLearner: SENDING to learner site_id=3, slot=147
I [/opt/actions-runner/_work/mako-fast-reads/mako-fast-reads/src/deptran/paxos/commo.cc:125] 2025-12-10 03:35:25.934 | ForwardToLearner: par_id=0, slot=148, n=3, proxies.size=4, batch_idx=0
I [/opt/actions-runner/_work/mako-fast-reads/mako-fast-reads/src/deptran/paxos/commo.cc:151] 2025-12-10 03:35:25.934 | ForwardToLearner: SENDING to learner site_id=3, slot=148
I [/opt/actions-runner/_work/mako-fast-reads/mako-fast-reads/src/deptran/paxos/commo.cc:125] 2025-12-10 03:35:25.936 | ForwardToLearner: par_id=0, slot=149, n=3, proxies.size=4, batch_idx=0
I [/opt/actions-runner/_work/mako-fast-reads/mako-fast-reads/src/deptran/paxos/commo.cc:151] 2025-12-10 03:35:25.936 | ForwardToLearner: SENDING to learner site_id=3, slot=149
I [/opt/actions-runner/_work/mako-fast-reads/mako-fast-reads/src/deptran/paxos/commo.cc:125] 2025-12-10 03:35:25.938 | ForwardToLearner: par_id=0, slot=150, n=3, proxies.size=4, batch_idx=0
I [/opt/actions-runner/_work/mako-fast-reads/mako-fast-reads/src/deptran/paxos/commo.cc:151] 2025-12-10 03:35:25.938 | ForwardToLearner: SENDING to learner site_id=3, slot=150
I [/opt/actions-runner/_work/mako-fast-reads/mako-fast-reads/src/deptran/paxos/commo.cc:125] 2025-12-10 03:35:25.939 | ForwardToLearner: par_id=0, slot=151, n=3, proxies.size=4, batch_idx=0
I [/opt/actions-runner/_work/mako-fast-reads/mako-fast-reads/src/deptran/paxos/commo.cc:151] 2025-12-10 03:35:25.939 | ForwardToLearner: SENDING to learner site_id=3, slot=151
I [/opt/actions-runner/_work/mako-fast-reads/mako-fast-reads/src/deptran/paxos/commo.cc:125] 2025-12-10 03:35:25.941 | ForwardToLearner: par_id=0, slot=152, n=3, proxies.size=4, batch_idx=0
I [/opt/actions-runner/_work/mako-fast-reads/mako-fast-reads/src/deptran/paxos/commo.cc:151] 2025-12-10 03:35:25.941 | ForwardToLearner: SENDING to learner site_id=3, slot=152
I [/opt/actions-runner/_work/mako-fast-reads/mako-fast-reads/src/deptran/paxos/commo.cc:125] 2025-12-10 03:35:25.942 | ForwardToLearner: par_id=0, slot=153, n=3, proxies.size=4, batch_idx=0
I [/opt/actions-runner/_work/mako-fast-reads/mako-fast-reads/src/deptran/paxos/commo.cc:151] 2025-12-10 03:35:25.942 | ForwardToLearner: SENDING to learner site_id=3, slot=153
I [/opt/actions-runner/_work/mako-fast-reads/mako-fast-reads/src/deptran/paxos/commo.cc:125] 2025-12-10 03:35:25.944 | ForwardToLearner: par_id=0, slot=154, n=3, proxies.size=4, batch_idx=0
I [/opt/actions-runner/_work/mako-fast-reads/mako-fast-reads/src/deptran/paxos/commo.cc:151] 2025-12-10 03:35:25.944 | ForwardToLearner: SENDING to learner site_id=3, slot=154
I [/opt/actions-runner/_work/mako-fast-reads/mako-fast-reads/src/deptran/paxos/commo.cc:125] 2025-12-10 03:35:25.946 | ForwardToLearner: par_id=0, slot=155, n=3, proxies.size=4, batch_idx=0
I [/opt/actions-runner/_work/mako-fast-reads/mako-fast-reads/src/deptran/paxos/commo.cc:151] 2025-12-10 03:35:25.946 | ForwardToLearner: SENDING to learner site_id=3, slot=155
I [/opt/actions-runner/_work/mako-fast-reads/mako-fast-reads/src/deptran/paxos/commo.cc:125] 2025-12-10 03:35:25.947 | ForwardToLearner: par_id=0, slot=156, n=3, proxies.size=4, batch_idx=0
I [/opt/actions-runner/_work/mako-fast-reads/mako-fast-reads/src/deptran/paxos/commo.cc:151] 2025-12-10 03:35:25.947 | ForwardToLearner: SENDING to learner site_id=3, slot=156
I [/opt/actions-runner/_work/mako-fast-reads/mako-fast-reads/src/deptran/paxos/commo.cc:125] 2025-12-10 03:35:26.029 | ForwardToLearner: par_id=1, slot=5, n=3, proxies.size=4, batch_idx=0
I [/opt/actions-runner/_work/mako-fast-reads/mako-fast-reads/src/deptran/paxos/commo.cc:151] 2025-12-10 03:35:26.029 | ForwardToLearner: SENDING to learner site_id=7, slot=5
I [/opt/actions-runner/_work/mako-fast-reads/mako-fast-reads/src/deptran/paxos/commo.cc:125] 2025-12-10 03:35:26.165 | ForwardToLearner: par_id=0, slot=157, n=3, proxies.size=4, batch_idx=0
I [/opt/actions-runner/_work/mako-fast-reads/mako-fast-reads/src/deptran/paxos/commo.cc:151] 2025-12-10 03:35:26.165 | ForwardToLearner: SENDING to learner site_id=3, slot=157
we can start a advancer
start the advancer thread...
20251110-03:35.26-371868(us) 19466 * wait_for_termination (mako.hh:538):      follower is waiting for being ended: 0/2, noops_cnt:0, replay_batch:166, wait_time:2s

I [/opt/actions-runner/_work/mako-fast-reads/mako-fast-reads/src/deptran/paxos/commo.cc:125] 2025-12-10 03:35:26.184 | ForwardToLearner: par_id=1, slot=6, n=3, proxies.size=4, batch_idx=0
I [/opt/actions-runner/_work/mako-fast-reads/mako-fast-reads/src/deptran/paxos/commo.cc:151] 2025-12-10 03:35:26.184 | ForwardToLearner: SENDING to learner site_id=7, slot=6
I [/opt/actions-runner/_work/mako-fast-reads/mako-fast-reads/src/deptran/paxos/commo.cc:125] 2025-12-10 03:35:26.197 | ForwardToLearner: par_id=1, slot=7, n=3, proxies.size=4, batch_idx=0
I [/opt/actions-runner/_work/mako-fast-reads/mako-fast-reads/src/deptran/paxos/commo.cc:151] 2025-12-10 03:35:26.197 | ForwardToLearner: SENDING to learner site_id=7, slot=7
I [/opt/actions-runner/_work/mako-fast-reads/mako-fast-reads/src/deptran/paxos/commo.cc:125] 2025-12-10 03:35:26.246 | ForwardToLearner: par_id=1, slot=8, n=3, proxies.size=4, batch_idx=0
I [/opt/actions-runner/_work/mako-fast-reads/mako-fast-reads/src/deptran/paxos/commo.cc:151] 2025-12-10 03:35:26.246 | ForwardToLearner: SENDING to learner site_id=7, slot=8
I [/opt/actions-runner/_work/mako-fast-reads/mako-fast-reads/src/deptran/paxos/commo.cc:125] 2025-12-10 03:35:26.247 | ForwardToLearner: par_id=0, slot=158, n=3, proxies.size=4, batch_idx=0
I [/opt/actions-runner/_work/mako-fast-reads/mako-fast-reads/src/deptran/paxos/commo.cc:151] 2025-12-10 03:35:26.247 | ForwardToLearner: SENDING to learner site_id=3, slot=158
I [/opt/actions-runner/_work/mako-fast-reads/mako-fast-reads/src/deptran/paxos/commo.cc:125] 2025-12-10 03:35:26.282 | ForwardToLearner: par_id=0, slot=159, n=3, proxies.size=4, batch_idx=0
I [/opt/actions-runner/_work/mako-fast-reads/mako-fast-reads/src/deptran/paxos/commo.cc:151] 2025-12-10 03:35:26.282 | ForwardToLearner: SENDING to learner site_id=3, slot=159
I [/opt/actions-runner/_work/mako-fast-reads/mako-fast-reads/src/deptran/paxos/commo.cc:125] 2025-12-10 03:35:26.291 | ForwardToLearner: par_id=1, slot=9, n=3, proxies.size=4, batch_idx=0
I [/opt/actions-runner/_work/mako-fast-reads/mako-fast-reads/src/deptran/paxos/commo.cc:151] 2025-12-10 03:35:26.291 | ForwardToLearner: SENDING to learner site_id=7, slot=9
I [/opt/actions-runner/_work/mako-fast-reads/mako-fast-reads/src/deptran/paxos/commo.cc:125] 2025-12-10 03:35:26.330 | ForwardToLearner: par_id=0, slot=160, n=3, proxies.size=4, batch_idx=0
I [/opt/actions-runner/_work/mako-fast-reads/mako-fast-reads/src/deptran/paxos/commo.cc:151] 2025-12-10 03:35:26.330 | ForwardToLearner: SENDING to learner site_id=3, slot=160
I [/opt/actions-runner/_work/mako-fast-reads/mako-fast-reads/src/deptran/paxos/commo.cc:125] 2025-12-10 03:35:26.334 | ForwardToLearner: par_id=1, slot=10, n=3, proxies.size=4, batch_idx=0
I [/opt/actions-runner/_work/mako-fast-reads/mako-fast-reads/src/deptran/paxos/commo.cc:151] 2025-12-10 03:35:26.334 | ForwardToLearner: SENDING to learner site_id=7, slot=10
I [/opt/actions-runner/_work/mako-fast-reads/mako-fast-reads/src/deptran/paxos/commo.cc:125] 2025-12-10 03:35:26.376 | ForwardToLearner: par_id=1, slot=11, n=3, proxies.size=4, batch_idx=0
I [/opt/actions-runner/_work/mako-fast-reads/mako-fast-reads/src/deptran/paxos/commo.cc:151] 2025-12-10 03:35:26.376 | ForwardToLearner: SENDING to learner site_id=7, slot=11
I [/opt/actions-runner/_work/mako-fast-reads/mako-fast-reads/src/deptran/paxos/commo.cc:125] 2025-12-10 03:35:26.388 | ForwardToLearner: par_id=0, slot=161, n=3, proxies.size=4, batch_idx=0
I [/opt/actions-runner/_work/mako-fast-reads/mako-fast-reads/src/deptran/paxos/commo.cc:151] 2025-12-10 03:35:26.388 | ForwardToLearner: SENDING to learner site_id=3, slot=161
I [/opt/actions-runner/_work/mako-fast-reads/mako-fast-reads/src/deptran/paxos/commo.cc:125] 2025-12-10 03:35:26.420 | ForwardToLearner: par_id=0, slot=162, n=3, proxies.size=4, batch_idx=0
I [/opt/actions-runner/_work/mako-fast-reads/mako-fast-reads/src/deptran/paxos/commo.cc:151] 2025-12-10 03:35:26.420 | ForwardToLearner: SENDING to learner site_id=3, slot=162
I [/opt/actions-runner/_work/mako-fast-reads/mako-fast-reads/src/deptran/paxos/commo.cc:125] 2025-12-10 03:35:26.422 | ForwardToLearner: par_id=1, slot=12, n=3, proxies.size=4, batch_idx=0
I [/opt/actions-runner/_work/mako-fast-reads/mako-fast-reads/src/deptran/paxos/commo.cc:151] 2025-12-10 03:35:26.423 | ForwardToLearner: SENDING to learner site_id=7, slot=12
I [/opt/actions-runner/_work/mako-fast-reads/mako-fast-reads/src/deptran/paxos/commo.cc:125] 2025-12-10 03:35:26.428 | ForwardToLearner: par_id=0, slot=163, n=3, proxies.size=4, batch_idx=0
I [/opt/actions-runner/_work/mako-fast-reads/mako-fast-reads/src/deptran/paxos/commo.cc:151] 2025-12-10 03:35:26.428 | ForwardToLearner: SENDING to learner site_id=3, slot=163
I [/opt/actions-runner/_work/mako-fast-reads/mako-fast-reads/src/deptran/paxos/commo.cc:125] 2025-12-10 03:35:26.436 | ForwardToLearner: par_id=0, slot=164, n=3, proxies.size=4, batch_idx=0
I [/opt/actions-runner/_work/mako-fast-reads/mako-fast-reads/src/deptran/paxos/commo.cc:151] 2025-12-10 03:35:26.436 | ForwardToLearner: SENDING to learner site_id=3, slot=164
I [/opt/actions-runner/_work/mako-fast-reads/mako-fast-reads/src/deptran/paxos/commo.cc:125] 2025-12-10 03:35:26.464 | ForwardToLearner: par_id=1, slot=13, n=3, proxies.size=4, batch_idx=0
I [/opt/actions-runner/_work/mako-fast-reads/mako-fast-reads/src/deptran/paxos/commo.cc:151] 2025-12-10 03:35:26.464 | ForwardToLearner: SENDING to learner site_id=7, slot=13
I [/opt/actions-runner/_work/mako-fast-reads/mako-fast-reads/src/deptran/paxos/commo.cc:125] 2025-12-10 03:35:26.470 | ForwardToLearner: par_id=0, slot=165, n=3, proxies.size=4, batch_idx=0
I [/opt/actions-runner/_work/mako-fast-reads/mako-fast-reads/src/deptran/paxos/commo.cc:151] 2025-12-10 03:35:26.470 | ForwardToLearner: SENDING to learner site_id=3, slot=165
I [/opt/actions-runner/_work/mako-fast-reads/mako-fast-reads/src/deptran/paxos/commo.cc:125] 2025-12-10 03:35:26.473 | ForwardToLearner: par_id=1, slot=14, n=3, proxies.size=4, batch_idx=0
I [/opt/actions-runner/_work/mako-fast-reads/mako-fast-reads/src/deptran/paxos/commo.cc:151] 2025-12-10 03:35:26.473 | ForwardToLearner: SENDING to learner site_id=7, slot=14
I [/opt/actions-runner/_work/mako-fast-reads/mako-fast-reads/src/deptran/paxos/commo.cc:125] 2025-12-10 03:35:26.473 | ForwardToLearner: par_id=1, slot=15, n=3, proxies.size=4, batch_idx=0
I [/opt/actions-runner/_work/mako-fast-reads/mako-fast-reads/src/deptran/paxos/commo.cc:151] 2025-12-10 03:35:26.473 | ForwardToLearner: SENDING to learner site_id=7, slot=15
I [/opt/actions-runner/_work/mako-fast-reads/mako-fast-reads/src/deptran/paxos/commo.cc:125] 2025-12-10 03:35:26.521 | ForwardToLearner: par_id=1, slot=16, n=3, proxies.size=4, batch_idx=0
I [/opt/actions-runner/_work/mako-fast-reads/mako-fast-reads/src/deptran/paxos/commo.cc:151] 2025-12-10 03:35:26.521 | ForwardToLearner: SENDING to learner site_id=7, slot=16
I [/opt/actions-runner/_work/mako-fast-reads/mako-fast-reads/src/deptran/paxos/commo.cc:125] 2025-12-10 03:35:26.525 | ForwardToLearner: par_id=0, slot=166, n=3, proxies.size=4, batch_idx=0
I [/opt/actions-runner/_work/mako-fast-reads/mako-fast-reads/src/deptran/paxos/commo.cc:151] 2025-12-10 03:35:26.525 | ForwardToLearner: SENDING to learner site_id=3, slot=166
I [/opt/actions-runner/_work/mako-fast-reads/mako-fast-reads/src/deptran/paxos/commo.cc:125] 2025-12-10 03:35:26.567 | ForwardToLearner: par_id=1, slot=17, n=3, proxies.size=4, batch_idx=0
I [/opt/actions-runner/_work/mako-fast-reads/mako-fast-reads/src/deptran/paxos/commo.cc:151] 2025-12-10 03:35:26.567 | ForwardToLearner: SENDING to learner site_id=7, slot=17
I [/opt/actions-runner/_work/mako-fast-reads/mako-fast-reads/src/deptran/paxos/commo.cc:125] 2025-12-10 03:35:26.571 | ForwardToLearner: par_id=0, slot=167, n=3, proxies.size=4, batch_idx=0
I [/opt/actions-runner/_work/mako-fast-reads/mako-fast-reads/src/deptran/paxos/commo.cc:151] 2025-12-10 03:35:26.571 | ForwardToLearner: SENDING to learner site_id=3, slot=167
I [/opt/actions-runner/_work/mako-fast-reads/mako-fast-reads/src/deptran/paxos/commo.cc:125] 2025-12-10 03:35:26.607 | ForwardToLearner: par_id=1, slot=18, n=3, proxies.size=4, batch_idx=0
I [/opt/actions-runner/_work/mako-fast-reads/mako-fast-reads/src/deptran/paxos/commo.cc:151] 2025-12-10 03:35:26.607 | ForwardToLearner: SENDING to learner site_id=7, slot=18
I [/opt/actions-runner/_work/mako-fast-reads/mako-fast-reads/src/deptran/paxos/commo.cc:125] 2025-12-10 03:35:26.614 | ForwardToLearner: par_id=0, slot=168, n=3, proxies.size=4, batch_idx=0
I [/opt/actions-runner/_work/mako-fast-reads/mako-fast-reads/src/deptran/paxos/commo.cc:151] 2025-12-10 03:35:26.614 | ForwardToLearner: SENDING to learner site_id=3, slot=168
I [/opt/actions-runner/_work/mako-fast-reads/mako-fast-reads/src/deptran/paxos/commo.cc:125] 2025-12-10 03:35:26.648 | ForwardToLearner: par_id=1, slot=19, n=3, proxies.size=4, batch_idx=0
I [/opt/actions-runner/_work/mako-fast-reads/mako-fast-reads/src/deptran/paxos/commo.cc:151] 2025-12-10 03:35:26.648 | ForwardToLearner: SENDING to learner site_id=7, slot=19
I [/opt/actions-runner/_work/mako-fast-reads/mako-fast-reads/src/deptran/paxos/commo.cc:125] 2025-12-10 03:35:26.658 | ForwardToLearner: par_id=0, slot=169, n=3, proxies.size=4, batch_idx=0
I [/opt/actions-runner/_work/mako-fast-reads/mako-fast-reads/src/deptran/paxos/commo.cc:151] 2025-12-10 03:35:26.658 | ForwardToLearner: SENDING to learner site_id=3, slot=169
I [/opt/actions-runner/_work/mako-fast-reads/mako-fast-reads/src/deptran/paxos/commo.cc:125] 2025-12-10 03:35:26.671 | ForwardToLearner: par_id=0, slot=170, n=3, proxies.size=4, batch_idx=0
I [/opt/actions-runner/_work/mako-fast-reads/mako-fast-reads/src/deptran/paxos/commo.cc:151] 2025-12-10 03:35:26.671 | ForwardToLearner: SENDING to learner site_id=3, slot=170
I [/opt/actions-runner/_work/mako-fast-reads/mako-fast-reads/src/deptran/paxos/commo.cc:125] 2025-12-10 03:35:26.677 | ForwardToLearner: par_id=1, slot=20, n=3, proxies.size=4, batch_idx=0
I [/opt/actions-runner/_work/mako-fast-reads/mako-fast-reads/src/deptran/paxos/commo.cc:151] 2025-12-10 03:35:26.677 | ForwardToLearner: SENDING to learner site_id=7, slot=20
I [/opt/actions-runner/_work/mako-fast-reads/mako-fast-reads/src/deptran/paxos/commo.cc:125] 2025-12-10 03:35:26.685 | ForwardToLearner: par_id=0, slot=171, n=3, proxies.size=4, batch_idx=0
I [/opt/actions-runner/_work/mako-fast-reads/mako-fast-reads/src/deptran/paxos/commo.cc:151] 2025-12-10 03:35:26.685 | ForwardToLearner: SENDING to learner site_id=3, slot=171
I [/opt/actions-runner/_work/mako-fast-reads/mako-fast-reads/src/deptran/paxos/commo.cc:125] 2025-12-10 03:35:26.688 | ForwardToLearner: par_id=1, slot=21, n=3, proxies.size=4, batch_idx=0
I [/opt/actions-runner/_work/mako-fast-reads/mako-fast-reads/src/deptran/paxos/commo.cc:151] 2025-12-10 03:35:26.688 | ForwardToLearner: SENDING to learner site_id=7, slot=21
I [/opt/actions-runner/_work/mako-fast-reads/mako-fast-reads/src/deptran/paxos/commo.cc:125] 2025-12-10 03:35:26.701 | ForwardToLearner: par_id=0, slot=172, n=3, proxies.size=4, batch_idx=0
I [/opt/actions-runner/_work/mako-fast-reads/mako-fast-reads/src/deptran/paxos/commo.cc:151] 2025-12-10 03:35:26.701 | ForwardToLearner: SENDING to learner site_id=3, slot=172
I [/opt/actions-runner/_work/mako-fast-reads/mako-fast-reads/src/deptran/paxos/commo.cc:125] 2025-12-10 03:35:26.705 | ForwardToLearner: par_id=1, slot=22, n=3, proxies.size=4, batch_idx=0
I [/opt/actions-runner/_work/mako-fast-reads/mako-fast-reads/src/deptran/paxos/commo.cc:151] 2025-12-10 03:35:26.705 | ForwardToLearner: SENDING to learner site_id=7, slot=22
I [/opt/actions-runner/_work/mako-fast-reads/mako-fast-reads/src/deptran/paxos/commo.cc:125] 2025-12-10 03:35:26.738 | ForwardToLearner: par_id=1, slot=23, n=3, proxies.size=4, batch_idx=0
I [/opt/actions-runner/_work/mako-fast-reads/mako-fast-reads/src/deptran/paxos/commo.cc:151] 2025-12-10 03:35:26.738 | ForwardToLearner: SENDING to learner site_id=7, slot=23
I [/opt/actions-runner/_work/mako-fast-reads/mako-fast-reads/src/deptran/paxos/commo.cc:125] 2025-12-10 03:35:26.744 | ForwardToLearner: par_id=0, slot=173, n=3, proxies.size=4, batch_idx=0
I [/opt/actions-runner/_work/mako-fast-reads/mako-fast-reads/src/deptran/paxos/commo.cc:151] 2025-12-10 03:35:26.744 | ForwardToLearner: SENDING to learner site_id=3, slot=173
I [/opt/actions-runner/_work/mako-fast-reads/mako-fast-reads/src/deptran/paxos/commo.cc:125] 2025-12-10 03:35:26.779 | ForwardToLearner: par_id=1, slot=24, n=3, proxies.size=4, batch_idx=0
I [/opt/actions-runner/_work/mako-fast-reads/mako-fast-reads/src/deptran/paxos/commo.cc:151] 2025-12-10 03:35:26.779 | ForwardToLearner: SENDING to learner site_id=7, slot=24
I [/opt/actions-runner/_work/mako-fast-reads/mako-fast-reads/src/deptran/paxos/commo.cc:125] 2025-12-10 03:35:26.801 | ForwardToLearner: par_id=0, slot=174, n=3, proxies.size=4, batch_idx=0
I [/opt/actions-runner/_work/mako-fast-reads/mako-fast-reads/src/deptran/paxos/commo.cc:151] 2025-12-10 03:35:26.801 | ForwardToLearner: SENDING to learner site_id=3, slot=174
I [/opt/actions-runner/_work/mako-fast-reads/mako-fast-reads/src/deptran/paxos/commo.cc:125] 2025-12-10 03:35:26.826 | ForwardToLearner: par_id=1, slot=25, n=3, proxies.size=4, batch_idx=0
I [/opt/actions-runner/_work/mako-fast-reads/mako-fast-reads/src/deptran/paxos/commo.cc:151] 2025-12-10 03:35:26.826 | ForwardToLearner: SENDING to learner site_id=7, slot=25
I [/opt/actions-runner/_work/mako-fast-reads/mako-fast-reads/src/deptran/paxos/commo.cc:125] 2025-12-10 03:35:26.846 | ForwardToLearner: par_id=0, slot=175, n=3, proxies.size=4, batch_idx=0
I [/opt/actions-runner/_work/mako-fast-reads/mako-fast-reads/src/deptran/paxos/commo.cc:151] 2025-12-10 03:35:26.846 | ForwardToLearner: SENDING to learner site_id=3, slot=175
I [/opt/actions-runner/_work/mako-fast-reads/mako-fast-reads/src/deptran/paxos/commo.cc:125] 2025-12-10 03:35:26.886 | ForwardToLearner: par_id=1, slot=26, n=3, proxies.size=4, batch_idx=0
I [/opt/actions-runner/_work/mako-fast-reads/mako-fast-reads/src/deptran/paxos/commo.cc:151] 2025-12-10 03:35:26.886 | ForwardToLearner: SENDING to learner site_id=7, slot=26
I [/opt/actions-runner/_work/mako-fast-reads/mako-fast-reads/src/deptran/paxos/commo.cc:125] 2025-12-10 03:35:26.889 | ForwardToLearner: par_id=1, slot=27, n=3, proxies.size=4, batch_idx=0
I [/opt/actions-runner/_work/mako-fast-reads/mako-fast-reads/src/deptran/paxos/commo.cc:151] 2025-12-10 03:35:26.889 | ForwardToLearner: SENDING to learner site_id=7, slot=27
I [/opt/actions-runner/_work/mako-fast-reads/mako-fast-reads/src/deptran/paxos/commo.cc:125] 2025-12-10 03:35:26.894 | ForwardToLearner: par_id=0, slot=176, n=3, proxies.size=4, batch_idx=0
I [/opt/actions-runner/_work/mako-fast-reads/mako-fast-reads/src/deptran/paxos/commo.cc:151] 2025-12-10 03:35:26.894 | ForwardToLearner: SENDING to learner site_id=3, slot=176
I [/opt/actions-runner/_work/mako-fast-reads/mako-fast-reads/src/deptran/paxos/commo.cc:125] 2025-12-10 03:35:26.923 | ForwardToLearner: par_id=1, slot=28, n=3, proxies.size=4, batch_idx=0
I [/opt/actions-runner/_work/mako-fast-reads/mako-fast-reads/src/deptran/paxos/commo.cc:151] 2025-12-10 03:35:26.923 | ForwardToLearner: SENDING to learner site_id=7, slot=28
I [/opt/actions-runner/_work/mako-fast-reads/mako-fast-reads/src/deptran/paxos/commo.cc:125] 2025-12-10 03:35:26.930 | ForwardToLearner: par_id=1, slot=29, n=3, proxies.size=4, batch_idx=0
I [/opt/actions-runner/_work/mako-fast-reads/mako-fast-reads/src/deptran/paxos/commo.cc:151] 2025-12-10 03:35:26.930 | ForwardToLearner: SENDING to learner site_id=7, slot=29
I [/opt/actions-runner/_work/mako-fast-reads/mako-fast-reads/src/deptran/paxos/commo.cc:125] 2025-12-10 03:35:26.931 | ForwardToLearner: par_id=0, slot=177, n=3, proxies.size=4, batch_idx=0
I [/opt/actions-runner/_work/mako-fast-reads/mako-fast-reads/src/deptran/paxos/commo.cc:151] 2025-12-10 03:35:26.931 | ForwardToLearner: SENDING to learner site_id=3, slot=177
I [/opt/actions-runner/_work/mako-fast-reads/mako-fast-reads/src/deptran/paxos/commo.cc:125] 2025-12-10 03:35:26.934 | ForwardToLearner: par_id=0, slot=178, n=3, proxies.size=4, batch_idx=0
I [/opt/actions-runner/_work/mako-fast-reads/mako-fast-reads/src/deptran/paxos/commo.cc:151] 2025-12-10 03:35:26.934 | ForwardToLearner: SENDING to learner site_id=3, slot=178
I [/opt/actions-runner/_work/mako-fast-reads/mako-fast-reads/src/deptran/paxos/commo.cc:125] 2025-12-10 03:35:26.944 | ForwardToLearner: par_id=0, slot=179, n=3, proxies.size=4, batch_idx=0
I [/opt/actions-runner/_work/mako-fast-reads/mako-fast-reads/src/deptran/paxos/commo.cc:151] 2025-12-10 03:35:26.944 | ForwardToLearner: SENDING to learner site_id=3, slot=179
I [/opt/actions-runner/_work/mako-fast-reads/mako-fast-reads/src/deptran/paxos/commo.cc:125] 2025-12-10 03:35:26.973 | ForwardToLearner: par_id=1, slot=30, n=3, proxies.size=4, batch_idx=0
I [/opt/actions-runner/_work/mako-fast-reads/mako-fast-reads/src/deptran/paxos/commo.cc:151] 2025-12-10 03:35:26.973 | ForwardToLearner: SENDING to learner site_id=7, slot=30
I [/opt/actions-runner/_work/mako-fast-reads/mako-fast-reads/src/deptran/paxos/commo.cc:125] 2025-12-10 03:35:26.984 | ForwardToLearner: par_id=0, slot=180, n=3, proxies.size=4, batch_idx=0
I [/opt/actions-runner/_work/mako-fast-reads/mako-fast-reads/src/deptran/paxos/commo.cc:151] 2025-12-10 03:35:26.984 | ForwardToLearner: SENDING to learner site_id=3, slot=180
I [/opt/actions-runner/_work/mako-fast-reads/mako-fast-reads/src/deptran/paxos/commo.cc:125] 2025-12-10 03:35:27.019 | ForwardToLearner: par_id=1, slot=31, n=3, proxies.size=4, batch_idx=0
I [/opt/actions-runner/_work/mako-fast-reads/mako-fast-reads/src/deptran/paxos/commo.cc:151] 2025-12-10 03:35:27.019 | ForwardToLearner: SENDING to learner site_id=7, slot=31
I [/opt/actions-runner/_work/mako-fast-reads/mako-fast-reads/src/deptran/paxos/commo.cc:125] 2025-12-10 03:35:27.027 | ForwardToLearner: par_id=0, slot=181, n=3, proxies.size=4, batch_idx=0
I [/opt/actions-runner/_work/mako-fast-reads/mako-fast-reads/src/deptran/paxos/commo.cc:151] 2025-12-10 03:35:27.027 | ForwardToLearner: SENDING to learner site_id=3, slot=181
I [/opt/actions-runner/_work/mako-fast-reads/mako-fast-reads/src/deptran/paxos/commo.cc:125] 2025-12-10 03:35:27.069 | ForwardToLearner: par_id=1, slot=32, n=3, proxies.size=4, batch_idx=0
I [/opt/actions-runner/_work/mako-fast-reads/mako-fast-reads/src/deptran/paxos/commo.cc:151] 2025-12-10 03:35:27.069 | ForwardToLearner: SENDING to learner site_id=7, slot=32
I [/opt/actions-runner/_work/mako-fast-reads/mako-fast-reads/src/deptran/paxos/commo.cc:125] 2025-12-10 03:35:27.078 | ForwardToLearner: par_id=0, slot=182, n=3, proxies.size=4, batch_idx=0
I [/opt/actions-runner/_work/mako-fast-reads/mako-fast-reads/src/deptran/paxos/commo.cc:151] 2025-12-10 03:35:27.078 | ForwardToLearner: SENDING to learner site_id=3, slot=182
I [/opt/actions-runner/_work/mako-fast-reads/mako-fast-reads/src/deptran/paxos/commo.cc:125] 2025-12-10 03:35:27.108 | ForwardToLearner: par_id=1, slot=33, n=3, proxies.size=4, batch_idx=0
I [/opt/actions-runner/_work/mako-fast-reads/mako-fast-reads/src/deptran/paxos/commo.cc:151] 2025-12-10 03:35:27.108 | ForwardToLearner: SENDING to learner site_id=7, slot=33
I [/opt/actions-runner/_work/mako-fast-reads/mako-fast-reads/src/deptran/paxos/commo.cc:125] 2025-12-10 03:35:27.126 | ForwardToLearner: par_id=1, slot=34, n=3, proxies.size=4, batch_idx=0
I [/opt/actions-runner/_work/mako-fast-reads/mako-fast-reads/src/deptran/paxos/commo.cc:151] 2025-12-10 03:35:27.126 | ForwardToLearner: SENDING to learner site_id=7, slot=34
I [/opt/actions-runner/_work/mako-fast-reads/mako-fast-reads/src/deptran/paxos/commo.cc:125] 2025-12-10 03:35:27.130 | ForwardToLearner: par_id=0, slot=183, n=3, proxies.size=4, batch_idx=0
I [/opt/actions-runner/_work/mako-fast-reads/mako-fast-reads/src/deptran/paxos/commo.cc:151] 2025-12-10 03:35:27.130 | ForwardToLearner: SENDING to learner site_id=3, slot=183
I [/opt/actions-runner/_work/mako-fast-reads/mako-fast-reads/src/deptran/paxos/commo.cc:125] 2025-12-10 03:35:27.155 | ForwardToLearner: par_id=1, slot=35, n=3, proxies.size=4, batch_idx=0
I [/opt/actions-runner/_work/mako-fast-reads/mako-fast-reads/src/deptran/paxos/commo.cc:151] 2025-12-10 03:35:27.155 | ForwardToLearner: SENDING to learner site_id=7, slot=35
I [/opt/actions-runner/_work/mako-fast-reads/mako-fast-reads/src/deptran/paxos/commo.cc:125] 2025-12-10 03:35:27.166 | ForwardToLearner: par_id=1, slot=36, n=3, proxies.size=4, batch_idx=0
I [/opt/actions-runner/_work/mako-fast-reads/mako-fast-reads/src/deptran/paxos/commo.cc:151] 2025-12-10 03:35:27.166 | ForwardToLearner: SENDING to learner site_id=7, slot=36
I [/opt/actions-runner/_work/mako-fast-reads/mako-fast-reads/src/deptran/paxos/commo.cc:125] 2025-12-10 03:35:27.168 | ForwardToLearner: par_id=0, slot=184, n=3, proxies.size=4, batch_idx=0
I [/opt/actions-runner/_work/mako-fast-reads/mako-fast-reads/src/deptran/paxos/commo.cc:151] 2025-12-10 03:35:27.168 | ForwardToLearner: SENDING to learner site_id=3, slot=184
I [/opt/actions-runner/_work/mako-fast-reads/mako-fast-reads/src/deptran/paxos/commo.cc:125] 2025-12-10 03:35:27.173 | ForwardToLearner: par_id=0, slot=185, n=3, proxies.size=4, batch_idx=0
I [/opt/actions-runner/_work/mako-fast-reads/mako-fast-reads/src/deptran/paxos/commo.cc:151] 2025-12-10 03:35:27.173 | ForwardToLearner: SENDING to learner site_id=3, slot=185
I [/opt/actions-runner/_work/mako-fast-reads/mako-fast-reads/src/deptran/paxos/commo.cc:125] 2025-12-10 03:35:27.185 | ForwardToLearner: par_id=0, slot=186, n=3, proxies.size=4, batch_idx=0
I [/opt/actions-runner/_work/mako-fast-reads/mako-fast-reads/src/deptran/paxos/commo.cc:151] 2025-12-10 03:35:27.185 | ForwardToLearner: SENDING to learner site_id=3, slot=186
I [/opt/actions-runner/_work/mako-fast-reads/mako-fast-reads/src/deptran/paxos/commo.cc:125] 2025-12-10 03:35:27.198 | ForwardToLearner: par_id=1, slot=37, n=3, proxies.size=4, batch_idx=0
I [/opt/actions-runner/_work/mako-fast-reads/mako-fast-reads/src/deptran/paxos/commo.cc:151] 2025-12-10 03:35:27.198 | ForwardToLearner: SENDING to learner site_id=7, slot=37
I [/opt/actions-runner/_work/mako-fast-reads/mako-fast-reads/src/deptran/paxos/commo.cc:125] 2025-12-10 03:35:27.212 | ForwardToLearner: par_id=0, slot=187, n=3, proxies.size=4, batch_idx=0
I [/opt/actions-runner/_work/mako-fast-reads/mako-fast-reads/src/deptran/paxos/commo.cc:151] 2025-12-10 03:35:27.212 | ForwardToLearner: SENDING to learner site_id=3, slot=187
I [/opt/actions-runner/_work/mako-fast-reads/mako-fast-reads/src/deptran/paxos/commo.cc:125] 2025-12-10 03:35:27.247 | ForwardToLearner: par_id=1, slot=38, n=3, proxies.size=4, batch_idx=0
I [/opt/actions-runner/_work/mako-fast-reads/mako-fast-reads/src/deptran/paxos/commo.cc:151] 2025-12-10 03:35:27.247 | ForwardToLearner: SENDING to learner site_id=7, slot=38
I [/opt/actions-runner/_work/mako-fast-reads/mako-fast-reads/src/deptran/paxos/commo.cc:125] 2025-12-10 03:35:27.255 | ForwardToLearner: par_id=0, slot=188, n=3, proxies.size=4, batch_idx=0
I [/opt/actions-runner/_work/mako-fast-reads/mako-fast-reads/src/deptran/paxos/commo.cc:151] 2025-12-10 03:35:27.255 | ForwardToLearner: SENDING to learner site_id=3, slot=188
I [/opt/actions-runner/_work/mako-fast-reads/mako-fast-reads/src/deptran/paxos/commo.cc:125] 2025-12-10 03:35:27.295 | ForwardToLearner: par_id=0, slot=189, n=3, proxies.size=4, batch_idx=0
I [/opt/actions-runner/_work/mako-fast-reads/mako-fast-reads/src/deptran/paxos/commo.cc:151] 2025-12-10 03:35:27.295 | ForwardToLearner: SENDING to learner site_id=3, slot=189
I [/opt/actions-runner/_work/mako-fast-reads/mako-fast-reads/src/deptran/paxos/commo.cc:125] 2025-12-10 03:35:27.301 | ForwardToLearner: par_id=1, slot=39, n=3, proxies.size=4, batch_idx=0
I [/opt/actions-runner/_work/mako-fast-reads/mako-fast-reads/src/deptran/paxos/commo.cc:151] 2025-12-10 03:35:27.301 | ForwardToLearner: SENDING to learner site_id=7, slot=39
I [/opt/actions-runner/_work/mako-fast-reads/mako-fast-reads/src/deptran/paxos/commo.cc:125] 2025-12-10 03:35:27.341 | ForwardToLearner: par_id=0, slot=190, n=3, proxies.size=4, batch_idx=0
I [/opt/actions-runner/_work/mako-fast-reads/mako-fast-reads/src/deptran/paxos/commo.cc:151] 2025-12-10 03:35:27.341 | ForwardToLearner: SENDING to learner site_id=3, slot=190
I [/opt/actions-runner/_work/mako-fast-reads/mako-fast-reads/src/deptran/paxos/commo.cc:125] 2025-12-10 03:35:27.355 | ForwardToLe20251110-03:35.27-371958(us) 19466 * wait_for_termination (mako.hh:538):      follower is waiting for being ended: 0/2, noops_cnt:0, replay_batch:226, wait_time:3s

arner: par_id=1, slot=40, n=3, proxies.size=4, batch_idx=0
I [/opt/actions-runner/_work/mako-fast-reads/mako-fast-reads/src/deptran/paxos/commo.cc:151] 2025-12-10 03:35:27.355 | ForwardToLearner: SENDING to learner site_id=7, slot=40
I [/opt/actions-runner/_work/mako-fast-reads/mako-fast-reads/src/deptran/paxos/commo.cc:125] 2025-12-10 03:35:27.384 | ForwardToLearner: par_id=0, slot=191, n=3, proxies.size=4, batch_idx=0
I [/opt/actions-runner/_work/mako-fast-reads/mako-fast-reads/src/deptran/paxos/commo.cc:151] 2025-12-10 03:35:27.384 | ForwardToLearner: SENDING to learner site_id=3, slot=191
I [/opt/actions-runner/_work/mako-fast-reads/mako-fast-reads/src/deptran/paxos/commo.cc:125] 2025-12-10 03:35:27.384 | ForwardToLearner: par_id=1, slot=41, n=3, proxies.size=4, batch_idx=0
I [/opt/actions-runner/_work/mako-fast-reads/mako-fast-reads/src/deptran/paxos/commo.cc:151] 2025-12-10 03:35:27.384 | ForwardToLearner: SENDING to learner site_id=7, slot=41
I [/opt/actions-runner/_work/mako-fast-reads/mako-fast-reads/src/deptran/paxos/commo.cc:125] 2025-12-10 03:35:27.387 | ForwardToLearner: par_id=0, slot=192, n=3, proxies.size=4, batch_idx=0
I [/opt/actions-runner/_work/mako-fast-reads/mako-fast-reads/src/deptran/paxos/commo.cc:151] 2025-12-10 03:35:27.387 | ForwardToLearner: SENDING to learner site_id=3, slot=192
I [/opt/actions-runner/_work/mako-fast-reads/mako-fast-reads/src/deptran/paxos/commo.cc:125] 2025-12-10 03:35:27.408 | ForwardToLearner: par_id=1, slot=42, n=3, proxies.size=4, batch_idx=0
I [/opt/actions-runner/_work/mako-fast-reads/mako-fast-reads/src/deptran/paxos/commo.cc:151] 2025-12-10 03:35:27.408 | ForwardToLearner: SENDING to learner site_id=7, slot=42
I [/opt/actions-runner/_work/mako-fast-reads/mako-fast-reads/src/deptran/paxos/commo.cc:125] 2025-12-10 03:35:27.420 | ForwardToLearner: par_id=0, slot=193, n=3, proxies.size=4, batch_idx=0
I [/opt/actions-runner/_work/mako-fast-reads/mako-fast-reads/src/deptran/paxos/commo.cc:151] 2025-12-10 03:35:27.420 | ForwardToLearner: SENDING to learner site_id=3, slot=193
I [/opt/actions-runner/_work/mako-fast-reads/mako-fast-reads/src/deptran/paxos/commo.cc:125] 2025-12-10 03:35:27.424 | ForwardToLearner: par_id=0, slot=194, n=3, proxies.size=4, batch_idx=0
I [/opt/actions-runner/_work/mako-fast-reads/mako-fast-reads/src/deptran/paxos/commo.cc:151] 2025-12-10 03:35:27.424 | ForwardToLearner: SENDING to learner site_id=3, slot=194
I [/opt/actions-runner/_work/mako-fast-reads/mako-fast-reads/src/deptran/paxos/commo.cc:125] 2025-12-10 03:35:27.424 | ForwardToLearner: par_id=1, slot=43, n=3, proxies.size=4, batch_idx=0
I [/opt/actions-runner/_work/mako-fast-reads/mako-fast-reads/src/deptran/paxos/commo.cc:151] 2025-12-10 03:35:27.424 | ForwardToLearner: SENDING to learner site_id=7, slot=43
I [/opt/actions-runner/_work/mako-fast-reads/mako-fast-reads/src/deptran/paxos/commo.cc:125] 2025-12-10 03:35:27.445 | ForwardToLearner: par_id=1, slot=44, n=3, proxies.size=4, batch_idx=0
I [/opt/actions-runner/_work/mako-fast-reads/mako-fast-reads/src/deptran/paxos/commo.cc:151] 2025-12-10 03:35:27.445 | ForwardToLearner: SENDING to learner site_id=7, slot=44
I [/opt/actions-runner/_work/mako-fast-reads/mako-fast-reads/src/deptran/paxos/commo.cc:125] 2025-12-10 03:35:27.467 | ForwardToLearner: par_id=0, slot=195, n=3, proxies.size=4, batch_idx=0
I [/opt/actions-runner/_work/mako-fast-reads/mako-fast-reads/src/deptran/paxos/commo.cc:151] 2025-12-10 03:35:27.467 | ForwardToLearner: SENDING to learner site_id=3, slot=195
I [/opt/actions-runner/_work/mako-fast-reads/mako-fast-reads/src/deptran/paxos/commo.cc:125] 2025-12-10 03:35:27.493 | ForwardToLearner: par_id=1, slot=45, n=3, proxies.size=4, batch_idx=0
I [/opt/actions-runner/_work/mako-fast-reads/mako-fast-reads/src/deptran/paxos/commo.cc:151] 2025-12-10 03:35:27.493 | ForwardToLearner: SENDING to learner site_id=7, slot=45
I [/opt/actions-runner/_work/mako-fast-reads/mako-fast-reads/src/deptran/paxos/commo.cc:125] 2025-12-10 03:35:27.501 | ForwardToLearner: par_id=0, slot=196, n=3, proxies.size=4, batch_idx=0
I [/opt/actions-runner/_work/mako-fast-reads/mako-fast-reads/src/deptran/paxos/commo.cc:151] 2025-12-10 03:35:27.501 | ForwardToLearner: SENDING to learner site_id=3, slot=196
I [/opt/actions-runner/_work/mako-fast-reads/mako-fast-reads/src/deptran/paxos/commo.cc:125] 2025-12-10 03:35:27.548 | ForwardToLearner: par_id=1, slot=46, n=3, proxies.size=4, batch_idx=0
I [/opt/actions-runner/_work/mako-fast-reads/mako-fast-reads/src/deptran/paxos/commo.cc:151] 2025-12-10 03:35:27.548 | ForwardToLearner: SENDING to learner site_id=7, slot=46
I [/opt/actions-runner/_work/mako-fast-reads/mako-fast-reads/src/deptran/paxos/commo.cc:125] 2025-12-10 03:35:27.558 | ForwardToLearner: par_id=0, slot=197, n=3, proxies.size=4, batch_idx=0
I [/opt/actions-runner/_work/mako-fast-reads/mako-fast-reads/src/deptran/paxos/commo.cc:151] 2025-12-10 03:35:27.558 | ForwardToLearner: SENDING to learner site_id=3, slot=197
I [/opt/actions-runner/_work/mako-fast-reads/mako-fast-reads/src/deptran/paxos/commo.cc:125] 2025-12-10 03:35:27.602 | ForwardToLearner: par_id=0, slot=198, n=3, proxies.size=4, batch_idx=0
I [/opt/actions-runner/_work/mako-fast-reads/mako-fast-reads/src/deptran/paxos/commo.cc:151] 2025-12-10 03:35:27.602 | ForwardToLearner: SENDING to learner site_id=3, slot=198
I [/opt/actions-runner/_work/mako-fast-reads/mako-fast-reads/src/deptran/paxos/commo.cc:125] 2025-12-10 03:35:27.604 | ForwardToLearner: par_id=1, slot=47, n=3, proxies.size=4, batch_idx=0
I [/opt/actions-runner/_work/mako-fast-reads/mako-fast-reads/src/deptran/paxos/commo.cc:151] 2025-12-10 03:35:27.604 | ForwardToLearner: SENDING to learner site_id=7, slot=47
I [/opt/actions-runner/_work/mako-fast-reads/mako-fast-reads/src/deptran/paxos/commo.cc:125] 2025-12-10 03:35:27.609 | ForwardToLearner: par_id=1, slot=48, n=3, proxies.size=4, batch_idx=0
I [/opt/actions-runner/_work/mako-fast-reads/mako-fast-reads/src/deptran/paxos/commo.cc:151] 2025-12-10 03:35:27.609 | ForwardToLearner: SENDING to learner site_id=7, slot=48
I [/opt/actions-runner/_work/mako-fast-reads/mako-fast-reads/src/deptran/paxos/commo.cc:125] 2025-12-10 03:35:27.643 | ForwardToLearner: par_id=0, slot=199, n=3, proxies.size=4, batch_idx=0
I [/opt/actions-runner/_work/mako-fast-reads/mako-fast-reads/src/deptran/paxos/commo.cc:151] 2025-12-10 03:35:27.643 | ForwardToLearner: SENDING to learner site_id=3, slot=199
I [/opt/actions-runner/_work/mako-fast-reads/mako-fast-reads/src/deptran/paxos/commo.cc:125] 2025-12-10 03:35:27.648 | ForwardToLearner: par_id=0, slot=200, n=3, proxies.size=4, batch_idx=0
I [/opt/actions-runner/_work/mako-fast-reads/mako-fast-reads/src/deptran/paxos/commo.cc:151] 2025-12-10 03:35:27.648 | ForwardToLearner: SENDING to learner site_id=3, slot=200
I [/opt/actions-runner/_work/mako-fast-reads/mako-fast-reads/src/deptran/paxos/commo.cc:125] 2025-12-10 03:35:27.666 | ForwardToLearner: par_id=1, slot=49, n=3, proxies.size=4, batch_idx=0
I [/opt/actions-runner/_work/mako-fast-reads/mako-fast-reads/src/deptran/paxos/commo.cc:151] 2025-12-10 03:35:27.666 | ForwardToLearner: SENDING to learner site_id=7, slot=49
I [/opt/actions-runner/_work/mako-fast-reads/mako-fast-reads/src/deptran/paxos/commo.cc:125] 2025-12-10 03:35:27.669 | ForwardToLearner: par_id=1, slot=50, n=3, proxies.size=4, batch_idx=0
I [/opt/actions-runner/_work/mako-fast-reads/mako-fast-reads/src/deptran/paxos/commo.cc:151] 2025-12-10 03:35:27.669 | ForwardToLearner: SENDING to learner site_id=7, slot=50
I [/opt/actions-runner/_work/mako-fast-reads/mako-fast-reads/src/deptran/paxos/commo.cc:125] 2025-12-10 03:35:27.691 | ForwardToLearner: par_id=0, slot=201, n=3, proxies.size=4, batch_idx=0
I [/opt/actions-runner/_work/mako-fast-reads/mako-fast-reads/src/deptran/paxos/commo.cc:151] 2025-12-10 03:35:27.691 | ForwardToLearner: SENDING to learner site_id=3, slot=201
I [/opt/actions-runner/_work/mako-fast-reads/mako-fast-reads/src/deptran/paxos/commo.cc:125] 2025-12-10 03:35:27.693 | ForwardToLearner: par_id=0, slot=202, n=3, proxies.size=4, batch_idx=0
I [/opt/actions-runner/_work/mako-fast-reads/mako-fast-reads/src/deptran/paxos/commo.cc:151] 2025-12-10 03:35:27.693 | ForwardToLearner: SENDING to learner site_id=3, slot=202
I [/opt/actions-runner/_work/mako-fast-reads/mako-fast-reads/src/deptran/paxos/commo.cc:125] 2025-12-10 03:35:27.713 | ForwardToLearner: par_id=1, slot=51, n=3, proxies.size=4, batch_idx=0
I [/opt/actions-runner/_work/mako-fast-reads/mako-fast-reads/src/deptran/paxos/commo.cc:151] 2025-12-10 03:35:27.714 | ForwardToLearner: SENDING to learner site_id=7, slot=51
I [/opt/actions-runner/_work/mako-fast-reads/mako-fast-reads/src/deptran/paxos/commo.cc:125] 2025-12-10 03:35:27.741 | ForwardToLearner: par_id=0, slot=203, n=3, proxies.size=4, batch_idx=0
I [/opt/actions-runner/_work/mako-fast-reads/mako-fast-reads/src/deptran/paxos/commo.cc:151] 2025-12-10 03:35:27.741 | ForwardToLearner: SENDING to learner site_id=3, slot=203
I [/opt/actions-runner/_work/mako-fast-reads/mako-fast-reads/src/deptran/paxos/commo.cc:125] 2025-12-10 03:35:27.759 | ForwardToLearner: par_id=1, slot=52, n=3, proxies.size=4, batch_idx=0
I [/opt/actions-runner/_work/mako-fast-reads/mako-fast-reads/src/deptran/paxos/commo.cc:151] 2025-12-10 03:35:27.759 | ForwardToLearner: SENDING to learner site_id=7, slot=52
I [/opt/actions-runner/_work/mako-fast-reads/mako-fast-reads/src/deptran/paxos/commo.cc:125] 2025-12-10 03:35:27.779 | ForwardToLearner: par_id=0, slot=204, n=3, proxies.size=4, batch_idx=0
I [/opt/actions-runner/_work/mako-fast-reads/mako-fast-reads/src/deptran/paxos/commo.cc:151] 2025-12-10 03:35:27.779 | ForwardToLearner: SENDING to learner site_id=3, slot=204
I [/opt/actions-runner/_work/mako-fast-reads/mako-fast-reads/src/deptran/paxos/commo.cc:125] 2025-12-10 03:35:27.807 | ForwardToLearner: par_id=1, slot=53, n=3, proxies.size=4, batch_idx=0
I [/opt/actions-runner/_work/mako-fast-reads/mako-fast-reads/src/deptran/paxos/commo.cc:151] 2025-12-10 03:35:27.807 | ForwardToLearner: SENDING to learner site_id=7, slot=53
I [/opt/actions-runner/_work/mako-fast-reads/mako-fast-reads/src/deptran/paxos/commo.cc:125] 2025-12-10 03:35:27.815 | ForwardToLearner: par_id=1, slot=54, n=3, proxies.size=4, batch_idx=0
I [/opt/actions-runner/_work/mako-fast-reads/mako-fast-reads/src/deptran/paxos/commo.cc:151] 2025-12-10 03:35:27.815 | ForwardToLearner: SENDING to learner site_id=7, slot=54
I [/opt/actions-runner/_work/mako-fast-reads/mako-fast-reads/src/deptran/paxos/commo.cc:125] 2025-12-10 03:35:27.840 | ForwardToLearner: par_id=0, slot=205, n=3, proxies.size=4, batch_idx=0
I [/opt/actions-runner/_work/mako-fast-reads/mako-fast-reads/src/deptran/paxos/commo.cc:151] 2025-12-10 03:35:27.840 | ForwardToLearner: SENDING to learner site_id=3, slot=205
I [/opt/actions-runner/_work/mako-fast-reads/mako-fast-reads/src/deptran/paxos/commo.cc:125] 2025-12-10 03:35:27.848 | ForwardToLearner: par_id=1, slot=55, n=3, proxies.size=4, batch_idx=0
I [/opt/actions-runner/_work/mako-fast-reads/mako-fast-reads/src/deptran/paxos/commo.cc:151] 2025-12-10 03:35:27.848 | ForwardToLearner: SENDING to learner site_id=7, slot=55
I [/opt/actions-runner/_work/mako-fast-reads/mako-fast-reads/src/deptran/paxos/commo.cc:125] 2025-12-10 03:35:27.889 | ForwardToLearner: par_id=1, slot=56, n=3, proxies.size=4, batch_idx=0
I [/opt/actions-runner/_work/mako-fast-reads/mako-fast-reads/src/deptran/paxos/commo.cc:151] 2025-12-10 03:35:27.889 | ForwardToLearner: SENDING to learner site_id=7, slot=56
I [/opt/actions-runner/_work/mako-fast-reads/mako-fast-reads/src/deptran/paxos/commo.cc:125] 2025-12-10 03:35:27.893 | ForwardToLearner: par_id=1, slot=57, n=3, proxies.size=4, batch_idx=0
I [/opt/actions-runner/_work/mako-fast-reads/mako-fast-reads/src/deptran/paxos/commo.cc:151] 2025-12-10 03:35:27.893 | ForwardToLearner: SENDING to learner site_id=7, slot=57
I [/opt/actions-runner/_work/mako-fast-reads/mako-fast-reads/src/deptran/paxos/commo.cc:125] 2025-12-10 03:35:27.896 | ForwardToLearner: par_id=0, slot=206, n=3, proxies.size=4, batch_idx=0
I [/opt/actions-runner/_work/mako-fast-reads/mako-fast-reads/src/deptran/paxos/commo.cc:151] 2025-12-10 03:35:27.896 | ForwardToLearner: SENDING to learner site_id=3, slot=206
I [/opt/actions-runner/_work/mako-fast-reads/mako-fast-reads/src/deptran/paxos/commo.cc:125] 2025-12-10 03:35:27.901 | ForwardToLearner: par_id=0, slot=207, n=3, proxies.size=4, batch_idx=0
I [/opt/actions-runner/_work/mako-fast-reads/mako-fast-reads/src/deptran/paxos/commo.cc:151] 2025-12-10 03:35:27.901 | ForwardToLearner: SENDING to learner site_id=3, slot=207
I [/opt/actions-runner/_work/mako-fast-reads/mako-fast-reads/src/deptran/paxos/commo.cc:125] 2025-12-10 03:35:27.912 | ForwardToLearner: par_id=0, slot=208, n=3, proxies.size=4, batch_idx=0
I [/opt/actions-runner/_work/mako-fast-reads/mako-fast-reads/src/deptran/paxos/commo.cc:151] 2025-12-10 03:35:27.912 | ForwardToLearner: SENDING to learner site_id=3, slot=208
I [/opt/actions-runner/_work/mako-fast-reads/mako-fast-reads/src/deptran/paxos/commo.cc:125] 2025-12-10 03:35:27.932 | ForwardToLearner: par_id=1, slot=58, n=3, proxies.size=4, batch_idx=0
I [/opt/actions-runner/_work/mako-fast-reads/mako-fast-reads/src/deptran/paxos/commo.cc:151] 2025-12-10 03:35:27.932 | ForwardToLearner: SENDING to learner site_id=7, slot=58
I [/opt/actions-runner/_work/mako-fast-reads/mako-fast-reads/src/deptran/paxos/commo.cc:125] 2025-12-10 03:35:27.951 | ForwardToLearner: par_id=0, slot=209, n=3, proxies.size=4, batch_idx=0
I [/opt/actions-runner/_work/mako-fast-reads/mako-fast-reads/src/deptran/paxos/commo.cc:151] 2025-12-10 03:35:27.951 | ForwardToLearner: SENDING to learner site_id=3, slot=209
I [/opt/actions-runner/_work/mako-fast-reads/mako-fast-reads/src/deptran/paxos/commo.cc:125] 2025-12-10 03:35:27.973 | ForwardToLearner: par_id=1, slot=59, n=3, proxies.size=4, batch_idx=0
I [/opt/actions-runner/_work/mako-fast-reads/mako-fast-reads/src/deptran/paxos/commo.cc:151] 2025-12-10 03:35:27.973 | ForwardToLearner: SENDING to learner site_id=7, slot=59
I [/opt/actions-runner/_work/mako-fast-reads/mako-fast-reads/src/deptran/paxos/commo.cc:125] 2025-12-10 03:35:28.005 | ForwardToLearner: par_id=0, slot=210, n=3, proxies.size=4, batch_idx=0
I [/opt/actions-runner/_work/mako-fast-reads/mako-fast-reads/src/deptran/paxos/commo.cc:151] 2025-12-10 03:35:28.005 | ForwardToLearner: SENDING to learner site_id=3, slot=210
I [/opt/actions-runner/_work/mako-fast-reads/mako-fast-reads/src/deptran/paxos/commo.cc:125] 2025-12-10 03:35:28.018 | ForwardToLearner: par_id=1, slot=60, n=3, proxies.size=4, batch_idx=0
I [/opt/actions-runner/_work/mako-fast-reads/mako-fast-reads/src/deptran/paxos/commo.cc:151] 2025-12-10 03:35:28.018 | ForwardToLearner: SENDING to learner site_id=7, slot=60
I [/opt/actions-runner/_work/mako-fast-reads/mako-fast-reads/src/deptran/paxos/commo.cc:125] 2025-12-10 03:35:28.034 | ForwardToLearner: par_id=1, slot=61, n=3, proxies.size=4, batch_idx=0
I [/opt/actions-runner/_work/mako-fast-reads/mako-fast-reads/src/deptran/paxos/commo.cc:151] 2025-12-10 03:35:28.034 | ForwardToLearner: SENDING to learner site_id=7, slot=61
I [/opt/actions-runner/_work/mako-fast-reads/mako-fast-reads/src/deptran/paxos/commo.cc:125] 2025-12-10 03:35:28.064 | ForwardToLearner: par_id=0, slot=211, n=3, proxies.size=4, batch_idx=0
I [/opt/actions-runner/_work/mako-fast-reads/mako-fast-reads/src/deptran/paxos/commo.cc:151] 2025-12-10 03:35:28.064 | ForwardToLearner: SENDING to learner site_id=3, slot=211
I [/opt/actions-runner/_work/mako-fast-reads/mako-fast-reads/src/deptran/paxos/commo.cc:125] 2025-12-10 03:35:28.068 | ForwardToLearner: par_id=1, slot=62, n=3, proxies.size=4, batch_idx=0
I [/opt/actions-runner/_work/mako-fast-reads/mako-fast-reads/src/deptran/paxos/commo.cc:151] 2025-12-10 03:35:28.068 | ForwardToLearner: SENDING to learner site_id=7, slot=62
I [/opt/actions-runner/_work/mako-fast-reads/mako-fast-reads/src/deptran/paxos/commo.cc:125] 2025-12-10 03:35:28.105 | ForwardToLearner: par_id=1, slot=63, n=3, proxies.size=4, batch_idx=0
I [/opt/actions-runner/_work/mako-fast-reads/mako-fast-reads/src/deptran/paxos/commo.cc:151] 2025-12-10 03:35:28.105 | ForwardToLearner: SENDING to learner site_id=7, slot=63
I [/opt/actions-runner/_work/mako-fast-reads/mako-fast-reads/src/deptran/paxos/commo.cc:125] 2025-12-10 03:35:28.112 | ForwardToLearner: par_id=0, slot=212, n=3, proxies.size=4, batch_idx=0
I [/opt/actions-runner/_work/mako-fast-reads/mako-fast-reads/src/deptran/paxos/commo.cc:151] 2025-12-10 03:35:28.112 | ForwardToLearner: SENDING to learner site_id=3, slot=212
I [/opt/actions-runner/_work/mako-fast-reads/mako-fast-reads/src/deptran/paxos/commo.cc:125] 2025-12-10 03:35:28.119 | ForwardToLearner: par_id=0, slot=213, n=3, proxies.size=4, batch_idx=0
I [/opt/actions-runner/_work/mako-fast-reads/mako-fast-reads/src/deptran/paxos/commo.cc:151] 2025-12-10 03:35:28.119 | ForwardToLearner: SENDING to learner site_id=3, slot=213
I [/opt/actions-runner/_work/mako-fast-reads/mako-fast-reads/src/deptran/paxos/commo.cc:125] 2025-12-10 03:35:28.123 | ForwardToLearner: par_id=1, slot=64, n=3, proxies.size=4, batch_idx=0
I [/opt/actions-runner/_work/mako-fast-reads/mako-fast-reads/src/deptran/paxos/commo.cc:151] 2025-12-10 03:35:28.123 | ForwardToLearner: SENDING to learner site_id=7, slot=64
I [/opt/actions-runner/_work/mako-fast-reads/mako-fast-reads/src/deptran/paxos/commo.cc:125] 2025-12-10 03:35:28.149 | ForwardToLearner: par_id=0, slot=214, n=3, proxies.size=4, batch_idx=0
I [/opt/actions-runner/_work/mako-fast-reads/mako-fast-reads/src/deptran/paxos/commo.cc:151] 2025-12-10 03:35:28.149 | ForwardToLearner: SENDING to learner site_id=3, slot=214
I [/opt/actions-runner/_work/mako-fast-reads/mako-fast-reads/src/deptran/paxos/commo.cc:125] 2025-12-10 03:35:28.151 | ForwardToLearner: par_id=0, slot=215, n=3, proxies.size=4, batch_idx=0
I [/opt/actions-runner/_work/mako-fast-reads/mako-fast-reads/src/deptran/paxos/commo.cc:151] 2025-12-10 03:35:28.151 | ForwardToLearner: SENDING to learner site_id=3, slot=215
I [/opt/actions-runner/_work/mako-fast-reads/mako-fast-reads/src/deptran/paxos/commo.cc:125] 2025-12-10 03:35:28.152 | ForwardToLearner: par_id=1, slot=65, n=3, proxies.size=4, batch_idx=0
I [/opt/actions-runner/_work/mako-fast-reads/mako-fast-reads/src/deptran/paxos/commo.cc:151] 2025-12-10 03:35:28.152 | ForwardToLearner: SENDING to learner site_id=7, slot=65
I [/opt/actions-runner/_work/mako-fast-reads/mako-fast-reads/src/deptran/paxos/commo.cc:125] 2025-12-10 03:35:28.193 | ForwardToLearner: par_id=1, slot=66, n=3, proxies.size=4, batch_idx=0
I [/opt/actions-runner/_work/mako-fast-reads/mako-fast-reads/src/deptran/paxos/commo.cc:151] 2025-12-10 03:35:28.193 | ForwardToLearner: SENDING to learner site_id=7, slot=66
I [/opt/actions-runner/_work/mako-fast-reads/mako-fast-reads/src/deptran/paxos/commo.cc:125] 2025-12-10 03:35:28.196 | ForwardToLearner: par_id=0, slot=216, n=3, proxies.size=4, batch_idx=0
I [/opt/actions-runner/_work/mako-fast-reads/mako-fast-reads/src/deptran/paxos/commo.cc:151] 2025-12-10 03:35:28.196 | ForwardToLearner: SENDING to learner site_id=3, slot=216
I [/opt/actions-runner/_work/mako-fast-reads/mako-fast-reads/src/deptran/paxos/commo.cc:125] 2025-12-10 03:35:28.234 | ForwardToLearner: par_id=1, slot=67, n=3, proxies.size=4, batch_idx=0
I [/opt/actions-runner/_work/mako-fast-reads/mako-fast-reads/src/deptran/paxos/commo.cc:151] 2025-12-10 03:35:28.234 | ForwardToLearner: SENDING to learner site_id=7, slot=67
I [/opt/actions-runner/_work/mako-fast-reads/mako-fast-reads/src/deptran/paxos/commo.cc:125] 2025-12-10 03:35:28.244 | ForwardToLearner: par_id=0, slot=217, n=3, proxies.size=4, batch_idx=0
I [/opt/actions-runner/_work/mako-fast-reads/mako-fast-reads/src/deptran/paxos/commo.cc:151] 2025-12-10 03:35:28.244 | ForwardToLearner: SENDING to learner site_id=3, slot=217
I [/opt/actions-runner/_work/mako-fast-reads/mako-fast-reads/src/deptran/paxos/commo.cc:125] 2025-12-10 03:35:28.272 | ForwardToLearner: par_id=1, slot=68, n=3, proxies.size=4, batch_idx=0
I [/opt/actions-runner/_work/mako-fast-reads/mako-fast-reads/src/deptran/paxos/commo.cc:151] 2025-12-10 03:35:28.272 | ForwardToLearner: SENDING to learner site_id=7, slot=68
I [/opt/actions-runner/_work/mako-fast-reads/mako-fast-reads/src/deptran/paxos/commo.cc:125] 2025-12-10 03:35:28.281 | ForwardToLearner: par_id=0, slot=218, n=3, proxies.si20251110-03:35.28-372042(us) 19466 * wait_for_termination (mako.hh:538):      follower is waiting for being ended: 0/2, noops_cnt:0, replay_batch:289, wait_time:4s

ze=4, batch_idx=0
I [/opt/actions-runner/_work/mako-fast-reads/mako-fast-reads/src/deptran/paxos/commo.cc:151] 2025-12-10 03:35:28.281 | ForwardToLearner: SENDING to learner site_id=3, slot=218
I [/opt/actions-runner/_work/mako-fast-reads/mako-fast-reads/src/deptran/paxos/commo.cc:125] 2025-12-10 03:35:28.282 | ForwardToLearner: par_id=1, slot=69, n=3, proxies.size=4, batch_idx=0
I [/opt/actions-runner/_work/mako-fast-reads/mako-fast-reads/src/deptran/paxos/commo.cc:151] 2025-12-10 03:35:28.282 | ForwardToLearner: SENDING to learner site_id=7, slot=69
I [/opt/actions-runner/_work/mako-fast-reads/mako-fast-reads/src/deptran/paxos/commo.cc:125] 2025-12-10 03:35:28.317 | ForwardToLearner: par_id=1, slot=70, n=3, proxies.size=4, batch_idx=0
I [/opt/actions-runner/_work/mako-fast-reads/mako-fast-reads/src/deptran/paxos/commo.cc:151] 2025-12-10 03:35:28.317 | ForwardToLearner: SENDING to learner site_id=7, slot=70
I [/opt/actions-runner/_work/mako-fast-reads/mako-fast-reads/src/deptran/paxos/commo.cc:125] 2025-12-10 03:35:28.329 | ForwardToLearner: par_id=0, slot=219, n=3, proxies.size=4, batch_idx=0
I [/opt/actions-runner/_work/mako-fast-reads/mako-fast-reads/src/deptran/paxos/commo.cc:151] 2025-12-10 03:35:28.329 | ForwardToLearner: SENDING to learner site_id=3, slot=219
I [/opt/actions-runner/_work/mako-fast-reads/mako-fast-reads/src/deptran/paxos/commo.cc:125] 2025-12-10 03:35:28.336 | ForwardToLearner: par_id=0, slot=220, n=3, proxies.size=4, batch_idx=0
I [/opt/actions-runner/_work/mako-fast-reads/mako-fast-reads/src/deptran/paxos/commo.cc:151] 2025-12-10 03:35:28.336 | ForwardToLearner: SENDING to learner site_id=3, slot=220
I [/opt/actions-runner/_work/mako-fast-reads/mako-fast-reads/src/deptran/paxos/commo.cc:125] 2025-12-10 03:35:28.353 | ForwardToLearner: par_id=1, slot=71, n=3, proxies.size=4, batch_idx=0
I [/opt/actions-runner/_work/mako-fast-reads/mako-fast-reads/src/deptran/paxos/commo.cc:151] 2025-12-10 03:35:28.353 | ForwardToLearner: SENDING to learner site_id=7, slot=71
I [/opt/actions-runner/_work/mako-fast-reads/mako-fast-reads/src/deptran/paxos/commo.cc:125] 2025-12-10 03:35:28.357 | ForwardToLearner: par_id=0, slot=221, n=3, proxies.size=4, batch_idx=0
I [/opt/actions-runner/_work/mako-fast-reads/mako-fast-reads/src/deptran/paxos/commo.cc:151] 2025-12-10 03:35:28.357 | ForwardToLearner: SENDING to learner site_id=3, slot=221
I [/opt/actions-runner/_work/mako-fast-reads/mako-fast-reads/src/deptran/paxos/commo.cc:125] 2025-12-10 03:35:28.365 | ForwardToLearner: par_id=1, slot=72, n=3, proxies.size=4, batch_idx=0
I [/opt/actions-runner/_work/mako-fast-reads/mako-fast-reads/src/deptran/paxos/commo.cc:151] 2025-12-10 03:35:28.365 | ForwardToLearner: SENDING to learner site_id=7, slot=72
I [/opt/actions-runner/_work/mako-fast-reads/mako-fast-reads/src/deptran/paxos/commo.cc:125] 2025-12-10 03:35:28.380 | ForwardToLearner: par_id=0, slot=222, n=3, proxies.size=4, batch_idx=0
I [/opt/actions-runner/_work/mako-fast-reads/mako-fast-reads/src/deptran/paxos/commo.cc:151] 2025-12-10 03:35:28.380 | ForwardToLearner: SENDING to learner site_id=3, slot=222
I [/opt/actions-runner/_work/mako-fast-reads/mako-fast-reads/src/deptran/paxos/commo.cc:125] 2025-12-10 03:35:28.397 | ForwardToLearner: par_id=1, slot=73, n=3, proxies.size=4, batch_idx=0
I [/opt/actions-runner/_work/mako-fast-reads/mako-fast-reads/src/deptran/paxos/commo.cc:151] 2025-12-10 03:35:28.397 | ForwardToLearner: SENDING to learner site_id=7, slot=73
I [/opt/actions-runner/_work/mako-fast-reads/mako-fast-reads/src/deptran/paxos/commo.cc:125] 2025-12-10 03:35:28.420 | ForwardToLearner: par_id=0, slot=223, n=3, proxies.size=4, batch_idx=0
I [/opt/actions-runner/_work/mako-fast-reads/mako-fast-reads/src/deptran/paxos/commo.cc:151] 2025-12-10 03:35:28.420 | ForwardToLearner: SENDING to learner site_id=3, slot=223
I [/opt/actions-runner/_work/mako-fast-reads/mako-fast-reads/src/deptran/paxos/commo.cc:125] 2025-12-10 03:35:28.447 | ForwardToLearner: par_id=1, slot=74, n=3, proxies.size=4, batch_idx=0
I [/opt/actions-runner/_work/mako-fast-reads/mako-fast-reads/src/deptran/paxos/commo.cc:151] 2025-12-10 03:35:28.447 | ForwardToLearner: SENDING to learner site_id=7, slot=74
I [/opt/actions-runner/_work/mako-fast-reads/mako-fast-reads/src/deptran/paxos/commo.cc:125] 2025-12-10 03:35:28.462 | ForwardToLearner: par_id=0, slot=224, n=3, proxies.size=4, batch_idx=0
I [/opt/actions-runner/_work/mako-fast-reads/mako-fast-reads/src/deptran/paxos/commo.cc:151] 2025-12-10 03:35:28.462 | ForwardToLearner: SENDING to learner site_id=3, slot=224
I [/opt/actions-runner/_work/mako-fast-reads/mako-fast-reads/src/deptran/paxos/commo.cc:125] 2025-12-10 03:35:28.498 | ForwardToLearner: par_id=1, slot=75, n=3, proxies.size=4, batch_idx=0
I [/opt/actions-runner/_work/mako-fast-reads/mako-fast-reads/src/deptran/paxos/commo.cc:151] 2025-12-10 03:35:28.498 | ForwardToLearner: SENDING to learner site_id=7, slot=75
I [/opt/actions-runner/_work/mako-fast-reads/mako-fast-reads/src/deptran/paxos/commo.cc:125] 2025-12-10 03:35:28.501 | ForwardToLearner: par_id=1, slot=76, n=3, proxies.size=4, batch_idx=0
I [/opt/actions-runner/_work/mako-fast-reads/mako-fast-reads/src/deptran/paxos/commo.cc:151] 2025-12-10 03:35:28.501 | ForwardToLearner: SENDING to learner site_id=7, slot=76
I [/opt/actions-runner/_work/mako-fast-reads/mako-fast-reads/src/deptran/paxos/commo.cc:125] 2025-12-10 03:35:28.506 | ForwardToLearner: par_id=0, slot=225, n=3, proxies.size=4, batch_idx=0
I [/opt/actions-runner/_work/mako-fast-reads/mako-fast-reads/src/deptran/paxos/commo.cc:151] 2025-12-10 03:35:28.506 | ForwardToLearner: SENDING to learner site_id=3, slot=225
I [/opt/actions-runner/_work/mako-fast-reads/mako-fast-reads/src/deptran/paxos/commo.cc:125] 2025-12-10 03:35:28.553 | ForwardToLearner: par_id=1, slot=77, n=3, proxies.size=4, batch_idx=0
I [/opt/actions-runner/_work/mako-fast-reads/mako-fast-reads/src/deptran/paxos/commo.cc:151] 2025-12-10 03:35:28.553 | ForwardToLearner: SENDING to learner site_id=7, slot=77
I [/opt/actions-runner/_work/mako-fast-reads/mako-fast-reads/src/deptran/paxos/commo.cc:125] 2025-12-10 03:35:28.558 | ForwardToLearner: par_id=0, slot=226, n=3, proxies.size=4, batch_idx=0
I [/opt/actions-runner/_work/mako-fast-reads/mako-fast-reads/src/deptran/paxos/commo.cc:151] 2025-12-10 03:35:28.558 | ForwardToLearner: SENDING to learner site_id=3, slot=226
I [/opt/actions-runner/_work/mako-fast-reads/mako-fast-reads/src/deptran/paxos/commo.cc:125] 2025-12-10 03:35:28.588 | ForwardToLearner: par_id=0, slot=227, n=3, proxies.size=4, batch_idx=0
I [/opt/actions-runner/_work/mako-fast-reads/mako-fast-reads/src/deptran/paxos/commo.cc:151] 2025-12-10 03:35:28.588 | ForwardToLearner: SENDING to learner site_id=3, slot=227
I [/opt/actions-runner/_work/mako-fast-reads/mako-fast-reads/src/deptran/paxos/commo.cc:125] 2025-12-10 03:35:28.599 | ForwardToLearner: par_id=0, slot=228, n=3, proxies.size=4, batch_idx=0
I [/opt/actions-runner/_work/mako-fast-reads/mako-fast-reads/src/deptran/paxos/commo.cc:151] 2025-12-10 03:35:28.599 | ForwardToLearner: SENDING to learner site_id=3, slot=228
I [/opt/actions-runner/_work/mako-fast-reads/mako-fast-reads/src/deptran/paxos/commo.cc:125] 2025-12-10 03:35:28.601 | ForwardToLearner: par_id=0, slot=229, n=3, proxies.size=4, batch_idx=0
I [/opt/actions-runner/_work/mako-fast-reads/mako-fast-reads/src/deptran/paxos/commo.cc:151] 2025-12-10 03:35:28.601 | ForwardToLearner: SENDING to learner site_id=3, slot=229
I [/opt/actions-runner/_work/mako-fast-reads/mako-fast-reads/src/deptran/paxos/commo.cc:125] 2025-12-10 03:35:28.601 | ForwardToLearner: par_id=1, slot=78, n=3, proxies.size=4, batch_idx=0
I [/opt/actions-runner/_work/mako-fast-reads/mako-fast-reads/src/deptran/paxos/commo.cc:151] 2025-12-10 03:35:28.601 | ForwardToLearner: SENDING to learner site_id=7, slot=78
I [/opt/actions-runner/_work/mako-fast-reads/mako-fast-reads/src/deptran/paxos/commo.cc:125] 2025-12-10 03:35:28.614 | ForwardToLearner: par_id=1, slot=79, n=3, proxies.size=4, batch_idx=0
I [/opt/actions-runner/_work/mako-fast-reads/mako-fast-reads/src/deptran/paxos/commo.cc:151] 2025-12-10 03:35:28.614 | ForwardToLearner: SENDING to learner site_id=7, slot=79
I [/opt/actions-runner/_work/mako-fast-reads/mako-fast-reads/src/deptran/paxos/commo.cc:125] 2025-12-10 03:35:28.646 | ForwardToLearner: par_id=1, slot=80, n=3, proxies.size=4, batch_idx=0
I [/opt/actions-runner/_work/mako-fast-reads/mako-fast-reads/src/deptran/paxos/commo.cc:151] 2025-12-10 03:35:28.646 | ForwardToLearner: SENDING to learner site_id=7, slot=80
I [/opt/actions-runner/_work/mako-fast-reads/mako-fast-reads/src/deptran/paxos/commo.cc:125] 2025-12-10 03:35:28.648 | ForwardToLearner: par_id=0, slot=230, n=3, proxies.size=4, batch_idx=0
I [/opt/actions-runner/_work/mako-fast-reads/mako-fast-reads/src/deptran/paxos/commo.cc:151] 2025-12-10 03:35:28.648 | ForwardToLearner: SENDING to learner site_id=3, slot=230
I [/opt/actions-runner/_work/mako-fast-reads/mako-fast-reads/src/deptran/paxos/commo.cc:125] 2025-12-10 03:35:28.680 | ForwardToLearner: par_id=1, slot=81, n=3, proxies.size=4, batch_idx=0
I [/opt/actions-runner/_work/mako-fast-reads/mako-fast-reads/src/deptran/paxos/commo.cc:151] 2025-12-10 03:35:28.680 | ForwardToLearner: SENDING to learner site_id=7, slot=81
I [/opt/actions-runner/_work/mako-fast-reads/mako-fast-reads/src/deptran/paxos/commo.cc:125] 2025-12-10 03:35:28.684 | ForwardToLearner: par_id=0, slot=231, n=3, proxies.size=4, batch_idx=0
I [/opt/actions-runner/_work/mako-fast-reads/mako-fast-reads/src/deptran/paxos/commo.cc:151] 2025-12-10 03:35:28.684 | ForwardToLearner: SENDING to learner site_id=3, slot=231
I [/opt/actions-runner/_work/mako-fast-reads/mako-fast-reads/src/deptran/paxos/commo.cc:125] 2025-12-10 03:35:28.721 | ForwardToLearner: par_id=1, slot=82, n=3, proxies.size=4, batch_idx=0
I [/opt/actions-runner/_work/mako-fast-reads/mako-fast-reads/src/deptran/paxos/commo.cc:151] 2025-12-10 03:35:28.721 | ForwardToLearner: SENDING to learner site_id=7, slot=82
I [/opt/actions-runner/_work/mako-fast-reads/mako-fast-reads/src/deptran/paxos/commo.cc:125] 2025-12-10 03:35:28.733 | ForwardToLearner: par_id=0, slot=232, n=3, proxies.size=4, batch_idx=0
I [/opt/actions-runner/_work/mako-fast-reads/mako-fast-reads/src/deptran/paxos/commo.cc:151] 2025-12-10 03:35:28.733 | ForwardToLearner: SENDING to learner site_id=3, slot=232
I [/opt/actions-runner/_work/mako-fast-reads/mako-fast-reads/src/deptran/paxos/commo.cc:125] 2025-12-10 03:35:28.737 | ForwardToLearner: par_id=1, slot=83, n=3, proxies.size=4, batch_idx=0
I [/opt/actions-runner/_work/mako-fast-reads/mako-fast-reads/src/deptran/paxos/commo.cc:151] 2025-12-10 03:35:28.737 | ForwardToLearner: SENDING to learner site_id=7, slot=83
I [/opt/actions-runner/_work/mako-fast-reads/mako-fast-reads/src/deptran/paxos/commo.cc:125] 2025-12-10 03:35:28.767 | ForwardToLearner: par_id=1, slot=84, n=3, proxies.size=4, batch_idx=0
I [/opt/actions-runner/_work/mako-fast-reads/mako-fast-reads/src/deptran/paxos/commo.cc:151] 2025-12-10 03:35:28.767 | ForwardToLearner: SENDING to learner site_id=7, slot=84
I [/opt/actions-runner/_work/mako-fast-reads/mako-fast-reads/src/deptran/paxos/commo.cc:125] 2025-12-10 03:35:28.772 | ForwardToLearner: par_id=0, slot=233, n=3, proxies.size=4, batch_idx=0
I [/opt/actions-runner/_work/mako-fast-reads/mako-fast-reads/src/deptran/paxos/commo.cc:151] 2025-12-10 03:35:28.772 | ForwardToLearner: SENDING to learner site_id=3, slot=233
I [/opt/actions-runner/_work/mako-fast-reads/mako-fast-reads/src/deptran/paxos/commo.cc:125] 2025-12-10 03:35:28.807 | ForwardToLearner: par_id=0, slot=234, n=3, proxies.size=4, batch_idx=0
I [/opt/actions-runner/_work/mako-fast-reads/mako-fast-reads/src/deptran/paxos/commo.cc:151] 2025-12-10 03:35:28.807 | ForwardToLearner: SENDING to learner site_id=3, slot=234
I [/opt/actions-runner/_work/mako-fast-reads/mako-fast-reads/src/deptran/paxos/commo.cc:125] 2025-12-10 03:35:28.818 | ForwardToLearner: par_id=0, slot=235, n=3, proxies.size=4, batch_idx=0
I [/opt/actions-runner/_work/mako-fast-reads/mako-fast-reads/src/deptran/paxos/commo.cc:151] 2025-12-10 03:35:28.818 | ForwardToLearner: SENDING to learner site_id=3, slot=235
I [/opt/actions-runner/_work/mako-fast-reads/mako-fast-reads/src/deptran/paxos/commo.cc:125] 2025-12-10 03:35:28.823 | ForwardToLearner: par_id=1, slot=85, n=3, proxies.size=4, batch_idx=0
I [/opt/actions-runner/_work/mako-fast-reads/mako-fast-reads/src/deptran/paxos/commo.cc:151] 2025-12-10 03:35:28.823 | ForwardToLearner: SENDING to learner site_id=7, slot=85
I [/opt/actions-runner/_work/mako-fast-reads/mako-fast-reads/src/deptran/paxos/commo.cc:125] 2025-12-10 03:35:28.838 | ForwardToLearner: par_id=1, slot=86, n=3, proxies.size=4, batch_idx=0
I [/opt/actions-runner/_work/mako-fast-reads/mako-fast-reads/src/deptran/paxos/commo.cc:151] 2025-12-10 03:35:28.838 | ForwardToLearner: SENDING to learner site_id=7, slot=86
I [/opt/actions-runner/_work/mako-fast-reads/mako-fast-reads/src/deptran/paxos/commo.cc:125] 2025-12-10 03:35:28.850 | ForwardToLearner: par_id=0, slot=236, n=3, proxies.size=4, batch_idx=0
I [/opt/actions-runner/_work/mako-fast-reads/mako-fast-reads/src/deptran/paxos/commo.cc:151] 2025-12-10 03:35:28.850 | ForwardToLearner: SENDING to learner site_id=3, slot=236
I [/opt/actions-runner/_work/mako-fast-reads/mako-fast-reads/src/deptran/paxos/commo.cc:125] 2025-12-10 03:35:28.868 | ForwardToLearner: par_id=0, slot=237, n=3, proxies.size=4, batch_idx=0
I [/opt/actions-runner/_work/mako-fast-reads/mako-fast-reads/src/deptran/paxos/commo.cc:151] 2025-12-10 03:35:28.868 | ForwardToLearner: SENDING to learner site_id=3, slot=237
I [/opt/actions-runner/_work/mako-fast-reads/mako-fast-reads/src/deptran/paxos/commo.cc:125] 2025-12-10 03:35:28.871 | ForwardToLearner: par_id=1, slot=87, n=3, proxies.size=4, batch_idx=0
I [/opt/actions-runner/_work/mako-fast-reads/mako-fast-reads/src/deptran/paxos/commo.cc:151] 2025-12-10 03:35:28.871 | ForwardToLearner: SENDING to learner site_id=7, slot=87
I [/opt/actions-runner/_work/mako-fast-reads/mako-fast-reads/src/deptran/paxos/commo.cc:125] 2025-12-10 03:35:28.915 | ForwardToLearner: par_id=0, slot=238, n=3, proxies.size=4, batch_idx=0
I [/opt/actions-runner/_work/mako-fast-reads/mako-fast-reads/src/deptran/paxos/commo.cc:151] 2025-12-10 03:35:28.915 | ForwardToLearner: SENDING to learner site_id=3, slot=238
I [/opt/actions-runner/_work/mako-fast-reads/mako-fast-reads/src/deptran/paxos/commo.cc:125] 2025-12-10 03:35:28.922 | ForwardToLearner: par_id=1, slot=88, n=3, proxies.size=4, batch_idx=0
I [/opt/actions-runner/_work/mako-fast-reads/mako-fast-reads/src/deptran/paxos/commo.cc:151] 2025-12-10 03:35:28.922 | ForwardToLearner: SENDING to learner site_id=7, slot=88
I [/opt/actions-runner/_work/mako-fast-reads/mako-fast-reads/src/deptran/paxos/commo.cc:125] 2025-12-10 03:35:28.960 | ForwardToLearner: par_id=0, slot=239, n=3, proxies.size=4, batch_idx=0
I [/opt/actions-runner/_work/mako-fast-reads/mako-fast-reads/src/deptran/paxos/commo.cc:151] 2025-12-10 03:35:28.960 | ForwardToLearner: SENDING to learner site_id=3, slot=239
I [/opt/actions-runner/_work/mako-fast-reads/mako-fast-reads/src/deptran/paxos/commo.cc:125] 2025-12-10 03:35:28.965 | ForwardToLearner: par_id=1, slot=89, n=3, proxies.size=4, batch_idx=0
I [/opt/actions-runner/_work/mako-fast-reads/mako-fast-reads/src/deptran/paxos/commo.cc:151] 2025-12-10 03:35:28.965 | ForwardToLearner: SENDING to learner site_id=7, slot=89
I [/opt/actions-runner/_work/mako-fast-reads/mako-fast-reads/src/deptran/paxos/commo.cc:125] 2025-12-10 03:35:28.969 | ForwardToLearner: par_id=1, slot=90, n=3, proxies.size=4, batch_idx=0
I [/opt/actions-runner/_work/mako-fast-reads/mako-fast-reads/src/deptran/paxos/commo.cc:151] 2025-12-10 03:35:28.969 | ForwardToLearner: SENDING to learner site_id=7, slot=90
I [/opt/actions-runner/_work/mako-fast-reads/mako-fast-reads/src/deptran/paxos/commo.cc:125] 2025-12-10 03:35:29.007 | ForwardToLearner: par_id=1, slot=91, n=3, proxies.size=4, batch_idx=0
I [/opt/actions-runner/_work/mako-fast-reads/mako-fast-reads/src/deptran/paxos/commo.cc:151] 2025-12-10 03:35:29.007 | ForwardToLearner: SENDING to learner site_id=7, slot=91
I [/opt/actions-runner/_work/mako-fast-reads/mako-fast-reads/src/deptran/paxos/commo.cc:125] 2025-12-10 03:35:29.011 | ForwardToLearner: par_id=0, slot=240, n=3, proxies.size=4, batch_idx=0
I [/opt/actions-runner/_work/mako-fast-reads/mako-fast-reads/src/deptran/paxos/commo.cc:151] 2025-12-10 03:35:29.011 | ForwardToLearner: SENDING to learner site_id=3, slot=240
I [/opt/actions-runner/_work/mako-fast-reads/mako-fast-reads/src/deptran/paxos/commo.cc:125] 2025-12-10 03:35:29.038 | ForwardToLearner: par_id=0, slot=241, n=3, proxies.size=4, batch_idx=0
I [/opt/actions-runner/_work/mako-fast-reads/mako-fast-reads/src/deptran/paxos/commo.cc:151] 2025-12-10 03:35:29.038 | ForwardToLearner: SENDING to learner site_id=3, slot=241
I [/opt/actions-runner/_work/mako-fast-reads/mako-fast-reads/src/deptran/paxos/commo.cc:125] 2025-12-10 03:35:29.051 | ForwardToLearner: par_id=1, slot=92, n=3, proxies.size=4, batch_idx=0
I [/opt/actions-runner/_work/mako-fast-reads/mako-fast-reads/src/deptran/paxos/commo.cc:151] 2025-12-10 03:35:29.051 | ForwardToLearner: SENDING to learner site_id=7, slot=92
I [/opt/actions-runner/_work/mako-fast-reads/mako-fast-reads/src/deptran/paxos/commo.cc:125] 2025-12-10 03:35:29.058 | ForwardToLearner: par_id=0, slot=242, n=3, proxies.size=4, batch_idx=0
I [/opt/actions-runner/_work/mako-fast-reads/mako-fast-reads/src/deptran/paxos/commo.cc:151] 2025-12-10 03:35:29.058 | ForwardToLearner: SENDING to learner site_id=3, slot=242
I [/opt/actions-runner/_work/mako-fast-reads/mako-fast-reads/src/deptran/paxos/commo.cc:125] 2025-12-10 03:35:29.076 | ForwardToLearner: par_id=1, slot=93, n=3, proxies.size=4, batch_idx=0
I [/opt/actions-runner/_work/mako-fast-reads/mako-fast-reads/src/deptran/paxos/commo.cc:151] 2025-12-10 03:35:29.076 | ForwardToLearner: SENDING to learner site_id=7, slot=93
I [/opt/actions-runner/_work/mako-fast-reads/mako-fast-reads/src/deptran/paxos/commo.cc:125] 2025-12-10 03:35:29.094 | ForwardToLearner: par_id=1, slot=94, n=3, proxies.size=4, batch_idx=0
I [/opt/actions-runner/_work/mako-fast-reads/mako-fast-reads/src/deptran/paxos/commo.cc:151] 2025-12-10 03:35:29.094 | ForwardToLearner: SENDING to learner site_id=7, slot=94
I [/opt/actions-runner/_work/mako-fast-reads/mako-fast-reads/src/deptran/paxos/commo.cc:125] 2025-12-10 03:35:29.101 | ForwardToLearner: par_id=0, slot=243, n=3, proxies.size=4, batch_idx=0
I [/opt/actions-runner/_work/mako-fast-reads/mako-fast-reads/src/deptran/paxos/commo.cc:151] 2025-12-10 03:35:29.101 | ForwardToLearner: SENDING to learner site_id=3, slot=243
I [/opt/actions-runner/_work/mako-fast-reads/mako-fast-reads/src/deptran/paxos/commo.cc:125] 2025-12-10 03:35:29.105 | ForwardToLearner: par_id=0, slot=244, n=3, proxies.size=4, batch_idx=0
I [/opt/actions-runner/_work/mako-fast-reads/mako-fast-reads/src/deptran/paxos/commo.cc:151] 2025-12-10 03:35:29.105 | ForwardToLearner: SENDING to learner site_id=3, slot=244
I [/opt/actions-runner/_work/mako-fast-reads/mako-fast-reads/src/deptran/paxos/commo.cc:125] 2025-12-10 03:35:29.130 | ForwardToLearner: par_id=1, slot=95, n=3, proxies.size=4, batch_idx=0
I [/opt/actions-runner/_work/mako-fast-reads/mako-fast-reads/src/deptran/paxos/commo.cc:151] 2025-12-10 03:35:29.130 | ForwardToLearner: SENDING to learner site_id=7, slot=95
I [/opt/actions-runner/_work/mako-fast-reads/mako-fast-reads/src/deptran/paxos/commo.cc:125] 2025-12-10 03:35:29.148 | ForwardToLearner: par_id=0, slot=245, n=3, proxies.size=4, batch_idx=0
I [/opt/actions-runner/_work/mako-fast-reads/mako-fast-reads/src/deptran/paxos/commo.cc:151] 2025-12-10 03:35:29.148 | ForwardToLearner: SENDING to learner site_id=3, slot=245
I [/opt/actions-runner/_work/mako-fast-reads/mako-fast-reads/src/deptran/paxos/commo.cc:125] 2025-12-10 03:35:29.172 | ForwardToLearner: par_id=1, slot=96, n=3, proxies.size=4, batch_idx=0
I [/opt/actions-runner/_work/mako-fast-reads/mako-fast-reads/src/deptran/paxos/commo.cc:151] 2025-12-10 03:35:29.172 | ForwardToLearner: SENDING to learner site_id=7, slot=96
I [/opt/actions-runner/_work/mako-fast-reads/mako-fast-reads/src/deptran/paxos/commo.cc:125] 2025-12-10 03:35:29.196 | ForwardToLearner: par_id=0, slot=246, n=3, proxies.size=4, batch_idx=0
I [/opt/actions-runner/_work/mako-fast-reads/mako-fast-reads/src/deptran/paxos/commo.cc:151] 2025-12-10 03:35:29.196 | ForwardToLearner: SENDING to learner site_id=3, slot=246
I [/opt/actions-runner/_work/mako-fast-reads/mako-fast-reads/src/deptran/paxos/commo.cc:125] 2025-12-10 03:35:29.208 | ForwardToLearner: par_id=1, slot=97, n=3, proxies.size=4, batch_idx=0
I [/opt/actions-runner/_work/mako-fast-reads/mako-fast-reads/src/deptran/paxos/commo.cc:151] 2025-12-10 03:35:29.208 | ForwardToLearner: SENDING to learner site_id=7, slot=97
I [/opt/actions-runner/_work/mako-fast-reads/mako-fast-reads/src/deptran/paxos/commo.cc:125] 2025-12-10 03:35:29.219 | ForwardToLearner: par_id=1, slot=98, n=3, proxies.size=4, batch_idx=0
I [/opt/actions-runner/_work/mako-fast-reads/mako-fast-reads/src/deptran/paxos/commo.cc:151] 2025-12-10 03:35:29.219 | ForwardToLearner: SENDING to learner site_id=7, slot=98
I [/opt/actions-runner/_work/mako-fast-reads/mako-fast-reads/src/deptran/paxos/commo.cc:125] 2025-12-10 03:35:29.240 | ForwardToLearner: par_id=0, slot=247, n=3, proxies.size=4, batch_idx=0
I [/opt/actions-runner/_work/mako-fast-reads/mako-fast-reads/src/deptran/paxos/commo.cc:151] 2025-12-10 03:35:29.240 | ForwardToLearner: SENDING to learner site_id=3, slot=247
I [/opt/actions-runner/_work/mako-fast-reads/mako-fast-reads/src/deptran/paxos/commo.cc:125] 2025-12-10 03:35:29.255 | ForwardToLearner: par_id=1, slot=99, n=3, proxies.size=4, batch_idx=0
I [/opt/actions-runner/_work/mako-fast-reads/mako-fast-reads/src/deptran/paxos/commo.cc:151] 2025-12-10 03:35:29.255 | ForwardToLearner: SENDING to learner site_id=7, slot=99
I [/opt/actions-runner/_work/mako-fast-reads/mako-fast-reads/src/deptran/paxos/commo.cc:125] 2025-12-10 03:35:29.288 | ForwardToLearner: par_id=0, slot=248, n=3, proxies.size=4, batch_idx=0
I [/opt/actions-runner/_work/mako-fast-reads/mako-fast-reads/src/deptran/paxos/commo.cc:151] 2025-12-10 03:35:29.288 | ForwardToLearner: SENDING to learner site_id=3, slot=248
I [/opt/actions-runner/_work/mako-fast-reads/mako-fast-reads/src/deptran/paxos/commo.cc:125] 2025-12-10 03:35:29.291 | ForwardToLearner: par_id=0, slot=249, n=3, proxies.size=4, batch_idx=0
I [/opt/actions-runner/_work/mako-fast-reads/mako-fast-reads/src/deptran/paxos/commo.cc:151] 2025-12-10 03:35:29.291 | ForwardToLearner: SENDING to learner site_id=3, slot=249
I [/opt/actions-runner/_work/mako-fast-reads/mako-fast-reads/src/deptran/paxos/commo.cc:125] 2025-12-10 03:35:29.292 | ForwardToLearner: par_id=1, slot=100, n=3, proxies.size=4, batch_idx=0
I [/opt/actions-runner/_work/mako-fast-reads/mako-fast-reads/src/deptran/paxos/commo.cc:151] 2025-12-10 03:35:29.292 | ForwardToLearner: SENDING to learner site_id=7, slot=100
I [/opt/actions-runner/_work/mako-fast-reads/mako-fast-reads/src/deptran/paxos/commo.cc:125] 2025-12-10 03:35:29.317 | ForwardToLearner: par_id=1, slot=101, n=3, proxies.size=4, batch_idx=0
I [/opt/actions-runner/_work/mako-fast-reads/mako-fast-reads/src/deptran/paxos/commo.cc:151] 2025-12-10 03:35:29.317 | ForwardToLearner: SENDING to learner site_id=7, slot=101
I [/opt/actions-runner/_work/mako-fast-reads/mako-fast-reads/src/deptran/paxos/commo.cc:125] 2025-12-10 03:35:29.326 | ForwardToLearner: par_id=0, slot=250, n=3, proxies.size=4, batch_idx=0
I [/opt/actions-runner/_work/mako-fast-reads/mako-fast-reads/src/deptran/paxos/commo.cc:151] 2025-12-10 03:35:29.326 | ForwardToLearner: SENDING to learner site_id=3, slot=250
I [/opt/actions-runner/_work/mako-fast-reads/mako-fast-reads/src/deptran/paxos/commo.cc:125] 2025-12-10 03:35:29.337 | ForwardToLearner: par_id=1, slot=102, n=3, proxies.size=4, batch_idx=0
I [/opt/actions-runner/_work/mako-fast-reads/mako-fast-reads/src/deptran/paxos/commo.cc:151] 2025-12-10 03:35:29.337 | ForwardToLearner: SENDING to learner site_id=7, slot=102
I [/opt/actions-runner/_work/mako-fast-reads/mako-fast-reads/src/deptran/paxos/commo.cc:125] 2025-12-10 03:35:29.354 | ForwardToLearner: par_id=0, slot=251, n=3, proxies.size=4, batch_idx=0
I [/opt/actions-runner/_work/mako-fast-reads/mako-fast-reads/src/deptran/paxos/commo.cc:151] 2025-20251110-03:35.29-372129(us) 19466 * wait_for_termination (mako.hh:538):      follower is waiting for being ended: 0/2, noops_cnt:0, replay_batch:349, wait_time:5s

12-10 03:35:29.354 | ForwardToLearner: SENDING to learner site_id=3, slot=251
I [/opt/actions-runner/_work/mako-fast-reads/mako-fast-reads/src/deptran/paxos/commo.cc:125] 2025-12-10 03:35:29.372 | ForwardToLearner: par_id=0, slot=252, n=3, proxies.size=4, batch_idx=0
I [/opt/actions-runner/_work/mako-fast-reads/mako-fast-reads/src/deptran/paxos/commo.cc:151] 2025-12-10 03:35:29.372 | ForwardToLearner: SENDING to learner site_id=3, slot=252
I [/opt/actions-runner/_work/mako-fast-reads/mako-fast-reads/src/deptran/paxos/commo.cc:125] 2025-12-10 03:35:29.387 | ForwardToLearner: par_id=1, slot=103, n=3, proxies.size=4, batch_idx=0
I [/opt/actions-runner/_work/mako-fast-reads/mako-fast-reads/src/deptran/paxos/commo.cc:151] 2025-12-10 03:35:29.387 | ForwardToLearner: SENDING to learner site_id=7, slot=103
I [/opt/actions-runner/_work/mako-fast-reads/mako-fast-reads/src/deptran/paxos/commo.cc:125] 2025-12-10 03:35:29.422 | ForwardToLearner: par_id=0, slot=253, n=3, proxies.size=4, batch_idx=0
I [/opt/actions-runner/_work/mako-fast-reads/mako-fast-reads/src/deptran/paxos/commo.cc:151] 2025-12-10 03:35:29.422 | ForwardToLearner: SENDING to learner site_id=3, slot=253
I [/opt/actions-runner/_work/mako-fast-reads/mako-fast-reads/src/deptran/paxos/commo.cc:125] 2025-12-10 03:35:29.427 | ForwardToLearner: par_id=1, slot=104, n=3, proxies.size=4, batch_idx=0
I [/opt/actions-runner/_work/mako-fast-reads/mako-fast-reads/src/deptran/paxos/commo.cc:151] 2025-12-10 03:35:29.427 | ForwardToLearner: SENDING to learner site_id=7, slot=104
I [/opt/actions-runner/_work/mako-fast-reads/mako-fast-reads/src/deptran/paxos/commo.cc:125] 2025-12-10 03:35:29.436 | ForwardToLearner: par_id=1, slot=105, n=3, proxies.size=4, batch_idx=0
I [/opt/actions-runner/_work/mako-fast-reads/mako-fast-reads/src/deptran/paxos/commo.cc:151] 2025-12-10 03:35:29.436 | ForwardToLearner: SENDING to learner site_id=7, slot=105
I [/opt/actions-runner/_work/mako-fast-reads/mako-fast-reads/src/deptran/paxos/commo.cc:125] 2025-12-10 03:35:29.470 | ForwardToLearner: par_id=0, slot=254, n=3, proxies.size=4, batch_idx=0
I [/opt/actions-runner/_work/mako-fast-reads/mako-fast-reads/src/deptran/paxos/commo.cc:151] 2025-12-10 03:35:29.470 | ForwardToLearner: SENDING to learner site_id=3, slot=254
I [/opt/actions-runner/_work/mako-fast-reads/mako-fast-reads/src/deptran/paxos/commo.cc:125] 2025-12-10 03:35:29.473 | ForwardToLearner: par_id=1, slot=106, n=3, proxies.size=4, batch_idx=0
I [/opt/actions-runner/_work/mako-fast-reads/mako-fast-reads/src/deptran/paxos/commo.cc:151] 2025-12-10 03:35:29.473 | ForwardToLearner: SENDING to learner site_id=7, slot=106
I [/opt/actions-runner/_work/mako-fast-reads/mako-fast-reads/src/deptran/paxos/commo.cc:125] 2025-12-10 03:35:29.505 | ForwardToLearner: par_id=1, slot=107, n=3, proxies.size=4, batch_idx=0
I [/opt/actions-runner/_work/mako-fast-reads/mako-fast-reads/src/deptran/paxos/commo.cc:151] 2025-12-10 03:35:29.505 | ForwardToLearner: SENDING to learner site_id=7, slot=107
I [/opt/actions-runner/_work/mako-fast-reads/mako-fast-reads/src/deptran/paxos/commo.cc:125] 2025-12-10 03:35:29.512 | ForwardToLearner: par_id=0, slot=255, n=3, proxies.size=4, batch_idx=0
I [/opt/actions-runner/_work/mako-fast-reads/mako-fast-reads/src/deptran/paxos/commo.cc:151] 2025-12-10 03:35:29.512 | ForwardToLearner: SENDING to learner site_id=3, slot=255
I [/opt/actions-runner/_work/mako-fast-reads/mako-fast-reads/src/deptran/paxos/commo.cc:125] 2025-12-10 03:35:29.532 | ForwardToLearner: par_id=1, slot=108, n=3, proxies.size=4, batch_idx=0
I [/opt/actions-runner/_work/mako-fast-reads/mako-fast-reads/src/deptran/paxos/commo.cc:151] 2025-12-10 03:35:29.532 | ForwardToLearner: SENDING to learner site_id=7, slot=108
I [/opt/actions-runner/_work/mako-fast-reads/mako-fast-reads/src/deptran/paxos/commo.cc:125] 2025-12-10 03:35:29.532 | ForwardToLearner: par_id=0, slot=256, n=3, proxies.size=4, batch_idx=0
I [/opt/actions-runner/_work/mako-fast-reads/mako-fast-reads/src/deptran/paxos/commo.cc:151] 2025-12-10 03:35:29.532 | ForwardToLearner: SENDING to learner site_id=3, slot=256
I [/opt/actions-runner/_work/mako-fast-reads/mako-fast-reads/src/deptran/paxos/commo.cc:125] 2025-12-10 03:35:29.553 | ForwardToLearner: par_id=1, slot=109, n=3, proxies.size=4, batch_idx=0
I [/opt/actions-runner/_work/mako-fast-reads/mako-fast-reads/src/deptran/paxos/commo.cc:151] 2025-12-10 03:35:29.553 | ForwardToLearner: SENDING to learner site_id=7, slot=109
I [/opt/actions-runner/_work/mako-fast-reads/mako-fast-reads/src/deptran/paxos/commo.cc:125] 2025-12-10 03:35:29.555 | ForwardToLearner: par_id=0, slot=257, n=3, proxies.size=4, batch_idx=0
I [/opt/actions-runner/_work/mako-fast-reads/mako-fast-reads/src/deptran/paxos/commo.cc:151] 2025-12-10 03:35:29.555 | ForwardToLearner: SENDING to learner site_id=3, slot=257
I [/opt/actions-runner/_work/mako-fast-reads/mako-fast-reads/src/deptran/paxos/commo.cc:125] 2025-12-10 03:35:29.578 | ForwardToLearner: par_id=0, slot=258, n=3, proxies.size=4, batch_idx=0
I [/opt/actions-runner/_work/mako-fast-reads/mako-fast-reads/src/deptran/paxos/commo.cc:151] 2025-12-10 03:35:29.578 | ForwardToLearner: SENDING to learner site_id=3, slot=258
I [/opt/actions-runner/_work/mako-fast-reads/mako-fast-reads/src/deptran/paxos/commo.cc:125] 2025-12-10 03:35:29.596 | ForwardToLearner: par_id=0, slot=259, n=3, proxies.size=4, batch_idx=0
I [/opt/actions-runner/_work/mako-fast-reads/mako-fast-reads/src/deptran/paxos/commo.cc:151] 2025-12-10 03:35:29.596 | ForwardToLearner: SENDING to learner site_id=3, slot=259
I [/opt/actions-runner/_work/mako-fast-reads/mako-fast-reads/src/deptran/paxos/commo.cc:125] 2025-12-10 03:35:29.597 | ForwardToLearner: par_id=1, slot=110, n=3, proxies.size=4, batch_idx=0
I [/opt/actions-runner/_work/mako-fast-reads/mako-fast-reads/src/deptran/paxos/commo.cc:151] 2025-12-10 03:35:29.597 | ForwardToLearner: SENDING to learner site_id=7, slot=110
I [/opt/actions-runner/_work/mako-fast-reads/mako-fast-reads/src/deptran/paxos/commo.cc:125] 2025-12-10 03:35:29.638 | ForwardToLearner: par_id=1, slot=111, n=3, proxies.size=4, batch_idx=0
I [/opt/actions-runner/_work/mako-fast-reads/mako-fast-reads/src/deptran/paxos/commo.cc:151] 2025-12-10 03:35:29.638 | ForwardToLearner: SENDING to learner site_id=7, slot=111
I [/opt/actions-runner/_work/mako-fast-reads/mako-fast-reads/src/deptran/paxos/commo.cc:125] 2025-12-10 03:35:29.642 | ForwardToLearner: par_id=0, slot=260, n=3, proxies.size=4, batch_idx=0
I [/opt/actions-runner/_work/mako-fast-reads/mako-fast-reads/src/deptran/paxos/commo.cc:151] 2025-12-10 03:35:29.642 | ForwardToLearner: SENDING to learner site_id=3, slot=260
I [/opt/actions-runner/_work/mako-fast-reads/mako-fast-reads/src/deptran/paxos/commo.cc:125] 2025-12-10 03:35:29.654 | ForwardToLearner: par_id=1, slot=112, n=3, proxies.size=4, batch_idx=0
I [/opt/actions-runner/_work/mako-fast-reads/mako-fast-reads/src/deptran/paxos/commo.cc:151] 2025-12-10 03:35:29.654 | ForwardToLearner: SENDING to learner site_id=7, slot=112
I [/opt/actions-runner/_work/mako-fast-reads/mako-fast-reads/src/deptran/paxos/commo.cc:125] 2025-12-10 03:35:29.686 | ForwardToLearner: par_id=0, slot=261, n=3, proxies.size=4, batch_idx=0
I [/opt/actions-runner/_work/mako-fast-reads/mako-fast-reads/src/deptran/paxos/commo.cc:151] 2025-12-10 03:35:29.686 | ForwardToLearner: SENDING to learner site_id=3, slot=261
I [/opt/actions-runner/_work/mako-fast-reads/mako-fast-reads/src/deptran/paxos/commo.cc:125] 2025-12-10 03:35:29.690 | ForwardToLearner: par_id=1, slot=113, n=3, proxies.size=4, batch_idx=0
I [/opt/actions-runner/_work/mako-fast-reads/mako-fast-reads/src/deptran/paxos/commo.cc:151] 2025-12-10 03:35:29.690 | ForwardToLearner: SENDING to learner site_id=7, slot=113
I [/opt/actions-runner/_work/mako-fast-reads/mako-fast-reads/src/deptran/paxos/commo.cc:125] 2025-12-10 03:35:29.725 | ForwardToLearner: par_id=0, slot=262, n=3, proxies.size=4, batch_idx=0
I [/opt/actions-runner/_work/mako-fast-reads/mako-fast-reads/src/deptran/paxos/commo.cc:151] 2025-12-10 03:35:29.725 | ForwardToLearner: SENDING to learner site_id=3, slot=262
I [/opt/actions-runner/_work/mako-fast-reads/mako-fast-reads/src/deptran/paxos/commo.cc:125] 2025-12-10 03:35:29.732 | ForwardToLearner: par_id=1, slot=114, n=3, proxies.size=4, batch_idx=0
I [/opt/actions-runner/_work/mako-fast-reads/mako-fast-reads/src/deptran/paxos/commo.cc:151] 2025-12-10 03:35:29.732 | ForwardToLearner: SENDING to learner site_id=7, slot=114
I [/opt/actions-runner/_work/mako-fast-reads/mako-fast-reads/src/deptran/paxos/commo.cc:125] 2025-12-10 03:35:29.757 | ForwardToLearner: par_id=1, slot=115, n=3, proxies.size=4, batch_idx=0
I [/opt/actions-runner/_work/mako-fast-reads/mako-fast-reads/src/deptran/paxos/commo.cc:151] 2025-12-10 03:35:29.757 | ForwardToLearner: SENDING to learner site_id=7, slot=115
I [/opt/actions-runner/_work/mako-fast-reads/mako-fast-reads/src/deptran/paxos/commo.cc:125] 2025-12-10 03:35:29.775 | ForwardToLearner: par_id=0, slot=263, n=3, proxies.size=4, batch_idx=0
I [/opt/actions-runner/_work/mako-fast-reads/mako-fast-reads/src/deptran/paxos/commo.cc:151] 2025-12-10 03:35:29.775 | ForwardToLearner: SENDING to learner site_id=3, slot=263
I [/opt/actions-runner/_work/mako-fast-reads/mako-fast-reads/src/deptran/paxos/commo.cc:125] 2025-12-10 03:35:29.776 | ForwardToLearner: par_id=1, slot=116, n=3, proxies.size=4, batch_idx=0
I [/opt/actions-runner/_work/mako-fast-reads/mako-fast-reads/src/deptran/paxos/commo.cc:151] 2025-12-10 03:35:29.776 | ForwardToLearner: SENDING to learner site_id=7, slot=116
I [/opt/actions-runner/_work/mako-fast-reads/mako-fast-reads/src/deptran/paxos/commo.cc:125] 2025-12-10 03:35:29.778 | ForwardToLearner: par_id=0, slot=264, n=3, proxies.size=4, batch_idx=0
I [/opt/actions-runner/_work/mako-fast-reads/mako-fast-reads/src/deptran/paxos/commo.cc:151] 2025-12-10 03:35:29.778 | ForwardToLearner: SENDING to learner site_id=3, slot=264
I [/opt/actions-runner/_work/mako-fast-reads/mako-fast-reads/src/deptran/paxos/commo.cc:125] 2025-12-10 03:35:29.818 | ForwardToLearner: par_id=0, slot=265, n=3, proxies.size=4, batch_idx=0
I [/opt/actions-runner/_work/mako-fast-reads/mako-fast-reads/src/deptran/paxos/commo.cc:151] 2025-12-10 03:35:29.818 | ForwardToLearner: SENDING to learner site_id=3, slot=265
I [/opt/actions-runner/_work/mako-fast-reads/mako-fast-reads/src/deptran/paxos/commo.cc:125] 2025-12-10 03:35:29.831 | ForwardToLearner: par_id=1, slot=117, n=3, proxies.size=4, batch_idx=0
I [/opt/actions-runner/_work/mako-fast-reads/mako-fast-reads/src/deptran/paxos/commo.cc:151] 2025-12-10 03:35:29.831 | ForwardToLearner: SENDING to learner site_id=7, slot=117
I [/opt/actions-runner/_work/mako-fast-reads/mako-fast-reads/src/deptran/paxos/commo.cc:125] 2025-12-10 03:35:29.857 | ForwardToLearner: par_id=0, slot=266, n=3, proxies.size=4, batch_idx=0
I [/opt/actions-runner/_work/mako-fast-reads/mako-fast-reads/src/deptran/paxos/commo.cc:151] 2025-12-10 03:35:29.857 | ForwardToLearner: SENDING to learner site_id=3, slot=266
I [/opt/actions-runner/_work/mako-fast-reads/mako-fast-reads/src/deptran/paxos/commo.cc:125] 2025-12-10 03:35:29.862 | ForwardToLearner: par_id=0, slot=267, n=3, proxies.size=4, batch_idx=0
I [/opt/actions-runner/_work/mako-fast-reads/mako-fast-reads/src/deptran/paxos/commo.cc:151] 2025-12-10 03:35:29.862 | ForwardToLearner: SENDING to learner site_id=3, slot=267
I [/opt/actions-runner/_work/mako-fast-reads/mako-fast-reads/src/deptran/paxos/commo.cc:125] 2025-12-10 03:35:29.872 | ForwardToLearner: par_id=1, slot=118, n=3, proxies.size=4, batch_idx=0
I [/opt/actions-runner/_work/mako-fast-reads/mako-fast-reads/src/deptran/paxos/commo.cc:151] 2025-12-10 03:35:29.872 | ForwardToLearner: SENDING to learner site_id=7, slot=118
I [/opt/actions-runner/_work/mako-fast-reads/mako-fast-reads/src/deptran/paxos/commo.cc:125] 2025-12-10 03:35:29.890 | ForwardToLearner: par_id=1, slot=119, n=3, proxies.size=4, batch_idx=0
I [/opt/actions-runner/_work/mako-fast-reads/mako-fast-reads/src/deptran/paxos/commo.cc:151] 2025-12-10 03:35:29.890 | ForwardToLearner: SENDING to learner site_id=7, slot=119
I [/opt/actions-runner/_work/mako-fast-reads/mako-fast-reads/src/deptran/paxos/commo.cc:125] 2025-12-10 03:35:29.906 | ForwardToLearner: par_id=0, slot=268, n=3, proxies.size=4, batch_idx=0
I [/opt/actions-runner/_work/mako-fast-reads/mako-fast-reads/src/deptran/paxos/commo.cc:151] 2025-12-10 03:35:29.906 | ForwardToLearner: SENDING to learner site_id=3, slot=268
I [/opt/actions-runner/_work/mako-fast-reads/mako-fast-reads/src/deptran/paxos/commo.cc:125] 2025-12-10 03:35:29.923 | ForwardToLearner: par_id=1, slot=120, n=3, proxies.size=4, batch_idx=0
I [/opt/actions-runner/_work/mako-fast-reads/mako-fast-reads/src/deptran/paxos/commo.cc:151] 2025-12-10 03:35:29.923 | ForwardToLearner: SENDING to learner site_id=7, slot=120
I [/opt/actions-runner/_work/mako-fast-reads/mako-fast-reads/src/deptran/paxos/commo.cc:125] 2025-12-10 03:35:29.962 | ForwardToLearner: par_id=0, slot=269, n=3, proxies.size=4, batch_idx=0
I [/opt/actions-runner/_work/mako-fast-reads/mako-fast-reads/src/deptran/paxos/commo.cc:151] 2025-12-10 03:35:29.962 | ForwardToLearner: SENDING to learner site_id=3, slot=269
I [/opt/actions-runner/_work/mako-fast-reads/mako-fast-reads/src/deptran/paxos/commo.cc:125] 2025-12-10 03:35:29.973 | ForwardToLearner: par_id=1, slot=121, n=3, proxies.size=4, batch_idx=0
I [/opt/actions-runner/_work/mako-fast-reads/mako-fast-reads/src/deptran/paxos/commo.cc:151] 2025-12-10 03:35:29.973 | ForwardToLearner: SENDING to learner site_id=7, slot=121
I [/opt/actions-runner/_work/mako-fast-reads/mako-fast-reads/src/deptran/paxos/commo.cc:125] 2025-12-10 03:35:29.995 | ForwardToLearner: par_id=0, slot=270, n=3, proxies.size=4, batch_idx=0
I [/opt/actions-runner/_work/mako-fast-reads/mako-fast-reads/src/deptran/paxos/commo.cc:151] 2025-12-10 03:35:29.995 | ForwardToLearner: SENDING to learner site_id=3, slot=270
I [/opt/actions-runner/_work/mako-fast-reads/mako-fast-reads/src/deptran/paxos/commo.cc:125] 2025-12-10 03:35:30.008 | ForwardToLearner: par_id=0, slot=271, n=3, proxies.size=4, batch_idx=0
I [/opt/actions-runner/_work/mako-fast-reads/mako-fast-reads/src/deptran/paxos/commo.cc:151] 2025-12-10 03:35:30.008 | ForwardToLearner: SENDING to learner site_id=3, slot=271
I [/opt/actions-runner/_work/mako-fast-reads/mako-fast-reads/src/deptran/paxos/commo.cc:125] 2025-12-10 03:35:30.017 | ForwardToLearner: par_id=1, slot=122, n=3, proxies.size=4, batch_idx=0
I [/opt/actions-runner/_work/mako-fast-reads/mako-fast-reads/src/deptran/paxos/commo.cc:151] 2025-12-10 03:35:30.017 | ForwardToLearner: SENDING to learner site_id=7, slot=122
I [/opt/actions-runner/_work/mako-fast-reads/mako-fast-reads/src/deptran/paxos/commo.cc:125] 2025-12-10 03:35:30.020 | ForwardToLearner: par_id=1, slot=123, n=3, proxies.size=4, batch_idx=0
I [/opt/actions-runner/_work/mako-fast-reads/mako-fast-reads/src/deptran/paxos/commo.cc:151] 2025-12-10 03:35:30.020 | ForwardToLearner: SENDING to learner site_id=7, slot=123
I [/opt/actions-runner/_work/mako-fast-reads/mako-fast-reads/src/deptran/paxos/commo.cc:125] 2025-12-10 03:35:30.051 | ForwardToLearner: par_id=0, slot=272, n=3, proxies.size=4, batch_idx=0
I [/opt/actions-runner/_work/mako-fast-reads/mako-fast-reads/src/deptran/paxos/commo.cc:151] 2025-12-10 03:35:30.051 | ForwardToLearner: SENDING to learner site_id=3, slot=272
I [/opt/actions-runner/_work/mako-fast-reads/mako-fast-reads/src/deptran/paxos/commo.cc:125] 2025-12-10 03:35:30.063 | ForwardToLearner: par_id=1, slot=124, n=3, proxies.size=4, batch_idx=0
I [/opt/actions-runner/_work/mako-fast-reads/mako-fast-reads/src/deptran/paxos/commo.cc:151] 2025-12-10 03:35:30.063 | ForwardToLearner: SENDING to learner site_id=7, slot=124
I [/opt/actions-runner/_work/mako-fast-reads/mako-fast-reads/src/deptran/paxos/commo.cc:125] 2025-12-10 03:35:30.084 | ForwardToLearner: par_id=0, slot=273, n=3, proxies.size=4, batch_idx=0
I [/opt/actions-runner/_work/mako-fast-reads/mako-fast-reads/src/deptran/paxos/commo.cc:151] 2025-12-10 03:35:30.084 | ForwardToLearner: SENDING to learner site_id=3, slot=273
I [/opt/actions-runner/_work/mako-fast-reads/mako-fast-reads/src/deptran/paxos/commo.cc:125] 2025-12-10 03:35:30.113 | ForwardToLearner: par_id=1, slot=125, n=3, proxies.size=4, batch_idx=0
I [/opt/actions-runner/_work/mako-fast-reads/mako-fast-reads/src/deptran/paxos/commo.cc:151] 2025-12-10 03:35:30.113 | ForwardToLearner: SENDING to learner site_id=7, slot=125
I [/opt/actions-runner/_work/mako-fast-reads/mako-fast-reads/src/deptran/paxos/commo.cc:125] 2025-12-10 03:35:30.116 | ForwardToLearner: par_id=1, slot=126, n=3, proxies.size=4, batch_idx=0
I [/opt/actions-runner/_work/mako-fast-reads/mako-fast-reads/src/deptran/paxos/commo.cc:151] 2025-12-10 03:35:30.116 | ForwardToLearner: SENDING to learner site_id=7, slot=126
I [/opt/actions-runner/_work/mako-fast-reads/mako-fast-reads/src/deptran/paxos/commo.cc:125] 2025-12-10 03:35:30.117 | ForwardToLearner: par_id=0, slot=274, n=3, proxies.size=4, batch_idx=0
I [/opt/actions-runner/_work/mako-fast-reads/mako-fast-reads/src/deptran/paxos/commo.cc:151] 2025-12-10 03:35:30.117 | ForwardToLearner: SENDING to learner site_id=3, slot=274
I [/opt/actions-runner/_work/mako-fast-reads/mako-fast-reads/src/deptran/paxos/commo.cc:125] 2025-12-10 03:35:30.135 | ForwardToLearner: par_id=0, slot=275, n=3, proxies.size=4, batch_idx=0
I [/opt/actions-runner/_work/mako-fast-reads/mako-fast-reads/src/deptran/paxos/commo.cc:151] 2025-12-10 03:35:30.135 | ForwardToLearner: SENDING to learner site_id=3, slot=275
I [/opt/actions-runner/_work/mako-fast-reads/mako-fast-reads/src/deptran/paxos/commo.cc:125] 2025-12-10 03:35:30.153 | ForwardToLearner: par_id=1, slot=127, n=3, proxies.size=4, batch_idx=0
I [/opt/actions-runner/_work/mako-fast-reads/mako-fast-reads/src/deptran/paxos/commo.cc:151] 2025-12-10 03:35:30.153 | ForwardToLearner: SENDING to learner site_id=7, slot=127
I [/opt/actions-runner/_work/mako-fast-reads/mako-fast-reads/src/deptran/paxos/commo.cc:125] 2025-12-10 03:35:30.177 | ForwardToLearner: par_id=0, slot=276, n=3, proxies.size=4, batch_idx=0
I [/opt/actions-runner/_work/mako-fast-reads/mako-fast-reads/src/deptran/paxos/commo.cc:151] 2025-12-10 03:35:30.177 | ForwardToLearner: SENDING to learner site_id=3, slot=276
I [/opt/actions-runner/_work/mako-fast-reads/mako-fast-reads/src/deptran/paxos/commo.cc:125] 2025-12-10 03:35:30.195 | ForwardToLearner: par_id=1, slot=128, n=3, proxies.size=4, batch_idx=0
I [/opt/actions-runner/_work/mako-fast-reads/mako-fast-reads/src/deptran/paxos/commo.cc:151] 2025-12-10 03:35:30.195 | ForwardToLearner: SENDING to learner site_id=7, slot=128
I [/opt/actions-runner/_work/mako-fast-reads/mako-fast-reads/src/deptran/paxos/commo.cc:125] 2025-12-10 03:35:30.218 | ForwardToLearner: par_id=1, slot=129, n=3, proxies.size=4, batch_idx=0
I [/opt/actions-runner/_work/mako-fast-reads/mako-fast-reads/src/deptran/paxos/commo.cc:151] 2025-12-10 03:35:30.218 | ForwardToLearner: SENDING to learner site_id=7, slot=129
I [/opt/actions-runner/_work/mako-fast-reads/mako-fast-reads/src/deptran/paxos/commo.cc:125] 2025-12-10 03:35:30.222 | ForwardToLearner: par_id=0, slot=277, n=3, proxies.size=4, batch_idx=0
I [/opt/actions-runner/_work/mako-fast-reads/mako-fast-reads/src/deptran/paxos/commo.cc:151] 2025-12-10 03:35:30.222 | ForwardToLearner: SENDING to learner site_id=3, slot=277
I [/opt/actions-runner/_work/mako-fast-reads/mako-fast-reads/src/deptran/paxos/commo.cc:125] 2025-12-10 03:35:30.224 | ForwardToLearner: par_id=0, slot=278, n=3, proxies.size=4, batch_idx=0
I [/opt/actions-runner/_work/mako-fast-reads/mako-fast-reads/src/deptran/paxos/commo.cc:151] 2025-12-10 03:35:30.224 | ForwardToLearner: SENDING to learner site_id=3, slot=278
I [/opt/actions-runner/_work/mako-fast-reads/mako-fast-reads/src/deptran/paxos/commo.cc:125] 2025-12-10 03:35:30.236 | ForwardToLearner: par_id=1, slot=130, n=3, proxies.size=4, batch_idx=0
I [/opt/actions-runner/_work/mako-fast-reads/mako-fast-reads/src/deptran/paxos/commo.cc:151] 2025-12-10 03:35:30.236 | ForwardToLearner: SENDING to learner site_id=7, slot=130
I [/opt/actions-runner/_work/mako-fast-reads/mako-fast-reads/src/deptran/paxos/commo.cc:125] 2025-12-10 03:35:30.259 | ForwardToLearner: par_id=0, slot=279, n=3, proxies.size=4, batch_idx=0
I [/opt/actions-runner/_work/mako-fast-reads/mako-fast-reads/src/deptran/paxos/com20251110-03:35.30-372213(us) 19466 * wait_for_termination (mako.hh:538):      follower is waiting for being ended: 0/2, noops_cnt:0, replay_batch:410, wait_time:6s

mo.cc:151] 2025-12-10 03:35:30.259 | ForwardToLearner: SENDING to learner site_id=3, slot=279
I [/opt/actions-runner/_work/mako-fast-reads/mako-fast-reads/src/deptran/paxos/commo.cc:125] 2025-12-10 03:35:30.277 | ForwardToLearner: par_id=1, slot=131, n=3, proxies.size=4, batch_idx=0
I [/opt/actions-runner/_work/mako-fast-reads/mako-fast-reads/src/deptran/paxos/commo.cc:151] 2025-12-10 03:35:30.277 | ForwardToLearner: SENDING to learner site_id=7, slot=131
I [/opt/actions-runner/_work/mako-fast-reads/mako-fast-reads/src/deptran/paxos/commo.cc:125] 2025-12-10 03:35:30.301 | ForwardToLearner: par_id=0, slot=280, n=3, proxies.size=4, batch_idx=0
I [/opt/actions-runner/_work/mako-fast-reads/mako-fast-reads/src/deptran/paxos/commo.cc:151] 2025-12-10 03:35:30.301 | ForwardToLearner: SENDING to learner site_id=3, slot=280
I [/opt/actions-runner/_work/mako-fast-reads/mako-fast-reads/src/deptran/paxos/commo.cc:125] 2025-12-10 03:35:30.317 | ForwardToLearner: par_id=1, slot=132, n=3, proxies.size=4, batch_idx=0
I [/opt/actions-runner/_work/mako-fast-reads/mako-fast-reads/src/deptran/paxos/commo.cc:151] 2025-12-10 03:35:30.317 | ForwardToLearner: SENDING to learner site_id=7, slot=132
I [/opt/actions-runner/_work/mako-fast-reads/mako-fast-reads/src/deptran/paxos/commo.cc:125] 2025-12-10 03:35:30.322 | ForwardToLearner: par_id=0, slot=281, n=3, proxies.size=4, batch_idx=0
I [/opt/actions-runner/_work/mako-fast-reads/mako-fast-reads/src/deptran/paxos/commo.cc:151] 2025-12-10 03:35:30.322 | ForwardToLearner: SENDING to learner site_id=3, slot=281
I [/opt/actions-runner/_work/mako-fast-reads/mako-fast-reads/src/deptran/paxos/commo.cc:125] 2025-12-10 03:35:30.345 | ForwardToLearner: par_id=0, slot=282, n=3, proxies.size=4, batch_idx=0
I [/opt/actions-runner/_work/mako-fast-reads/mako-fast-reads/src/deptran/paxos/commo.cc:151] 2025-12-10 03:35:30.345 | ForwardToLearner: SENDING to learner site_id=3, slot=282
I [/opt/actions-runner/_work/mako-fast-reads/mako-fast-reads/src/deptran/paxos/commo.cc:125] 2025-12-10 03:35:30.367 | ForwardToLearner: par_id=1, slot=133, n=3, proxies.size=4, batch_idx=0
I [/opt/actions-runner/_work/mako-fast-reads/mako-fast-reads/src/deptran/paxos/commo.cc:151] 2025-12-10 03:35:30.367 | ForwardToLearner: SENDING to learner site_id=7, slot=133
I [/opt/actions-runner/_work/mako-fast-reads/mako-fast-reads/src/deptran/paxos/commo.cc:125] 2025-12-10 03:35:30.374 | ForwardToLearner: par_id=1, slot=134, n=3, proxies.size=4, batch_idx=0
I [/opt/actions-runner/_work/mako-fast-reads/mako-fast-reads/src/deptran/paxos/commo.cc:151] 2025-12-10 03:35:30.374 | ForwardToLearner: SENDING to learner site_id=7, slot=134
I [/opt/actions-runner/_work/mako-fast-reads/mako-fast-reads/src/deptran/paxos/commo.cc:125] 2025-12-10 03:35:30.401 | ForwardToLearner: par_id=0, slot=283, n=3, proxies.size=4, batch_idx=0
I [/opt/actions-runner/_work/mako-fast-reads/mako-fast-reads/src/deptran/paxos/commo.cc:151] 2025-12-10 03:35:30.401 | ForwardToLearner: SENDING to learner site_id=3, slot=283
I [/opt/actions-runner/_work/mako-fast-reads/mako-fast-reads/src/deptran/paxos/commo.cc:125] 2025-12-10 03:35:30.412 | ForwardToLearner: par_id=1, slot=135, n=3, proxies.size=4, batch_idx=0
I [/opt/actions-runner/_work/mako-fast-reads/mako-fast-reads/src/deptran/paxos/commo.cc:151] 2025-12-10 03:35:30.412 | ForwardToLearner: SENDING to learner site_id=7, slot=135
I [/opt/actions-runner/_work/mako-fast-reads/mako-fast-reads/src/deptran/paxos/commo.cc:125] 2025-12-10 03:35:30.442 | ForwardToLearner: par_id=0, slot=284, n=3, proxies.size=4, batch_idx=0
I [/opt/actions-runner/_work/mako-fast-reads/mako-fast-reads/src/deptran/paxos/commo.cc:151] 2025-12-10 03:35:30.442 | ForwardToLearner: SENDING to learner site_id=3, slot=284
I [/opt/actions-runner/_work/mako-fast-reads/mako-fast-reads/src/deptran/paxos/commo.cc:125] 2025-12-10 03:35:30.446 | ForwardToLearner: par_id=0, slot=285, n=3, proxies.size=4, batch_idx=0
I [/opt/actions-runner/_work/mako-fast-reads/mako-fast-reads/src/deptran/paxos/commo.cc:151] 2025-12-10 03:35:30.446 | ForwardToLearner: SENDING to learner site_id=3, slot=285
I [/opt/actions-runner/_work/mako-fast-reads/mako-fast-reads/src/deptran/paxos/commo.cc:125] 2025-12-10 03:35:30.467 | ForwardToLearner: par_id=1, slot=136, n=3, proxies.size=4, batch_idx=0
I [/opt/actions-runner/_work/mako-fast-reads/mako-fast-reads/src/deptran/paxos/commo.cc:151] 2025-12-10 03:35:30.467 | ForwardToLearner: SENDING to learner site_id=7, slot=136
I [/opt/actions-runner/_work/mako-fast-reads/mako-fast-reads/src/deptran/paxos/commo.cc:125] 2025-12-10 03:35:30.490 | ForwardToLearner: par_id=1, slot=137, n=3, proxies.size=4, batch_idx=0
I [/opt/actions-runner/_work/mako-fast-reads/mako-fast-reads/src/deptran/paxos/commo.cc:151] 2025-12-10 03:35:30.490 | ForwardToLearner: SENDING to learner site_id=7, slot=137
I [/opt/actions-runner/_work/mako-fast-reads/mako-fast-reads/src/deptran/paxos/commo.cc:125] 2025-12-10 03:35:30.493 | ForwardToLearner: par_id=0, slot=286, n=3, proxies.size=4, batch_idx=0
I [/opt/actions-runner/_work/mako-fast-reads/mako-fast-reads/src/deptran/paxos/commo.cc:151] 2025-12-10 03:35:30.493 | ForwardToLearner: SENDING to learner site_id=3, slot=286
I [/opt/actions-runner/_work/mako-fast-reads/mako-fast-reads/src/deptran/paxos/commo.cc:125] 2025-12-10 03:35:30.520 | ForwardToLearner: par_id=1, slot=138, n=3, proxies.size=4, batch_idx=0
I [/opt/actions-runner/_work/mako-fast-reads/mako-fast-reads/src/deptran/paxos/commo.cc:151] 2025-12-10 03:35:30.520 | ForwardToLearner: SENDING to learner site_id=7, slot=138
I [/opt/actions-runner/_work/mako-fast-reads/mako-fast-reads/src/deptran/paxos/commo.cc:125] 2025-12-10 03:35:30.531 | ForwardToLearner: par_id=0, slot=287, n=3, proxies.size=4, batch_idx=0
I [/opt/actions-runner/_work/mako-fast-reads/mako-fast-reads/src/deptran/paxos/commo.cc:151] 2025-12-10 03:35:30.531 | ForwardToLearner: SENDING to learner site_id=3, slot=287
I [/opt/actions-runner/_work/mako-fast-reads/mako-fast-reads/src/deptran/paxos/commo.cc:125] 2025-12-10 03:35:30.566 | ForwardToLearner: par_id=0, slot=288, n=3, proxies.size=4, batch_idx=0
I [/opt/actions-runner/_work/mako-fast-reads/mako-fast-reads/src/deptran/paxos/commo.cc:151] 2025-12-10 03:35:30.566 | ForwardToLearner: SENDING to learner site_id=3, slot=288
I [/opt/actions-runner/_work/mako-fast-reads/mako-fast-reads/src/deptran/paxos/commo.cc:125] 2025-12-10 03:35:30.567 | ForwardToLearner: par_id=1, slot=139, n=3, proxies.size=4, batch_idx=0
I [/opt/actions-runner/_work/mako-fast-reads/mako-fast-reads/src/deptran/paxos/commo.cc:151] 2025-12-10 03:35:30.567 | ForwardToLearner: SENDING to learner site_id=7, slot=139
I [/opt/actions-runner/_work/mako-fast-reads/mako-fast-reads/src/deptran/paxos/commo.cc:125] 2025-12-10 03:35:30.582 | ForwardToLearner: par_id=0, slot=289, n=3, proxies.size=4, batch_idx=0
I [/opt/actions-runner/_work/mako-fast-reads/mako-fast-reads/src/deptran/paxos/commo.cc:151] 2025-12-10 03:35:30.582 | ForwardToLearner: SENDING to learner site_id=3, slot=289
I [/opt/actions-runner/_work/mako-fast-reads/mako-fast-reads/src/deptran/paxos/commo.cc:125] 2025-12-10 03:35:30.602 | ForwardToLearner: par_id=1, slot=140, n=3, proxies.size=4, batch_idx=0
I [/opt/actions-runner/_work/mako-fast-reads/mako-fast-reads/src/deptran/paxos/commo.cc:151] 2025-12-10 03:35:30.602 | ForwardToLearner: SENDING to learner site_id=7, slot=140
I [/opt/actions-runner/_work/mako-fast-reads/mako-fast-reads/src/deptran/paxos/commo.cc:125] 2025-12-10 03:35:30.617 | ForwardToLearner: par_id=1, slot=141, n=3, proxies.size=4, batch_idx=0
I [/opt/actions-runner/_work/mako-fast-reads/mako-fast-reads/src/deptran/paxos/commo.cc:151] 2025-12-10 03:35:30.617 | ForwardToLearner: SENDING to learner site_id=7, slot=141
I [/opt/actions-runner/_work/mako-fast-reads/mako-fast-reads/src/deptran/paxos/commo.cc:125] 2025-12-10 03:35:30.627 | ForwardToLearner: par_id=0, slot=290, n=3, proxies.size=4, batch_idx=0
I [/opt/actions-runner/_work/mako-fast-reads/mako-fast-reads/src/deptran/paxos/commo.cc:151] 2025-12-10 03:35:30.627 | ForwardToLearner: SENDING to learner site_id=3, slot=290
I [/opt/actions-runner/_work/mako-fast-reads/mako-fast-reads/src/deptran/paxos/commo.cc:125] 2025-12-10 03:35:30.666 | ForwardToLearner: par_id=0, slot=291, n=3, proxies.size=4, batch_idx=0
I [/opt/actions-runner/_work/mako-fast-reads/mako-fast-reads/src/deptran/paxos/commo.cc:151] 2025-12-10 03:35:30.666 | ForwardToLearner: SENDING to learner site_id=3, slot=291
I [/opt/actions-runner/_work/mako-fast-reads/mako-fast-reads/src/deptran/paxos/commo.cc:125] 2025-12-10 03:35:30.666 | ForwardToLearner: par_id=1, slot=142, n=3, proxies.size=4, batch_idx=0
I [/opt/actions-runner/_work/mako-fast-reads/mako-fast-reads/src/deptran/paxos/commo.cc:151] 2025-12-10 03:35:30.666 | ForwardToLearner: SENDING to learner site_id=7, slot=142
I [/opt/actions-runner/_work/mako-fast-reads/mako-fast-reads/src/deptran/paxos/commo.cc:125] 2025-12-10 03:35:30.678 | ForwardToLearner: par_id=0, slot=292, n=3, proxies.size=4, batch_idx=0
I [/opt/actions-runner/_work/mako-fast-reads/mako-fast-reads/src/deptran/paxos/commo.cc:151] 2025-12-10 03:35:30.678 | ForwardToLearner: SENDING to learner site_id=3, slot=292
I [/opt/actions-runner/_work/mako-fast-reads/mako-fast-reads/src/deptran/paxos/commo.cc:125] 2025-12-10 03:35:30.711 | ForwardToLearner: par_id=0, slot=293, n=3, proxies.size=4, batch_idx=0
I [/opt/actions-runner/_work/mako-fast-reads/mako-fast-reads/src/deptran/paxos/commo.cc:151] 2025-12-10 03:35:30.711 | ForwardToLearner: SENDING to learner site_id=3, slot=293
I [/opt/actions-runner/_work/mako-fast-reads/mako-fast-reads/src/deptran/paxos/commo.cc:125] 2025-12-10 03:35:30.723 | ForwardToLearner: par_id=1, slot=143, n=3, proxies.size=4, batch_idx=0
I [/opt/actions-runner/_work/mako-fast-reads/mako-fast-reads/src/deptran/paxos/commo.cc:151] 2025-12-10 03:35:30.723 | ForwardToLearner: SENDING to learner site_id=7, slot=143
I [/opt/actions-runner/_work/mako-fast-reads/mako-fast-reads/src/deptran/paxos/commo.cc:125] 2025-12-10 03:35:30.740 | ForwardToLearner: par_id=1, slot=144, n=3, proxies.size=4, batch_idx=0
I [/opt/actions-runner/_work/mako-fast-reads/mako-fast-reads/src/deptran/paxos/commo.cc:151] 2025-12-10 03:35:30.740 | ForwardToLearner: SENDING to learner site_id=7, slot=144
I [/opt/actions-runner/_work/mako-fast-reads/mako-fast-reads/src/deptran/paxos/commo.cc:125] 2025-12-10 03:35:30.760 | ForwardToLearner: par_id=0, slot=294, n=3, proxies.size=4, batch_idx=0
I [/opt/actions-runner/_work/mako-fast-reads/mako-fast-reads/src/deptran/paxos/commo.cc:151] 2025-12-10 03:35:30.760 | ForwardToLearner: SENDING to learner site_id=3, slot=294
I [/opt/actions-runner/_work/mako-fast-reads/mako-fast-reads/src/deptran/paxos/commo.cc:125] 2025-12-10 03:35:30.764 | ForwardToLearner: par_id=1, slot=145, n=3, proxies.size=4, batch_idx=0
I [/opt/actions-runner/_work/mako-fast-reads/mako-fast-reads/src/deptran/paxos/commo.cc:151] 2025-12-10 03:35:30.764 | ForwardToLearner: SENDING to learner site_id=7, slot=145
I [/opt/actions-runner/_work/mako-fast-reads/mako-fast-reads/src/deptran/paxos/commo.cc:125] 2025-12-10 03:35:30.805 | ForwardToLearner: par_id=0, slot=295, n=3, proxies.size=4, batch_idx=0
I [/opt/actions-runner/_work/mako-fast-reads/mako-fast-reads/src/deptran/paxos/commo.cc:151] 2025-12-10 03:35:30.805 | ForwardToLearner: SENDING to learner site_id=3, slot=295
I [/opt/actions-runner/_work/mako-fast-reads/mako-fast-reads/src/deptran/paxos/commo.cc:125] 2025-12-10 03:35:30.816 | ForwardToLearner: par_id=1, slot=146, n=3, proxies.size=4, batch_idx=0
I [/opt/actions-runner/_work/mako-fast-reads/mako-fast-reads/src/deptran/paxos/commo.cc:151] 2025-12-10 03:35:30.816 | ForwardToLearner: SENDING to learner site_id=7, slot=146
I [/opt/actions-runner/_work/mako-fast-reads/mako-fast-reads/src/deptran/paxos/commo.cc:125] 2025-12-10 03:35:30.820 | ForwardToLearner: par_id=0, slot=296, n=3, proxies.size=4, batch_idx=0
I [/opt/actions-runner/_work/mako-fast-reads/mako-fast-reads/src/deptran/paxos/commo.cc:151] 2025-12-10 03:35:30.820 | ForwardToLearner: SENDING to learner site_id=3, slot=296
I [/opt/actions-runner/_work/mako-fast-reads/mako-fast-reads/src/deptran/paxos/commo.cc:125] 2025-12-10 03:35:30.846 | ForwardToLearner: par_id=1, slot=147, n=3, proxies.size=4, batch_idx=0
I [/opt/actions-runner/_work/mako-fast-reads/mako-fast-reads/src/deptran/paxos/commo.cc:151] 2025-12-10 03:35:30.846 | ForwardToLearner: SENDING to learner site_id=7, slot=147
I [/opt/actions-runner/_work/mako-fast-reads/mako-fast-reads/src/deptran/paxos/commo.cc:125] 2025-12-10 03:35:30.854 | ForwardToLearner: par_id=0, slot=297, n=3, proxies.size=4, batch_idx=0
I [/opt/actions-runner/_work/mako-fast-reads/mako-fast-reads/src/deptran/paxos/commo.cc:151] 2025-12-10 03:35:30.854 | ForwardToLearner: SENDING to learner site_id=3, slot=297
I [/opt/actions-runner/_work/mako-fast-reads/mako-fast-reads/src/deptran/paxos/commo.cc:125] 2025-12-10 03:35:30.861 | ForwardToLearner: par_id=1, slot=148, n=3, proxies.size=4, batch_idx=0
I [/opt/actions-runner/_work/mako-fast-reads/mako-fast-reads/src/deptran/paxos/commo.cc:151] 2025-12-10 03:35:30.861 | ForwardToLearner: SENDING to learner site_id=7, slot=148
I [/opt/actions-runner/_work/mako-fast-reads/mako-fast-reads/src/deptran/paxos/commo.cc:125] 2025-12-10 03:35:30.903 | ForwardToLearner: par_id=1, slot=149, n=3, proxies.size=4, batch_idx=0
I [/opt/actions-runner/_work/mako-fast-reads/mako-fast-reads/src/deptran/paxos/commo.cc:151] 2025-12-10 03:35:30.903 | ForwardToLearner: SENDING to learner site_id=7, slot=149
I [/opt/actions-runner/_work/mako-fast-reads/mako-fast-reads/src/deptran/paxos/commo.cc:125] 2025-12-10 03:35:30.904 | ForwardToLearner: par_id=0, slot=298, n=3, proxies.size=4, batch_idx=0
I [/opt/actions-runner/_work/mako-fast-reads/mako-fast-reads/src/deptran/paxos/commo.cc:151] 2025-12-10 03:35:30.904 | ForwardToLearner: SENDING to learner site_id=3, slot=298
I [/opt/actions-runner/_work/mako-fast-reads/mako-fast-reads/src/deptran/paxos/commo.cc:125] 2025-12-10 03:35:30.910 | ForwardToLearner: par_id=0, slot=299, n=3, proxies.size=4, batch_idx=0
I [/opt/actions-runner/_work/mako-fast-reads/mako-fast-reads/src/deptran/paxos/commo.cc:151] 2025-12-10 03:35:30.910 | ForwardToLearner: SENDING to learner site_id=3, slot=299
I [/opt/actions-runner/_work/mako-fast-reads/mako-fast-reads/src/deptran/paxos/commo.cc:125] 2025-12-10 03:35:30.947 | ForwardToLearner: par_id=1, slot=150, n=3, proxies.size=4, batch_idx=0
I [/opt/actions-runner/_work/mako-fast-reads/mako-fast-reads/src/deptran/paxos/commo.cc:151] 2025-12-10 03:35:30.947 | ForwardToLearner: SENDING to learner site_id=7, slot=150
I [/opt/actions-runner/_work/mako-fast-reads/mako-fast-reads/src/deptran/paxos/commo.cc:125] 2025-12-10 03:35:30.952 | ForwardToLearner: par_id=0, slot=300, n=3, proxies.size=4, batch_idx=0
I [/opt/actions-runner/_work/mako-fast-reads/mako-fast-reads/src/deptran/paxos/commo.cc:151] 2025-12-10 03:35:30.952 | ForwardToLearner: SENDING to learner site_id=3, slot=300
I [/opt/actions-runner/_work/mako-fast-reads/mako-fast-reads/src/deptran/paxos/commo.cc:125] 2025-12-10 03:35:30.983 | ForwardToLearner: par_id=1, slot=151, n=3, proxies.size=4, batch_idx=0
I [/opt/actions-runner/_work/mako-fast-reads/mako-fast-reads/src/deptran/paxos/commo.cc:151] 2025-12-10 03:35:30.983 | ForwardToLearner: SENDING to learner site_id=7, slot=151
I [/opt/actions-runner/_work/mako-fast-reads/mako-fast-reads/src/deptran/paxos/commo.cc:125] 2025-12-10 03:35:30.998 | ForwardToLearner: par_id=0, slot=301, n=3, proxies.size=4, batch_idx=0
I [/opt/actions-runner/_work/mako-fast-reads/mako-fast-reads/src/deptran/paxos/commo.cc:151] 2025-12-10 03:35:30.998 | ForwardToLearner: SENDING to learner site_id=3, slot=301
I [/opt/actions-runner/_work/mako-fast-reads/mako-fast-reads/src/deptran/paxos/commo.cc:125] 2025-12-10 03:35:31.008 | ForwardToLearner: par_id=1, slot=152, n=3, proxies.size=4, batch_idx=0
I [/opt/actions-runner/_work/mako-fast-reads/mako-fast-reads/src/deptran/paxos/commo.cc:151] 2025-12-10 03:35:31.008 | ForwardToLearner: SENDING to learner site_id=7, slot=152
I [/opt/actions-runner/_work/mako-fast-reads/mako-fast-reads/src/deptran/paxos/commo.cc:125] 2025-12-10 03:35:31.048 | ForwardToLearner: par_id=1, slot=153, n=3, proxies.size=4, batch_idx=0
I [/opt/actions-runner/_work/mako-fast-reads/mako-fast-reads/src/deptran/paxos/commo.cc:151] 2025-12-10 03:35:31.048 | ForwardToLearner: SENDING to learner site_id=7, slot=153
I [/opt/actions-runner/_work/mako-fast-reads/mako-fast-reads/src/deptran/paxos/commo.cc:125] 2025-12-10 03:35:31.064 | ForwardToLearner: par_id=0, slot=302, n=3, proxies.size=4, batch_idx=0
I [/opt/actions-runner/_work/mako-fast-reads/mako-fast-reads/src/deptran/paxos/commo.cc:151] 2025-12-10 03:35:31.064 | ForwardToLearner: SENDING to learner site_id=3, slot=302
I [/opt/actions-runner/_work/mako-fast-reads/mako-fast-reads/src/deptran/paxos/commo.cc:125] 2025-12-10 03:35:31.074 | ForwardToLearner: par_id=0, slot=303, n=3, proxies.size=4, batch_idx=0
I [/opt/actions-runner/_work/mako-fast-reads/mako-fast-reads/src/deptran/paxos/commo.cc:151] 2025-12-10 03:35:31.074 | ForwardToLearner: SENDING to learner site_id=3, slot=303
I [/opt/actions-runner/_work/mako-fast-reads/mako-fast-reads/src/deptran/paxos/commo.cc:125] 2025-12-10 03:35:31.087 | ForwardToLearner: par_id=1, slot=154, n=3, proxies.size=4, batch_idx=0
I [/opt/actions-runner/_work/mako-fast-reads/mako-fast-reads/src/deptran/paxos/commo.cc:151] 2025-12-10 03:35:31.087 | ForwardToLearner: SENDING to learner site_id=7, slot=154
I [/opt/actions-runner/_work/mako-fast-reads/mako-fast-reads/src/deptran/paxos/commo.cc:125] 2025-12-10 03:35:31.096 | ForwardToLearner: par_id=1, slot=155, n=3, proxies.size=4, batch_idx=0
I [/opt/actions-runner/_work/mako-fast-reads/mako-fast-reads/src/deptran/paxos/commo.cc:151] 2025-12-10 03:35:31.096 | ForwardToLearner: SENDING to learner site_id=7, slot=155
I [/opt/actions-runner/_work/mako-fast-reads/mako-fast-reads/src/deptran/paxos/commo.cc:125] 2025-12-10 03:35:31.107 | ForwardToLearner: par_id=0, slot=304, n=3, proxies.size=4, batch_idx=0
I [/opt/actions-runner/_work/mako-fast-reads/mako-fast-reads/src/deptran/paxos/commo.cc:151] 2025-12-10 03:35:31.107 | ForwardToLearner: SENDING to learner site_id=3, slot=304
I [/opt/actions-runner/_work/mako-fast-reads/mako-fast-reads/src/deptran/paxos/commo.cc:125] 2025-12-10 03:35:31.130 | ForwardToLearner: par_id=1, slot=156, n=3, proxies.size=4, batch_idx=0
I [/opt/actions-runner/_work/mako-fast-reads/mako-fast-reads/src/deptran/paxos/commo.cc:151] 2025-12-10 03:35:31.130 | ForwardToLearner: SENDING to learner site_id=7, slot=156
I [/opt/actions-runner/_work/mako-fast-reads/mako-fast-reads/src/deptran/paxos/commo.cc:125] 2025-12-10 03:35:31.153 | ForwardToLearner: par_id=0, slot=305, n=3, proxies.size=4, batch_idx=0
I [/opt/actions-runner/_work/mako-fast-reads/mako-fast-reads/src/deptran/paxos/commo.cc:151] 2025-12-10 03:35:31.153 | ForwardToLearner: SENDING to learner site_id=3, slot=305
I [/opt/actions-runner/_work/mako-fast-reads/mako-fast-reads/src/deptran/paxos/commo.cc:125] 2025-12-10 03:35:31.158 | ForwardToLearner: par_id=0, slot=306, n=3, proxies.size=4, batch_idx=0
I [/opt/actions-runner/_work/mako-fast-reads/mako-fast-reads/src/deptran/paxos/commo.cc:151] 2025-12-10 03:35:31.158 | ForwardToLearner: SENDING to learner site_id=3, slot=306
I [/opt/actions-runner/_work/mako-fast-reads/mako-fast-reads/src/deptran/paxos/commo.cc:125] 2025-12-10 03:35:31.180 | ForwardToLearner: par_id=1, slot=157, n=3, proxies.size=4, batch_idx=0
I [/opt/actions-runner/_work/mako-fast-reads/mako-fast-reads/src/deptran/paxos/commo.cc:151] 2025-12-10 03:35:31.180 | ForwardToLearner: SENDING to learner site_id=7, slot=157
I [/opt/actions-runner/_work/mako-fast-reads/mako-fast-reads/src/deptran/paxos/commo.cc:125] 2025-12-10 03:35:31.198 | ForwardToLearner: par_id=0, slot=307, n=3, proxies.size=4, batch_idx=0
I [/opt/actions-runner/_work/mako-fast-reads/mako-fast-reads/src/deptran/paxos/commo.cc:151] 2025-12-10 03:35:31.198 | ForwardToLearner: SENDING to learner site_id=3, slot=307
I [/opt/actions-runner/_work/mako-fast-reads/mako-fast-reads/src/deptran/paxos/commo.cc:125] 2025-12-10 03:35:31.224 | ForwardToLearner: par_id=1, slot=158, n=3, proxies.size=4, batch_idx=0
I [/opt/actions-runner/_work/mako-fast-reads/mako-fast-reads/src/d20251110-03:35.31-372298(us) 19466 * wait_for_termination (mako.hh:538):      follower is waiting for being ended: 0/2, noops_cnt:0, replay_batch:469, wait_time:7s

eptran/paxos/commo.cc:151] 2025-12-10 03:35:31.224 | ForwardToLearner: SENDING to learner site_id=7, slot=158
I [/opt/actions-runner/_work/mako-fast-reads/mako-fast-reads/src/deptran/paxos/commo.cc:125] 2025-12-10 03:35:31.227 | ForwardToLearner: par_id=1, slot=159, n=3, proxies.size=4, batch_idx=0
I [/opt/actions-runner/_work/mako-fast-reads/mako-fast-reads/src/deptran/paxos/commo.cc:151] 2025-12-10 03:35:31.227 | ForwardToLearner: SENDING to learner site_id=7, slot=159
I [/opt/actions-runner/_work/mako-fast-reads/mako-fast-reads/src/deptran/paxos/commo.cc:125] 2025-12-10 03:35:31.248 | ForwardToLearner: par_id=0, slot=308, n=3, proxies.size=4, batch_idx=0
I [/opt/actions-runner/_work/mako-fast-reads/mako-fast-reads/src/deptran/paxos/commo.cc:151] 2025-12-10 03:35:31.248 | ForwardToLearner: SENDING to learner site_id=3, slot=308
I [/opt/actions-runner/_work/mako-fast-reads/mako-fast-reads/src/deptran/paxos/commo.cc:125] 2025-12-10 03:35:31.275 | ForwardToLearner: par_id=1, slot=160, n=3, proxies.size=4, batch_idx=0
I [/opt/actions-runner/_work/mako-fast-reads/mako-fast-reads/src/deptran/paxos/commo.cc:151] 2025-12-10 03:35:31.275 | ForwardToLearner: SENDING to learner site_id=7, slot=160
I [/opt/actions-runner/_work/mako-fast-reads/mako-fast-reads/src/deptran/paxos/commo.cc:125] 2025-12-10 03:35:31.297 | ForwardToLearner: par_id=0, slot=309, n=3, proxies.size=4, batch_idx=0
I [/opt/actions-runner/_work/mako-fast-reads/mako-fast-reads/src/deptran/paxos/commo.cc:151] 2025-12-10 03:35:31.297 | ForwardToLearner: SENDING to learner site_id=3, slot=309
I [/opt/actions-runner/_work/mako-fast-reads/mako-fast-reads/src/deptran/paxos/commo.cc:125] 2025-12-10 03:35:31.311 | ForwardToLearner: par_id=0, slot=310, n=3, proxies.size=4, batch_idx=0
I [/opt/actions-runner/_work/mako-fast-reads/mako-fast-reads/src/deptran/paxos/commo.cc:151] 2025-12-10 03:35:31.311 | ForwardToLearner: SENDING to learner site_id=3, slot=310
I [/opt/actions-runner/_work/mako-fast-reads/mako-fast-reads/src/deptran/paxos/commo.cc:125] 2025-12-10 03:35:31.328 | ForwardToLearner: par_id=1, slot=161, n=3, proxies.size=4, batch_idx=0
I [/opt/actions-runner/_work/mako-fast-reads/mako-fast-reads/src/deptran/paxos/commo.cc:151] 2025-12-10 03:35:31.328 | ForwardToLearner: SENDING to learner site_id=7, slot=161
I [/opt/actions-runner/_work/mako-fast-reads/mako-fast-reads/src/deptran/paxos/commo.cc:125] 2025-12-10 03:35:31.340 | ForwardToLearner: par_id=1, slot=162, n=3, proxies.size=4, batch_idx=0
I [/opt/actions-runner/_work/mako-fast-reads/mako-fast-reads/src/deptran/paxos/commo.cc:151] 2025-12-10 03:35:31.340 | ForwardToLearner: SENDING to learner site_id=7, slot=162
I [/opt/actions-runner/_work/mako-fast-reads/mako-fast-reads/src/deptran/paxos/commo.cc:125] 2025-12-10 03:35:31.341 | ForwardToLearner: par_id=0, slot=311, n=3, proxies.size=4, batch_idx=0
I [/opt/actions-runner/_work/mako-fast-reads/mako-fast-reads/src/deptran/paxos/commo.cc:151] 2025-12-10 03:35:31.341 | ForwardToLearner: SENDING to learner site_id=3, slot=311
I [/opt/actions-runner/_work/mako-fast-reads/mako-fast-reads/src/deptran/paxos/commo.cc:125] 2025-12-10 03:35:31.381 | ForwardToLearner: par_id=0, slot=312, n=3, proxies.size=4, batch_idx=0
I [/opt/actions-runner/_work/mako-fast-reads/mako-fast-reads/src/deptran/paxos/commo.cc:151] 2025-12-10 03:35:31.381 | ForwardToLearner: SENDING to learner site_id=3, slot=312
I [/opt/actions-runner/_work/mako-fast-reads/mako-fast-reads/src/deptran/paxos/commo.cc:125] 2025-12-10 03:35:31.381 | ForwardToLearner: par_id=1, slot=163, n=3, proxies.size=4, batch_idx=0
I [/opt/actions-runner/_work/mako-fast-reads/mako-fast-reads/src/deptran/paxos/commo.cc:151] 2025-12-10 03:35:31.381 | ForwardToLearner: SENDING to learner site_id=7, slot=163
I [/opt/actions-runner/_work/mako-fast-reads/mako-fast-reads/src/deptran/paxos/commo.cc:125] 2025-12-10 03:35:31.385 | ForwardToLearner: par_id=0, slot=313, n=3, proxies.size=4, batch_idx=0
I [/opt/actions-runner/_work/mako-fast-reads/mako-fast-reads/src/deptran/paxos/commo.cc:151] 2025-12-10 03:35:31.385 | ForwardToLearner: SENDING to learner site_id=3, slot=313
I [/opt/actions-runner/_work/mako-fast-reads/mako-fast-reads/src/deptran/paxos/commo.cc:125] 2025-12-10 03:35:31.422 | ForwardToLearner: par_id=0, slot=314, n=3, proxies.size=4, batch_idx=0
I [/opt/actions-runner/_work/mako-fast-reads/mako-fast-reads/src/deptran/paxos/commo.cc:151] 2025-12-10 03:35:31.422 | ForwardToLearner: SENDING to learner site_id=3, slot=314
I [/opt/actions-runner/_work/mako-fast-reads/mako-fast-reads/src/deptran/paxos/commo.cc:125] 2025-12-10 03:35:31.430 | ForwardToLearner: par_id=1, slot=164, n=3, proxies.size=4, batch_idx=0
I [/opt/actions-runner/_work/mako-fast-reads/mako-fast-reads/src/deptran/paxos/commo.cc:151] 2025-12-10 03:35:31.430 | ForwardToLearner: SENDING to learner site_id=7, slot=164
I [/opt/actions-runner/_work/mako-fast-reads/mako-fast-reads/src/deptran/paxos/commo.cc:125] 2025-12-10 03:35:31.457 | ForwardToLearner: par_id=1, slot=165, n=3, proxies.size=4, batch_idx=0
I [/opt/actions-runner/_work/mako-fast-reads/mako-fast-reads/src/deptran/paxos/commo.cc:151] 2025-12-10 03:35:31.457 | ForwardToLearner: SENDING to learner site_id=7, slot=165
I [/opt/actions-runner/_work/mako-fast-reads/mako-fast-reads/src/deptran/paxos/commo.cc:125] 2025-12-10 03:35:31.466 | ForwardToLearner: par_id=0, slot=315, n=3, proxies.size=4, batch_idx=0
I [/opt/actions-runner/_work/mako-fast-reads/mako-fast-reads/src/deptran/paxos/commo.cc:151] 2025-12-10 03:35:31.466 | ForwardToLearner: SENDING to learner site_id=3, slot=315
I [/opt/actions-runner/_work/mako-fast-reads/mako-fast-reads/src/deptran/paxos/commo.cc:125] 2025-12-10 03:35:31.470 | ForwardToLearner: par_id=1, slot=166, n=3, proxies.size=4, batch_idx=0
I [/opt/actions-runner/_work/mako-fast-reads/mako-fast-reads/src/deptran/paxos/commo.cc:151] 2025-12-10 03:35:31.470 | ForwardToLearner: SENDING to learner site_id=7, slot=166
I [/opt/actions-runner/_work/mako-fast-reads/mako-fast-reads/src/deptran/paxos/commo.cc:125] 2025-12-10 03:35:31.512 | ForwardToLearner: par_id=0, slot=316, n=3, proxies.size=4, batch_idx=0
I [/opt/actions-runner/_work/mako-fast-reads/mako-fast-reads/src/deptran/paxos/commo.cc:151] 2025-12-10 03:35:31.512 | ForwardToLearner: SENDING to learner site_id=3, slot=316
I [/opt/actions-runner/_work/mako-fast-reads/mako-fast-reads/src/deptran/paxos/commo.cc:125] 2025-12-10 03:35:31.526 | ForwardToLearner: par_id=1, slot=167, n=3, proxies.size=4, batch_idx=0
I [/opt/actions-runner/_work/mako-fast-reads/mako-fast-reads/src/deptran/paxos/commo.cc:151] 2025-12-10 03:35:31.526 | ForwardToLearner: SENDING to learner site_id=7, slot=167
I [/opt/actions-runner/_work/mako-fast-reads/mako-fast-reads/src/deptran/paxos/commo.cc:125] 2025-12-10 03:35:31.560 | ForwardToLearner: par_id=0, slot=317, n=3, proxies.size=4, batch_idx=0
I [/opt/actions-runner/_work/mako-fast-reads/mako-fast-reads/src/deptran/paxos/commo.cc:151] 2025-12-10 03:35:31.560 | ForwardToLearner: SENDING to learner site_id=3, slot=317
I [/opt/actions-runner/_work/mako-fast-reads/mako-fast-reads/src/deptran/paxos/commo.cc:125] 2025-12-10 03:35:31.562 | ForwardToLearner: par_id=0, slot=318, n=3, proxies.size=4, batch_idx=0
I [/opt/actions-runner/_work/mako-fast-reads/mako-fast-reads/src/deptran/paxos/commo.cc:151] 2025-12-10 03:35:31.562 | ForwardToLearner: SENDING to learner site_id=3, slot=318
I [/opt/actions-runner/_work/mako-fast-reads/mako-fast-reads/src/deptran/paxos/commo.cc:125] 2025-12-10 03:35:31.579 | ForwardToLearner: par_id=1, slot=168, n=3, proxies.size=4, batch_idx=0
I [/opt/actions-runner/_work/mako-fast-reads/mako-fast-reads/src/deptran/paxos/commo.cc:151] 2025-12-10 03:35:31.579 | ForwardToLearner: SENDING to learner site_id=7, slot=168
I [/opt/actions-runner/_work/mako-fast-reads/mako-fast-reads/src/deptran/paxos/commo.cc:125] 2025-12-10 03:35:31.599 | ForwardToLearner: par_id=1, slot=169, n=3, proxies.size=4, batch_idx=0
I [/opt/actions-runner/_work/mako-fast-reads/mako-fast-reads/src/deptran/paxos/commo.cc:151] 2025-12-10 03:35:31.599 | ForwardToLearner: SENDING to learner site_id=7, slot=169
I [/opt/actions-runner/_work/mako-fast-reads/mako-fast-reads/src/deptran/paxos/commo.cc:125] 2025-12-10 03:35:31.610 | ForwardToLearner: par_id=0, slot=319, n=3, proxies.size=4, batch_idx=0
I [/opt/actions-runner/_work/mako-fast-reads/mako-fast-reads/src/deptran/paxos/commo.cc:151] 2025-12-10 03:35:31.610 | ForwardToLearner: SENDING to learner site_id=3, slot=319
I [/opt/actions-runner/_work/mako-fast-reads/mako-fast-reads/src/deptran/paxos/commo.cc:125] 2025-12-10 03:35:31.625 | ForwardToLearner: par_id=1, slot=170, n=3, proxies.size=4, batch_idx=0
I [/opt/actions-runner/_work/mako-fast-reads/mako-fast-reads/src/deptran/paxos/commo.cc:151] 2025-12-10 03:35:31.625 | ForwardToLearner: SENDING to learner site_id=7, slot=170
I [/opt/actions-runner/_work/mako-fast-reads/mako-fast-reads/src/deptran/paxos/commo.cc:125] 2025-12-10 03:35:31.633 | ForwardToLearner: par_id=0, slot=320, n=3, proxies.size=4, batch_idx=0
I [/opt/actions-runner/_work/mako-fast-reads/mako-fast-reads/src/deptran/paxos/commo.cc:151] 2025-12-10 03:35:31.633 | ForwardToLearner: SENDING to learner site_id=3, slot=320
I [/opt/actions-runner/_work/mako-fast-reads/mako-fast-reads/src/deptran/paxos/commo.cc:125] 2025-12-10 03:35:31.656 | ForwardToLearner: par_id=0, slot=321, n=3, proxies.size=4, batch_idx=0
I [/opt/actions-runner/_work/mako-fast-reads/mako-fast-reads/src/deptran/paxos/commo.cc:151] 2025-12-10 03:35:31.656 | ForwardToLearner: SENDING to learner site_id=3, slot=321
I [/opt/actions-runner/_work/mako-fast-reads/mako-fast-reads/src/deptran/paxos/commo.cc:125] 2025-12-10 03:35:31.676 | ForwardToLearner: par_id=1, slot=171, n=3, proxies.size=4, batch_idx=0
I [/opt/actions-runner/_work/mako-fast-reads/mako-fast-reads/src/deptran/paxos/commo.cc:151] 2025-12-10 03:35:31.676 | ForwardToLearner: SENDING to learner site_id=7, slot=171
I [/opt/actions-runner/_work/mako-fast-reads/mako-fast-reads/src/deptran/paxos/commo.cc:125] 2025-12-10 03:35:31.684 | ForwardToLearner: par_id=1, slot=172, n=3, proxies.size=4, batch_idx=0
I [/opt/actions-runner/_work/mako-fast-reads/mako-fast-reads/src/deptran/paxos/commo.cc:151] 2025-12-10 03:35:31.684 | ForwardToLearner: SENDING to learner site_id=7, slot=172
I [/opt/actions-runner/_work/mako-fast-reads/mako-fast-reads/src/deptran/paxos/commo.cc:125] 2025-12-10 03:35:31.702 | ForwardToLearner: par_id=0, slot=322, n=3, proxies.size=4, batch_idx=0
I [/opt/actions-runner/_work/mako-fast-reads/mako-fast-reads/src/deptran/paxos/commo.cc:151] 2025-12-10 03:35:31.702 | ForwardToLearner: SENDING to learner site_id=3, slot=322
I [/opt/actions-runner/_work/mako-fast-reads/mako-fast-reads/src/deptran/paxos/commo.cc:125] 2025-12-10 03:35:31.728 | ForwardToLearner: par_id=1, slot=173, n=3, proxies.size=4, batch_idx=0
I [/opt/actions-runner/_work/mako-fast-reads/mako-fast-reads/src/deptran/paxos/commo.cc:151] 2025-12-10 03:35:31.728 | ForwardToLearner: SENDING to learner site_id=7, slot=173
I [/opt/actions-runner/_work/mako-fast-reads/mako-fast-reads/src/deptran/paxos/commo.cc:125] 2025-12-10 03:35:31.747 | ForwardToLearner: par_id=0, slot=323, n=3, proxies.size=4, batch_idx=0
I [/opt/actions-runner/_work/mako-fast-reads/mako-fast-reads/src/deptran/paxos/commo.cc:151] 2025-12-10 03:35:31.747 | ForwardToLearner: SENDING to learner site_id=3, slot=323
I [/opt/actions-runner/_work/mako-fast-reads/mako-fast-reads/src/deptran/paxos/commo.cc:125] 2025-12-10 03:35:31.773 | ForwardToLearner: par_id=1, slot=174, n=3, proxies.size=4, batch_idx=0
I [/opt/actions-runner/_work/mako-fast-reads/mako-fast-reads/src/deptran/paxos/commo.cc:151] 2025-12-10 03:35:31.773 | ForwardToLearner: SENDING to learner site_id=7, slot=174
I [/opt/actions-runner/_work/mako-fast-reads/mako-fast-reads/src/deptran/paxos/commo.cc:125] 2025-12-10 03:35:31.796 | ForwardToLearner: par_id=0, slot=324, n=3, proxies.size=4, batch_idx=0
I [/opt/actions-runner/_work/mako-fast-reads/mako-fast-reads/src/deptran/paxos/commo.cc:151] 2025-12-10 03:35:31.796 | ForwardToLearner: SENDING to learner site_id=3, slot=324
I [/opt/actions-runner/_work/mako-fast-reads/mako-fast-reads/src/deptran/paxos/commo.cc:125] 2025-12-10 03:35:31.809 | ForwardToLearner: par_id=0, slot=325, n=3, proxies.size=4, batch_idx=0
I [/opt/actions-runner/_work/mako-fast-reads/mako-fast-reads/src/deptran/paxos/commo.cc:151] 2025-12-10 03:35:31.809 | ForwardToLearner: SENDING to learner site_id=3, slot=325
I [/opt/actions-runner/_work/mako-fast-reads/mako-fast-reads/src/deptran/paxos/commo.cc:125] 2025-12-10 03:35:31.817 | ForwardToLearner: par_id=1, slot=175, n=3, proxies.size=4, batch_idx=0
I [/opt/actions-runner/_work/mako-fast-reads/mako-fast-reads/src/deptran/paxos/commo.cc:151] 2025-12-10 03:35:31.817 | ForwardToLearner: SENDING to learner site_id=7, slot=175
I [/opt/actions-runner/_work/mako-fast-reads/mako-fast-reads/src/deptran/paxos/commo.cc:125] 2025-12-10 03:35:31.841 | ForwardToLearner: par_id=1, slot=176, n=3, proxies.size=4, batch_idx=0
I [/opt/actions-runner/_work/mako-fast-reads/mako-fast-reads/src/deptran/paxos/commo.cc:151] 2025-12-10 03:35:31.841 | ForwardToLearner: SENDING to learner site_id=7, slot=176
I [/opt/actions-runner/_work/mako-fast-reads/mako-fast-reads/src/deptran/paxos/commo.cc:125] 2025-12-10 03:35:31.849 | ForwardToLearner: par_id=0, slot=326, n=3, proxies.size=4, batch_idx=0
I [/opt/actions-runner/_work/mako-fast-reads/mako-fast-reads/src/deptran/paxos/commo.cc:151] 2025-12-10 03:35:31.849 | ForwardToLearner: SENDING to learner site_id=3, slot=326
I [/opt/actions-runner/_work/mako-fast-reads/mako-fast-reads/src/deptran/paxos/commo.cc:125] 2025-12-10 03:35:31.850 | ForwardToLearner: par_id=1, slot=177, n=3, proxies.size=4, batch_idx=0
I [/opt/actions-runner/_work/mako-fast-reads/mako-fast-reads/src/deptran/paxos/commo.cc:151] 2025-12-10 03:35:31.850 | ForwardToLearner: SENDING to learner site_id=7, slot=177
I [/opt/actions-runner/_work/mako-fast-reads/mako-fast-reads/src/deptran/paxos/commo.cc:125] 2025-12-10 03:35:31.875 | ForwardToLearner: par_id=0, slot=327, n=3, proxies.size=4, batch_idx=0
I [/opt/actions-runner/_work/mako-fast-reads/mako-fast-reads/src/deptran/paxos/commo.cc:151] 2025-12-10 03:35:31.875 | ForwardToLearner: SENDING to learner site_id=3, slot=327
I [/opt/actions-runner/_work/mako-fast-reads/mako-fast-reads/src/deptran/paxos/commo.cc:125] 2025-12-10 03:35:31.897 | ForwardToLearner: par_id=1, slot=178, n=3, proxies.size=4, batch_idx=0
I [/opt/actions-runner/_work/mako-fast-reads/mako-fast-reads/src/deptran/paxos/commo.cc:151] 2025-12-10 03:35:31.897 | ForwardToLearner: SENDING to learner site_id=7, slot=178
I [/opt/actions-runner/_work/mako-fast-reads/mako-fast-reads/src/deptran/paxos/commo.cc:125] 2025-12-10 03:35:31.898 | ForwardToLearner: par_id=0, slot=328, n=3, proxies.size=4, batch_idx=0
I [/opt/actions-runner/_work/mako-fast-reads/mako-fast-reads/src/deptran/paxos/commo.cc:151] 2025-12-10 03:35:31.898 | ForwardToLearner: SENDING to learner site_id=3, slot=328
I [/opt/actions-runner/_work/mako-fast-reads/mako-fast-reads/src/deptran/paxos/commo.cc:125] 2025-12-10 03:35:31.909 | ForwardToLearner: par_id=1, slot=179, n=3, proxies.size=4, batch_idx=0
I [/opt/actions-runner/_work/mako-fast-reads/mako-fast-reads/src/deptran/paxos/commo.cc:151] 2025-12-10 03:35:31.909 | ForwardToLearner: SENDING to learner site_id=7, slot=179
I [/opt/actions-runner/_work/mako-fast-reads/mako-fast-reads/src/deptran/paxos/commo.cc:125] 2025-12-10 03:35:31.938 | ForwardToLearner: par_id=1, slot=180, n=3, proxies.size=4, batch_idx=0
I [/opt/actions-runner/_work/mako-fast-reads/mako-fast-reads/src/deptran/paxos/commo.cc:151] 2025-12-10 03:35:31.938 | ForwardToLearner: SENDING to learner site_id=7, slot=180
I [/opt/actions-runner/_work/mako-fast-reads/mako-fast-reads/src/deptran/paxos/commo.cc:125] 2025-12-10 03:35:31.938 | ForwardToLearner: par_id=0, slot=329, n=3, proxies.size=4, batch_idx=0
I [/opt/actions-runner/_work/mako-fast-reads/mako-fast-reads/src/deptran/paxos/commo.cc:151] 2025-12-10 03:35:31.938 | ForwardToLearner: SENDING to learner site_id=3, slot=329
I [/opt/actions-runner/_work/mako-fast-reads/mako-fast-reads/src/deptran/paxos/commo.cc:125] 2025-12-10 03:35:31.980 | ForwardToLearner: par_id=0, slot=330, n=3, proxies.size=4, batch_idx=0
I [/opt/actions-runner/_work/mako-fast-reads/mako-fast-reads/src/deptran/paxos/commo.cc:151] 2025-12-10 03:35:31.981 | ForwardToLearner: SENDING to learner site_id=3, slot=330
I [/opt/actions-runner/_work/mako-fast-reads/mako-fast-reads/src/deptran/paxos/commo.cc:125] 2025-12-10 03:35:31.993 | ForwardToLearner: par_id=1, slot=181, n=3, proxies.size=4, batch_idx=0
I [/opt/actions-runner/_work/mako-fast-reads/mako-fast-reads/src/deptran/paxos/commo.cc:151] 2025-12-10 03:35:31.993 | ForwardToLearner: SENDING to learner site_id=7, slot=181
I [/opt/actions-runner/_work/mako-fast-reads/mako-fast-reads/src/deptran/paxos/commo.cc:125] 2025-12-10 03:35:32.023 | ForwardToLearner: par_id=0, slot=331, n=3, proxies.size=4, batch_idx=0
I [/opt/actions-runner/_work/mako-fast-reads/mako-fast-reads/src/deptran/paxos/commo.cc:151] 2025-12-10 03:35:32.023 | ForwardToLearner: SENDING to learner site_id=3, slot=331
I [/opt/actions-runner/_work/mako-fast-reads/mako-fast-reads/src/deptran/paxos/commo.cc:125] 2025-12-10 03:35:32.031 | ForwardToLearner: par_id=0, slot=332, n=3, proxies.size=4, batch_idx=0
I [/opt/actions-runner/_work/mako-fast-reads/mako-fast-reads/src/deptran/paxos/commo.cc:151] 2025-12-10 03:35:32.031 | ForwardToLearner: SENDING to learner site_id=3, slot=332
I [/opt/actions-runner/_work/mako-fast-reads/mako-fast-reads/src/deptran/paxos/commo.cc:125] 2025-12-10 03:35:32.040 | ForwardToLearner: par_id=1, slot=182, n=3, proxies.size=4, batch_idx=0
I [/opt/actions-runner/_work/mako-fast-reads/mako-fast-reads/src/deptran/paxos/commo.cc:151] 2025-12-10 03:35:32.040 | ForwardToLearner: SENDING to learner site_id=7, slot=182
I [/opt/actions-runner/_work/mako-fast-reads/mako-fast-reads/src/deptran/paxos/commo.cc:125] 2025-12-10 03:35:32.062 | ForwardToLearner: par_id=1, slot=183, n=3, proxies.size=4, batch_idx=0
I [/opt/actions-runner/_work/mako-fast-reads/mako-fast-reads/src/deptran/paxos/commo.cc:151] 2025-12-10 03:35:32.062 | ForwardToLearner: SENDING to learner site_id=7, slot=183
I [/opt/actions-runner/_work/mako-fast-reads/mako-fast-reads/src/deptran/paxos/commo.cc:125] 2025-12-10 03:35:32.084 | ForwardToLearner: par_id=0, slot=333, n=3, proxies.size=4, batch_idx=0
I [/opt/actions-runner/_work/mako-fast-reads/mako-fast-reads/src/deptran/paxos/commo.cc:151] 2025-12-10 03:35:32.084 | ForwardToLearner: SENDING to learner site_id=3, slot=333
I [/opt/actions-runner/_work/mako-fast-reads/mako-fast-reads/src/deptran/paxos/commo.cc:125] 2025-12-10 03:35:32.088 | ForwardToLearner: par_id=1, slot=184, n=3, proxies.size=4, batch_idx=0
I [/opt/actions-runner/_work/mako-fast-reads/mako-fast-reads/src/deptran/paxos/commo.cc:151] 2025-12-10 03:35:32.088 | ForwardToLearner: SENDING to learner site_id=7, slot=184
I [/opt/actions-runner/_work/mako-fast-reads/mako-fast-reads/src/deptran/paxos/commo.cc:125] 2025-12-10 03:35:32.124 | ForwardToLearner: par_id=0, slot=334, n=3, proxies.size=4, batch_idx=0
I [/opt/actions-runner/_work/mako-fast-reads/mako-fast-reads/src/deptran/paxos/commo.cc:151] 2025-12-10 03:35:32.124 | ForwardToLearner: SENDING to learner site_id=3, slot=334
I [/opt/actions-runner/_work/mako-fast-reads/mako-fast-reads/src/deptran/paxos/commo.cc:125] 2025-12-10 03:35:32.134 | ForwardToLearner: par_id=0, slot=335, n=3, proxies.size=4, batch_idx=0
I [/opt/actions-runner/_work/mako-fast-reads/mako-fast-reads/src/deptran/paxos/commo.cc:151] 2025-12-10 03:35:32.134 | ForwardToLearner: SENDING to learner site_id=3, slot=335
I [/opt/actions-runner/_work/mako-fast-reads/mako-fast-reads/src/deptran/paxos/commo.cc:125] 2025-12-10 03:35:32.138 | ForwardToLearner: par_id=1, slot=185, n=3, proxies.size=4, batch_idx=0
I [/opt/actions-runner/_work/mako-fast-reads/mako-fast-reads/src/deptran/paxos/commo.cc:151] 2025-12-10 03:35:32.138 | ForwardToLearner: SENDING to learner site_id=7, slot=185
I [/opt/actions-runner/_work/mako-fast-reads/mako-fast-reads/src/deptran/paxos/commo.cc:125] 2025-12-10 03:35:32.153 | ForwardToLearner: par_id=1, slot=186, n=3, proxies.size=4, batch_idx=0
I [/opt/actions-runner/_work/mako-fast-reads/mako-fast-reads/src/deptran/paxos/commo.cc:151] 2025-12-10 03:35:32.153 | ForwardToLearner: SENDING to learner site_id=7, slot=186
I [/opt/actions-runner/_work/mako-fast-reads/mako-fast-reads/src/deptran/paxos/commo.cc:125] 2025-12-10 03:35:32.175 | ForwardToLearner: par_id=0, slot=336, n=3, proxies.size=4, batch_idx=0
I [/opt/actions-runner/_work/mako-fast-reads/mako-fast-reads/src/deptran/paxos/commo.cc:151] 2025-12-10 03:35:32.175 | ForwardToLearner: SENDING to learner site_id=3, slot=336
I [/opt/actions-runner/_work/mako-fast-reads/mako-fast-reads/src/deptran/paxos/commo.cc:125] 2025-12-10 03:35:32.188 | ForwardToLearner: par_id=1, slot=187, n=3, proxies.size=4, batch_idx=0
I [/opt/actions-runner/_work/mako-fast-reads/mako-fast-reads/src/deptran/paxos/commo.cc:151] 2025-12-10 03:35:32.188 | ForwardToLearner: SENDING to learner site_id=7, slot=187
I [/opt/actions-runner/_work/mako-fast-reads/mako-fast-reads/src/deptran/paxos/commo.cc:125] 2025-12-10 03:35:32.221 | ForwardToLearner: par_id=0, slot=337, n=3, proxies.size=4, batch_idx=0
I [/opt/actions-runner/_work/mako-fast-reads/mako-fast-reads/src/deptran/paxos/commo.cc:151] 2025-12-10 03:35:32.221 | ForwardToLearner: SENDING to learner site_id=3, slot=337
I [/opt/actions-runner/_work/mako-fast-reads/mako-fast-reads/src/deptran/paxos/commo.cc:125] 2025-12-10 03:35:32.229 | ForwardToLearner: par_id=1, slot=188, n=3, proxies.size=4, batch_idx=0
I [/opt/actions-runner/_work/mako-fast-reads/mako-fast-reads/src/deptran/paxos/commo.cc:151] 2025-12-10 03:35:32.229 | ForwardToLearner: SENDING to learner site_id=7, slot=188
I [/opt/actions-runner/_work/mako-fast-reads/mako-fast-reads/src/deptran/paxos/commo.cc:125] 2025-12-10 03:35:32.257 | ForwardToLearner: par_id=0, slot=338, n=3, proxies.size=4, batch_idx=0
I [/opt/actions-runner/_work/mako-fast-reads/mako-fast-reads/src/deptran/paxos/commo.cc:151] 2025-12-10 03:35:32.257 | ForwardToLearner: SENDING to learner site_id=3, slot=338
I [/opt/actions-runner/_work/mako-fast-reads/mako-fast-reads/src/deptran/paxos/commo.cc:125] 2025-12-10 03:35:32.275 | ForwardToLearner: par_id=1, slot=189, n=3, proxies.size=4, batch_idx=0
I [/opt/actions-runner/_work/mako-fast-reads/mako-fast-reads/src/deptran/paxos/commo.cc:151] 2025-12-10 03:35:32.275 | ForwardToLearner: SENDING to learner site_id=7, slot=189
I [/opt/actions-runner/_work/mako-fast-reads/mako-fast-reads/src/deptran/paxos/commo.cc:125] 2025-12-10 03:35:32.275 | ForwardToLearner: par_id=0, slot=339, n=3, proxies.size=4, batch_idx=0
I [/opt/actions-runner/_work/mako-fast-reads/mako-fast-reads/src/deptran/paxos/commo.cc:151] 2025-12-10 03:35:32.275 | ForwardToLearner: SENDING to learner site_id=3, slot=339
I [/opt/actions-runner/_work/mako-fast-reads/mako-fast-reads/src/deptran/paxos/commo.cc:125] 2025-12-10 03:35:32.280 | ForwardToLearner: par_id=1, slot=190, n=3, proxies.size=4, batch_idx=0
I [/opt/actions-runner/_work/mako-fast-reads/mako-fast-reads/src/deptran/paxos/commo.cc:151] 2025-12-10 03:35:32.280 | ForwardToLearner: SENDING to learner site_id=7, slot=190
I [/opt/actions-runner/_work/mako-fast-reads/mako-fast-reads/src/deptran/paxos/commo.cc:125] 2025-12-10 03:35:32.315 | ForwardToLearner: par_id=1, slot=191, n=3, proxies.size=4, batch_idx=0
I [/opt/actions-runner/_work/mako-fast-reads/mako-fast-reads/src/deptran/paxos/commo.cc:151] 2025-12-10 03:35:32.315 | ForwardToLearner: SENDING to learner site_id=7, slot=191
I [/opt/actions-runner/_work/mako-fast-reads/mako-fast-reads/src/deptran/paxos/commo.cc:125] 2025-12-10 03:35:32.320 | ForwardToLearner: par_id=0, slot=340, n=3, proxies.size=4, batch_idx=0
I [/opt/actions-runner/_work/mako-fast-reads/mako-fast-reads/src/deptran/paxos/commo.cc:151] 2025-12-10 03:35:32.320 | ForwardToLearner: SENDING to learner site_id=3, slot=340
I [/opt/actions-runner/_work/mako-fast-reads/mako-fast-reads/src/deptran/paxos/commo.cc:125] 2025-12-10 03:35:32.349 | ForwardToLearner: par_id=0, slot=341, n=3, proxies.size=4, batch_idx=0
I [/opt/actions-runner/_work/mako-fast-reads/mako-fast-reads/src/deptran/paxos/commo.cc:151] 2025-12-10 03:35:32.349 | F20251110-03:35.32-372385(us) 19466 * wait_for_termination (mako.hh:538):      follower is waiting for being ended: 0/2, noops_cnt:0, replay_batch:530, wait_time:8s

orwardToLearner: SENDING to learner site_id=3, slot=341
I [/opt/actions-runner/_work/mako-fast-reads/mako-fast-reads/src/deptran/paxos/commo.cc:125] 2025-12-10 03:35:32.357 | ForwardToLearner: par_id=1, slot=192, n=3, proxies.size=4, batch_idx=0
I [/opt/actions-runner/_work/mako-fast-reads/mako-fast-reads/src/deptran/paxos/commo.cc:151] 2025-12-10 03:35:32.357 | ForwardToLearner: SENDING to learner site_id=7, slot=192
I [/opt/actions-runner/_work/mako-fast-reads/mako-fast-reads/src/deptran/paxos/commo.cc:125] 2025-12-10 03:35:32.366 | ForwardToLearner: par_id=0, slot=342, n=3, proxies.size=4, batch_idx=0
I [/opt/actions-runner/_work/mako-fast-reads/mako-fast-reads/src/deptran/paxos/commo.cc:151] 2025-12-10 03:35:32.366 | ForwardToLearner: SENDING to learner site_id=3, slot=342
I [/opt/actions-runner/_work/mako-fast-reads/mako-fast-reads/src/deptran/paxos/commo.cc:125] 2025-12-10 03:35:32.376 | ForwardToLearner: par_id=1, slot=193, n=3, proxies.size=4, batch_idx=0
I [/opt/actions-runner/_work/mako-fast-reads/mako-fast-reads/src/deptran/paxos/commo.cc:151] 2025-12-10 03:35:32.376 | ForwardToLearner: SENDING to learner site_id=7, slot=193
I [/opt/actions-runner/_work/mako-fast-reads/mako-fast-reads/src/deptran/paxos/commo.cc:125] 2025-12-10 03:35:32.403 | ForwardToLearner: par_id=1, slot=194, n=3, proxies.size=4, batch_idx=0
I [/opt/actions-runner/_work/mako-fast-reads/mako-fast-reads/src/deptran/paxos/commo.cc:151] 2025-12-10 03:35:32.403 | ForwardToLearner: SENDING to learner site_id=7, slot=194
I [/opt/actions-runner/_work/mako-fast-reads/mako-fast-reads/src/deptran/paxos/commo.cc:125] 2025-12-10 03:35:32.424 | ForwardToLearner: par_id=0, slot=343, n=3, proxies.size=4, batch_idx=0
I [/opt/actions-runner/_work/mako-fast-reads/mako-fast-reads/src/deptran/paxos/commo.cc:151] 2025-12-10 03:35:32.424 | ForwardToLearner: SENDING to learner site_id=3, slot=343
I [/opt/actions-runner/_work/mako-fast-reads/mako-fast-reads/src/deptran/paxos/commo.cc:125] 2025-12-10 03:35:32.445 | ForwardToLearner: par_id=1, slot=195, n=3, proxies.size=4, batch_idx=0
I [/opt/actions-runner/_work/mako-fast-reads/mako-fast-reads/src/deptran/paxos/commo.cc:151] 2025-12-10 03:35:32.445 | ForwardToLearner: SENDING to learner site_id=7, slot=195
I [/opt/actions-runner/_work/mako-fast-reads/mako-fast-reads/src/deptran/paxos/commo.cc:125] 2025-12-10 03:35:32.467 | ForwardToLearner: par_id=0, slot=344, n=3, proxies.size=4, batch_idx=0
I [/opt/actions-runner/_work/mako-fast-reads/mako-fast-reads/src/deptran/paxos/commo.cc:151] 2025-12-10 03:35:32.467 | ForwardToLearner: SENDING to learner site_id=3, slot=344
I [/opt/actions-runner/_work/mako-fast-reads/mako-fast-reads/src/deptran/paxos/commo.cc:125] 2025-12-10 03:35:32.484 | ForwardToLearner: par_id=1, slot=196, n=3, proxies.size=4, batch_idx=0
I [/opt/actions-runner/_work/mako-fast-reads/mako-fast-reads/src/deptran/paxos/commo.cc:151] 2025-12-10 03:35:32.484 | ForwardToLearner: SENDING to learner site_id=7, slot=196
I [/opt/actions-runner/_work/mako-fast-reads/mako-fast-reads/src/deptran/paxos/commo.cc:125] 2025-12-10 03:35:32.486 | ForwardToLearner: par_id=1, slot=197, n=3, proxies.size=4, batch_idx=0
I [/opt/actions-runner/_work/mako-fast-reads/mako-fast-reads/src/deptran/paxos/commo.cc:151] 2025-12-10 03:35:32.486 | ForwardToLearner: SENDING to learner site_id=7, slot=197
I [/opt/actions-runner/_work/mako-fast-reads/mako-fast-reads/src/deptran/paxos/commo.cc:125] 2025-12-10 03:35:32.496 | ForwardToLearner: par_id=0, slot=345, n=3, proxies.size=4, batch_idx=0
I [/opt/actions-runner/_work/mako-fast-reads/mako-fast-reads/src/deptran/paxos/commo.cc:151] 2025-12-10 03:35:32.496 | ForwardToLearner: SENDING to learner site_id=3, slot=345
I [/opt/actions-runner/_work/mako-fast-reads/mako-fast-reads/src/deptran/paxos/commo.cc:125] 2025-12-10 03:35:32.512 | ForwardToLearner: par_id=0, slot=346, n=3, proxies.size=4, batch_idx=0
I [/opt/actions-runner/_work/mako-fast-reads/mako-fast-reads/src/deptran/paxos/commo.cc:151] 2025-12-10 03:35:32.512 | ForwardToLearner: SENDING to learner site_id=3, slot=346
I [/opt/actions-runner/_work/mako-fast-reads/mako-fast-reads/src/deptran/paxos/commo.cc:125] 2025-12-10 03:35:32.525 | ForwardToLearner: par_id=1, slot=198, n=3, proxies.size=4, batch_idx=0
I [/opt/actions-runner/_work/mako-fast-reads/mako-fast-reads/src/deptran/paxos/commo.cc:151] 2025-12-10 03:35:32.525 | ForwardToLearner: SENDING to learner site_id=7, slot=198
I [/opt/actions-runner/_work/mako-fast-reads/mako-fast-reads/src/deptran/paxos/commo.cc:125] 2025-12-10 03:35:32.561 | ForwardToLearner: par_id=0, slot=347, n=3, proxies.size=4, batch_idx=0
I [/opt/actions-runner/_work/mako-fast-reads/mako-fast-reads/src/deptran/paxos/commo.cc:151] 2025-12-10 03:35:32.561 | ForwardToLearner: SENDING to learner site_id=3, slot=347
I [/opt/actions-runner/_work/mako-fast-reads/mako-fast-reads/src/deptran/paxos/commo.cc:125] 2025-12-10 03:35:32.574 | ForwardToLearner: par_id=1, slot=199, n=3, proxies.size=4, batch_idx=0
I [/opt/actions-runner/_work/mako-fast-reads/mako-fast-reads/src/deptran/paxos/commo.cc:151] 2025-12-10 03:35:32.574 | ForwardToLearner: SENDING to learner site_id=7, slot=199
I [/opt/actions-runner/_work/mako-fast-reads/mako-fast-reads/src/deptran/paxos/commo.cc:125] 2025-12-10 03:35:32.592 | ForwardToLearner: par_id=1, slot=200, n=3, proxies.size=4, batch_idx=0
I [/opt/actions-runner/_work/mako-fast-reads/mako-fast-reads/src/deptran/paxos/commo.cc:151] 2025-12-10 03:35:32.592 | ForwardToLearner: SENDING to learner site_id=7, slot=200
I [/opt/actions-runner/_work/mako-fast-reads/mako-fast-reads/src/deptran/paxos/commo.cc:125] 2025-12-10 03:35:32.618 | ForwardToLearner: par_id=1, slot=201, n=3, proxies.size=4, batch_idx=0
I [/opt/actions-runner/_work/mako-fast-reads/mako-fast-reads/src/deptran/paxos/commo.cc:151] 2025-12-10 03:35:32.618 | ForwardToLearner: SENDING to learner site_id=7, slot=201
I [/opt/actions-runner/_work/mako-fast-reads/mako-fast-reads/src/deptran/paxos/commo.cc:125] 2025-12-10 03:35:32.620 | ForwardToLearner: par_id=0, slot=348, n=3, proxies.size=4, batch_idx=0
I [/opt/actions-runner/_work/mako-fast-reads/mako-fast-reads/src/deptran/paxos/commo.cc:151] 2025-12-10 03:35:32.620 | ForwardToLearner: SENDING to learner site_id=3, slot=348
I [/opt/actions-runner/_work/mako-fast-reads/mako-fast-reads/src/deptran/paxos/commo.cc:125] 2025-12-10 03:35:32.623 | ForwardToLearner: par_id=0, slot=349, n=3, proxies.size=4, batch_idx=0
I [/opt/actions-runner/_work/mako-fast-reads/mako-fast-reads/src/deptran/paxos/commo.cc:151] 2025-12-10 03:35:32.623 | ForwardToLearner: SENDING to learner site_id=3, slot=349
I [/opt/actions-runner/_work/mako-fast-reads/mako-fast-reads/src/deptran/paxos/commo.cc:125] 2025-12-10 03:35:32.663 | ForwardToLearner: par_id=1, slot=202, n=3, proxies.size=4, batch_idx=0
I [/opt/actions-runner/_work/mako-fast-reads/mako-fast-reads/src/deptran/paxos/commo.cc:151] 2025-12-10 03:35:32.663 | ForwardToLearner: SENDING to learner site_id=7, slot=202
I [/opt/actions-runner/_work/mako-fast-reads/mako-fast-reads/src/deptran/paxos/commo.cc:125] 2025-12-10 03:35:32.665 | ForwardToLearner: par_id=0, slot=350, n=3, proxies.size=4, batch_idx=0
I [/opt/actions-runner/_work/mako-fast-reads/mako-fast-reads/src/deptran/paxos/commo.cc:151] 2025-12-10 03:35:32.665 | ForwardToLearner: SENDING to learner site_id=3, slot=350
I [/opt/actions-runner/_work/mako-fast-reads/mako-fast-reads/src/deptran/paxos/commo.cc:125] 2025-12-10 03:35:32.702 | ForwardToLearner: par_id=1, slot=203, n=3, proxies.size=4, batch_idx=0
I [/opt/actions-runner/_work/mako-fast-reads/mako-fast-reads/src/deptran/paxos/commo.cc:151] 2025-12-10 03:35:32.702 | ForwardToLearner: SENDING to learner site_id=7, slot=203
I [/opt/actions-runner/_work/mako-fast-reads/mako-fast-reads/src/deptran/paxos/commo.cc:125] 2025-12-10 03:35:32.708 | ForwardToLearner: par_id=1, slot=204, n=3, proxies.size=4, batch_idx=0
I [/opt/actions-runner/_work/mako-fast-reads/mako-fast-reads/src/deptran/paxos/commo.cc:151] 2025-12-10 03:35:32.708 | ForwardToLearner: SENDING to learner site_id=7, slot=204
I [/opt/actions-runner/_work/mako-fast-reads/mako-fast-reads/src/deptran/paxos/commo.cc:125] 2025-12-10 03:35:32.714 | ForwardToLearner: par_id=0, slot=351, n=3, proxies.size=4, batch_idx=0
I [/opt/actions-runner/_work/mako-fast-reads/mako-fast-reads/src/deptran/paxos/commo.cc:151] 2025-12-10 03:35:32.714 | ForwardToLearner: SENDING to learner site_id=3, slot=351
I [/opt/actions-runner/_work/mako-fast-reads/mako-fast-reads/src/deptran/paxos/commo.cc:125] 2025-12-10 03:35:32.723 | ForwardToLearner: par_id=0, slot=352, n=3, proxies.size=4, batch_idx=0
I [/opt/actions-runner/_work/mako-fast-reads/mako-fast-reads/src/deptran/paxos/commo.cc:151] 2025-12-10 03:35:32.723 | ForwardToLearner: SENDING to learner site_id=3, slot=352
I [/opt/actions-runner/_work/mako-fast-reads/mako-fast-reads/src/deptran/paxos/commo.cc:125] 2025-12-10 03:35:32.735 | ForwardToLearner: par_id=1, slot=205, n=3, proxies.size=4, batch_idx=0
I [/opt/actions-runner/_work/mako-fast-reads/mako-fast-reads/src/deptran/paxos/commo.cc:151] 2025-12-10 03:35:32.735 | ForwardToLearner: SENDING to learner site_id=7, slot=205
I [/opt/actions-runner/_work/mako-fast-reads/mako-fast-reads/src/deptran/paxos/commo.cc:125] 2025-12-10 03:35:32.751 | ForwardToLearner: par_id=0, slot=353, n=3, proxies.size=4, batch_idx=0
I [/opt/actions-runner/_work/mako-fast-reads/mako-fast-reads/src/deptran/paxos/commo.cc:151] 2025-12-10 03:35:32.751 | ForwardToLearner: SENDING to learner site_id=3, slot=353
I [/opt/actions-runner/_work/mako-fast-reads/mako-fast-reads/src/deptran/paxos/commo.cc:125] 2025-12-10 03:35:32.780 | ForwardToLearner: par_id=0, slot=354, n=3, proxies.size=4, batch_idx=0
I [/opt/actions-runner/_work/mako-fast-reads/mako-fast-reads/src/deptran/paxos/commo.cc:151] 2025-12-10 03:35:32.780 | ForwardToLearner: SENDING to learner site_id=3, slot=354
I [/opt/actions-runner/_work/mako-fast-reads/mako-fast-reads/src/deptran/paxos/commo.cc:125] 2025-12-10 03:35:32.781 | ForwardToLearner: par_id=1, slot=206, n=3, proxies.size=4, batch_idx=0
I [/opt/actions-runner/_work/mako-fast-reads/mako-fast-reads/src/deptran/paxos/commo.cc:151] 2025-12-10 03:35:32.781 | ForwardToLearner: SENDING to learner site_id=7, slot=206
I [/opt/actions-runner/_work/mako-fast-reads/mako-fast-reads/src/deptran/paxos/commo.cc:125] 2025-12-10 03:35:32.815 | ForwardToLearner: par_id=1, slot=207, n=3, proxies.size=4, batch_idx=0
I [/opt/actions-runner/_work/mako-fast-reads/mako-fast-reads/src/deptran/paxos/commo.cc:151] 2025-12-10 03:35:32.815 | ForwardToLearner: SENDING to learner site_id=7, slot=207
I [/opt/actions-runner/_work/mako-fast-reads/mako-fast-reads/src/deptran/paxos/commo.cc:125] 2025-12-10 03:35:32.824 | ForwardToLearner: par_id=0, slot=355, n=3, proxies.size=4, batch_idx=0
I [/opt/actions-runner/_work/mako-fast-reads/mako-fast-reads/src/deptran/paxos/commo.cc:151] 2025-12-10 03:35:32.824 | ForwardToLearner: SENDING to learner site_id=3, slot=355
I [/opt/actions-runner/_work/mako-fast-reads/mako-fast-reads/src/deptran/paxos/commo.cc:125] 2025-12-10 03:35:32.843 | ForwardToLearner: par_id=1, slot=208, n=3, proxies.size=4, batch_idx=0
I [/opt/actions-runner/_work/mako-fast-reads/mako-fast-reads/src/deptran/paxos/commo.cc:151] 2025-12-10 03:35:32.843 | ForwardToLearner: SENDING to learner site_id=7, slot=208
I [/opt/actions-runner/_work/mako-fast-reads/mako-fast-reads/src/deptran/paxos/commo.cc:125] 2025-12-10 03:35:32.849 | ForwardToLearner: par_id=0, slot=356, n=3, proxies.size=4, batch_idx=0
I [/opt/actions-runner/_work/mako-fast-reads/mako-fast-reads/src/deptran/paxos/commo.cc:151] 2025-12-10 03:35:32.849 | ForwardToLearner: SENDING to learner site_id=3, slot=356
I [/opt/actions-runner/_work/mako-fast-reads/mako-fast-reads/src/deptran/paxos/commo.cc:125] 2025-12-10 03:35:32.868 | ForwardToLearner: par_id=0, slot=357, n=3, proxies.size=4, batch_idx=0
I [/opt/actions-runner/_work/mako-fast-reads/mako-fast-reads/src/deptran/paxos/commo.cc:151] 2025-12-10 03:35:32.868 | ForwardToLearner: SENDING to learner site_id=3, slot=357
I [/opt/actions-runner/_work/mako-fast-reads/mako-fast-reads/src/deptran/paxos/commo.cc:125] 2025-12-10 03:35:32.885 | ForwardToLearner: par_id=1, slot=209, n=3, proxies.size=4, batch_idx=0
I [/opt/actions-runner/_work/mako-fast-reads/mako-fast-reads/src/deptran/paxos/commo.cc:151] 2025-12-10 03:35:32.885 | ForwardToLearner: SENDING to learner site_id=7, slot=209
I [/opt/actions-runner/_work/mako-fast-reads/mako-fast-reads/src/deptran/paxos/commo.cc:125] 2025-12-10 03:35:32.916 | ForwardToLearner: par_id=0, slot=358, n=3, proxies.size=4, batch_idx=0
I [/opt/actions-runner/_work/mako-fast-reads/mako-fast-reads/src/deptran/paxos/commo.cc:151] 2025-12-10 03:35:32.916 | ForwardToLearner: SENDING to learner site_id=3, slot=358
I [/opt/actions-runner/_work/mako-fast-reads/mako-fast-reads/src/deptran/paxos/commo.cc:125] 2025-12-10 03:35:32.928 | ForwardToLearner: par_id=1, slot=210, n=3, proxies.size=4, batch_idx=0
I [/opt/actions-runner/_work/mako-fast-reads/mako-fast-reads/src/deptran/paxos/commo.cc:151] 2025-12-10 03:35:32.928 | ForwardToLearner: SENDING to learner site_id=7, slot=210
I [/opt/actions-runner/_work/mako-fast-reads/mako-fast-reads/src/deptran/paxos/commo.cc:125] 2025-12-10 03:35:32.953 | ForwardToLearner: par_id=0, slot=359, n=3, proxies.size=4, batch_idx=0
I [/opt/actions-runner/_work/mako-fast-reads/mako-fast-reads/src/deptran/paxos/commo.cc:151] 2025-12-10 03:35:32.953 | ForwardToLearner: SENDING to learner site_id=3, slot=359
I [/opt/actions-runner/_work/mako-fast-reads/mako-fast-reads/src/deptran/paxos/commo.cc:125] 2025-12-10 03:35:32.956 | ForwardToLearner: par_id=1, slot=211, n=3, proxies.size=4, batch_idx=0
I [/opt/actions-runner/_work/mako-fast-reads/mako-fast-reads/src/deptran/paxos/commo.cc:151] 2025-12-10 03:35:32.956 | ForwardToLearner: SENDING to learner site_id=7, slot=211
I [/opt/actions-runner/_work/mako-fast-reads/mako-fast-reads/src/deptran/paxos/commo.cc:125] 2025-12-10 03:35:32.966 | ForwardToLearner: par_id=0, slot=360, n=3, proxies.size=4, batch_idx=0
I [/opt/actions-runner/_work/mako-fast-reads/mako-fast-reads/src/deptran/paxos/commo.cc:151] 2025-12-10 03:35:32.966 | ForwardToLearner: SENDING to learner site_id=3, slot=360
I [/opt/actions-runner/_work/mako-fast-reads/mako-fast-reads/src/deptran/paxos/commo.cc:125] 2025-12-10 03:35:32.991 | ForwardToLearner: par_id=1, slot=212, n=3, proxies.size=4, batch_idx=0
I [/opt/actions-runner/_work/mako-fast-reads/mako-fast-reads/src/deptran/paxos/commo.cc:151] 2025-12-10 03:35:32.991 | ForwardToLearner: SENDING to learner site_id=7, slot=212
I [/opt/actions-runner/_work/mako-fast-reads/mako-fast-reads/src/deptran/paxos/commo.cc:125] 2025-12-10 03:35:33.009 | ForwardToLearner: par_id=0, slot=361, n=3, proxies.size=4, batch_idx=0
I [/opt/actions-runner/_work/mako-fast-reads/mako-fast-reads/src/deptran/paxos/commo.cc:151] 2025-12-10 03:35:33.009 | ForwardToLearner: SENDING to learner site_id=3, slot=361
I [/opt/actions-runner/_work/mako-fast-reads/mako-fast-reads/src/deptran/paxos/commo.cc:125] 2025-12-10 03:35:33.037 | ForwardToLearner: par_id=1, slot=213, n=3, proxies.size=4, batch_idx=0
I [/opt/actions-runner/_work/mako-fast-reads/mako-fast-reads/src/deptran/paxos/commo.cc:151] 2025-12-10 03:35:33.037 | ForwardToLearner: SENDING to learner site_id=7, slot=213
I [/opt/actions-runner/_work/mako-fast-reads/mako-fast-reads/src/deptran/paxos/commo.cc:125] 2025-12-10 03:35:33.060 | ForwardToLearner: par_id=0, slot=362, n=3, proxies.size=4, batch_idx=0
I [/opt/actions-runner/_work/mako-fast-reads/mako-fast-reads/src/deptran/paxos/commo.cc:151] 2025-12-10 03:35:33.060 | ForwardToLearner: SENDING to learner site_id=3, slot=362
I [/opt/actions-runner/_work/mako-fast-reads/mako-fast-reads/src/deptran/paxos/commo.cc:125] 2025-12-10 03:35:33.081 | ForwardToLearner: par_id=1, slot=214, n=3, proxies.size=4, batch_idx=0
I [/opt/actions-runner/_work/mako-fast-reads/mako-fast-reads/src/deptran/paxos/commo.cc:151] 2025-12-10 03:35:33.081 | ForwardToLearner: SENDING to learner site_id=7, slot=214
I [/opt/actions-runner/_work/mako-fast-reads/mako-fast-reads/src/deptran/paxos/commo.cc:125] 2025-12-10 03:35:33.083 | ForwardToLearner: par_id=1, slot=215, n=3, proxies.size=4, batch_idx=0
I [/opt/actions-runner/_work/mako-fast-reads/mako-fast-reads/src/deptran/paxos/commo.cc:151] 2025-12-10 03:35:33.083 | ForwardToLearner: SENDING to learner site_id=7, slot=215
I [/opt/actions-runner/_work/mako-fast-reads/mako-fast-reads/src/deptran/paxos/commo.cc:125] 2025-12-10 03:35:33.088 | ForwardToLearner: par_id=0, slot=363, n=3, proxies.size=4, batch_idx=0
I [/opt/actions-runner/_work/mako-fast-reads/mako-fast-reads/src/deptran/paxos/commo.cc:151] 2025-12-10 03:35:33.088 | ForwardToLearner: SENDING to learner site_id=3, slot=363
I [/opt/actions-runner/_work/mako-fast-reads/mako-fast-reads/src/deptran/paxos/commo.cc:125] 2025-12-10 03:35:33.102 | ForwardToLearner: par_id=0, slot=364, n=3, proxies.size=4, batch_idx=0
I [/opt/actions-runner/_work/mako-fast-reads/mako-fast-reads/src/deptran/paxos/commo.cc:151] 2025-12-10 03:35:33.102 | ForwardToLearner: SENDING to learner site_id=3, slot=364
I [/opt/actions-runner/_work/mako-fast-reads/mako-fast-reads/src/deptran/paxos/commo.cc:125] 2025-12-10 03:35:33.127 | ForwardToLearner: par_id=1, slot=216, n=3, proxies.size=4, batch_idx=0
I [/opt/actions-runner/_work/mako-fast-reads/mako-fast-reads/src/deptran/paxos/commo.cc:151] 2025-12-10 03:35:33.127 | ForwardToLearner: SENDING to learner site_id=7, slot=216
I [/opt/actions-runner/_work/mako-fast-reads/mako-fast-reads/src/deptran/paxos/commo.cc:125] 2025-12-10 03:35:33.149 | ForwardToLearner: par_id=0, slot=365, n=3, proxies.size=4, batch_idx=0
I [/opt/actions-runner/_work/mako-fast-reads/mako-fast-reads/src/deptran/paxos/commo.cc:151] 2025-12-10 03:35:33.149 | ForwardToLearner: SENDING to learner site_id=3, slot=365
I [/opt/actions-runner/_work/mako-fast-reads/mako-fast-reads/src/deptran/paxos/commo.cc:125] 2025-12-10 03:35:33.180 | ForwardToLearner: par_id=1, slot=217, n=3, proxies.size=4, batch_idx=0
I [/opt/actions-runner/_work/mako-fast-reads/mako-fast-reads/src/deptran/paxos/commo.cc:151] 2025-12-10 03:35:33.180 | ForwardToLearner: SENDING to learner site_id=7, slot=217
I [/opt/actions-runner/_work/mako-fast-reads/mako-fast-reads/src/deptran/paxos/commo.cc:125] 2025-12-10 03:35:33.196 | ForwardToLearner: par_id=0, slot=366, n=3, proxies.size=4, batch_idx=0
I [/opt/actions-runner/_work/mako-fast-reads/mako-fast-reads/src/deptran/paxos/commo.cc:151] 2025-12-10 03:35:33.196 | ForwardToLearner: SENDING to learner site_id=3, slot=366
I [/opt/actions-runner/_work/mako-fast-reads/mako-fast-reads/src/deptran/paxos/commo.cc:125] 2025-12-10 03:35:33.212 | ForwardToLearner: par_id=1, slot=218, n=3, proxies.size=4, batch_idx=0
I [/opt/actions-runner/_work/mako-fast-reads/mako-fast-reads/src/deptran/paxos/commo.cc:151] 2025-12-10 03:35:33.212 | ForwardToLearner: SENDING to learner site_id=7, slot=218
I [/opt/actions-runner/_work/mako-fast-reads/mako-fast-reads/src/deptran/paxos/commo.cc:125] 2025-12-10 03:35:33.213 | ForwardToLearner: par_id=0, slot=367, n=3, proxies.size=4, batch_idx=0
I [/opt/actions-runner/_work/mako-fast-reads/mako-fast-reads/src/deptran/paxos/commo.cc:151] 2025-12-10 03:35:33.213 | ForwardToLearner: SENDING to learner site_id=3, slot=367
I [/opt/actions-runner/_work/mako-fast-reads/mako-fast-reads/src/deptran/paxos/commo.cc:125] 2025-12-10 03:35:33.224 | ForwardToLearner: par_id=1, slot=219, n=3, proxies.size=4, batch_idx=0
I [/opt/actions-runner/_work/mako-fast-reads/mako-fast-reads/src/deptran/paxos/commo.cc:151] 2025-12-10 03:35:33.224 | ForwardToLearner: SENDING to learner site_id=7, slot=219
I [/opt/actions-runner/_work/mako-fast-reads/mako-fast-reads/src/deptran/paxos/commo.cc:125] 2025-12-10 03:35:33.241 | ForwardToLearner: par_id=0, slot=368, n=3, proxies.size=4, batch_idx=0
I [/opt/actions-runner/_work/mako-fast-reads/mako-fast-reads/src/deptran/paxos/commo.cc:151] 2025-12-10 03:35:33.241 | ForwardToLearner: SENDING to learner site_id=3, slot=368
I [/opt/actions-runner/_work/mako-fast-reads/mako-fast-reads/src/deptran/paxos/commo.cc:125] 2025-12-10 03:35:33.264 | ForwardToLearner: par_id=1, slot=220, n=3, proxies.size=4, batch_idx=0
I [/opt/actions-runner/_work/mako-fast-reads/mako-fast-reads/src/deptran/paxos/commo.cc:151] 2025-12-10 20251110-03:35.33-372472(us) 19466 * wait_for_termination (mako.hh:538):      follower is waiting for being ended: 0/2, noops_cnt:0, replay_batch:590, wait_time:9s

03:35:33.264 | ForwardToLearner: SENDING to learner site_id=7, slot=220
I [/opt/actions-runner/_work/mako-fast-reads/mako-fast-reads/src/deptran/paxos/commo.cc:125] 2025-12-10 03:35:33.294 | ForwardToLearner: par_id=0, slot=369, n=3, proxies.size=4, batch_idx=0
I [/opt/actions-runner/_work/mako-fast-reads/mako-fast-reads/src/deptran/paxos/commo.cc:151] 2025-12-10 03:35:33.294 | ForwardToLearner: SENDING to learner site_id=3, slot=369
I [/opt/actions-runner/_work/mako-fast-reads/mako-fast-reads/src/deptran/paxos/commo.cc:125] 2025-12-10 03:35:33.311 | ForwardToLearner: par_id=1, slot=221, n=3, proxies.size=4, batch_idx=0
I [/opt/actions-runner/_work/mako-fast-reads/mako-fast-reads/src/deptran/paxos/commo.cc:151] 2025-12-10 03:35:33.311 | ForwardToLearner: SENDING to learner site_id=7, slot=221
I [/opt/actions-runner/_work/mako-fast-reads/mako-fast-reads/src/deptran/paxos/commo.cc:125] 2025-12-10 03:35:33.339 | ForwardToLearner: par_id=1, slot=222, n=3, proxies.size=4, batch_idx=0
I [/opt/actions-runner/_work/mako-fast-reads/mako-fast-reads/src/deptran/paxos/commo.cc:151] 2025-12-10 03:35:33.339 | ForwardToLearner: SENDING to learner site_id=7, slot=222
I [/opt/actions-runner/_work/mako-fast-reads/mako-fast-reads/src/deptran/paxos/commo.cc:125] 2025-12-10 03:35:33.350 | ForwardToLearner: par_id=0, slot=370, n=3, proxies.size=4, batch_idx=0
I [/opt/actions-runner/_work/mako-fast-reads/mako-fast-reads/src/deptran/paxos/commo.cc:151] 2025-12-10 03:35:33.350 | ForwardToLearner: SENDING to learner site_id=3, slot=370
I [/opt/actions-runner/_work/mako-fast-reads/mako-fast-reads/src/deptran/paxos/commo.cc:125] 2025-12-10 03:35:33.357 | ForwardToLearner: par_id=1, slot=223, n=3, proxies.size=4, batch_idx=0
I [/opt/actions-runner/_work/mako-fast-reads/mako-fast-reads/src/deptran/paxos/commo.cc:151] 2025-12-10 03:35:33.357 | ForwardToLearner: SENDING to learner site_id=7, slot=223
I [/opt/actions-runner/_work/mako-fast-reads/mako-fast-reads/src/deptran/paxos/commo.cc:125] 2025-12-10 03:35:33.365 | ForwardToLearner: par_id=0, slot=371, n=3, proxies.size=4, batch_idx=0
I [/opt/actions-runner/_work/mako-fast-reads/mako-fast-reads/src/deptran/paxos/commo.cc:151] 2025-12-10 03:35:33.365 | ForwardToLearner: SENDING to learner site_id=3, slot=371
I [/opt/actions-runner/_work/mako-fast-reads/mako-fast-reads/src/deptran/paxos/commo.cc:125] 2025-12-10 03:35:33.399 | ForwardToLearner: par_id=1, slot=224, n=3, proxies.size=4, batch_idx=0
I [/opt/actions-runner/_work/mako-fast-reads/mako-fast-reads/src/deptran/paxos/commo.cc:151] 2025-12-10 03:35:33.399 | ForwardToLearner: SENDING to learner site_id=7, slot=224
I [/opt/actions-runner/_work/mako-fast-reads/mako-fast-reads/src/deptran/paxos/commo.cc:125] 2025-12-10 03:35:33.400 | ForwardToLearner: par_id=0, slot=372, n=3, proxies.size=4, batch_idx=0
I [/opt/actions-runner/_work/mako-fast-reads/mako-fast-reads/src/deptran/paxos/commo.cc:151] 2025-12-10 03:35:33.400 | ForwardToLearner: SENDING to learner site_id=3, slot=372
I [/opt/actions-runner/_work/mako-fast-reads/mako-fast-reads/src/deptran/paxos/commo.cc:125] 2025-12-10 03:35:33.430 | ForwardToLearner: par_id=1, slot=225, n=3, proxies.size=4, batch_idx=0
I [/opt/actions-runner/_work/mako-fast-reads/mako-fast-reads/src/deptran/paxos/commo.cc:151] 2025-12-10 03:35:33.430 | ForwardToLearner: SENDING to learner site_id=7, slot=225
I [/opt/actions-runner/_work/mako-fast-reads/mako-fast-reads/src/deptran/paxos/commo.cc:125] 2025-12-10 03:35:33.434 | ForwardToLearner: par_id=1, slot=226, n=3, proxies.size=4, batch_idx=0
I [/opt/actions-runner/_work/mako-fast-reads/mako-fast-reads/src/deptran/paxos/commo.cc:151] 2025-12-10 03:35:33.434 | ForwardToLearner: SENDING to learner site_id=7, slot=226
I [/opt/actions-runner/_work/mako-fast-reads/mako-fast-reads/src/deptran/paxos/commo.cc:125] 2025-12-10 03:35:33.447 | ForwardToLearner: par_id=0, slot=373, n=3, proxies.size=4, batch_idx=0
I [/opt/actions-runner/_work/mako-fast-reads/mako-fast-reads/src/deptran/paxos/commo.cc:151] 2025-12-10 03:35:33.447 | ForwardToLearner: SENDING to learner site_id=3, slot=373
I [/opt/actions-runner/_work/mako-fast-reads/mako-fast-reads/src/deptran/paxos/commo.cc:125] 2025-12-10 03:35:33.473 | ForwardToLearner: par_id=1, slot=227, n=3, proxies.size=4, batch_idx=0
I [/opt/actions-runner/_work/mako-fast-reads/mako-fast-reads/src/deptran/paxos/commo.cc:151] 2025-12-10 03:35:33.473 | ForwardToLearner: SENDING to learner site_id=7, slot=227
I [/opt/actions-runner/_work/mako-fast-reads/mako-fast-reads/src/deptran/paxos/commo.cc:125] 2025-12-10 03:35:33.483 | ForwardToLearner: par_id=0, slot=374, n=3, proxies.size=4, batch_idx=0
I [/opt/actions-runner/_work/mako-fast-reads/mako-fast-reads/src/deptran/paxos/commo.cc:151] 2025-12-10 03:35:33.483 | ForwardToLearner: SENDING to learner site_id=3, slot=374
I [/opt/actions-runner/_work/mako-fast-reads/mako-fast-reads/src/deptran/paxos/commo.cc:125] 2025-12-10 03:35:33.486 | ForwardToLearner: par_id=0, slot=375, n=3, proxies.size=4, batch_idx=0
I [/opt/actions-runner/_work/mako-fast-reads/mako-fast-reads/src/deptran/paxos/commo.cc:151] 2025-12-10 03:35:33.486 | ForwardToLearner: SENDING to learner site_id=3, slot=375
I [/opt/actions-runner/_work/mako-fast-reads/mako-fast-reads/src/deptran/paxos/commo.cc:125] 2025-12-10 03:35:33.509 | ForwardToLearner: par_id=1, slot=228, n=3, proxies.size=4, batch_idx=0
I [/opt/actions-runner/_work/mako-fast-reads/mako-fast-reads/src/deptran/paxos/commo.cc:151] 2025-12-10 03:35:33.509 | ForwardToLearner: SENDING to learner site_id=7, slot=228
I [/opt/actions-runner/_work/mako-fast-reads/mako-fast-reads/src/deptran/paxos/commo.cc:125] 2025-12-10 03:35:33.531 | ForwardToLearner: par_id=0, slot=376, n=3, proxies.size=4, batch_idx=0
I [/opt/actions-runner/_work/mako-fast-reads/mako-fast-reads/src/deptran/paxos/commo.cc:151] 2025-12-10 03:35:33.531 | ForwardToLearner: SENDING to learner site_id=3, slot=376
I [/opt/actions-runner/_work/mako-fast-reads/mako-fast-reads/src/deptran/paxos/commo.cc:125] 2025-12-10 03:35:33.557 | ForwardToLearner: par_id=1, slot=229, n=3, proxies.size=4, batch_idx=0
I [/opt/actions-runner/_work/mako-fast-reads/mako-fast-reads/src/deptran/paxos/commo.cc:151] 2025-12-10 03:35:33.557 | ForwardToLearner: SENDING to learner site_id=7, slot=229
I [/opt/actions-runner/_work/mako-fast-reads/mako-fast-reads/src/deptran/paxos/commo.cc:125] 2025-12-10 03:35:33.570 | ForwardToLearner: par_id=1, slot=230, n=3, proxies.size=4, batch_idx=0
I [/opt/actions-runner/_work/mako-fast-reads/mako-fast-reads/src/deptran/paxos/commo.cc:151] 2025-12-10 03:35:33.570 | ForwardToLearner: SENDING to learner site_id=7, slot=230
I [/opt/actions-runner/_work/mako-fast-reads/mako-fast-reads/src/deptran/paxos/commo.cc:125] 2025-12-10 03:35:33.577 | ForwardToLearner: par_id=0, slot=377, n=3, proxies.size=4, batch_idx=0
I [/opt/actions-runner/_work/mako-fast-reads/mako-fast-reads/src/deptran/paxos/commo.cc:151] 2025-12-10 03:35:33.577 | ForwardToLearner: SENDING to learner site_id=3, slot=377
I [/opt/actions-runner/_work/mako-fast-reads/mako-fast-reads/src/deptran/paxos/commo.cc:125] 2025-12-10 03:35:33.609 | ForwardToLearner: par_id=1, slot=231, n=3, proxies.size=4, batch_idx=0
I [/opt/actions-runner/_work/mako-fast-reads/mako-fast-reads/src/deptran/paxos/commo.cc:151] 2025-12-10 03:35:33.609 | ForwardToLearner: SENDING to learner site_id=7, slot=231
I [/opt/actions-runner/_work/mako-fast-reads/mako-fast-reads/src/deptran/paxos/commo.cc:125] 2025-12-10 03:35:33.628 | ForwardToLearner: par_id=0, slot=378, n=3, proxies.size=4, batch_idx=0
I [/opt/actions-runner/_work/mako-fast-reads/mako-fast-reads/src/deptran/paxos/commo.cc:151] 2025-12-10 03:35:33.628 | ForwardToLearner: SENDING to learner site_id=3, slot=378
I [/opt/actions-runner/_work/mako-fast-reads/mako-fast-reads/src/deptran/paxos/commo.cc:125] 2025-12-10 03:35:33.631 | ForwardToLearner: par_id=0, slot=379, n=3, proxies.size=4, batch_idx=0
I [/opt/actions-runner/_work/mako-fast-reads/mako-fast-reads/src/deptran/paxos/commo.cc:151] 2025-12-10 03:35:33.631 | ForwardToLearner: SENDING to learner site_id=3, slot=379
I [/opt/actions-runner/_work/mako-fast-reads/mako-fast-reads/src/deptran/paxos/commo.cc:125] 2025-12-10 03:35:33.660 | ForwardToLearner: par_id=1, slot=232, n=3, proxies.size=4, batch_idx=0
I [/opt/actions-runner/_work/mako-fast-reads/mako-fast-reads/src/deptran/paxos/commo.cc:151] 2025-12-10 03:35:33.660 | ForwardToLearner: SENDING to learner site_id=7, slot=232
I [/opt/actions-runner/_work/mako-fast-reads/mako-fast-reads/src/deptran/paxos/commo.cc:125] 2025-12-10 03:35:33.676 | ForwardToLearner: par_id=0, slot=380, n=3, proxies.size=4, batch_idx=0
I [/opt/actions-runner/_work/mako-fast-reads/mako-fast-reads/src/deptran/paxos/commo.cc:151] 2025-12-10 03:35:33.677 | ForwardToLearner: SENDING to learner site_id=3, slot=380
I [/opt/actions-runner/_work/mako-fast-reads/mako-fast-reads/src/deptran/paxos/commo.cc:125] 2025-12-10 03:35:33.677 | ForwardToLearner: par_id=1, slot=233, n=3, proxies.size=4, batch_idx=0
I [/opt/actions-runner/_work/mako-fast-reads/mako-fast-reads/src/deptran/paxos/commo.cc:151] 2025-12-10 03:35:33.677 | ForwardToLearner: SENDING to learner site_id=7, slot=233
I [/opt/actions-runner/_work/mako-fast-reads/mako-fast-reads/src/deptran/paxos/commo.cc:125] 2025-12-10 03:35:33.706 | ForwardToLearner: par_id=1, slot=234, n=3, proxies.size=4, batch_idx=0
I [/opt/actions-runner/_work/mako-fast-reads/mako-fast-reads/src/deptran/paxos/commo.cc:151] 2025-12-10 03:35:33.706 | ForwardToLearner: SENDING to learner site_id=7, slot=234
I [/opt/actions-runner/_work/mako-fast-reads/mako-fast-reads/src/deptran/paxos/commo.cc:125] 2025-12-10 03:35:33.727 | ForwardToLearner: par_id=0, slot=381, n=3, proxies.size=4, batch_idx=0
I [/opt/actions-runner/_work/mako-fast-reads/mako-fast-reads/src/deptran/paxos/commo.cc:151] 2025-12-10 03:35:33.727 | ForwardToLearner: SENDING to learner site_id=3, slot=381
I [/opt/actions-runner/_work/mako-fast-reads/mako-fast-reads/src/deptran/paxos/commo.cc:125] 2025-12-10 03:35:33.754 | ForwardToLearner: par_id=1, slot=235, n=3, proxies.size=4, batch_idx=0
I [/opt/actions-runner/_work/mako-fast-reads/mako-fast-reads/src/deptran/paxos/commo.cc:151] 2025-12-10 03:35:33.754 | ForwardToLearner: SENDING to learner site_id=7, slot=235
I [/opt/actions-runner/_work/mako-fast-reads/mako-fast-reads/src/deptran/paxos/commo.cc:125] 2025-12-10 03:35:33.763 | ForwardToLearner: par_id=0, slot=382, n=3, proxies.size=4, batch_idx=0
I [/opt/actions-runner/_work/mako-fast-reads/mako-fast-reads/src/deptran/paxos/commo.cc:151] 2025-12-10 03:35:33.763 | ForwardToLearner: SENDING to learner site_id=3, slot=382
I [/opt/actions-runner/_work/mako-fast-reads/mako-fast-reads/src/deptran/paxos/commo.cc:125] 2025-12-10 03:35:33.773 | ForwardToLearner: par_id=0, slot=383, n=3, proxies.size=4, batch_idx=0
I [/opt/actions-runner/_work/mako-fast-reads/mako-fast-reads/src/deptran/paxos/commo.cc:151] 2025-12-10 03:35:33.773 | ForwardToLearner: SENDING to learner site_id=3, slot=383
I [/opt/actions-runner/_work/mako-fast-reads/mako-fast-reads/src/deptran/paxos/commo.cc:125] 2025-12-10 03:35:33.810 | ForwardToLearner: par_id=1, slot=236, n=3, proxies.size=4, batch_idx=0
I [/opt/actions-runner/_work/mako-fast-reads/mako-fast-reads/src/deptran/paxos/commo.cc:151] 2025-12-10 03:35:33.810 | ForwardToLearner: SENDING to learner site_id=7, slot=236
I [/opt/actions-runner/_work/mako-fast-reads/mako-fast-reads/src/deptran/paxos/commo.cc:125] 2025-12-10 03:35:33.817 | ForwardToLearner: par_id=0, slot=384, n=3, proxies.size=4, batch_idx=0
I [/opt/actions-runner/_work/mako-fast-reads/mako-fast-reads/src/deptran/paxos/commo.cc:151] 2025-12-10 03:35:33.817 | ForwardToLearner: SENDING to learner site_id=3, slot=384
I [/opt/actions-runner/_work/mako-fast-reads/mako-fast-reads/src/deptran/paxos/commo.cc:125] 2025-12-10 03:35:33.825 | ForwardToLearner: par_id=1, slot=237, n=3, proxies.size=4, batch_idx=0
I [/opt/actions-runner/_work/mako-fast-reads/mako-fast-reads/src/deptran/paxos/commo.cc:151] 2025-12-10 03:35:33.825 | ForwardToLearner: SENDING to learner site_id=7, slot=237
I [/opt/actions-runner/_work/mako-fast-reads/mako-fast-reads/src/deptran/paxos/commo.cc:125] 2025-12-10 03:35:33.859 | ForwardToLearner: par_id=0, slot=385, n=3, proxies.size=4, batch_idx=0
I [/opt/actions-runner/_work/mako-fast-reads/mako-fast-reads/src/deptran/paxos/commo.cc:151] 2025-12-10 03:35:33.859 | ForwardToLearner: SENDING to learner site_id=3, slot=385
I [/opt/actions-runner/_work/mako-fast-reads/mako-fast-reads/src/deptran/paxos/commo.cc:125] 2025-12-10 03:35:33.863 | ForwardToLearner: par_id=1, slot=238, n=3, proxies.size=4, batch_idx=0
I [/opt/actions-runner/_work/mako-fast-reads/mako-fast-reads/src/deptran/paxos/commo.cc:151] 2025-12-10 03:35:33.863 | ForwardToLearner: SENDING to learner site_id=7, slot=238
I [/opt/actions-runner/_work/mako-fast-reads/mako-fast-reads/src/deptran/paxos/commo.cc:125] 2025-12-10 03:35:33.889 | ForwardToLearner: par_id=0, slot=386, n=3, proxies.size=4, batch_idx=0
I [/opt/actions-runner/_work/mako-fast-reads/mako-fast-reads/src/deptran/paxos/commo.cc:151] 2025-12-10 03:35:33.889 | ForwardToLearner: SENDING to learner site_id=3, slot=386
I [/opt/actions-runner/_work/mako-fast-reads/mako-fast-reads/src/deptran/paxos/commo.cc:125] 2025-12-10 03:35:33.899 | ForwardToLearner: par_id=0, slot=387, n=3, proxies.size=4, batch_idx=0
I [/opt/actions-runner/_work/mako-fast-reads/mako-fast-reads/src/deptran/paxos/commo.cc:151] 2025-12-10 03:35:33.899 | ForwardToLearner: SENDING to learner site_id=3, slot=387
I [/opt/actions-runner/_work/mako-fast-reads/mako-fast-reads/src/deptran/paxos/commo.cc:125] 2025-12-10 03:35:33.901 | ForwardToLearner: par_id=1, slot=239, n=3, proxies.size=4, batch_idx=0
I [/opt/actions-runner/_work/mako-fast-reads/mako-fast-reads/src/deptran/paxos/commo.cc:151] 2025-12-10 03:35:33.901 | ForwardToLearner: SENDING to learner site_id=7, slot=239
I [/opt/actions-runner/_work/mako-fast-reads/mako-fast-reads/src/deptran/paxos/commo.cc:125] 2025-12-10 03:35:33.924 | ForwardToLearner: par_id=1, slot=240, n=3, proxies.size=4, batch_idx=0
I [/opt/actions-runner/_work/mako-fast-reads/mako-fast-reads/src/deptran/paxos/commo.cc:151] 2025-12-10 03:35:33.924 | ForwardToLearner: SENDING to learner site_id=7, slot=240
I [/opt/actions-runner/_work/mako-fast-reads/mako-fast-reads/src/deptran/paxos/commo.cc:125] 2025-12-10 03:35:33.936 | ForwardToLearner: par_id=0, slot=388, n=3, proxies.size=4, batch_idx=0
I [/opt/actions-runner/_work/mako-fast-reads/mako-fast-reads/src/deptran/paxos/commo.cc:151] 2025-12-10 03:35:33.936 | ForwardToLearner: SENDING to learner site_id=3, slot=388
I [/opt/actions-runner/_work/mako-fast-reads/mako-fast-reads/src/deptran/paxos/commo.cc:125] 2025-12-10 03:35:33.941 | ForwardToLearner: par_id=1, slot=241, n=3, proxies.size=4, batch_idx=0
I [/opt/actions-runner/_work/mako-fast-reads/mako-fast-reads/src/deptran/paxos/commo.cc:151] 2025-12-10 03:35:33.941 | ForwardToLearner: SENDING to learner site_id=7, slot=241
I [/opt/actions-runner/_work/mako-fast-reads/mako-fast-reads/src/deptran/paxos/commo.cc:125] 2025-12-10 03:35:33.979 | ForwardToLearner: par_id=0, slot=389, n=3, proxies.size=4, batch_idx=0
I [/opt/actions-runner/_work/mako-fast-reads/mako-fast-reads/src/deptran/paxos/commo.cc:151] 2025-12-10 03:35:33.979 | ForwardToLearner: SENDING to learner site_id=3, slot=389
I [/opt/actions-runner/_work/mako-fast-reads/mako-fast-reads/src/deptran/paxos/commo.cc:125] 2025-12-10 03:35:33.984 | ForwardToLearner: par_id=0, slot=390, n=3, proxies.size=4, batch_idx=0
I [/opt/actions-runner/_work/mako-fast-reads/mako-fast-reads/src/deptran/paxos/commo.cc:151] 2025-12-10 03:35:33.984 | ForwardToLearner: SENDING to learner site_id=3, slot=390
I [/opt/actions-runner/_work/mako-fast-reads/mako-fast-reads/src/deptran/paxos/commo.cc:125] 2025-12-10 03:35:33.986 | ForwardToLearner: par_id=1, slot=242, n=3, proxies.size=4, batch_idx=0
I [/opt/actions-runner/_work/mako-fast-reads/mako-fast-reads/src/deptran/paxos/commo.cc:151] 2025-12-10 03:35:33.986 | ForwardToLearner: SENDING to learner site_id=7, slot=242
I [/opt/actions-runner/_work/mako-fast-reads/mako-fast-reads/src/deptran/paxos/commo.cc:125] 2025-12-10 03:35:34.027 | ForwardToLearner: par_id=0, slot=391, n=3, proxies.size=4, batch_idx=0
I [/opt/actions-runner/_work/mako-fast-reads/mako-fast-reads/src/deptran/paxos/commo.cc:151] 2025-12-10 03:35:34.027 | ForwardToLearner: SENDING to learner site_id=3, slot=391
I [/opt/actions-runner/_work/mako-fast-reads/mako-fast-reads/src/deptran/paxos/commo.cc:125] 2025-12-10 03:35:34.031 | ForwardToLearner: par_id=1, slot=243, n=3, proxies.size=4, batch_idx=0
I [/opt/actions-runner/_work/mako-fast-reads/mako-fast-reads/src/deptran/paxos/commo.cc:151] 2025-12-10 03:35:34.031 | ForwardToLearner: SENDING to learner site_id=7, slot=243
I [/opt/actions-runner/_work/mako-fast-reads/mako-fast-reads/src/deptran/paxos/commo.cc:125] 2025-12-10 03:35:34.058 | ForwardToLearner: par_id=1, slot=244, n=3, proxies.size=4, batch_idx=0
I [/opt/actions-runner/_work/mako-fast-reads/mako-fast-reads/src/deptran/paxos/commo.cc:151] 2025-12-10 03:35:34.058 | ForwardToLearner: SENDING to learner site_id=7, slot=244
I [/opt/actions-runner/_work/mako-fast-reads/mako-fast-reads/src/deptran/paxos/commo.cc:125] 2025-12-10 03:35:34.079 | ForwardToLearner: par_id=1, slot=245, n=3, proxies.size=4, batch_idx=0
I [/opt/actions-runner/_work/mako-fast-reads/mako-fast-reads/src/deptran/paxos/commo.cc:151] 2025-12-10 03:35:34.079 | ForwardToLearner: SENDING to learner site_id=7, slot=245
I [/opt/actions-runner/_work/mako-fast-reads/mako-fast-reads/src/deptran/paxos/commo.cc:125] 2025-12-10 03:35:34.080 | ForwardToLearner: par_id=0, slot=392, n=3, proxies.size=4, batch_idx=0
I [/opt/actions-runner/_work/mako-fast-reads/mako-fast-reads/src/deptran/paxos/commo.cc:151] 2025-12-10 03:35:34.080 | ForwardToLearner: SENDING to learner site_id=3, slot=392
I [/opt/actions-runner/_work/mako-fast-reads/mako-fast-reads/src/deptran/paxos/commo.cc:125] 2025-12-10 03:35:34.110 | ForwardToLearner: par_id=0, slot=393, n=3, proxies.size=4, batch_idx=0
I [/opt/actions-runner/_work/mako-fast-reads/mako-fast-reads/src/deptran/paxos/commo.cc:151] 2025-12-10 03:35:34.110 | ForwardToLearner: SENDING to learner site_id=3, slot=393
I [/opt/actions-runner/_work/mako-fast-reads/mako-fast-reads/src/deptran/paxos/commo.cc:125] 2025-12-10 03:35:34.125 | ForwardToLearner: par_id=0, slot=394, n=3, proxies.size=4, batch_idx=0
I [/opt/actions-runner/_work/mako-fast-reads/mako-fast-reads/src/deptran/paxos/commo.cc:151] 2025-12-10 03:35:34.125 | ForwardToLearner: SENDING to learner site_id=3, slot=394
I [/opt/actions-runner/_work/mako-fast-reads/mako-fast-reads/src/deptran/paxos/commo.cc:125] 2025-12-10 03:35:34.126 | ForwardToLearner: par_id=1, slot=246, n=3, proxies.size=4, batch_idx=0
I [/opt/actions-runner/_work/mako-fast-reads/mako-fast-reads/src/deptran/paxos/commo.cc:151] 2025-12-10 03:35:34.126 | ForwardToLearner: SENDING to learner site_id=7, slot=246
I [/opt/actions-runner/_work/mako-fast-reads/mako-fast-reads/src/deptran/paxos/commo.cc:125] 2025-12-10 03:35:34.156 | ForwardToLearner: par_id=1, slot=247, n=3, proxies.size=4, batch_idx=0
I [/opt/actions-runner/_work/mako-fast-reads/mako-fast-reads/src/deptran/paxos/commo.cc:151] 2025-12-10 03:35:34.156 | ForwardToLearner: SENDING to learner site_id=7, slot=247
I [/opt/actions-runner/_work/mako-fast-reads/mako-fast-reads/src/deptran/paxos/commo.cc:125] 2025-12-10 03:35:34.178 | ForwardToLearner: par_id=0, slot=395, n=3, proxies.size=4, batch_idx=0
I [/opt/actions-runner/_work/mako-fast-reads/mako-fast-reads/src/deptran/paxos/commo.cc:151] 2025-12-10 03:35:34.178 | ForwardToLearner: SENDING to learner site_id=3, slot=395
I [/opt/actions-runner/_work/mako-fast-reads/mako-fast-reads/src/deptran/paxos/commo.cc:125] 2025-12-10 03:35:34.180 | ForwardToLearner: par_id=1, slot=248, n=3, proxies.size=4, batch_idx=0
I [/opt/actions-runner/_work/mako-fast-reads/mako-fast-reads/src/deptran/paxos/commo.cc:151] 2025-12-10 03:35:34.180 | ForwardToLearner: SENDING to learner site_id=7, slot=248
I [/opt/actions-runner/_work/mako-fast-reads/mako-fast-reads/src/deptran/paxos/commo.cc:125] 2025-12-10 03:35:34.222 | ForwardToLearner: par_id=0, slot=396, n=3, proxies.size=4, batch_idx=0
I [/opt/actions-runner/_work/mako-fast-reads/mako-fast-reads/src/deptran/paxos/commo.cc:20251110-03:35.34-372558(us) 19466 * wait_for_termination (mako.hh:538):      follower is waiting for being ended: 0/2, noops_cnt:0, replay_batch:649, wait_time:10s

151] 2025-12-10 03:35:34.222 | ForwardToLearner: SENDING to learner site_id=3, slot=396
I [/opt/actions-runner/_work/mako-fast-reads/mako-fast-reads/src/deptran/paxos/commo.cc:125] 2025-12-10 03:35:34.222 | ForwardToLearner: par_id=1, slot=249, n=3, proxies.size=4, batch_idx=0
I [/opt/actions-runner/_work/mako-fast-reads/mako-fast-reads/src/deptran/paxos/commo.cc:151] 2025-12-10 03:35:34.222 | ForwardToLearner: SENDING to learner site_id=7, slot=249
I [/opt/actions-runner/_work/mako-fast-reads/mako-fast-reads/src/deptran/paxos/commo.cc:125] 2025-12-10 03:35:34.226 | ForwardToLearner: par_id=0, slot=397, n=3, proxies.size=4, batch_idx=0
I [/opt/actions-runner/_work/mako-fast-reads/mako-fast-reads/src/deptran/paxos/commo.cc:151] 2025-12-10 03:35:34.226 | ForwardToLearner: SENDING to learner site_id=3, slot=397
I [/opt/actions-runner/_work/mako-fast-reads/mako-fast-reads/src/deptran/paxos/commo.cc:125] 2025-12-10 03:35:34.259 | ForwardToLearner: par_id=0, slot=398, n=3, proxies.size=4, batch_idx=0
I [/opt/actions-runner/_work/mako-fast-reads/mako-fast-reads/src/deptran/paxos/commo.cc:151] 2025-12-10 03:35:34.259 | ForwardToLearner: SENDING to learner site_id=3, slot=398
I [/opt/actions-runner/_work/mako-fast-reads/mako-fast-reads/src/deptran/paxos/commo.cc:125] 2025-12-10 03:35:34.268 | ForwardToLearner: par_id=1, slot=250, n=3, proxies.size=4, batch_idx=0
I [/opt/actions-runner/_work/mako-fast-reads/mako-fast-reads/src/deptran/paxos/commo.cc:151] 2025-12-10 03:35:34.268 | ForwardToLearner: SENDING to learner site_id=7, slot=250
I [/opt/actions-runner/_work/mako-fast-reads/mako-fast-reads/src/deptran/paxos/commo.cc:125] 2025-12-10 03:35:34.286 | ForwardToLearner: par_id=1, slot=251, n=3, proxies.size=4, batch_idx=0
I [/opt/actions-runner/_work/mako-fast-reads/mako-fast-reads/src/deptran/paxos/commo.cc:151] 2025-12-10 03:35:34.286 | ForwardToLearner: SENDING to learner site_id=7, slot=251
I [/opt/actions-runner/_work/mako-fast-reads/mako-fast-reads/src/deptran/paxos/commo.cc:125] 2025-12-10 03:35:34.300 | ForwardToLearner: par_id=0, slot=399, n=3, proxies.size=4, batch_idx=0
I [/opt/actions-runner/_work/mako-fast-reads/mako-fast-reads/src/deptran/paxos/commo.cc:151] 2025-12-10 03:35:34.300 | ForwardToLearner: SENDING to learner site_id=3, slot=399
I [/opt/actions-runner/_work/mako-fast-reads/mako-fast-reads/src/deptran/paxos/commo.cc:125] 2025-12-10 03:35:34.316 | ForwardToLearner: par_id=1, slot=252, n=3, proxies.size=4, batch_idx=0
I [/opt/actions-runner/_work/mako-fast-reads/mako-fast-reads/src/deptran/paxos/commo.cc:151] 2025-12-10 03:35:34.316 | ForwardToLearner: SENDING to learner site_id=7, slot=252
I [/opt/actions-runner/_work/mako-fast-reads/mako-fast-reads/src/deptran/paxos/commo.cc:125] 2025-12-10 03:35:34.351 | ForwardToLearner: par_id=0, slot=400, n=3, proxies.size=4, batch_idx=0
I [/opt/actions-runner/_work/mako-fast-reads/mako-fast-reads/src/deptran/paxos/commo.cc:151] 2025-12-10 03:35:34.351 | ForwardToLearner: SENDING to learner site_id=3, slot=400
I [/opt/actions-runner/_work/mako-fast-reads/mako-fast-reads/src/deptran/paxos/commo.cc:125] 2025-12-10 03:35:34.365 | ForwardToLearner: par_id=1, slot=253, n=3, proxies.size=4, batch_idx=0
I [/opt/actions-runner/_work/mako-fast-reads/mako-fast-reads/src/deptran/paxos/commo.cc:151] 2025-12-10 03:35:34.365 | ForwardToLearner: SENDING to learner site_id=7, slot=253
I [/opt/actions-runner/_work/mako-fast-reads/mako-fast-reads/src/deptran/paxos/commo.cc:125] 2025-12-10 03:35:34.375 | ForwardToLearner: par_id=0, slot=401, n=3, proxies.size=4, batch_idx=0
I [/opt/actions-runner/_work/mako-fast-reads/mako-fast-reads/src/deptran/paxos/commo.cc:151] 2025-12-10 03:35:34.375 | ForwardToLearner: SENDING to learner site_id=3, slot=401
I [/opt/actions-runner/_work/mako-fast-reads/mako-fast-reads/src/deptran/paxos/commo.cc:125] 2025-12-10 03:35:34.383 | ForwardToLearner: par_id=1, slot=254, n=3, proxies.size=4, batch_idx=0
I [/opt/actions-runner/_work/mako-fast-reads/mako-fast-reads/src/deptran/paxos/commo.cc:151] 2025-12-10 03:35:34.383 | ForwardToLearner: SENDING to learner site_id=7, slot=254
I [/opt/actions-runner/_work/mako-fast-reads/mako-fast-reads/src/deptran/paxos/commo.cc:125] 2025-12-10 03:35:34.390 | ForwardToLearner: par_id=0, slot=402, n=3, proxies.size=4, batch_idx=0
I [/opt/actions-runner/_work/mako-fast-reads/mako-fast-reads/src/deptran/paxos/commo.cc:151] 2025-12-10 03:35:34.390 | ForwardToLearner: SENDING to learner site_id=3, slot=402
I [/opt/actions-runner/_work/mako-fast-reads/mako-fast-reads/src/deptran/paxos/commo.cc:125] 2025-12-10 03:35:34.418 | ForwardToLearner: par_id=1, slot=255, n=3, proxies.size=4, batch_idx=0
I [/opt/actions-runner/_work/mako-fast-reads/mako-fast-reads/src/deptran/paxos/commo.cc:151] 2025-12-10 03:35:34.418 | ForwardToLearner: SENDING to learner site_id=7, slot=255
I [/opt/actions-runner/_work/mako-fast-reads/mako-fast-reads/src/deptran/paxos/commo.cc:125] 2025-12-10 03:35:34.437 | ForwardToLearner: par_id=0, slot=403, n=3, proxies.size=4, batch_idx=0
I [/opt/actions-runner/_work/mako-fast-reads/mako-fast-reads/src/deptran/paxos/commo.cc:151] 2025-12-10 03:35:34.437 | ForwardToLearner: SENDING to learner site_id=3, slot=403
I [/opt/actions-runner/_work/mako-fast-reads/mako-fast-reads/src/deptran/paxos/commo.cc:125] 2025-12-10 03:35:34.463 | ForwardToLearner: par_id=0, slot=404, n=3, proxies.size=4, batch_idx=0
I [/opt/actions-runner/_work/mako-fast-reads/mako-fast-reads/src/deptran/paxos/commo.cc:151] 2025-12-10 03:35:34.463 | ForwardToLearner: SENDING to learner site_id=3, slot=404
I [/opt/actions-runner/_work/mako-fast-reads/mako-fast-reads/src/deptran/paxos/commo.cc:125] 2025-12-10 03:35:34.466 | ForwardToLearner: par_id=1, slot=256, n=3, proxies.size=4, batch_idx=0
I [/opt/actions-runner/_work/mako-fast-reads/mako-fast-reads/src/deptran/paxos/commo.cc:151] 2025-12-10 03:35:34.466 | ForwardToLearner: SENDING to learner site_id=7, slot=256
I [/opt/actions-runner/_work/mako-fast-reads/mako-fast-reads/src/deptran/paxos/commo.cc:125] 2025-12-10 03:35:34.469 | ForwardToLearner: par_id=0, slot=405, n=3, proxies.size=4, batch_idx=0
I [/opt/actions-runner/_work/mako-fast-reads/mako-fast-reads/src/deptran/paxos/commo.cc:151] 2025-12-10 03:35:34.469 | ForwardToLearner: SENDING to learner site_id=3, slot=405
I [/opt/actions-runner/_work/mako-fast-reads/mako-fast-reads/src/deptran/paxos/commo.cc:125] 2025-12-10 03:35:34.516 | ForwardToLearner: par_id=1, slot=257, n=3, proxies.size=4, batch_idx=0
I [/opt/actions-runner/_work/mako-fast-reads/mako-fast-reads/src/deptran/paxos/commo.cc:151] 2025-12-10 03:35:34.516 | ForwardToLearner: SENDING to learner site_id=7, slot=257
I [/opt/actions-runner/_work/mako-fast-reads/mako-fast-reads/src/deptran/paxos/commo.cc:125] 2025-12-10 03:35:34.522 | ForwardToLearner: par_id=1, slot=258, n=3, proxies.size=4, batch_idx=0
I [/opt/actions-runner/_work/mako-fast-reads/mako-fast-reads/src/deptran/paxos/commo.cc:151] 2025-12-10 03:35:34.522 | ForwardToLearner: SENDING to learner site_id=7, slot=258
I [/opt/actions-runner/_work/mako-fast-reads/mako-fast-reads/src/deptran/paxos/commo.cc:125] 2025-12-10 03:35:34.526 | ForwardToLearner: par_id=0, slot=406, n=3, proxies.size=4, batch_idx=0
I [/opt/actions-runner/_work/mako-fast-reads/mako-fast-reads/src/deptran/paxos/commo.cc:151] 2025-12-10 03:35:34.526 | ForwardToLearner: SENDING to learner site_id=3, slot=406
I [/opt/actions-runner/_work/mako-fast-reads/mako-fast-reads/src/deptran/paxos/commo.cc:125] 2025-12-10 03:35:34.556 | ForwardToLearner: par_id=1, slot=259, n=3, proxies.size=4, batch_idx=0
I [/opt/actions-runner/_work/mako-fast-reads/mako-fast-reads/src/deptran/paxos/commo.cc:151] 2025-12-10 03:35:34.556 | ForwardToLearner: SENDING to learner site_id=7, slot=259
I [/opt/actions-runner/_work/mako-fast-reads/mako-fast-reads/src/deptran/paxos/commo.cc:125] 2025-12-10 03:35:34.568 | ForwardToLearner: par_id=0, slot=407, n=3, proxies.size=4, batch_idx=0
I [/opt/actions-runner/_work/mako-fast-reads/mako-fast-reads/src/deptran/paxos/commo.cc:151] 2025-12-10 03:35:34.568 | ForwardToLearner: SENDING to learner site_id=3, slot=407
I [/opt/actions-runner/_work/mako-fast-reads/mako-fast-reads/src/deptran/paxos/commo.cc:125] 2025-12-10 03:35:34.601 | ForwardToLearner: par_id=1, slot=260, n=3, proxies.size=4, batch_idx=0
I [/opt/actions-runner/_work/mako-fast-reads/mako-fast-reads/src/deptran/paxos/commo.cc:151] 2025-12-10 03:35:34.601 | ForwardToLearner: SENDING to learner site_id=7, slot=260
I [/opt/actions-runner/_work/mako-fast-reads/mako-fast-reads/src/deptran/paxos/commo.cc:125] 2025-12-10 03:35:34.604 | ForwardToLearner: par_id=1, slot=261, n=3, proxies.size=4, batch_idx=0
I [/opt/actions-runner/_work/mako-fast-reads/mako-fast-reads/src/deptran/paxos/commo.cc:151] 2025-12-10 03:35:34.604 | ForwardToLearner: SENDING to learner site_id=7, slot=261
I [/opt/actions-runner/_work/mako-fast-reads/mako-fast-reads/src/deptran/paxos/commo.cc:125] 2025-12-10 03:35:34.614 | ForwardToLearner: par_id=0, slot=408, n=3, proxies.size=4, batch_idx=0
I [/opt/actions-runner/_work/mako-fast-reads/mako-fast-reads/src/deptran/paxos/commo.cc:151] 2025-12-10 03:35:34.614 | ForwardToLearner: SENDING to learner site_id=3, slot=408
I [/opt/actions-runner/_work/mako-fast-reads/mako-fast-reads/src/deptran/paxos/commo.cc:125] 2025-12-10 03:35:34.629 | ForwardToLearner: par_id=0, slot=409, n=3, proxies.size=4, batch_idx=0
I [/opt/actions-runner/_work/mako-fast-reads/mako-fast-reads/src/deptran/paxos/commo.cc:151] 2025-12-10 03:35:34.629 | ForwardToLearner: SENDING to learner site_id=3, slot=409
I [/opt/actions-runner/_work/mako-fast-reads/mako-fast-reads/src/deptran/paxos/commo.cc:125] 2025-12-10 03:35:34.649 | ForwardToLearner: par_id=1, slot=262, n=3, proxies.size=4, batch_idx=0
I [/opt/actions-runner/_work/mako-fast-reads/mako-fast-reads/src/deptran/paxos/commo.cc:151] 2025-12-10 03:35:34.649 | ForwardToLearner: SENDING to learner site_id=7, slot=262
I [/opt/actions-runner/_work/mako-fast-reads/mako-fast-reads/src/deptran/paxos/commo.cc:125] 2025-12-10 03:35:34.675 | ForwardToLearner: par_id=0, slot=410, n=3, proxies.size=4, batch_idx=0
I [/opt/actions-runner/_work/mako-fast-reads/mako-fast-reads/src/deptran/paxos/commo.cc:151] 2025-12-10 03:35:34.675 | ForwardToLearner: SENDING to learner site_id=3, slot=410
I [/opt/actions-runner/_work/mako-fast-reads/mako-fast-reads/src/deptran/paxos/commo.cc:125] 2025-12-10 03:35:34.688 | ForwardToLearner: par_id=1, slot=263, n=3, proxies.size=4, batch_idx=0
I [/opt/actions-runner/_work/mako-fast-reads/mako-fast-reads/src/deptran/paxos/commo.cc:151] 2025-12-10 03:35:34.688 | ForwardToLearner: SENDING to learner site_id=7, slot=263
I [/opt/actions-runner/_work/mako-fast-reads/mako-fast-reads/src/deptran/paxos/commo.cc:125] 2025-12-10 03:35:34.713 | ForwardToLearner: par_id=0, slot=411, n=3, proxies.size=4, batch_idx=0
I [/opt/actions-runner/_work/mako-fast-reads/mako-fast-reads/src/deptran/paxos/commo.cc:151] 2025-12-10 03:35:34.713 | ForwardToLearner: SENDING to learner site_id=3, slot=411
I [/opt/actions-runner/_work/mako-fast-reads/mako-fast-reads/src/deptran/paxos/commo.cc:125] 2025-12-10 03:35:34.715 | ForwardToLearner: par_id=0, slot=412, n=3, proxies.size=4, batch_idx=0
I [/opt/actions-runner/_work/mako-fast-reads/mako-fast-reads/src/deptran/paxos/commo.cc:151] 2025-12-10 03:35:34.715 | ForwardToLearner: SENDING to learner site_id=3, slot=412
I [/opt/actions-runner/_work/mako-fast-reads/mako-fast-reads/src/deptran/paxos/commo.cc:125] 2025-12-10 03:35:34.716 | ForwardToLearner: par_id=1, slot=264, n=3, proxies.size=4, batch_idx=0
I [/opt/actions-runner/_work/mako-fast-reads/mako-fast-reads/src/deptran/paxos/commo.cc:151] 2025-12-10 03:35:34.716 | ForwardToLearner: SENDING to learner site_id=7, slot=264
I [/opt/actions-runner/_work/mako-fast-reads/mako-fast-reads/src/deptran/paxos/commo.cc:125] 2025-12-10 03:35:34.735 | ForwardToLearner: par_id=1, slot=265, n=3, proxies.size=4, batch_idx=0
I [/opt/actions-runner/_work/mako-fast-reads/mako-fast-reads/src/deptran/paxos/commo.cc:151] 2025-12-10 03:35:34.735 | ForwardToLearner: SENDING to learner site_id=7, slot=265
I [/opt/actions-runner/_work/mako-fast-reads/mako-fast-reads/src/deptran/paxos/commo.cc:125] 2025-12-10 03:35:34.764 | ForwardToLearner: par_id=0, slot=413, n=3, proxies.size=4, batch_idx=0
I [/opt/actions-runner/_work/mako-fast-reads/mako-fast-reads/src/deptran/paxos/commo.cc:151] 2025-12-10 03:35:34.764 | ForwardToLearner: SENDING to learner site_id=3, slot=413
I [/opt/actions-runner/_work/mako-fast-reads/mako-fast-reads/src/deptran/paxos/commo.cc:125] 2025-12-10 03:35:34.773 | ForwardToLearner: par_id=1, slot=266, n=3, proxies.size=4, batch_idx=0
I [/opt/actions-runner/_work/mako-fast-reads/mako-fast-reads/src/deptran/paxos/commo.cc:151] 2025-12-10 03:35:34.773 | ForwardToLearner: SENDING to learner site_id=7, slot=266
I [/opt/actions-runner/_work/mako-fast-reads/mako-fast-reads/src/deptran/paxos/commo.cc:125] 2025-12-10 03:35:34.803 | ForwardToLearner: par_id=0, slot=414, n=3, proxies.size=4, batch_idx=0
I [/opt/actions-runner/_work/mako-fast-reads/mako-fast-reads/src/deptran/paxos/commo.cc:151] 2025-12-10 03:35:34.803 | ForwardToLearner: SENDING to learner site_id=3, slot=414
I [/opt/actions-runner/_work/mako-fast-reads/mako-fast-reads/src/deptran/paxos/commo.cc:125] 2025-12-10 03:35:34.810 | ForwardToLearner: par_id=1, slot=267, n=3, proxies.size=4, batch_idx=0
I [/opt/actions-runner/_work/mako-fast-reads/mako-fast-reads/src/deptran/paxos/commo.cc:151] 2025-12-10 03:35:34.810 | ForwardToLearner: SENDING to learner site_id=7, slot=267
I [/opt/actions-runner/_work/mako-fast-reads/mako-fast-reads/src/deptran/paxos/commo.cc:125] 2025-12-10 03:35:34.816 | ForwardToLearner: par_id=1, slot=268, n=3, proxies.size=4, batch_idx=0
I [/opt/actions-runner/_work/mako-fast-reads/mako-fast-reads/src/deptran/paxos/commo.cc:151] 2025-12-10 03:35:34.816 | ForwardToLearner: SENDING to learner site_id=7, slot=268
I [/opt/actions-runner/_work/mako-fast-reads/mako-fast-reads/src/deptran/paxos/commo.cc:125] 2025-12-10 03:35:34.855 | ForwardToLearner: par_id=0, slot=415, n=3, proxies.size=4, batch_idx=0
I [/opt/actions-runner/_work/mako-fast-reads/mako-fast-reads/src/deptran/paxos/commo.cc:151] 2025-12-10 03:35:34.855 | ForwardToLearner: SENDING to learner site_id=3, slot=415
I [/opt/actions-runner/_work/mako-fast-reads/mako-fast-reads/src/deptran/paxos/commo.cc:125] 2025-12-10 03:35:34.858 | ForwardToLearner: par_id=0, slot=416, n=3, proxies.size=4, batch_idx=0
I [/opt/actions-runner/_work/mako-fast-reads/mako-fast-reads/src/deptran/paxos/commo.cc:151] 2025-12-10 03:35:34.858 | ForwardToLearner: SENDING to learner site_id=3, slot=416
I [/opt/actions-runner/_work/mako-fast-reads/mako-fast-reads/src/deptran/paxos/commo.cc:125] 2025-12-10 03:35:34.865 | ForwardToLearner: par_id=1, slot=269, n=3, proxies.size=4, batch_idx=0
I [/opt/actions-runner/_work/mako-fast-reads/mako-fast-reads/src/deptran/paxos/commo.cc:151] 2025-12-10 03:35:34.865 | ForwardToLearner: SENDING to learner site_id=7, slot=269
I [/opt/actions-runner/_work/mako-fast-reads/mako-fast-reads/src/deptran/paxos/commo.cc:125] 2025-12-10 03:35:34.906 | ForwardToLearner: par_id=0, slot=417, n=3, proxies.size=4, batch_idx=0
I [/opt/actions-runner/_work/mako-fast-reads/mako-fast-reads/src/deptran/paxos/commo.cc:151] 2025-12-10 03:35:34.906 | ForwardToLearner: SENDING to learner site_id=3, slot=417
I [/opt/actions-runner/_work/mako-fast-reads/mako-fast-reads/src/deptran/paxos/commo.cc:125] 2025-12-10 03:35:34.916 | ForwardToLearner: par_id=1, slot=270, n=3, proxies.size=4, batch_idx=0
I [/opt/actions-runner/_work/mako-fast-reads/mako-fast-reads/src/deptran/paxos/commo.cc:151] 2025-12-10 03:35:34.916 | ForwardToLearner: SENDING to learner site_id=7, slot=270
I [/opt/actions-runner/_work/mako-fast-reads/mako-fast-reads/src/deptran/paxos/commo.cc:125] 2025-12-10 03:35:34.957 | ForwardToLearner: par_id=1, slot=271, n=3, proxies.size=4, batch_idx=0
I [/opt/actions-runner/_work/mako-fast-reads/mako-fast-reads/src/deptran/paxos/commo.cc:151] 2025-12-10 03:35:34.957 | ForwardToLearner: SENDING to learner site_id=7, slot=271
I [/opt/actions-runner/_work/mako-fast-reads/mako-fast-reads/src/deptran/paxos/commo.cc:125] 2025-12-10 03:35:34.957 | ForwardToLearner: par_id=0, slot=418, n=3, proxies.size=4, batch_idx=0
I [/opt/actions-runner/_work/mako-fast-reads/mako-fast-reads/src/deptran/paxos/commo.cc:151] 2025-12-10 03:35:34.957 | ForwardToLearner: SENDING to learner site_id=3, slot=418
I [/opt/actions-runner/_work/mako-fast-reads/mako-fast-reads/src/deptran/paxos/commo.cc:125] 2025-12-10 03:35:34.959 | ForwardToLearner: par_id=1, slot=272, n=3, proxies.size=4, batch_idx=0
I [/opt/actions-runner/_work/mako-fast-reads/mako-fast-reads/src/deptran/paxos/commo.cc:151] 2025-12-10 03:35:34.959 | ForwardToLearner: SENDING to learner site_id=7, slot=272
I [/opt/actions-runner/_work/mako-fast-reads/mako-fast-reads/src/deptran/paxos/commo.cc:125] 2025-12-10 03:35:34.975 | ForwardToLearner: par_id=0, slot=419, n=3, proxies.size=4, batch_idx=0
I [/opt/actions-runner/_work/mako-fast-reads/mako-fast-reads/src/deptran/paxos/commo.cc:151] 2025-12-10 03:35:34.975 | ForwardToLearner: SENDING to learner site_id=3, slot=419
I [/opt/actions-runner/_work/mako-fast-reads/mako-fast-reads/src/deptran/paxos/commo.cc:125] 2025-12-10 03:35:35.003 | ForwardToLearner: par_id=1, slot=273, n=3, proxies.size=4, batch_idx=0
I [/opt/actions-runner/_work/mako-fast-reads/mako-fast-reads/src/deptran/paxos/commo.cc:151] 2025-12-10 03:35:35.003 | ForwardToLearner: SENDING to learner site_id=7, slot=273
I [/opt/actions-runner/_work/mako-fast-reads/mako-fast-reads/src/deptran/paxos/commo.cc:125] 2025-12-10 03:35:35.005 | ForwardToLearner: par_id=0, slot=420, n=3, proxies.size=4, batch_idx=0
I [/opt/actions-runner/_work/mako-fast-reads/mako-fast-reads/src/deptran/paxos/commo.cc:151] 2025-12-10 03:35:35.005 | ForwardToLearner: SENDING to learner site_id=3, slot=420
I [/opt/actions-runner/_work/mako-fast-reads/mako-fast-reads/src/deptran/paxos/commo.cc:125] 2025-12-10 03:35:35.048 | ForwardToLearner: par_id=0, slot=421, n=3, proxies.size=4, batch_idx=0
I [/opt/actions-runner/_work/mako-fast-reads/mako-fast-reads/src/deptran/paxos/commo.cc:151] 2025-12-10 03:35:35.048 | ForwardToLearner: SENDING to learner site_id=3, slot=421
I [/opt/actions-runner/_work/mako-fast-reads/mako-fast-reads/src/deptran/paxos/commo.cc:125] 2025-12-10 03:35:35.053 | ForwardToLearner: par_id=1, slot=274, n=3, proxies.size=4, batch_idx=0
I [/opt/actions-runner/_work/mako-fast-reads/mako-fast-reads/src/deptran/paxos/commo.cc:151] 2025-12-10 03:35:35.053 | ForwardToLearner: SENDING to learner site_id=7, slot=274
I [/opt/actions-runner/_work/mako-fast-reads/mako-fast-reads/src/deptran/paxos/commo.cc:125] 2025-12-10 03:35:35.073 | ForwardToLearner: par_id=1, slot=275, n=3, proxies.size=4, batch_idx=0
I [/opt/actions-runner/_work/mako-fast-reads/mako-fast-reads/src/deptran/paxos/commo.cc:151] 2025-12-10 03:35:35.073 | ForwardToLearner: SENDING to learner site_id=7, slot=275
I [/opt/actions-runner/_work/mako-fast-reads/mako-fast-reads/src/deptran/paxos/commo.cc:125] 2025-12-10 03:35:35.085 | ForwardToLearner: par_id=0, slot=422, n=3, proxies.size=4, batch_idx=0
I [/opt/actions-runner/_work/mako-fast-reads/mako-fast-reads/src/deptran/paxos/commo.cc:151] 2025-12-10 03:35:35.085 | ForwardToLearner: SENDING to learner site_id=3, slot=422
I [/opt/actions-runner/_work/mako-fast-reads/mako-fast-reads/src/deptran/paxos/commo.cc:125] 2025-12-10 03:35:35.092 | ForwardToLearner: par_id=0, slot=423, n=3, proxies.size=4, batch_idx=0
I [/opt/actions-runner/_work/mako-fast-reads/mako-fast-reads/src/deptran/paxos/commo.cc:151] 2025-12-10 03:35:35.092 | ForwardToLearner: SENDING to learner site_id=3, slot=423
I [/opt/actions-runner/_work/mako-fast-reads/mako-fast-reads/src/deptran/paxos/commo.cc:125] 2025-12-10 03:35:35.105 | ForwardToLearner: par_id=1, slot=276, n=3, proxies.size=4, batch_idx=0
I [/opt/actions-runner/_work/mako-fast-reads/mako-fast-reads/src/deptran/paxos/commo.cc:151] 2025-12-10 03:35:35.105 | ForwardToLearner: SENDING to learner site_id=7, slot=276
I [/opt/actions-runner/_work/mako-fast-reads/mako-fast-reads/src/deptran/paxos/commo.cc:125] 2025-12-10 03:35:35.149 | ForwardToLearner: par_id=0, slot=424, n=3, proxies.size=4, batch_idx=0
I [/opt/actions-runner/_work/mako-fast-reads/mako-fast-reads/src/deptran/paxos/commo.cc:151] 2025-12-10 03:35:35.149 | ForwardToLearner: SENDING to learner site_id=3, slot=424
I [/opt/actions-runner/_work/mako-fast-reads/mako-fast-reads/src/deptran/paxos/commo.cc:125] 2025-12-10 03:35:35.151 | ForwardToLearner: par_id=1, slot=277, n=3, proxies.size=4, batch_idx=0
I [/opt/actions-runner/_work/mako-fast-reads/mako-fast-reads/src/deptran/paxos/commo.cc:151] 2025-12-10 03:35:35.151 | ForwardToLearner: SENDING to learner site_id=7, slot=277
I [/opt/actions-runner/_work/mako-fast-reads/mako-fast-reads/src/deptran/paxos/commo.cc:125] 2025-12-10 03:35:35.190 | ForwardToLearner: par_id=1, slot=278, n=3, proxies.size=4, batch_idx=0
I [/opt/actions-runner/_work/mako-fast-reads/mako-fast-reads/src/deptran/paxos/commo.cc:151] 2025-12-10 03:35:35.190 | ForwardToLearner: SENDING to learner site_id=7, slot=278
I [/opt/actions-runner/_work/mako-fast-reads/mako-fast-reads/src/deptran/paxos/commo.cc:125] 2025-12-10 03:35:35.191 | ForwardToLearner: par_id=0, slot=425, n=3, proxies.size=4, batch_idx=0
I [/opt/actions-runner/_work/mako-fast-reads/mako-fast-reads/src/deptran/paxos/commo.cc:151] 2025-12-10 03:35:35.191 | ForwardToLearner: SENDING to learner site_id=3, slot=425
I [/opt/actions-runner/_work/mako-fast-reads/mako-fast-reads/src/deptran/paxos/commo.cc:125] 2025-12-10 03:35:35.200 | ForwardToLearner: par_id=0, slot=426, n=3, proxies.size=4, batch_idx=0
I [/opt/actions-runner/_work/mako-fast-reads/mako-fast-reads/src/deptran/paxos/commo.cc:151] 2025-12-10 03:35:35.200 | ForwardToLearner: SENDING to learner site_id=3, slot=426
I [/opt/actions-runner/_work/mako-fast-reads/mako-fast-reads/src/deptran/paxos/commo.cc:125] 2025-12-10 03:35:35.203 | ForwardToLearner: par_id=1, slot=279, n=3, proxies.size=4, batch_idx=0
I [/opt/actions-runner/_work/mako-fast-reads/mako-fast-reads/src/deptran/paxos/commo.cc:151] 2025-12-10 03:35:35.203 | ForwardToLearner: SENDING to learner site_id=7, slot=279
I [/opt/actions-runner/_work/mako-fast-reads/mako-fast-reads/src/deptran/paxos/commo.cc:125] 2025-12-10 03:35:35.236 | ForwardToLearner: par_id=1, slot=280, n=3, proxies.size=4, batch_idx=0
I [/opt/actions-runner/_work/mako-fast-reads/mako-fast-reads/src/deptran/paxos/commo.cc:151] 2025-12-10 03:35:35.236 | ForwardToLearner: SENDING to learner site_id=7, slot=280
I [/opt/actions-runner/_work/mako-fast-reads/mako-fast-reads/src/deptran/paxos/commo.cc:125] 2025-12-10 03:35:35.246 | ForwardToLearner: par_id=0, slot=427, n=3, proxies.size=4, batch_idx=0
I [/opt/actions-runner/_work/mako-fast-reads/mako-fast-reads/src/deptran/paxos/commo.cc:151] 2025-12-10 03:35:35.246 | ForwardToLearner: SENDING to learner site_id=3, slot=427
I [/opt/actions-runner/_work/mako-fast-reads/mako-fast-reads/src/deptran/paxos/commo.cc:125] 2025-12-10 03:35:35.283 | ForwardToLearner: par_id=1, slot=281, n=3, proxies.size=4, batch_idx=0
I [/opt/actions-runner/_work/mako-fast-reads/mako-fast-reads/src/deptran/paxos/commo.cc:151] 2025-12-10 03:35:35.283 | ForwardToLearner: SENDING to learner site_id=7, slot=281
I [/opt/actions-runner/_work/mako-fast-reads/mako-fast-reads/src/deptran/paxos/commo.cc:125] 2025-12-10 03:35:35.287 | ForwardToLearner: par_id=1, slot=282, n=3, proxies.size=4, batch_idx=0
I [/opt/actions-runner/_work/mako-fast-reads/mako-fast-reads/src/deptran/paxos/commo.cc:151] 2025-12-10 03:35:35.287 | ForwardToLearner: SENDING to learner site_id=7, slot=282
I [/opt/actions-runner/_work/mako-fast-reads/mako-fast-reads/src/deptran/paxos/commo.cc:125] 2025-12-10 03:35:35.292 | ForwardToLearner: par_id=0, slot=428, n=3, proxies.size=4, batch_idx=0
I [/opt/actions-runner/_work/mako-fast-reads/mako-fast-reads/src/deptran/paxos/commo.cc:151] 2025-12-10 03:35:35.292 | ForwardToLearner: SENDING to learner site_id=3, slot=428
I [/opt/actions-runner/_work/mako-fast-reads/mako-fast-reads/src/deptran/paxos/commo.cc:125] 2025-12-10 03:35:35.329 | ForwardToLearner: par_id=0, slot=429, n=3, proxies.size=4, batch_idx=0
I [/opt/actions-runner/_work/mako-fast-reads/mako-fast-reads/src/deptran/paxos/commo.cc:151] 2025-12-10 03:35:35.329 | ForwardToLearner: SENDI20251110-03:35.35-372664(us) 19466 * wait_for_termination (mako.hh:538):      follower is waiting for being ended: 0/2, noops_cnt:0, replay_batch:709, wait_time:11s

NG to learner site_id=3, slot=429
I [/opt/actions-runner/_work/mako-fast-reads/mako-fast-reads/src/deptran/paxos/commo.cc:125] 2025-12-10 03:35:35.329 | ForwardToLearner: par_id=1, slot=283, n=3, proxies.size=4, batch_idx=0
I [/opt/actions-runner/_work/mako-fast-reads/mako-fast-reads/src/deptran/paxos/commo.cc:151] 2025-12-10 03:35:35.329 | ForwardToLearner: SENDING to learner site_id=7, slot=283
I [/opt/actions-runner/_work/mako-fast-reads/mako-fast-reads/src/deptran/paxos/commo.cc:125] 2025-12-10 03:35:35.342 | ForwardToLearner: par_id=0, slot=430, n=3, proxies.size=4, batch_idx=0
I [/opt/actions-runner/_work/mako-fast-reads/mako-fast-reads/src/deptran/paxos/commo.cc:151] 2025-12-10 03:35:35.342 | ForwardToLearner: SENDING to learner site_id=3, slot=430
I [/opt/actions-runner/_work/mako-fast-reads/mako-fast-reads/src/deptran/paxos/commo.cc:125] 2025-12-10 03:35:35.379 | ForwardToLearner: par_id=1, slot=284, n=3, proxies.size=4, batch_idx=0
I [/opt/actions-runner/_work/mako-fast-reads/mako-fast-reads/src/deptran/paxos/commo.cc:151] 2025-12-10 03:35:35.379 | ForwardToLearner: SENDING to learner site_id=7, slot=284
I [/opt/actions-runner/_work/mako-fast-reads/mako-fast-reads/src/deptran/paxos/commo.cc:125] 2025-12-10 03:35:35.393 | ForwardToLearner: par_id=0, slot=431, n=3, proxies.size=4, batch_idx=0
I [/opt/actions-runner/_work/mako-fast-reads/mako-fast-reads/src/deptran/paxos/commo.cc:151] 2025-12-10 03:35:35.393 | ForwardToLearner: SENDING to learner site_id=3, slot=431
I [/opt/actions-runner/_work/mako-fast-reads/mako-fast-reads/src/deptran/paxos/commo.cc:125] 2025-12-10 03:35:35.401 | ForwardToLearner: par_id=0, slot=432, n=3, proxies.size=4, batch_idx=0
I [/opt/actions-runner/_work/mako-fast-reads/mako-fast-reads/src/deptran/paxos/commo.cc:151] 2025-12-10 03:35:35.401 | ForwardToLearner: SENDING to learner site_id=3, slot=432
I [/opt/actions-runner/_work/mako-fast-reads/mako-fast-reads/src/deptran/paxos/commo.cc:125] 2025-12-10 03:35:35.425 | ForwardToLearner: par_id=1, slot=285, n=3, proxies.size=4, batch_idx=0
I [/opt/actions-runner/_work/mako-fast-reads/mako-fast-reads/src/deptran/paxos/commo.cc:151] 2025-12-10 03:35:35.425 | ForwardToLearner: SENDING to learner site_id=7, slot=285
I [/opt/actions-runner/_work/mako-fast-reads/mako-fast-reads/src/deptran/paxos/commo.cc:125] 2025-12-10 03:35:35.442 | ForwardToLearner: par_id=0, slot=433, n=3, proxies.size=4, batch_idx=0
I [/opt/actions-runner/_work/mako-fast-reads/mako-fast-reads/src/deptran/paxos/commo.cc:151] 2025-12-10 03:35:35.442 | ForwardToLearner: SENDING to learner site_id=3, slot=433
I [/opt/actions-runner/_work/mako-fast-reads/mako-fast-reads/src/deptran/paxos/commo.cc:125] 2025-12-10 03:35:35.448 | ForwardToLearner: par_id=1, slot=286, n=3, proxies.size=4, batch_idx=0
I [/opt/actions-runner/_work/mako-fast-reads/mako-fast-reads/src/deptran/paxos/commo.cc:151] 2025-12-10 03:35:35.448 | ForwardToLearner: SENDING to learner site_id=7, slot=286
I [/opt/actions-runner/_work/mako-fast-reads/mako-fast-reads/src/deptran/paxos/commo.cc:125] 2025-12-10 03:35:35.470 | ForwardToLearner: par_id=1, slot=287, n=3, proxies.size=4, batch_idx=0
I [/opt/actions-runner/_work/mako-fast-reads/mako-fast-reads/src/deptran/paxos/commo.cc:151] 2025-12-10 03:35:35.470 | ForwardToLearner: SENDING to learner site_id=7, slot=287
I [/opt/actions-runner/_work/mako-fast-reads/mako-fast-reads/src/deptran/paxos/commo.cc:125] 2025-12-10 03:35:35.481 | ForwardToLearner: par_id=0, slot=434, n=3, proxies.size=4, batch_idx=0
I [/opt/actions-runner/_work/mako-fast-reads/mako-fast-reads/src/deptran/paxos/commo.cc:151] 2025-12-10 03:35:35.481 | ForwardToLearner: SENDING to learner site_id=3, slot=434
I [/opt/actions-runner/_work/mako-fast-reads/mako-fast-reads/src/deptran/paxos/commo.cc:125] 2025-12-10 03:35:35.516 | ForwardToLearner: par_id=1, slot=288, n=3, proxies.size=4, batch_idx=0
I [/opt/actions-runner/_work/mako-fast-reads/mako-fast-reads/src/deptran/paxos/commo.cc:151] 2025-12-10 03:35:35.516 | ForwardToLearner: SENDING to learner site_id=7, slot=288
I [/opt/actions-runner/_work/mako-fast-reads/mako-fast-reads/src/deptran/paxos/commo.cc:125] 2025-12-10 03:35:35.518 | ForwardToLearner: par_id=0, slot=435, n=3, proxies.size=4, batch_idx=0
I [/opt/actions-runner/_work/mako-fast-reads/mako-fast-reads/src/deptran/paxos/commo.cc:151] 2025-12-10 03:35:35.518 | ForwardToLearner: SENDING to learner site_id=3, slot=435
I [/opt/actions-runner/_work/mako-fast-reads/mako-fast-reads/src/deptran/paxos/commo.cc:125] 2025-12-10 03:35:35.529 | ForwardToLearner: par_id=1, slot=289, n=3, proxies.size=4, batch_idx=0
I [/opt/actions-runner/_work/mako-fast-reads/mako-fast-reads/src/deptran/paxos/commo.cc:151] 2025-12-10 03:35:35.529 | ForwardToLearner: SENDING to learner site_id=7, slot=289
I [/opt/actions-runner/_work/mako-fast-reads/mako-fast-reads/src/deptran/paxos/commo.cc:125] 2025-12-10 03:35:35.561 | ForwardToLearner: par_id=0, slot=436, n=3, proxies.size=4, batch_idx=0
I [/opt/actions-runner/_work/mako-fast-reads/mako-fast-reads/src/deptran/paxos/commo.cc:151] 2025-12-10 03:35:35.561 | ForwardToLearner: SENDING to learner site_id=3, slot=436
I [/opt/actions-runner/_work/mako-fast-reads/mako-fast-reads/src/deptran/paxos/commo.cc:125] 2025-12-10 03:35:35.564 | ForwardToLearner: par_id=0, slot=437, n=3, proxies.size=4, batch_idx=0
I [/opt/actions-runner/_work/mako-fast-reads/mako-fast-reads/src/deptran/paxos/commo.cc:151] 2025-12-10 03:35:35.564 | ForwardToLearner: SENDING to learner site_id=3, slot=437
I [/opt/actions-runner/_work/mako-fast-reads/mako-fast-reads/src/deptran/paxos/commo.cc:125] 2025-12-10 03:35:35.566 | ForwardToLearner: par_id=1, slot=290, n=3, proxies.size=4, batch_idx=0
I [/opt/actions-runner/_work/mako-fast-reads/mako-fast-reads/src/deptran/paxos/commo.cc:151] 2025-12-10 03:35:35.566 | ForwardToLearner: SENDING to learner site_id=7, slot=290
I [/opt/actions-runner/_work/mako-fast-reads/mako-fast-reads/src/deptran/paxos/commo.cc:125] 2025-12-10 03:35:35.603 | ForwardToLearner: par_id=0, slot=438, n=3, proxies.size=4, batch_idx=0
I [/opt/actions-runner/_work/mako-fast-reads/mako-fast-reads/src/deptran/paxos/commo.cc:151] 2025-12-10 03:35:35.603 | ForwardToLearner: SENDING to learner site_id=3, slot=438
I [/opt/actions-runner/_work/mako-fast-reads/mako-fast-reads/src/deptran/paxos/commo.cc:125] 2025-12-10 03:35:35.619 | ForwardToLearner: par_id=1, slot=291, n=3, proxies.size=4, batch_idx=0
I [/opt/actions-runner/_work/mako-fast-reads/mako-fast-reads/src/deptran/paxos/commo.cc:151] 2025-12-10 03:35:35.619 | ForwardToLearner: SENDING to learner site_id=7, slot=291
I [/opt/actions-runner/_work/mako-fast-reads/mako-fast-reads/src/deptran/paxos/commo.cc:125] 2025-12-10 03:35:35.629 | ForwardToLearner: par_id=0, slot=439, n=3, proxies.size=4, batch_idx=0
I [/opt/actions-runner/_work/mako-fast-reads/mako-fast-reads/src/deptran/paxos/commo.cc:151] 2025-12-10 03:35:35.629 | ForwardToLearner: SENDING to learner site_id=3, slot=439
I [/opt/actions-runner/_work/mako-fast-reads/mako-fast-reads/src/deptran/paxos/commo.cc:125] 2025-12-10 03:35:35.650 | ForwardToLearner: par_id=0, slot=440, n=3, proxies.size=4, batch_idx=0
I [/opt/actions-runner/_work/mako-fast-reads/mako-fast-reads/src/deptran/paxos/commo.cc:151] 2025-12-10 03:35:35.650 | ForwardToLearner: SENDING to learner site_id=3, slot=440
I [/opt/actions-runner/_work/mako-fast-reads/mako-fast-reads/src/deptran/paxos/commo.cc:125] 2025-12-10 03:35:35.664 | ForwardToLearner: par_id=1, slot=292, n=3, proxies.size=4, batch_idx=0
I [/opt/actions-runner/_work/mako-fast-reads/mako-fast-reads/src/deptran/paxos/commo.cc:151] 2025-12-10 03:35:35.664 | ForwardToLearner: SENDING to learner site_id=7, slot=292
I [/opt/actions-runner/_work/mako-fast-reads/mako-fast-reads/src/deptran/paxos/commo.cc:125] 2025-12-10 03:35:35.693 | ForwardToLearner: par_id=1, slot=293, n=3, proxies.size=4, batch_idx=0
I [/opt/actions-runner/_work/mako-fast-reads/mako-fast-reads/src/deptran/paxos/commo.cc:151] 2025-12-10 03:35:35.693 | ForwardToLearner: SENDING to learner site_id=7, slot=293
I [/opt/actions-runner/_work/mako-fast-reads/mako-fast-reads/src/deptran/paxos/commo.cc:125] 2025-12-10 03:35:35.703 | ForwardToLearner: par_id=0, slot=441, n=3, proxies.size=4, batch_idx=0
I [/opt/actions-runner/_work/mako-fast-reads/mako-fast-reads/src/deptran/paxos/commo.cc:151] 2025-12-10 03:35:35.703 | ForwardToLearner: SENDING to learner site_id=3, slot=441
I [/opt/actions-runner/_work/mako-fast-reads/mako-fast-reads/src/deptran/paxos/commo.cc:125] 2025-12-10 03:35:35.718 | ForwardToLearner: par_id=1, slot=294, n=3, proxies.size=4, batch_idx=0
I [/opt/actions-runner/_work/mako-fast-reads/mako-fast-reads/src/deptran/paxos/commo.cc:151] 2025-12-10 03:35:35.718 | ForwardToLearner: SENDING to learner site_id=7, slot=294
I [/opt/actions-runner/_work/mako-fast-reads/mako-fast-reads/src/deptran/paxos/commo.cc:125] 2025-12-10 03:35:35.752 | ForwardToLearner: par_id=0, slot=442, n=3, proxies.size=4, batch_idx=0
I [/opt/actions-runner/_work/mako-fast-reads/mako-fast-reads/src/deptran/paxos/commo.cc:151] 2025-12-10 03:35:35.752 | ForwardToLearner: SENDING to learner site_id=3, slot=442
I [/opt/actions-runner/_work/mako-fast-reads/mako-fast-reads/src/deptran/paxos/commo.cc:125] 2025-12-10 03:35:35.753 | ForwardToLearner: par_id=1, slot=295, n=3, proxies.size=4, batch_idx=0
I [/opt/actions-runner/_work/mako-fast-reads/mako-fast-reads/src/deptran/paxos/commo.cc:151] 2025-12-10 03:35:35.753 | ForwardToLearner: SENDING to learner site_id=7, slot=295
I [/opt/actions-runner/_work/mako-fast-reads/mako-fast-reads/src/deptran/paxos/commo.cc:125] 2025-12-10 03:35:35.763 | ForwardToLearner: par_id=1, slot=296, n=3, proxies.size=4, batch_idx=0
I [/opt/actions-runner/_work/mako-fast-reads/mako-fast-reads/src/deptran/paxos/commo.cc:151] 2025-12-10 03:35:35.763 | ForwardToLearner: SENDING to learner site_id=7, slot=296
I [/opt/actions-runner/_work/mako-fast-reads/mako-fast-reads/src/deptran/paxos/commo.cc:125] 2025-12-10 03:35:35.783 | ForwardToLearner: par_id=0, slot=443, n=3, proxies.size=4, batch_idx=0
I [/opt/actions-runner/_work/mako-fast-reads/mako-fast-reads/src/deptran/paxos/commo.cc:151] 2025-12-10 03:35:35.783 | ForwardToLearner: SENDING to learner site_id=3, slot=443
I [/opt/actions-runner/_work/mako-fast-reads/mako-fast-reads/src/deptran/paxos/commo.cc:125] 2025-12-10 03:35:35.802 | ForwardToLearner: par_id=0, slot=444, n=3, proxies.size=4, batch_idx=0
I [/opt/actions-runner/_work/mako-fast-reads/mako-fast-reads/src/deptran/paxos/commo.cc:151] 2025-12-10 03:35:35.802 | ForwardToLearner: SENDING to learner site_id=3, slot=444
I [/opt/actions-runner/_work/mako-fast-reads/mako-fast-reads/src/deptran/paxos/commo.cc:125] 2025-12-10 03:35:35.809 | ForwardToLearner: par_id=1, slot=297, n=3, proxies.size=4, batch_idx=0
I [/opt/actions-runner/_work/mako-fast-reads/mako-fast-reads/src/deptran/paxos/commo.cc:151] 2025-12-10 03:35:35.809 | ForwardToLearner: SENDING to learner site_id=7, slot=297
I [/opt/actions-runner/_work/mako-fast-reads/mako-fast-reads/src/deptran/paxos/commo.cc:125] 2025-12-10 03:35:35.841 | ForwardToLearner: par_id=0, slot=445, n=3, proxies.size=4, batch_idx=0
I [/opt/actions-runner/_work/mako-fast-reads/mako-fast-reads/src/deptran/paxos/commo.cc:151] 2025-12-10 03:35:35.841 | ForwardToLearner: SENDING to learner site_id=3, slot=445
I [/opt/actions-runner/_work/mako-fast-reads/mako-fast-reads/src/deptran/paxos/commo.cc:125] 2025-12-10 03:35:35.847 | ForwardToLearner: par_id=0, slot=446, n=3, proxies.size=4, batch_idx=0
I [/opt/actions-runner/_work/mako-fast-reads/mako-fast-reads/src/deptran/paxos/commo.cc:151] 2025-12-10 03:35:35.847 | ForwardToLearner: SENDING to learner site_id=3, slot=446
I [/opt/actions-runner/_work/mako-fast-reads/mako-fast-reads/src/deptran/paxos/commo.cc:125] 2025-12-10 03:35:35.856 | ForwardToLearner: par_id=1, slot=298, n=3, proxies.size=4, batch_idx=0
I [/opt/actions-runner/_work/mako-fast-reads/mako-fast-reads/src/deptran/paxos/commo.cc:151] 2025-12-10 03:35:35.856 | ForwardToLearner: SENDING to learner site_id=7, slot=298
I [/opt/actions-runner/_work/mako-fast-reads/mako-fast-reads/src/deptran/paxos/commo.cc:125] 2025-12-10 03:35:35.888 | ForwardToLearner: par_id=0, slot=447, n=3, proxies.size=4, batch_idx=0
I [/opt/actions-runner/_work/mako-fast-reads/mako-fast-reads/src/deptran/paxos/commo.cc:151] 2025-12-10 03:35:35.888 | ForwardToLearner: SENDING to learner site_id=3, slot=447
I [/opt/actions-runner/_work/mako-fast-reads/mako-fast-reads/src/deptran/paxos/commo.cc:125] 2025-12-10 03:35:35.903 | ForwardToLearner: par_id=1, slot=299, n=3, proxies.size=4, batch_idx=0
I [/opt/actions-runner/_work/mako-fast-reads/mako-fast-reads/src/deptran/paxos/commo.cc:151] 2025-12-10 03:35:35.903 | ForwardToLearner: SENDING to learner site_id=7, slot=299
I [/opt/actions-runner/_work/mako-fast-reads/mako-fast-reads/src/deptran/paxos/commo.cc:125] 2025-12-10 03:35:35.929 | ForwardToLearner: par_id=1, slot=300, n=3, proxies.size=4, batch_idx=0
I [/opt/actions-runner/_work/mako-fast-reads/mako-fast-reads/src/deptran/paxos/commo.cc:151] 2025-12-10 03:35:35.929 | ForwardToLearner: SENDING to learner site_id=7, slot=300
I [/opt/actions-runner/_work/mako-fast-reads/mako-fast-reads/src/deptran/paxos/commo.cc:125] 2025-12-10 03:35:35.939 | ForwardToLearner: par_id=0, slot=448, n=3, proxies.size=4, batch_idx=0
I [/opt/actions-runner/_work/mako-fast-reads/mako-fast-reads/src/deptran/paxos/commo.cc:151] 2025-12-10 03:35:35.939 | ForwardToLearner: SENDING to learner site_id=3, slot=448
I [/opt/actions-runner/_work/mako-fast-reads/mako-fast-reads/src/deptran/paxos/commo.cc:125] 2025-12-10 03:35:35.952 | ForwardToLearner: par_id=1, slot=301, n=3, proxies.size=4, batch_idx=0
I [/opt/actions-runner/_work/mako-fast-reads/mako-fast-reads/src/deptran/paxos/commo.cc:151] 2025-12-10 03:35:35.952 | ForwardToLearner: SENDING to learner site_id=7, slot=301
I [/opt/actions-runner/_work/mako-fast-reads/mako-fast-reads/src/deptran/paxos/commo.cc:125] 2025-12-10 03:35:35.974 | ForwardToLearner: par_id=1, slot=302, n=3, proxies.size=4, batch_idx=0
I [/opt/actions-runner/_work/mako-fast-reads/mako-fast-reads/src/deptran/paxos/commo.cc:151] 2025-12-10 03:35:35.974 | ForwardToLearner: SENDING to learner site_id=7, slot=302
I [/opt/actions-runner/_work/mako-fast-reads/mako-fast-reads/src/deptran/paxos/commo.cc:125] 2025-12-10 03:35:35.981 | ForwardToLearner: par_id=0, slot=449, n=3, proxies.size=4, batch_idx=0
I [/opt/actions-runner/_work/mako-fast-reads/mako-fast-reads/src/deptran/paxos/commo.cc:151] 2025-12-10 03:35:35.981 | ForwardToLearner: SENDING to learner site_id=3, slot=449
I [/opt/actions-runner/_work/mako-fast-reads/mako-fast-reads/src/deptran/paxos/commo.cc:125] 2025-12-10 03:35:35.998 | ForwardToLearner: par_id=1, slot=303, n=3, proxies.size=4, batch_idx=0
I [/opt/actions-runner/_work/mako-fast-reads/mako-fast-reads/src/deptran/paxos/commo.cc:151] 2025-12-10 03:35:35.998 | ForwardToLearner: SENDING to learner site_id=7, slot=303
I [/opt/actions-runner/_work/mako-fast-reads/mako-fast-reads/src/deptran/paxos/commo.cc:125] 2025-12-10 03:35:36.004 | ForwardToLearner: par_id=0, slot=450, n=3, proxies.size=4, batch_idx=0
I [/opt/actions-runner/_work/mako-fast-reads/mako-fast-reads/src/deptran/paxos/commo.cc:151] 2025-12-10 03:35:36.004 | ForwardToLearner: SENDING to learner site_id=3, slot=450
I [/opt/actions-runner/_work/mako-fast-reads/mako-fast-reads/src/deptran/paxos/commo.cc:125] 2025-12-10 03:35:36.029 | ForwardToLearner: par_id=0, slot=451, n=3, proxies.size=4, batch_idx=0
I [/opt/actions-runner/_work/mako-fast-reads/mako-fast-reads/src/deptran/paxos/commo.cc:151] 2025-12-10 03:35:36.029 | ForwardToLearner: SENDING to learner site_id=3, slot=451
I [/opt/actions-runner/_work/mako-fast-reads/mako-fast-reads/src/deptran/paxos/commo.cc:125] 2025-12-10 03:35:36.045 | ForwardToLearner: par_id=1, slot=304, n=3, proxies.size=4, batch_idx=0
I [/opt/actions-runner/_work/mako-fast-reads/mako-fast-reads/src/deptran/paxos/commo.cc:151] 2025-12-10 03:35:36.045 | ForwardToLearner: SENDING to learner site_id=7, slot=304
I [/opt/actions-runner/_work/mako-fast-reads/mako-fast-reads/src/deptran/paxos/commo.cc:125] 2025-12-10 03:35:36.070 | ForwardToLearner: par_id=0, slot=452, n=3, proxies.size=4, batch_idx=0
I [/opt/actions-runner/_work/mako-fast-reads/mako-fast-reads/src/deptran/paxos/commo.cc:151] 2025-12-10 03:35:36.070 | ForwardToLearner: SENDING to learner site_id=3, slot=452
I [/opt/actions-runner/_work/mako-fast-reads/mako-fast-reads/src/deptran/paxos/commo.cc:125] 2025-12-10 03:35:36.078 | ForwardToLearner: par_id=0, slot=453, n=3, proxies.size=4, batch_idx=0
I [/opt/actions-runner/_work/mako-fast-reads/mako-fast-reads/src/deptran/paxos/commo.cc:151] 2025-12-10 03:35:36.078 | ForwardToLearner: SENDING to learner site_id=3, slot=453
I [/opt/actions-runner/_work/mako-fast-reads/mako-fast-reads/src/deptran/paxos/commo.cc:125] 2025-12-10 03:35:36.098 | ForwardToLearner: par_id=1, slot=305, n=3, proxies.size=4, batch_idx=0
I [/opt/actions-runner/_work/mako-fast-reads/mako-fast-reads/src/deptran/paxos/commo.cc:151] 2025-12-10 03:35:36.098 | ForwardToLearner: SENDING to learner site_id=7, slot=305
I [/opt/actions-runner/_work/mako-fast-reads/mako-fast-reads/src/deptran/paxos/commo.cc:125] 2025-12-10 03:35:36.116 | ForwardToLearner: par_id=0, slot=454, n=3, proxies.size=4, batch_idx=0
I [/opt/actions-runner/_work/mako-fast-reads/mako-fast-reads/src/deptran/paxos/commo.cc:151] 2025-12-10 03:35:36.116 | ForwardToLearner: SENDING to learner site_id=3, slot=454
I [/opt/actions-runner/_work/mako-fast-reads/mako-fast-reads/src/deptran/paxos/commo.cc:125] 2025-12-10 03:35:36.141 | ForwardToLearner: par_id=1, slot=306, n=3, proxies.size=4, batch_idx=0
I [/opt/actions-runner/_work/mako-fast-reads/mako-fast-reads/src/deptran/paxos/commo.cc:151] 2025-12-10 03:35:36.141 | ForwardToLearner: SENDING to learner site_id=7, slot=306
I [/opt/actions-runner/_work/mako-fast-reads/mako-fast-reads/src/deptran/paxos/commo.cc:125] 2025-12-10 03:35:36.158 | ForwardToLearner: par_id=0, slot=455, n=3, proxies.size=4, batch_idx=0
I [/opt/actions-runner/_work/mako-fast-reads/mako-fast-reads/src/deptran/paxos/commo.cc:151] 2025-12-10 03:35:36.158 | ForwardToLearner: SENDING to learner site_id=3, slot=455
I [/opt/actions-runner/_work/mako-fast-reads/mako-fast-reads/src/deptran/paxos/commo.cc:125] 2025-12-10 03:35:36.164 | ForwardToLearner: par_id=1, slot=307, n=3, proxies.size=4, batch_idx=0
I [/opt/actions-runner/_work/mako-fast-reads/mako-fast-reads/src/deptran/paxos/commo.cc:151] 2025-12-10 03:35:36.164 | ForwardToLearner: SENDING to learner site_id=7, slot=307
I [/opt/actions-runner/_work/mako-fast-reads/mako-fast-reads/src/deptran/paxos/commo.cc:125] 2025-12-10 03:35:36.192 | ForwardToLearner: par_id=1, slot=308, n=3, proxies.size=4, batch_idx=0
I [/opt/actions-runner/_work/mako-fast-reads/mako-fast-reads/src/deptran/paxos/commo.cc:151] 2025-12-10 03:35:36.192 | ForwardToLearner: SENDING to learner site_id=7, slot=308
I [/opt/actions-runner/_work/mako-fast-reads/mako-fast-reads/src/deptran/paxos/commo.cc:125] 2025-12-10 03:35:36.209 | ForwardToLearner: par_id=0, slot=456, n=3, proxies.size=4, batch_idx=0
I [/opt/actions-runner/_work/mako-fast-reads/mako-fast-reads/src/deptran/paxos/commo.cc:151] 2025-12-10 03:35:36.209 | ForwardToLearner: SENDING to learner site_id=3, slot=456
I [/opt/actions-runner/_work/mako-fast-reads/mako-fast-reads/src/deptran/paxos/commo.cc:125] 2025-12-10 03:35:36.216 | ForwardToLearner: par_id=1, slot=309, n=3, proxies.size=4, batch_idx=0
I [/opt/actions-runner/_work/mako-fast-reads/mako-fast-reads/src/deptran/paxos/commo.cc:151] 2025-12-10 03:35:36.216 | ForwardToLearner: SENDING to learner site_id=7, slot=309
I [/opt/actions-runner/_work/mako-fast-reads/mako-fast-reads/src/deptran/paxos/commo.cc:125] 2025-12-10 03:35:36.218 | ForwardToLearner: par_id=0, slot=457, n=3, proxies.size=4, batch_idx=0
I [/opt/actions-runner/_work/mako-fast-reads/mako-fast-reads/src/deptran/paxos/commo.cc:151] 2025-12-10 03:35:36.218 | ForwardToLearner: SENDING to learner site_id=3, slot=457
I [/opt/actions-runner/_work/mako-fast-reads/mako-fast-reads/src/deptran/paxos/commo.cc:125] 2025-12-10 03:35:36.245 | ForwardToLearner: par_id=1, slot=310, n=3, proxies.size=4, batch_idx=0
I [/opt/actions-runner/_work/mako-fast-reads/mako-fast-reads/src/deptran/paxos/commo.cc:151] 2025-12-10 03:35:36.245 | Forward20251110-03:35.36-372744(us) 19466 * wait_for_termination (mako.hh:538):      follower is waiting for being ended: 0/2, noops_cnt:0, replay_batch:770, wait_time:12s

ToLearner: SENDING to learner site_id=7, slot=310
I [/opt/actions-runner/_work/mako-fast-reads/mako-fast-reads/src/deptran/paxos/commo.cc:125] 2025-12-10 03:35:36.259 | ForwardToLearner: par_id=0, slot=458, n=3, proxies.size=4, batch_idx=0
I [/opt/actions-runner/_work/mako-fast-reads/mako-fast-reads/src/deptran/paxos/commo.cc:151] 2025-12-10 03:35:36.259 | ForwardToLearner: SENDING to learner site_id=3, slot=458
I [/opt/actions-runner/_work/mako-fast-reads/mako-fast-reads/src/deptran/paxos/commo.cc:125] 2025-12-10 03:35:36.286 | ForwardToLearner: par_id=1, slot=311, n=3, proxies.size=4, batch_idx=0
I [/opt/actions-runner/_work/mako-fast-reads/mako-fast-reads/src/deptran/paxos/commo.cc:151] 2025-12-10 03:35:36.286 | ForwardToLearner: SENDING to learner site_id=7, slot=311
I [/opt/actions-runner/_work/mako-fast-reads/mako-fast-reads/src/deptran/paxos/commo.cc:125] 2025-12-10 03:35:36.297 | ForwardToLearner: par_id=0, slot=459, n=3, proxies.size=4, batch_idx=0
I [/opt/actions-runner/_work/mako-fast-reads/mako-fast-reads/src/deptran/paxos/commo.cc:151] 2025-12-10 03:35:36.297 | ForwardToLearner: SENDING to learner site_id=3, slot=459
I [/opt/actions-runner/_work/mako-fast-reads/mako-fast-reads/src/deptran/paxos/commo.cc:125] 2025-12-10 03:35:36.302 | ForwardToLearner: par_id=0, slot=460, n=3, proxies.size=4, batch_idx=0
I [/opt/actions-runner/_work/mako-fast-reads/mako-fast-reads/src/deptran/paxos/commo.cc:151] 2025-12-10 03:35:36.302 | ForwardToLearner: SENDING to learner site_id=3, slot=460
I [/opt/actions-runner/_work/mako-fast-reads/mako-fast-reads/src/deptran/paxos/commo.cc:125] 2025-12-10 03:35:36.322 | ForwardToLearner: par_id=1, slot=312, n=3, proxies.size=4, batch_idx=0
I [/opt/actions-runner/_work/mako-fast-reads/mako-fast-reads/src/deptran/paxos/commo.cc:151] 2025-12-10 03:35:36.322 | ForwardToLearner: SENDING to learner site_id=7, slot=312
I [/opt/actions-runner/_work/mako-fast-reads/mako-fast-reads/src/deptran/paxos/commo.cc:125] 2025-12-10 03:35:36.349 | ForwardToLearner: par_id=0, slot=461, n=3, proxies.size=4, batch_idx=0
I [/opt/actions-runner/_work/mako-fast-reads/mako-fast-reads/src/deptran/paxos/commo.cc:151] 2025-12-10 03:35:36.349 | ForwardToLearner: SENDING to learner site_id=3, slot=461
I [/opt/actions-runner/_work/mako-fast-reads/mako-fast-reads/src/deptran/paxos/commo.cc:125] 2025-12-10 03:35:36.361 | ForwardToLearner: par_id=1, slot=313, n=3, proxies.size=4, batch_idx=0
I [/opt/actions-runner/_work/mako-fast-reads/mako-fast-reads/src/deptran/paxos/commo.cc:151] 2025-12-10 03:35:36.361 | ForwardToLearner: SENDING to learner site_id=7, slot=313
I [/opt/actions-runner/_work/mako-fast-reads/mako-fast-reads/src/deptran/paxos/commo.cc:125] 2025-12-10 03:35:36.386 | ForwardToLearner: par_id=1, slot=314, n=3, proxies.size=4, batch_idx=0
I [/opt/actions-runner/_work/mako-fast-reads/mako-fast-reads/src/deptran/paxos/commo.cc:151] 2025-12-10 03:35:36.386 | ForwardToLearner: SENDING to learner site_id=7, slot=314
I [/opt/actions-runner/_work/mako-fast-reads/mako-fast-reads/src/deptran/paxos/commo.cc:125] 2025-12-10 03:35:36.396 | ForwardToLearner: par_id=0, slot=462, n=3, proxies.size=4, batch_idx=0
I [/opt/actions-runner/_work/mako-fast-reads/mako-fast-reads/src/deptran/paxos/commo.cc:151] 2025-12-10 03:35:36.396 | ForwardToLearner: SENDING to learner site_id=3, slot=462
I [/opt/actions-runner/_work/mako-fast-reads/mako-fast-reads/src/deptran/paxos/commo.cc:125] 2025-12-10 03:35:36.412 | ForwardToLearner: par_id=1, slot=315, n=3, proxies.size=4, batch_idx=0
I [/opt/actions-runner/_work/mako-fast-reads/mako-fast-reads/src/deptran/paxos/commo.cc:151] 2025-12-10 03:35:36.412 | ForwardToLearner: SENDING to learner site_id=7, slot=315
I [/opt/actions-runner/_work/mako-fast-reads/mako-fast-reads/src/deptran/paxos/commo.cc:125] 2025-12-10 03:35:36.421 | ForwardToLearner: par_id=0, slot=463, n=3, proxies.size=4, batch_idx=0
I [/opt/actions-runner/_work/mako-fast-reads/mako-fast-reads/src/deptran/paxos/commo.cc:151] 2025-12-10 03:35:36.421 | ForwardToLearner: SENDING to learner site_id=3, slot=463
I [/opt/actions-runner/_work/mako-fast-reads/mako-fast-reads/src/deptran/paxos/commo.cc:125] 2025-12-10 03:35:36.437 | ForwardToLearner: par_id=0, slot=464, n=3, proxies.size=4, batch_idx=0
I [/opt/actions-runner/_work/mako-fast-reads/mako-fast-reads/src/deptran/paxos/commo.cc:151] 2025-12-10 03:35:36.438 | ForwardToLearner: SENDING to learner site_id=3, slot=464
I [/opt/actions-runner/_work/mako-fast-reads/mako-fast-reads/src/deptran/paxos/commo.cc:125] 2025-12-10 03:35:36.457 | ForwardToLearner: par_id=1, slot=316, n=3, proxies.size=4, batch_idx=0
I [/opt/actions-runner/_work/mako-fast-reads/mako-fast-reads/src/deptran/paxos/commo.cc:151] 2025-12-10 03:35:36.457 | ForwardToLearner: SENDING to learner site_id=7, slot=316
I [/opt/actions-runner/_work/mako-fast-reads/mako-fast-reads/src/deptran/paxos/commo.cc:125] 2025-12-10 03:35:36.465 | ForwardToLearner: par_id=1, slot=317, n=3, proxies.size=4, batch_idx=0
I [/opt/actions-runner/_work/mako-fast-reads/mako-fast-reads/src/deptran/paxos/commo.cc:151] 2025-12-10 03:35:36.465 | ForwardToLearner: SENDING to learner site_id=7, slot=317
I [/opt/actions-runner/_work/mako-fast-reads/mako-fast-reads/src/deptran/paxos/commo.cc:125] 2025-12-10 03:35:36.489 | ForwardToLearner: par_id=0, slot=465, n=3, proxies.size=4, batch_idx=0
I [/opt/actions-runner/_work/mako-fast-reads/mako-fast-reads/src/deptran/paxos/commo.cc:151] 2025-12-10 03:35:36.489 | ForwardToLearner: SENDING to learner site_id=3, slot=465
I [/opt/actions-runner/_work/mako-fast-reads/mako-fast-reads/src/deptran/paxos/commo.cc:125] 2025-12-10 03:35:36.506 | ForwardToLearner: par_id=1, slot=318, n=3, proxies.size=4, batch_idx=0
I [/opt/actions-runner/_work/mako-fast-reads/mako-fast-reads/src/deptran/paxos/commo.cc:151] 2025-12-10 03:35:36.506 | ForwardToLearner: SENDING to learner site_id=7, slot=318
I [/opt/actions-runner/_work/mako-fast-reads/mako-fast-reads/src/deptran/paxos/commo.cc:125] 2025-12-10 03:35:36.509 | ForwardToLearner: par_id=0, slot=466, n=3, proxies.size=4, batch_idx=0
I [/opt/actions-runner/_work/mako-fast-reads/mako-fast-reads/src/deptran/paxos/commo.cc:151] 2025-12-10 03:35:36.509 | ForwardToLearner: SENDING to learner site_id=3, slot=466
I [/opt/actions-runner/_work/mako-fast-reads/mako-fast-reads/src/deptran/paxos/commo.cc:125] 2025-12-10 03:35:36.547 | ForwardToLearner: par_id=0, slot=467, n=3, proxies.size=4, batch_idx=0
I [/opt/actions-runner/_work/mako-fast-reads/mako-fast-reads/src/deptran/paxos/commo.cc:151] 2025-12-10 03:35:36.547 | ForwardToLearner: SENDING to learner site_id=3, slot=467
I [/opt/actions-runner/_work/mako-fast-reads/mako-fast-reads/src/deptran/paxos/commo.cc:125] 2025-12-10 03:35:36.556 | ForwardToLearner: par_id=1, slot=319, n=3, proxies.size=4, batch_idx=0
I [/opt/actions-runner/_work/mako-fast-reads/mako-fast-reads/src/deptran/paxos/commo.cc:151] 2025-12-10 03:35:36.556 | ForwardToLearner: SENDING to learner site_id=7, slot=319
I [/opt/actions-runner/_work/mako-fast-reads/mako-fast-reads/src/deptran/paxos/commo.cc:125] 2025-12-10 03:35:36.594 | ForwardToLearner: par_id=0, slot=468, n=3, proxies.size=4, batch_idx=0
I [/opt/actions-runner/_work/mako-fast-reads/mako-fast-reads/src/deptran/paxos/commo.cc:151] 2025-12-10 03:35:36.594 | ForwardToLearner: SENDING to learner site_id=3, slot=468
I [/opt/actions-runner/_work/mako-fast-reads/mako-fast-reads/src/deptran/paxos/commo.cc:125] 2025-12-10 03:35:36.603 | ForwardToLearner: par_id=1, slot=320, n=3, proxies.size=4, batch_idx=0
I [/opt/actions-runner/_work/mako-fast-reads/mako-fast-reads/src/deptran/paxos/commo.cc:151] 2025-12-10 03:35:36.603 | ForwardToLearner: SENDING to learner site_id=7, slot=320
I [/opt/actions-runner/_work/mako-fast-reads/mako-fast-reads/src/deptran/paxos/commo.cc:125] 2025-12-10 03:35:36.638 | ForwardToLearner: par_id=0, slot=469, n=3, proxies.size=4, batch_idx=0
I [/opt/actions-runner/_work/mako-fast-reads/mako-fast-reads/src/deptran/paxos/commo.cc:151] 2025-12-10 03:35:36.638 | ForwardToLearner: SENDING to learner site_id=3, slot=469
I [/opt/actions-runner/_work/mako-fast-reads/mako-fast-reads/src/deptran/paxos/commo.cc:125] 2025-12-10 03:35:36.642 | ForwardToLearner: par_id=1, slot=321, n=3, proxies.size=4, batch_idx=0
I [/opt/actions-runner/_work/mako-fast-reads/mako-fast-reads/src/deptran/paxos/commo.cc:151] 2025-12-10 03:35:36.642 | ForwardToLearner: SENDING to learner site_id=7, slot=321
I [/opt/actions-runner/_work/mako-fast-reads/mako-fast-reads/src/deptran/paxos/commo.cc:125] 2025-12-10 03:35:36.648 | ForwardToLearner: par_id=1, slot=322, n=3, proxies.size=4, batch_idx=0
I [/opt/actions-runner/_work/mako-fast-reads/mako-fast-reads/src/deptran/paxos/commo.cc:151] 2025-12-10 03:35:36.648 | ForwardToLearner: SENDING to learner site_id=7, slot=322
I [/opt/actions-runner/_work/mako-fast-reads/mako-fast-reads/src/deptran/paxos/commo.cc:125] 2025-12-10 03:35:36.676 | ForwardToLearner: par_id=0, slot=470, n=3, proxies.size=4, batch_idx=0
I [/opt/actions-runner/_work/mako-fast-reads/mako-fast-reads/src/deptran/paxos/commo.cc:151] 2025-12-10 03:35:36.676 | ForwardToLearner: SENDING to learner site_id=3, slot=470
I [/opt/actions-runner/_work/mako-fast-reads/mako-fast-reads/src/deptran/paxos/commo.cc:125] 2025-12-10 03:35:36.686 | ForwardToLearner: par_id=0, slot=471, n=3, proxies.size=4, batch_idx=0
I [/opt/actions-runner/_work/mako-fast-reads/mako-fast-reads/src/deptran/paxos/commo.cc:151] 2025-12-10 03:35:36.686 | ForwardToLearner: SENDING to learner site_id=3, slot=471
I [/opt/actions-runner/_work/mako-fast-reads/mako-fast-reads/src/deptran/paxos/commo.cc:125] 2025-12-10 03:35:36.697 | ForwardToLearner: par_id=1, slot=323, n=3, proxies.size=4, batch_idx=0
I [/opt/actions-runner/_work/mako-fast-reads/mako-fast-reads/src/deptran/paxos/commo.cc:151] 2025-12-10 03:35:36.697 | ForwardToLearner: SENDING to learner site_id=7, slot=323
I [/opt/actions-runner/_work/mako-fast-reads/mako-fast-reads/src/deptran/paxos/commo.cc:125] 2025-12-10 03:35:36.702 | ForwardToLearner: par_id=1, slot=324, n=3, proxies.size=4, batch_idx=0
I [/opt/actions-runner/_work/mako-fast-reads/mako-fast-reads/src/deptran/paxos/commo.cc:151] 2025-12-10 03:35:36.702 | ForwardToLearner: SENDING to learner site_id=7, slot=324
I [/opt/actions-runner/_work/mako-fast-reads/mako-fast-reads/src/deptran/paxos/commo.cc:125] 2025-12-10 03:35:36.732 | ForwardToLearner: par_id=0, slot=472, n=3, proxies.size=4, batch_idx=0
I [/opt/actions-runner/_work/mako-fast-reads/mako-fast-reads/src/deptran/paxos/commo.cc:151] 2025-12-10 03:35:36.732 | ForwardToLearner: SENDING to learner site_id=3, slot=472
I [/opt/actions-runner/_work/mako-fast-reads/mako-fast-reads/src/deptran/paxos/commo.cc:125] 2025-12-10 03:35:36.741 | ForwardToLearner: par_id=1, slot=325, n=3, proxies.size=4, batch_idx=0
I [/opt/actions-runner/_work/mako-fast-reads/mako-fast-reads/src/deptran/paxos/commo.cc:151] 2025-12-10 03:35:36.741 | ForwardToLearner: SENDING to learner site_id=7, slot=325
I [/opt/actions-runner/_work/mako-fast-reads/mako-fast-reads/src/deptran/paxos/commo.cc:125] 2025-12-10 03:35:36.765 | ForwardToLearner: par_id=0, slot=473, n=3, proxies.size=4, batch_idx=0
I [/opt/actions-runner/_work/mako-fast-reads/mako-fast-reads/src/deptran/paxos/commo.cc:151] 2025-12-10 03:35:36.765 | ForwardToLearner: SENDING to learner site_id=3, slot=473
I [/opt/actions-runner/_work/mako-fast-reads/mako-fast-reads/src/deptran/paxos/commo.cc:125] 2025-12-10 03:35:36.776 | ForwardToLearner: par_id=0, slot=474, n=3, proxies.size=4, batch_idx=0
I [/opt/actions-runner/_work/mako-fast-reads/mako-fast-reads/src/deptran/paxos/commo.cc:151] 2025-12-10 03:35:36.776 | ForwardToLearner: SENDING to learner site_id=3, slot=474
I [/opt/actions-runner/_work/mako-fast-reads/mako-fast-reads/src/deptran/paxos/commo.cc:125] 2025-12-10 03:35:36.791 | ForwardToLearner: par_id=1, slot=326, n=3, proxies.size=4, batch_idx=0
I [/opt/actions-runner/_work/mako-fast-reads/mako-fast-reads/src/deptran/paxos/commo.cc:151] 2025-12-10 03:35:36.791 | ForwardToLearner: SENDING to learner site_id=7, slot=326
I [/opt/actions-runner/_work/mako-fast-reads/mako-fast-reads/src/deptran/paxos/commo.cc:125] 2025-12-10 03:35:36.831 | ForwardToLearner: par_id=0, slot=475, n=3, proxies.size=4, batch_idx=0
I [/opt/actions-runner/_work/mako-fast-reads/mako-fast-reads/src/deptran/paxos/commo.cc:151] 2025-12-10 03:35:36.831 | ForwardToLearner: SENDING to learner site_id=3, slot=475
I [/opt/actions-runner/_work/mako-fast-reads/mako-fast-reads/src/deptran/paxos/commo.cc:125] 2025-12-10 03:35:36.835 | ForwardToLearner: par_id=1, slot=327, n=3, proxies.size=4, batch_idx=0
I [/opt/actions-runner/_work/mako-fast-reads/mako-fast-reads/src/deptran/paxos/commo.cc:151] 2025-12-10 03:35:36.835 | ForwardToLearner: SENDING to learner site_id=7, slot=327
I [/opt/actions-runner/_work/mako-fast-reads/mako-fast-reads/src/deptran/paxos/commo.cc:125] 2025-12-10 03:35:36.876 | ForwardToLearner: par_id=0, slot=476, n=3, proxies.size=4, batch_idx=0
I [/opt/actions-runner/_work/mako-fast-reads/mako-fast-reads/src/deptran/paxos/commo.cc:151] 2025-12-10 03:35:36.876 | ForwardToLearner: SENDING to learner site_id=3, slot=476
I [/opt/actions-runner/_work/mako-fast-reads/mako-fast-reads/src/deptran/paxos/commo.cc:125] 2025-12-10 03:35:36.876 | ForwardToLearner: par_id=1, slot=328, n=3, proxies.size=4, batch_idx=0
I [/opt/actions-runner/_work/mako-fast-reads/mako-fast-reads/src/deptran/paxos/commo.cc:151] 2025-12-10 03:35:36.876 | ForwardToLearner: SENDING to learner site_id=7, slot=328
I [/opt/actions-runner/_work/mako-fast-reads/mako-fast-reads/src/deptran/paxos/commo.cc:125] 2025-12-10 03:35:36.889 | ForwardToLearner: par_id=1, slot=329, n=3, proxies.size=4, batch_idx=0
I [/opt/actions-runner/_work/mako-fast-reads/mako-fast-reads/src/deptran/paxos/commo.cc:151] 2025-12-10 03:35:36.889 | ForwardToLearner: SENDING to learner site_id=7, slot=329
I [/opt/actions-runner/_work/mako-fast-reads/mako-fast-reads/src/deptran/paxos/commo.cc:125] 2025-12-10 03:35:36.895 | ForwardToLearner: par_id=0, slot=477, n=3, proxies.size=4, batch_idx=0
I [/opt/actions-runner/_work/mako-fast-reads/mako-fast-reads/src/deptran/paxos/commo.cc:151] 2025-12-10 03:35:36.895 | ForwardToLearner: SENDING to learner site_id=3, slot=477
I [/opt/actions-runner/_work/mako-fast-reads/mako-fast-reads/src/deptran/paxos/commo.cc:125] 2025-12-10 03:35:36.909 | ForwardToLearner: par_id=1, slot=330, n=3, proxies.size=4, batch_idx=0
I [/opt/actions-runner/_work/mako-fast-reads/mako-fast-reads/src/deptran/paxos/commo.cc:151] 2025-12-10 03:35:36.909 | ForwardToLearner: SENDING to learner site_id=7, slot=330
I [/opt/actions-runner/_work/mako-fast-reads/mako-fast-reads/src/deptran/paxos/commo.cc:125] 2025-12-10 03:35:36.926 | ForwardToLearner: par_id=0, slot=478, n=3, proxies.size=4, batch_idx=0
I [/opt/actions-runner/_work/mako-fast-reads/mako-fast-reads/src/deptran/paxos/commo.cc:151] 2025-12-10 03:35:36.926 | ForwardToLearner: SENDING to learner site_id=3, slot=478
I [/opt/actions-runner/_work/mako-fast-reads/mako-fast-reads/src/deptran/paxos/commo.cc:125] 2025-12-10 03:35:36.931 | ForwardToLearner: par_id=1, slot=331, n=3, proxies.size=4, batch_idx=0
I [/opt/actions-runner/_work/mako-fast-reads/mako-fast-reads/src/deptran/paxos/commo.cc:151] 2025-12-10 03:35:36.931 | ForwardToLearner: SENDING to learner site_id=7, slot=331
I [/opt/actions-runner/_work/mako-fast-reads/mako-fast-reads/src/deptran/paxos/commo.cc:125] 2025-12-10 03:35:36.967 | ForwardToLearner: par_id=0, slot=479, n=3, proxies.size=4, batch_idx=0
I [/opt/actions-runner/_work/mako-fast-reads/mako-fast-reads/src/deptran/paxos/commo.cc:151] 2025-12-10 03:35:36.967 | ForwardToLearner: SENDING to learner site_id=3, slot=479
I [/opt/actions-runner/_work/mako-fast-reads/mako-fast-reads/src/deptran/paxos/commo.cc:125] 2025-12-10 03:35:36.979 | ForwardToLearner: par_id=1, slot=332, n=3, proxies.size=4, batch_idx=0
I [/opt/actions-runner/_work/mako-fast-reads/mako-fast-reads/src/deptran/paxos/commo.cc:151] 2025-12-10 03:35:36.979 | ForwardToLearner: SENDING to learner site_id=7, slot=332
I [/opt/actions-runner/_work/mako-fast-reads/mako-fast-reads/src/deptran/paxos/commo.cc:125] 2025-12-10 03:35:37.012 | ForwardToLearner: par_id=0, slot=480, n=3, proxies.size=4, batch_idx=0
I [/opt/actions-runner/_work/mako-fast-reads/mako-fast-reads/src/deptran/paxos/commo.cc:151] 2025-12-10 03:35:37.012 | ForwardToLearner: SENDING to learner site_id=3, slot=480
I [/opt/actions-runner/_work/mako-fast-reads/mako-fast-reads/src/deptran/paxos/commo.cc:125] 2025-12-10 03:35:37.017 | ForwardToLearner: par_id=0, slot=481, n=3, proxies.size=4, batch_idx=0
I [/opt/actions-runner/_work/mako-fast-reads/mako-fast-reads/src/deptran/paxos/commo.cc:151] 2025-12-10 03:35:37.017 | ForwardToLearner: SENDING to learner site_id=3, slot=481
I [/opt/actions-runner/_work/mako-fast-reads/mako-fast-reads/src/deptran/paxos/commo.cc:125] 2025-12-10 03:35:37.033 | ForwardToLearner: par_id=1, slot=333, n=3, proxies.size=4, batch_idx=0
I [/opt/actions-runner/_work/mako-fast-reads/mako-fast-reads/src/deptran/paxos/commo.cc:151] 2025-12-10 03:35:37.033 | ForwardToLearner: SENDING to learner site_id=7, slot=333
I [/opt/actions-runner/_work/mako-fast-reads/mako-fast-reads/src/deptran/paxos/commo.cc:125] 2025-12-10 03:35:37.059 | ForwardToLearner: par_id=0, slot=482, n=3, proxies.size=4, batch_idx=0
I [/opt/actions-runner/_work/mako-fast-reads/mako-fast-reads/src/deptran/paxos/commo.cc:151] 2025-12-10 03:35:37.059 | ForwardToLearner: SENDING to learner site_id=3, slot=482
I [/opt/actions-runner/_work/mako-fast-reads/mako-fast-reads/src/deptran/paxos/commo.cc:125] 2025-12-10 03:35:37.076 | ForwardToLearner: par_id=1, slot=334, n=3, proxies.size=4, batch_idx=0
I [/opt/actions-runner/_work/mako-fast-reads/mako-fast-reads/src/deptran/paxos/commo.cc:151] 2025-12-10 03:35:37.076 | ForwardToLearner: SENDING to learner site_id=7, slot=334
I [/opt/actions-runner/_work/mako-fast-reads/mako-fast-reads/src/deptran/paxos/commo.cc:125] 2025-12-10 03:35:37.099 | ForwardToLearner: par_id=1, slot=335, n=3, proxies.size=4, batch_idx=0
I [/opt/actions-runner/_work/mako-fast-reads/mako-fast-reads/src/deptran/paxos/commo.cc:151] 2025-12-10 03:35:37.099 | ForwardToLearner: SENDING to learner site_id=7, slot=335
I [/opt/actions-runner/_work/mako-fast-reads/mako-fast-reads/src/deptran/paxos/commo.cc:125] 2025-12-10 03:35:37.114 | ForwardToLearner: par_id=0, slot=483, n=3, proxies.size=4, batch_idx=0
I [/opt/actions-runner/_work/mako-fast-reads/mako-fast-reads/src/deptran/paxos/commo.cc:151] 2025-12-10 03:35:37.114 | ForwardToLearner: SENDING to learner site_id=3, slot=483
I [/opt/actions-runner/_work/mako-fast-reads/mako-fast-reads/src/deptran/paxos/commo.cc:125] 2025-12-10 03:35:37.119 | ForwardToLearner: par_id=1, slot=336, n=3, proxies.size=4, batch_idx=0
I [/opt/actions-runner/_work/mako-fast-reads/mako-fast-reads/src/deptran/paxos/commo.cc:151] 2025-12-10 03:35:37.119 | ForwardToLearner: SENDING to learner site_id=7, slot=336
I [/opt/actions-runner/_work/mako-fast-reads/mako-fast-reads/src/deptran/paxos/commo.cc:125] 2025-12-10 03:35:37.119 | ForwardToLearner: par_id=1, slot=337, n=3, proxies.size=4, batch_idx=0
I [/opt/actions-runner/_work/mako-fast-reads/mako-fast-reads/src/deptran/paxos/commo.cc:151] 2025-12-10 03:35:37.119 | ForwardToLearner: SENDING to learner site_id=7, slot=337
I [/opt/actions-runner/_work/mako-fast-reads/mako-fast-reads/src/deptran/paxos/commo.cc:125] 2025-12-10 03:35:37.141 | ForwardToLearner: par_id=0, slot=484, n=3, proxies.size=4, batch_idx=0
I [/opt/actions-runner/_work/mako-fast-reads/mako-fast-reads/src/deptran/paxos/commo.cc:151] 2025-12-10 03:35:37.141 | ForwardToLearner: SENDING to learner site_id=3, slot=484
I [/opt/actions-runner/_work/mako-fast-reads/mako-fast-reads/src/deptran/paxos/commo.cc:125] 2025-12-10 03:35:37.160 | ForwardToLearner: par_id=0, slot=485, n=3, proxies.size=4, batch_idx=0
I [/opt/actions-runner/_work/mako-fast-reads/mako-fast-reads/src/deptran/paxos/commo.cc:151] 2025-12-10 03:35:37.160 | ForwardToLearner: SENDING to learner site_id=3, slot=485
I [/opt/actions-runner/_work/mako-fast-reads/mako-fast-reads/src/deptran/paxos/commo.cc:125] 2025-12-10 03:35:37.169 | ForwardToLearner: par_id=1, slot=338, n=3, proxies.size=4, batch_idx=0
I [/opt/actions-runner/_work/mako-fast-reads/mako-fast-reads/src/deptran/paxos/commo.cc:151] 2025-12-10 03:35:20251110-03:35.37-372825(us) 19466 * wait_for_termination (mako.hh:538):      follower is waiting for being ended: 0/2, noops_cnt:0, replay_batch:829, wait_time:13s

37.169 | ForwardToLearner: SENDING to learner site_id=7, slot=338
I [/opt/actions-runner/_work/mako-fast-reads/mako-fast-reads/src/deptran/paxos/commo.cc:125] 2025-12-10 03:35:37.212 | ForwardToLearner: par_id=0, slot=486, n=3, proxies.size=4, batch_idx=0
I [/opt/actions-runner/_work/mako-fast-reads/mako-fast-reads/src/deptran/paxos/commo.cc:151] 2025-12-10 03:35:37.212 | ForwardToLearner: SENDING to learner site_id=3, slot=486
I [/opt/actions-runner/_work/mako-fast-reads/mako-fast-reads/src/deptran/paxos/commo.cc:125] 2025-12-10 03:35:37.225 | ForwardToLearner: par_id=1, slot=339, n=3, proxies.size=4, batch_idx=0
I [/opt/actions-runner/_work/mako-fast-reads/mako-fast-reads/src/deptran/paxos/commo.cc:151] 2025-12-10 03:35:37.225 | ForwardToLearner: SENDING to learner site_id=7, slot=339
I [/opt/actions-runner/_work/mako-fast-reads/mako-fast-reads/src/deptran/paxos/commo.cc:125] 2025-12-10 03:35:37.249 | ForwardToLearner: par_id=0, slot=487, n=3, proxies.size=4, batch_idx=0
I [/opt/actions-runner/_work/mako-fast-reads/mako-fast-reads/src/deptran/paxos/commo.cc:151] 2025-12-10 03:35:37.249 | ForwardToLearner: SENDING to learner site_id=3, slot=487
I [/opt/actions-runner/_work/mako-fast-reads/mako-fast-reads/src/deptran/paxos/commo.cc:125] 2025-12-10 03:35:37.251 | ForwardToLearner: par_id=0, slot=488, n=3, proxies.size=4, batch_idx=0
I [/opt/actions-runner/_work/mako-fast-reads/mako-fast-reads/src/deptran/paxos/commo.cc:151] 2025-12-10 03:35:37.251 | ForwardToLearner: SENDING to learner site_id=3, slot=488
I [/opt/actions-runner/_work/mako-fast-reads/mako-fast-reads/src/deptran/paxos/commo.cc:125] 2025-12-10 03:35:37.278 | ForwardToLearner: par_id=1, slot=340, n=3, proxies.size=4, batch_idx=0
I [/opt/actions-runner/_work/mako-fast-reads/mako-fast-reads/src/deptran/paxos/commo.cc:151] 2025-12-10 03:35:37.278 | ForwardToLearner: SENDING to learner site_id=7, slot=340
I [/opt/actions-runner/_work/mako-fast-reads/mako-fast-reads/src/deptran/paxos/commo.cc:125] 2025-12-10 03:35:37.299 | ForwardToLearner: par_id=0, slot=489, n=3, proxies.size=4, batch_idx=0
I [/opt/actions-runner/_work/mako-fast-reads/mako-fast-reads/src/deptran/paxos/commo.cc:151] 2025-12-10 03:35:37.299 | ForwardToLearner: SENDING to learner site_id=3, slot=489
I [/opt/actions-runner/_work/mako-fast-reads/mako-fast-reads/src/deptran/paxos/commo.cc:125] 2025-12-10 03:35:37.327 | ForwardToLearner: par_id=1, slot=341, n=3, proxies.size=4, batch_idx=0
I [/opt/actions-runner/_work/mako-fast-reads/mako-fast-reads/src/deptran/paxos/commo.cc:151] 2025-12-10 03:35:37.327 | ForwardToLearner: SENDING to learner site_id=7, slot=341
I [/opt/actions-runner/_work/mako-fast-reads/mako-fast-reads/src/deptran/paxos/commo.cc:125] 2025-12-10 03:35:37.340 | ForwardToLearner: par_id=0, slot=490, n=3, proxies.size=4, batch_idx=0
I [/opt/actions-runner/_work/mako-fast-reads/mako-fast-reads/src/deptran/paxos/commo.cc:151] 2025-12-10 03:35:37.340 | ForwardToLearner: SENDING to learner site_id=3, slot=490
I [/opt/actions-runner/_work/mako-fast-reads/mako-fast-reads/src/deptran/paxos/commo.cc:125] 2025-12-10 03:35:37.341 | ForwardToLearner: par_id=1, slot=342, n=3, proxies.size=4, batch_idx=0
I [/opt/actions-runner/_work/mako-fast-reads/mako-fast-reads/src/deptran/paxos/commo.cc:151] 2025-12-10 03:35:37.341 | ForwardToLearner: SENDING to learner site_id=7, slot=342
I [/opt/actions-runner/_work/mako-fast-reads/mako-fast-reads/src/deptran/paxos/commo.cc:125] 2025-12-10 03:35:37.348 | ForwardToLearner: par_id=1, slot=343, n=3, proxies.size=4, batch_idx=0
I [/opt/actions-runner/_work/mako-fast-reads/mako-fast-reads/src/deptran/paxos/commo.cc:151] 2025-12-10 03:35:37.348 | ForwardToLearner: SENDING to learner site_id=7, slot=343
I [/opt/actions-runner/_work/mako-fast-reads/mako-fast-reads/src/deptran/paxos/commo.cc:125] 2025-12-10 03:35:37.361 | ForwardToLearner: par_id=0, slot=491, n=3, proxies.size=4, batch_idx=0
I [/opt/actions-runner/_work/mako-fast-reads/mako-fast-reads/src/deptran/paxos/commo.cc:151] 2025-12-10 03:35:37.361 | ForwardToLearner: SENDING to learner site_id=3, slot=491
I [/opt/actions-runner/_work/mako-fast-reads/mako-fast-reads/src/deptran/paxos/commo.cc:125] 2025-12-10 03:35:37.374 | ForwardToLearner: par_id=1, slot=344, n=3, proxies.size=4, batch_idx=0
I [/opt/actions-runner/_work/mako-fast-reads/mako-fast-reads/src/deptran/paxos/commo.cc:151] 2025-12-10 03:35:37.374 | ForwardToLearner: SENDING to learner site_id=7, slot=344
I [/opt/actions-runner/_work/mako-fast-reads/mako-fast-reads/src/deptran/paxos/commo.cc:125] 2025-12-10 03:35:37.385 | ForwardToLearner: par_id=0, slot=492, n=3, proxies.size=4, batch_idx=0
I [/opt/actions-runner/_work/mako-fast-reads/mako-fast-reads/src/deptran/paxos/commo.cc:151] 2025-12-10 03:35:37.385 | ForwardToLearner: SENDING to learner site_id=3, slot=492
I [/opt/actions-runner/_work/mako-fast-reads/mako-fast-reads/src/deptran/paxos/commo.cc:125] 2025-12-10 03:35:37.423 | ForwardToLearner: par_id=1, slot=345, n=3, proxies.size=4, batch_idx=0
I [/opt/actions-runner/_work/mako-fast-reads/mako-fast-reads/src/deptran/paxos/commo.cc:151] 2025-12-10 03:35:37.423 | ForwardToLearner: SENDING to learner site_id=7, slot=345
I [/opt/actions-runner/_work/mako-fast-reads/mako-fast-reads/src/deptran/paxos/commo.cc:125] 2025-12-10 03:35:37.436 | ForwardToLearner: par_id=0, slot=493, n=3, proxies.size=4, batch_idx=0
I [/opt/actions-runner/_work/mako-fast-reads/mako-fast-reads/src/deptran/paxos/commo.cc:151] 2025-12-10 03:35:37.436 | ForwardToLearner: SENDING to learner site_id=3, slot=493
I [/opt/actions-runner/_work/mako-fast-reads/mako-fast-reads/src/deptran/paxos/commo.cc:125] 2025-12-10 03:35:37.459 | ForwardToLearner: par_id=1, slot=346, n=3, proxies.size=4, batch_idx=0
I [/opt/actions-runner/_work/mako-fast-reads/mako-fast-reads/src/deptran/paxos/commo.cc:151] 2025-12-10 03:35:37.459 | ForwardToLearner: SENDING to learner site_id=7, slot=346
I [/opt/actions-runner/_work/mako-fast-reads/mako-fast-reads/src/deptran/paxos/commo.cc:125] 2025-12-10 03:35:37.460 | ForwardToLearner: par_id=0, slot=494, n=3, proxies.size=4, batch_idx=0
I [/opt/actions-runner/_work/mako-fast-reads/mako-fast-reads/src/deptran/paxos/commo.cc:151] 2025-12-10 03:35:37.460 | ForwardToLearner: SENDING to learner site_id=3, slot=494
I [/opt/actions-runner/_work/mako-fast-reads/mako-fast-reads/src/deptran/paxos/commo.cc:125] 2025-12-10 03:35:37.481 | ForwardToLearner: par_id=0, slot=495, n=3, proxies.size=4, batch_idx=0
I [/opt/actions-runner/_work/mako-fast-reads/mako-fast-reads/src/deptran/paxos/commo.cc:151] 2025-12-10 03:35:37.481 | ForwardToLearner: SENDING to learner site_id=3, slot=495
I [/opt/actions-runner/_work/mako-fast-reads/mako-fast-reads/src/deptran/paxos/commo.cc:125] 2025-12-10 03:35:37.503 | ForwardToLearner: par_id=1, slot=347, n=3, proxies.size=4, batch_idx=0
I [/opt/actions-runner/_work/mako-fast-reads/mako-fast-reads/src/deptran/paxos/commo.cc:151] 2025-12-10 03:35:37.503 | ForwardToLearner: SENDING to learner site_id=7, slot=347
I [/opt/actions-runner/_work/mako-fast-reads/mako-fast-reads/src/deptran/paxos/commo.cc:125] 2025-12-10 03:35:37.536 | ForwardToLearner: par_id=0, slot=496, n=3, proxies.size=4, batch_idx=0
I [/opt/actions-runner/_work/mako-fast-reads/mako-fast-reads/src/deptran/paxos/commo.cc:151] 2025-12-10 03:35:37.536 | ForwardToLearner: SENDING to learner site_id=3, slot=496
I [/opt/actions-runner/_work/mako-fast-reads/mako-fast-reads/src/deptran/paxos/commo.cc:125] 2025-12-10 03:35:37.545 | ForwardToLearner: par_id=1, slot=348, n=3, proxies.size=4, batch_idx=0
I [/opt/actions-runner/_work/mako-fast-reads/mako-fast-reads/src/deptran/paxos/commo.cc:151] 2025-12-10 03:35:37.545 | ForwardToLearner: SENDING to learner site_id=7, slot=348
I [/opt/actions-runner/_work/mako-fast-reads/mako-fast-reads/src/deptran/paxos/commo.cc:125] 2025-12-10 03:35:37.551 | ForwardToLearner: par_id=1, slot=349, n=3, proxies.size=4, batch_idx=0
I [/opt/actions-runner/_work/mako-fast-reads/mako-fast-reads/src/deptran/paxos/commo.cc:151] 2025-12-10 03:35:37.551 | ForwardToLearner: SENDING to learner site_id=7, slot=349
I [/opt/actions-runner/_work/mako-fast-reads/mako-fast-reads/src/deptran/paxos/commo.cc:125] 2025-12-10 03:35:37.583 | ForwardToLearner: par_id=1, slot=350, n=3, proxies.size=4, batch_idx=0
I [/opt/actions-runner/_work/mako-fast-reads/mako-fast-reads/src/deptran/paxos/commo.cc:151] 2025-12-10 03:35:37.583 | ForwardToLearner: SENDING to learner site_id=7, slot=350
I [/opt/actions-runner/_work/mako-fast-reads/mako-fast-reads/src/deptran/paxos/commo.cc:125] 2025-12-10 03:35:37.584 | ForwardToLearner: par_id=1, slot=351, n=3, proxies.size=4, batch_idx=0
I [/opt/actions-runner/_work/mako-fast-reads/mako-fast-reads/src/deptran/paxos/commo.cc:151] 2025-12-10 03:35:37.584 | ForwardToLearner: SENDING to learner site_id=7, slot=351
I [/opt/actions-runner/_work/mako-fast-reads/mako-fast-reads/src/deptran/paxos/commo.cc:125] 2025-12-10 03:35:37.591 | ForwardToLearner: par_id=0, slot=497, n=3, proxies.size=4, batch_idx=0
I [/opt/actions-runner/_work/mako-fast-reads/mako-fast-reads/src/deptran/paxos/commo.cc:151] 2025-12-10 03:35:37.591 | ForwardToLearner: SENDING to learner site_id=3, slot=497
I [/opt/actions-runner/_work/mako-fast-reads/mako-fast-reads/src/deptran/paxos/commo.cc:125] 2025-12-10 03:35:37.599 | ForwardToLearner: par_id=0, slot=498, n=3, proxies.size=4, batch_idx=0
I [/opt/actions-runner/_work/mako-fast-reads/mako-fast-reads/src/deptran/paxos/commo.cc:151] 2025-12-10 03:35:37.599 | ForwardToLearner: SENDING to learner site_id=3, slot=498
I [/opt/actions-runner/_work/mako-fast-reads/mako-fast-reads/src/deptran/paxos/commo.cc:125] 2025-12-10 03:35:37.633 | ForwardToLearner: par_id=1, slot=352, n=3, proxies.size=4, batch_idx=0
I [/opt/actions-runner/_work/mako-fast-reads/mako-fast-reads/src/deptran/paxos/commo.cc:151] 2025-12-10 03:35:37.633 | ForwardToLearner: SENDING to learner site_id=7, slot=352
I [/opt/actions-runner/_work/mako-fast-reads/mako-fast-reads/src/deptran/paxos/commo.cc:125] 2025-12-10 03:35:37.649 | ForwardToLearner: par_id=0, slot=499, n=3, proxies.size=4, batch_idx=0
I [/opt/actions-runner/_work/mako-fast-reads/mako-fast-reads/src/deptran/paxos/commo.cc:151] 2025-12-10 03:35:37.649 | ForwardToLearner: SENDING to learner site_id=3, slot=499
I [/opt/actions-runner/_work/mako-fast-reads/mako-fast-reads/src/deptran/paxos/commo.cc:125] 2025-12-10 03:35:37.676 | ForwardToLearner: par_id=1, slot=353, n=3, proxies.size=4, batch_idx=0
I [/opt/actions-runner/_work/mako-fast-reads/mako-fast-reads/src/deptran/paxos/commo.cc:151] 2025-12-10 03:35:37.676 | ForwardToLearner: SENDING to learner site_id=7, slot=353
I [/opt/actions-runner/_work/mako-fast-reads/mako-fast-reads/src/deptran/paxos/commo.cc:125] 2025-12-10 03:35:37.703 | ForwardToLearner: par_id=0, slot=500, n=3, proxies.size=4, batch_idx=0
I [/opt/actions-runner/_work/mako-fast-reads/mako-fast-reads/src/deptran/paxos/commo.cc:151] 2025-12-10 03:35:37.703 | ForwardToLearner: SENDING to learner site_id=3, slot=500
I [/opt/actions-runner/_work/mako-fast-reads/mako-fast-reads/src/deptran/paxos/commo.cc:125] 2025-12-10 03:35:37.716 | ForwardToLearner: par_id=1, slot=354, n=3, proxies.size=4, batch_idx=0
I [/opt/actions-runner/_work/mako-fast-reads/mako-fast-reads/src/deptran/paxos/commo.cc:151] 2025-12-10 03:35:37.716 | ForwardToLearner: SENDING to learner site_id=7, slot=354
I [/opt/actions-runner/_work/mako-fast-reads/mako-fast-reads/src/deptran/paxos/commo.cc:125] 2025-12-10 03:35:37.719 | ForwardToLearner: par_id=0, slot=501, n=3, proxies.size=4, batch_idx=0
I [/opt/actions-runner/_work/mako-fast-reads/mako-fast-reads/src/deptran/paxos/commo.cc:151] 2025-12-10 03:35:37.719 | ForwardToLearner: SENDING to learner site_id=3, slot=501
I [/opt/actions-runner/_work/mako-fast-reads/mako-fast-reads/src/deptran/paxos/commo.cc:125] 2025-12-10 03:35:37.750 | ForwardToLearner: par_id=0, slot=502, n=3, proxies.size=4, batch_idx=0
I [/opt/actions-runner/_work/mako-fast-reads/mako-fast-reads/src/deptran/paxos/commo.cc:151] 2025-12-10 03:35:37.750 | ForwardToLearner: SENDING to learner site_id=3, slot=502
I [/opt/actions-runner/_work/mako-fast-reads/mako-fast-reads/src/deptran/paxos/commo.cc:125] 2025-12-10 03:35:37.758 | ForwardToLearner: par_id=1, slot=355, n=3, proxies.size=4, batch_idx=0
I [/opt/actions-runner/_work/mako-fast-reads/mako-fast-reads/src/deptran/paxos/commo.cc:151] 2025-12-10 03:35:37.758 | ForwardToLearner: SENDING to learner site_id=7, slot=355
I [/opt/actions-runner/_work/mako-fast-reads/mako-fast-reads/src/deptran/paxos/commo.cc:125] 2025-12-10 03:35:37.761 | ForwardToLearner: par_id=1, slot=356, n=3, proxies.size=4, batch_idx=0
I [/opt/actions-runner/_work/mako-fast-reads/mako-fast-reads/src/deptran/paxos/commo.cc:151] 2025-12-10 03:35:37.761 | ForwardToLearner: SENDING to learner site_id=7, slot=356
I [/opt/actions-runner/_work/mako-fast-reads/mako-fast-reads/src/deptran/paxos/commo.cc:125] 2025-12-10 03:35:37.799 | ForwardToLearner: par_id=0, slot=503, n=3, proxies.size=4, batch_idx=0
I [/opt/actions-runner/_work/mako-fast-reads/mako-fast-reads/src/deptran/paxos/commo.cc:151] 2025-12-10 03:35:37.799 | ForwardToLearner: SENDING to learner site_id=3, slot=503
I [/opt/actions-runner/_work/mako-fast-reads/mako-fast-reads/src/deptran/paxos/commo.cc:125] 2025-12-10 03:35:37.802 | ForwardToLearner: par_id=1, slot=357, n=3, proxies.size=4, batch_idx=0
I [/opt/actions-runner/_work/mako-fast-reads/mako-fast-reads/src/deptran/paxos/commo.cc:151] 2025-12-10 03:35:37.802 | ForwardToLearner: SENDING to learner site_id=7, slot=357
I [/opt/actions-runner/_work/mako-fast-reads/mako-fast-reads/src/deptran/paxos/commo.cc:125] 2025-12-10 03:35:37.821 | ForwardToLearner: par_id=1, slot=358, n=3, proxies.size=4, batch_idx=0
I [/opt/actions-runner/_work/mako-fast-reads/mako-fast-reads/src/deptran/paxos/commo.cc:151] 2025-12-10 03:35:37.821 | ForwardToLearner: SENDING to learner site_id=7, slot=358
I [/opt/actions-runner/_work/mako-fast-reads/mako-fast-reads/src/deptran/paxos/commo.cc:125] 2025-12-10 03:35:37.845 | ForwardToLearner: par_id=1, slot=359, n=3, proxies.size=4, batch_idx=0
I [/opt/actions-runner/_work/mako-fast-reads/mako-fast-reads/src/deptran/paxos/commo.cc:151] 2025-12-10 03:35:37.845 | ForwardToLearner: SENDING to learner site_id=7, slot=359
I [/opt/actions-runner/_work/mako-fast-reads/mako-fast-reads/src/deptran/paxos/commo.cc:125] 2025-12-10 03:35:37.849 | ForwardToLearner: par_id=0, slot=504, n=3, proxies.size=4, batch_idx=0
I [/opt/actions-runner/_work/mako-fast-reads/mako-fast-reads/src/deptran/paxos/commo.cc:151] 2025-12-10 03:35:37.849 | ForwardToLearner: SENDING to learner site_id=3, slot=504
I [/opt/actions-runner/_work/mako-fast-reads/mako-fast-reads/src/deptran/paxos/commo.cc:125] 2025-12-10 03:35:37.854 | ForwardToLearner: par_id=0, slot=505, n=3, proxies.size=4, batch_idx=0
I [/opt/actions-runner/_work/mako-fast-reads/mako-fast-reads/src/deptran/paxos/commo.cc:151] 2025-12-10 03:35:37.854 | ForwardToLearner: SENDING to learner site_id=3, slot=505
I [/opt/actions-runner/_work/mako-fast-reads/mako-fast-reads/src/deptran/paxos/commo.cc:125] 2025-12-10 03:35:37.894 | ForwardToLearner: par_id=1, slot=360, n=3, proxies.size=4, batch_idx=0
I [/opt/actions-runner/_work/mako-fast-reads/mako-fast-reads/src/deptran/paxos/commo.cc:151] 2025-12-10 03:35:37.894 | ForwardToLearner: SENDING to learner site_id=7, slot=360
I [/opt/actions-runner/_work/mako-fast-reads/mako-fast-reads/src/deptran/paxos/commo.cc:125] 2025-12-10 03:35:37.895 | ForwardToLearner: par_id=0, slot=506, n=3, proxies.size=4, batch_idx=0
I [/opt/actions-runner/_work/mako-fast-reads/mako-fast-reads/src/deptran/paxos/commo.cc:151] 2025-12-10 03:35:37.895 | ForwardToLearner: SENDING to learner site_id=3, slot=506
I [/opt/actions-runner/_work/mako-fast-reads/mako-fast-reads/src/deptran/paxos/commo.cc:125] 2025-12-10 03:35:37.945 | ForwardToLearner: par_id=1, slot=361, n=3, proxies.size=4, batch_idx=0
I [/opt/actions-runner/_work/mako-fast-reads/mako-fast-reads/src/deptran/paxos/commo.cc:151] 2025-12-10 03:35:37.945 | ForwardToLearner: SENDING to learner site_id=7, slot=361
I [/opt/actions-runner/_work/mako-fast-reads/mako-fast-reads/src/deptran/paxos/commo.cc:125] 2025-12-10 03:35:37.946 | ForwardToLearner: par_id=0, slot=507, n=3, proxies.size=4, batch_idx=0
I [/opt/actions-runner/_work/mako-fast-reads/mako-fast-reads/src/deptran/paxos/commo.cc:151] 2025-12-10 03:35:37.946 | ForwardToLearner: SENDING to learner site_id=3, slot=507
I [/opt/actions-runner/_work/mako-fast-reads/mako-fast-reads/src/deptran/paxos/commo.cc:125] 2025-12-10 03:35:37.972 | ForwardToLearner: par_id=1, slot=362, n=3, proxies.size=4, batch_idx=0
I [/opt/actions-runner/_work/mako-fast-reads/mako-fast-reads/src/deptran/paxos/commo.cc:151] 2025-12-10 03:35:37.972 | ForwardToLearner: SENDING to learner site_id=7, slot=362
I [/opt/actions-runner/_work/mako-fast-reads/mako-fast-reads/src/deptran/paxos/commo.cc:125] 2025-12-10 03:35:37.978 | ForwardToLearner: par_id=0, slot=508, n=3, proxies.size=4, batch_idx=0
I [/opt/actions-runner/_work/mako-fast-reads/mako-fast-reads/src/deptran/paxos/commo.cc:151] 2025-12-10 03:35:37.978 | ForwardToLearner: SENDING to learner site_id=3, slot=508
I [/opt/actions-runner/_work/mako-fast-reads/mako-fast-reads/src/deptran/paxos/commo.cc:125] 2025-12-10 03:35:37.985 | ForwardToLearner: par_id=0, slot=509, n=3, proxies.size=4, batch_idx=0
I [/opt/actions-runner/_work/mako-fast-reads/mako-fast-reads/src/deptran/paxos/commo.cc:151] 2025-12-10 03:35:37.985 | ForwardToLearner: SENDING to learner site_id=3, slot=509
I [/opt/actions-runner/_work/mako-fast-reads/mako-fast-reads/src/deptran/paxos/commo.cc:125] 2025-12-10 03:35:37.995 | ForwardToLearner: par_id=1, slot=363, n=3, proxies.size=4, batch_idx=0
I [/opt/actions-runner/_work/mako-fast-reads/mako-fast-reads/src/deptran/paxos/commo.cc:151] 2025-12-10 03:35:37.995 | ForwardToLearner: SENDING to learner site_id=7, slot=363
I [/opt/actions-runner/_work/mako-fast-reads/mako-fast-reads/src/deptran/paxos/commo.cc:125] 2025-12-10 03:35:38.036 | ForwardToLearner: par_id=0, slot=510, n=3, proxies.size=4, batch_idx=0
I [/opt/actions-runner/_work/mako-fast-reads/mako-fast-reads/src/deptran/paxos/commo.cc:151] 2025-12-10 03:35:38.036 | ForwardToLearner: SENDING to learner site_id=3, slot=510
I [/opt/actions-runner/_work/mako-fast-reads/mako-fast-reads/src/deptran/paxos/commo.cc:125] 2025-12-10 03:35:38.049 | ForwardToLearner: par_id=1, slot=364, n=3, proxies.size=4, batch_idx=0
I [/opt/actions-runner/_work/mako-fast-reads/mako-fast-reads/src/deptran/paxos/commo.cc:151] 2025-12-10 03:35:38.049 | ForwardToLearner: SENDING to learner site_id=7, slot=364
I [/opt/actions-runner/_work/mako-fast-reads/mako-fast-reads/src/deptran/paxos/commo.cc:125] 2025-12-10 03:35:38.051 | ForwardToLearner: par_id=1, slot=365, n=3, proxies.size=4, batch_idx=0
I [/opt/actions-runner/_work/mako-fast-reads/mako-fast-reads/src/deptran/paxos/commo.cc:151] 2025-12-10 03:35:38.051 | ForwardToLearner: SENDING to learner site_id=7, slot=365
I [/opt/actions-runner/_work/mako-fast-reads/mako-fast-reads/src/deptran/paxos/commo.cc:125] 2025-12-10 03:35:38.064 | ForwardToLearner: par_id=0, slot=511, n=3, proxies.size=4, batch_idx=0
I [/opt/actions-runner/_work/mako-fast-reads/mako-fast-reads/src/deptran/paxos/commo.cc:151] 2025-12-10 03:35:38.064 | ForwardToLearner: SENDING to learner site_id=3, slot=511
I [/opt/actions-runner/_work/mako-fast-reads/mako-fast-reads/src/deptran/paxos/commo.cc:125] 2025-12-10 03:35:38.092 | ForwardToLearner: par_id=0, slot=512, n=3, proxies.size=4, batch_idx=0
I [/opt/actions-runner/_work/mako-fast-reads/mako-fast-reads/src/deptran/paxos/commo.cc:151] 2025-12-10 03:35:38.092 | ForwardToLearner: SENDING to learner site_id=3, slot=512
I [/opt/actions-runner/_work/mako-fast-reads/mako-fast-reads/src/deptran/paxos/commo.cc:125] 2025-12-10 03:35:38.097 | ForwardToLearner: par_id=1, slot=366, n=3, proxies.size=4, batch_idx=0
I [/opt/actions-runner/_work/mako-fast-reads/mako-fast-reads/src/deptran/paxos/commo.cc:151] 2025-12-10 03:35:38.097 | ForwardToLearner: SENDING to learner site_id=7, slot=366
I [/opt/actions-runner/_work/mako-fast-reads/mako-fast-reads/src/deptran/paxos/commo.cc:125] 2025-12-10 03:35:38.108 | ForwardToLearner: par_id=0, slot=513, n=3, proxies.size=4, batch_idx=0
I [/opt/actions-runner/_work/mako-fast-reads/mako-fast-reads/src/deptran/paxos/commo.cc:151] 2025-12-10 03:35:38.108 | ForwardToLearner: SENDING to learner site_id=3, slot=513
I [/opt/actions-runner/_work/mako-fast-reads/mako-fast-reads/src/deptran/paxos/commo.cc:125] 2025-12-10 03:35:38.144 | ForwardToLearner: par_id=1, slot=367, n=3, proxies.size=4, batch_idx=0
I [/opt/actions-runner/_work/mako-fast-reads/mako-fast-reads/src/deptran/paxos/commo.cc:151] 2025-12-10 03:35:38.144 | ForwardToLearner: SENDING to learner site_id=7, slot=367
I [/opt/actions-runner/_work/mako-fast-reads/mako-fast-reads/src/deptran/paxos/commo.cc:125] 2025-12-10 03:35:38.163 | ForwardToLearner: par_id=0, slot=514, n=3, proxies.size=4, batch_idx=0
I [/opt/actions-runner/_work/mako-fast-reads/mako-fast-reads/src/deptran/paxos/commo.cc:151] 2025-12-10 03:35:38.163 | ForwardToLearner: SENDING to learner site_id=3, slot=514
I [/opt/actions-runner/_work/mako-fast-reads/mako-fast-reads/src/deptran/paxos/commo.cc:125] 2025-12-10 03:35:38.188 | ForwardToLearner: par_id=1, slot=368, n=3, proxies.size=4, batch_idx=0
I [/opt/actions-runner/_work/mako-fast-reads/mako-fast-reads/src/deptran/paxos/commo.cc:151] 2025-12-10 03:35:38.188 | ForwardToLearner: SENDING to learner site_id=7, slot=368
I [/opt/actions-runner/_work/mako-fast-reads/mako-fast-reads/src/deptran/paxos/commo.cc:125] 2025-12-10 03:35:38.191 | ForwardToLearner: par_id=1, slot=369, n=3, proxies.size=4, batch_idx=0
I [/opt/actions-runner/_work/mako-fast-reads/mako-fast-reads/src/deptran/paxos/commo.cc:151] 2025-12-10 03:35:38.191 | ForwardToLearner: SENDING to learner site_id=7, slot=369
I [/opt/actions-runner/_work/mako-fast-reads/mako-fast-reads/src/deptran/paxos/commo.cc:125] 2025-12-10 03:35:38.213 | ForwardToLearner: par_id=0, slot=515, n=3, proxies.size=4, batch_idx=0
I [/opt/actions-runner/_work/mako-fast-reads/mako-fast-reads/src/deptran/paxos/commo.cc:151] 2025-12-10 03:35:38.213 | ForwardToLearner: SENDING to learner site_id=3, slot=515
I [/opt/actions-runner/_work/mako-fast-reads/mako-fast-reads/src/deptran/paxos/commo.cc:125] 2025-12-10 03:35:38.237 | ForwardToLearner: par_id=0, slot=516, n=3, proxies.size=4, batch_idx=0
I [/opt/actions-runner/_work/mako-fast-reads/mako-fast-reads/src/deptran/paxos/commo.cc:151] 2025-12-10 03:35:38.237 | ForwardToLearner: SENDING to learner site_id=3, slot=516
I [/opt/actions-runner/_work/mako-fast-reads/mako-fast-reads/src/deptran/paxos/commo.cc:125] 2025-12-10 03:35:38.239 | ForwardToLearner: par_id=1, slot=370, n=3, proxies.size=4, batch_idx=0
I [/opt/actions-runner/_work/mako-fast-reads/mako-fast-reads/src/deptran/paxos/commo.cc:151] 2025-12-10 03:35:38.239 | ForwardToLearner: SENDING to learner site_id=7, slot=370
I [/opt/actions-runner/_work/mako-fast-reads/mako-fast-reads/src/deptran/paxos/commo.cc:125] 2025-12-10 03:35:38.258 | ForwardToLearner: par_id=0, slot=517, n=3, proxies.size=4, batch_idx=0
I [/opt/actions-runner/_work/mako-fast-reads/mako-fast-reads/src/deptran/paxos/commo.cc:151] 2025-12-10 03:35:38.258 | ForwardToLearner: SENDING to learner site_id=3, slot=517
I [/opt/actions-runner/_work/mako-fast-reads/mako-fast-reads/src/deptran/paxos/commo.cc:125] 2025-12-10 03:35:38.291 | ForwardToLearner: par_id=1, slot=371, n=3, proxies.size=4, batch_idx=0
I [/opt/actions-runner/_work/mako-fast-reads/mako-fast-reads/src/deptran/paxos/commo.cc:151] 2025-12-10 03:35:38.291 | ForwardToLearner: SENDING to learner site_id=7, slot=371
I [/opt/actions-runner/_work/mako-fast-reads/mako-fast-reads/src/deptran/paxos/commo.cc:125] 2025-12-10 03:35:38.306 | ForwardToLearner: par_id=0, slot=518, n=3, proxies.size=4, batch_idx=0
I [/opt/actions-runner/_work/mako-fast-reads/mako-fast-reads/src/deptran/paxos/commo.cc:151] 2025-12-10 03:35:38.306 | ForwardToLearner: SENDING to learner site_id=3, slot=518
I [/opt/actions-runner/_work/mako-fast-reads/mako-fast-reads/src/deptran/paxos/commo.cc:125] 2025-12-10 03:35:38.315 | ForwardToLearner: par_id=1, slot=372, n=3, proxies.size=4, batch_idx=0
I [/opt/actions-runner/_work/mako-fast-reads/mako-fast-reads/src/deptran/paxos/commo.cc:151] 2025-12-10 03:35:38.315 | ForwardToLearner: SENDING to learner site_id=20251110-03:35.38-372906(us) 19466 * wait_for_termination (mako.hh:538):      follower is waiting for being ended: 0/2, noops_cnt:0, replay_batch:889, wait_time:14s

7, slot=372
I [/opt/actions-runner/_work/mako-fast-reads/mako-fast-reads/src/deptran/paxos/commo.cc:125] 2025-12-10 03:35:38.336 | ForwardToLearner: par_id=1, slot=373, n=3, proxies.size=4, batch_idx=0
I [/opt/actions-runner/_work/mako-fast-reads/mako-fast-reads/src/deptran/paxos/commo.cc:151] 2025-12-10 03:35:38.336 | ForwardToLearner: SENDING to learner site_id=7, slot=373
I [/opt/actions-runner/_work/mako-fast-reads/mako-fast-reads/src/deptran/paxos/commo.cc:125] 2025-12-10 03:35:38.351 | ForwardToLearner: par_id=0, slot=519, n=3, proxies.size=4, batch_idx=0
I [/opt/actions-runner/_work/mako-fast-reads/mako-fast-reads/src/deptran/paxos/commo.cc:151] 2025-12-10 03:35:38.351 | ForwardToLearner: SENDING to learner site_id=3, slot=519
I [/opt/actions-runner/_work/mako-fast-reads/mako-fast-reads/src/deptran/paxos/commo.cc:125] 2025-12-10 03:35:38.361 | ForwardToLearner: par_id=0, slot=520, n=3, proxies.size=4, batch_idx=0
I [/opt/actions-runner/_work/mako-fast-reads/mako-fast-reads/src/deptran/paxos/commo.cc:151] 2025-12-10 03:35:38.361 | ForwardToLearner: SENDING to learner site_id=3, slot=520
I [/opt/actions-runner/_work/mako-fast-reads/mako-fast-reads/src/deptran/paxos/commo.cc:125] 2025-12-10 03:35:38.387 | ForwardToLearner: par_id=1, slot=374, n=3, proxies.size=4, batch_idx=0
I [/opt/actions-runner/_work/mako-fast-reads/mako-fast-reads/src/deptran/paxos/commo.cc:151] 2025-12-10 03:35:38.387 | ForwardToLearner: SENDING to learner site_id=7, slot=374
I [/opt/actions-runner/_work/mako-fast-reads/mako-fast-reads/src/deptran/paxos/commo.cc:125] 2025-12-10 03:35:38.392 | ForwardToLearner: par_id=0, slot=521, n=3, proxies.size=4, batch_idx=0
I [/opt/actions-runner/_work/mako-fast-reads/mako-fast-reads/src/deptran/paxos/commo.cc:151] 2025-12-10 03:35:38.392 | ForwardToLearner: SENDING to learner site_id=3, slot=521
I [/opt/actions-runner/_work/mako-fast-reads/mako-fast-reads/src/deptran/paxos/commo.cc:125] 2025-12-10 03:35:38.427 | ForwardToLearner: par_id=1, slot=375, n=3, proxies.size=4, batch_idx=0
I [/opt/actions-runner/_work/mako-fast-reads/mako-fast-reads/src/deptran/paxos/commo.cc:151] 2025-12-10 03:35:38.427 | ForwardToLearner: SENDING to learner site_id=7, slot=375
I [/opt/actions-runner/_work/mako-fast-reads/mako-fast-reads/src/deptran/paxos/commo.cc:125] 2025-12-10 03:35:38.446 | ForwardToLearner: par_id=1, slot=376, n=3, proxies.size=4, batch_idx=0
I [/opt/actions-runner/_work/mako-fast-reads/mako-fast-reads/src/deptran/paxos/commo.cc:151] 2025-12-10 03:35:38.446 | ForwardToLearner: SENDING to learner site_id=7, slot=376
I [/opt/actions-runner/_work/mako-fast-reads/mako-fast-reads/src/deptran/paxos/commo.cc:125] 2025-12-10 03:35:38.447 | ForwardToLearner: par_id=0, slot=522, n=3, proxies.size=4, batch_idx=0
I [/opt/actions-runner/_work/mako-fast-reads/mako-fast-reads/src/deptran/paxos/commo.cc:151] 2025-12-10 03:35:38.447 | ForwardToLearner: SENDING to learner site_id=3, slot=522
I [/opt/actions-runner/_work/mako-fast-reads/mako-fast-reads/src/deptran/paxos/commo.cc:125] 2025-12-10 03:35:38.486 | ForwardToLearner: par_id=0, slot=523, n=3, proxies.size=4, batch_idx=0
I [/opt/actions-runner/_work/mako-fast-reads/mako-fast-reads/src/deptran/paxos/commo.cc:151] 2025-12-10 03:35:38.486 | ForwardToLearner: SENDING to learner site_id=3, slot=523
I [/opt/actions-runner/_work/mako-fast-reads/mako-fast-reads/src/deptran/paxos/commo.cc:125] 2025-12-10 03:35:38.497 | ForwardToLearner: par_id=1, slot=377, n=3, proxies.size=4, batch_idx=0
I [/opt/actions-runner/_work/mako-fast-reads/mako-fast-reads/src/deptran/paxos/commo.cc:151] 2025-12-10 03:35:38.497 | ForwardToLearner: SENDING to learner site_id=7, slot=377
I [/opt/actions-runner/_work/mako-fast-reads/mako-fast-reads/src/deptran/paxos/commo.cc:125] 2025-12-10 03:35:38.503 | ForwardToLearner: par_id=0, slot=524, n=3, proxies.size=4, batch_idx=0
I [/opt/actions-runner/_work/mako-fast-reads/mako-fast-reads/src/deptran/paxos/commo.cc:151] 2025-12-10 03:35:38.503 | ForwardToLearner: SENDING to learner site_id=3, slot=524
I [/opt/actions-runner/_work/mako-fast-reads/mako-fast-reads/src/deptran/paxos/commo.cc:125] 2025-12-10 03:35:38.549 | ForwardToLearner: par_id=1, slot=378, n=3, proxies.size=4, batch_idx=0
I [/opt/actions-runner/_work/mako-fast-reads/mako-fast-reads/src/deptran/paxos/commo.cc:151] 2025-12-10 03:35:38.549 | ForwardToLearner: SENDING to learner site_id=7, slot=378
I [/opt/actions-runner/_work/mako-fast-reads/mako-fast-reads/src/deptran/paxos/commo.cc:125] 2025-12-10 03:35:38.551 | ForwardToLearner: par_id=0, slot=525, n=3, proxies.size=4, batch_idx=0
I [/opt/actions-runner/_work/mako-fast-reads/mako-fast-reads/src/deptran/paxos/commo.cc:151] 2025-12-10 03:35:38.551 | ForwardToLearner: SENDING to learner site_id=3, slot=525
I [/opt/actions-runner/_work/mako-fast-reads/mako-fast-reads/src/deptran/paxos/commo.cc:125] 2025-12-10 03:35:38.552 | ForwardToLearner: par_id=1, slot=379, n=3, proxies.size=4, batch_idx=0
I [/opt/actions-runner/_work/mako-fast-reads/mako-fast-reads/src/deptran/paxos/commo.cc:151] 2025-12-10 03:35:38.552 | ForwardToLearner: SENDING to learner site_id=7, slot=379
I [/opt/actions-runner/_work/mako-fast-reads/mako-fast-reads/src/deptran/paxos/commo.cc:125] 2025-12-10 03:35:38.592 | ForwardToLearner: par_id=1, slot=380, n=3, proxies.size=4, batch_idx=0
I [/opt/actions-runner/_work/mako-fast-reads/mako-fast-reads/src/deptran/paxos/commo.cc:151] 2025-12-10 03:35:38.592 | ForwardToLearner: SENDING to learner site_id=7, slot=380
I [/opt/actions-runner/_work/mako-fast-reads/mako-fast-reads/src/deptran/paxos/commo.cc:125] 2025-12-10 03:35:38.593 | ForwardToLearner: par_id=0, slot=526, n=3, proxies.size=4, batch_idx=0
I [/opt/actions-runner/_work/mako-fast-reads/mako-fast-reads/src/deptran/paxos/commo.cc:151] 2025-12-10 03:35:38.593 | ForwardToLearner: SENDING to learner site_id=3, slot=526
I [/opt/actions-runner/_work/mako-fast-reads/mako-fast-reads/src/deptran/paxos/commo.cc:125] 2025-12-10 03:35:38.599 | ForwardToLearner: par_id=0, slot=527, n=3, proxies.size=4, batch_idx=0
I [/opt/actions-runner/_work/mako-fast-reads/mako-fast-reads/src/deptran/paxos/commo.cc:151] 2025-12-10 03:35:38.599 | ForwardToLearner: SENDING to learner site_id=3, slot=527
I [/opt/actions-runner/_work/mako-fast-reads/mako-fast-reads/src/deptran/paxos/commo.cc:125] 2025-12-10 03:35:38.633 | ForwardToLearner: par_id=0, slot=528, n=3, proxies.size=4, batch_idx=0
I [/opt/actions-runner/_work/mako-fast-reads/mako-fast-reads/src/deptran/paxos/commo.cc:151] 2025-12-10 03:35:38.633 | ForwardToLearner: SENDING to learner site_id=3, slot=528
I [/opt/actions-runner/_work/mako-fast-reads/mako-fast-reads/src/deptran/paxos/commo.cc:125] 2025-12-10 03:35:38.641 | ForwardToLearner: par_id=1, slot=381, n=3, proxies.size=4, batch_idx=0
I [/opt/actions-runner/_work/mako-fast-reads/mako-fast-reads/src/deptran/paxos/commo.cc:151] 2025-12-10 03:35:38.641 | ForwardToLearner: SENDING to learner site_id=7, slot=381
I [/opt/actions-runner/_work/mako-fast-reads/mako-fast-reads/src/deptran/paxos/commo.cc:125] 2025-12-10 03:35:38.656 | ForwardToLearner: par_id=1, slot=382, n=3, proxies.size=4, batch_idx=0
I [/opt/actions-runner/_work/mako-fast-reads/mako-fast-reads/src/deptran/paxos/commo.cc:151] 2025-12-10 03:35:38.656 | ForwardToLearner: SENDING to learner site_id=7, slot=382
I [/opt/actions-runner/_work/mako-fast-reads/mako-fast-reads/src/deptran/paxos/commo.cc:125] 2025-12-10 03:35:38.676 | ForwardToLearner: par_id=0, slot=529, n=3, proxies.size=4, batch_idx=0
I [/opt/actions-runner/_work/mako-fast-reads/mako-fast-reads/src/deptran/paxos/commo.cc:151] 2025-12-10 03:35:38.676 | ForwardToLearner: SENDING to learner site_id=3, slot=529
I [/opt/actions-runner/_work/mako-fast-reads/mako-fast-reads/src/deptran/paxos/commo.cc:125] 2025-12-10 03:35:38.687 | ForwardToLearner: par_id=1, slot=383, n=3, proxies.size=4, batch_idx=0
I [/opt/actions-runner/_work/mako-fast-reads/mako-fast-reads/src/deptran/paxos/commo.cc:151] 2025-12-10 03:35:38.687 | ForwardToLearner: SENDING to learner site_id=7, slot=383
I [/opt/actions-runner/_work/mako-fast-reads/mako-fast-reads/src/deptran/paxos/commo.cc:125] 2025-12-10 03:35:38.722 | ForwardToLearner: par_id=0, slot=530, n=3, proxies.size=4, batch_idx=0
I [/opt/actions-runner/_work/mako-fast-reads/mako-fast-reads/src/deptran/paxos/commo.cc:151] 2025-12-10 03:35:38.722 | ForwardToLearner: SENDING to learner site_id=3, slot=530
I [/opt/actions-runner/_work/mako-fast-reads/mako-fast-reads/src/deptran/paxos/commo.cc:125] 2025-12-10 03:35:38.737 | ForwardToLearner: par_id=1, slot=384, n=3, proxies.size=4, batch_idx=0
I [/opt/actions-runner/_work/mako-fast-reads/mako-fast-reads/src/deptran/paxos/commo.cc:151] 2025-12-10 03:35:38.737 | ForwardToLearner: SENDING to learner site_id=7, slot=384
I [/opt/actions-runner/_work/mako-fast-reads/mako-fast-reads/src/deptran/paxos/commo.cc:125] 2025-12-10 03:35:38.739 | ForwardToLearner: par_id=0, slot=531, n=3, proxies.size=4, batch_idx=0
I [/opt/actions-runner/_work/mako-fast-reads/mako-fast-reads/src/deptran/paxos/commo.cc:151] 2025-12-10 03:35:38.739 | ForwardToLearner: SENDING to learner site_id=3, slot=531
I [/opt/actions-runner/_work/mako-fast-reads/mako-fast-reads/src/deptran/paxos/commo.cc:125] 2025-12-10 03:35:38.779 | ForwardToLearner: par_id=1, slot=385, n=3, proxies.size=4, batch_idx=0
I [/opt/actions-runner/_work/mako-fast-reads/mako-fast-reads/src/deptran/paxos/commo.cc:151] 2025-12-10 03:35:38.779 | ForwardToLearner: SENDING to learner site_id=7, slot=385
I [/opt/actions-runner/_work/mako-fast-reads/mako-fast-reads/src/deptran/paxos/commo.cc:125] 2025-12-10 03:35:38.782 | ForwardToLearner: par_id=1, slot=386, n=3, proxies.size=4, batch_idx=0
I [/opt/actions-runner/_work/mako-fast-reads/mako-fast-reads/src/deptran/paxos/commo.cc:151] 2025-12-10 03:35:38.782 | ForwardToLearner: SENDING to learner site_id=7, slot=386
I [/opt/actions-runner/_work/mako-fast-reads/mako-fast-reads/src/deptran/paxos/commo.cc:125] 2025-12-10 03:35:38.783 | ForwardToLearner: par_id=0, slot=532, n=3, proxies.size=4, batch_idx=0
I [/opt/actions-runner/_work/mako-fast-reads/mako-fast-reads/src/deptran/paxos/commo.cc:151] 2025-12-10 03:35:38.783 | ForwardToLearner: SENDING to learner site_id=3, slot=532
I [/opt/actions-runner/_work/mako-fast-reads/mako-fast-reads/src/deptran/paxos/commo.cc:125] 2025-12-10 03:35:38.822 | ForwardToLearner: par_id=0, slot=533, n=3, proxies.size=4, batch_idx=0
I [/opt/actions-runner/_work/mako-fast-reads/mako-fast-reads/src/deptran/paxos/commo.cc:151] 2025-12-10 03:35:38.822 | ForwardToLearner: SENDING to learner site_id=3, slot=533
I [/opt/actions-runner/_work/mako-fast-reads/mako-fast-reads/src/deptran/paxos/commo.cc:125] 2025-12-10 03:35:38.824 | ForwardToLearner: par_id=1, slot=387, n=3, proxies.size=4, batch_idx=0
I [/opt/actions-runner/_work/mako-fast-reads/mako-fast-reads/src/deptran/paxos/commo.cc:151] 2025-12-10 03:35:38.824 | ForwardToLearner: SENDING to learner site_id=7, slot=387
I [/opt/actions-runner/_work/mako-fast-reads/mako-fast-reads/src/deptran/paxos/commo.cc:125] 2025-12-10 03:35:38.855 | ForwardToLearner: par_id=0, slot=534, n=3, proxies.size=4, batch_idx=0
I [/opt/actions-runner/_work/mako-fast-reads/mako-fast-reads/src/deptran/paxos/commo.cc:151] 2025-12-10 03:35:38.855 | ForwardToLearner: SENDING to learner site_id=3, slot=534
I [/opt/actions-runner/_work/mako-fast-reads/mako-fast-reads/src/deptran/paxos/commo.cc:125] 2025-12-10 03:35:38.865 | ForwardToLearner: par_id=1, slot=388, n=3, proxies.size=4, batch_idx=0
I [/opt/actions-runner/_work/mako-fast-reads/mako-fast-reads/src/deptran/paxos/commo.cc:151] 2025-12-10 03:35:38.865 | ForwardToLearner: SENDING to learner site_id=7, slot=388
I [/opt/actions-runner/_work/mako-fast-reads/mako-fast-reads/src/deptran/paxos/commo.cc:125] 2025-12-10 03:35:38.872 | ForwardToLearner: par_id=1, slot=389, n=3, proxies.size=4, batch_idx=0
I [/opt/actions-runner/_work/mako-fast-reads/mako-fast-reads/src/deptran/paxos/commo.cc:151] 2025-12-10 03:35:38.872 | ForwardToLearner: SENDING to learner site_id=7, slot=389
I [/opt/actions-runner/_work/mako-fast-reads/mako-fast-reads/src/deptran/paxos/commo.cc:125] 2025-12-10 03:35:38.879 | ForwardToLearner: par_id=0, slot=535, n=3, proxies.size=4, batch_idx=0
I [/opt/actions-runner/_work/mako-fast-reads/mako-fast-reads/src/deptran/paxos/commo.cc:151] 2025-12-10 03:35:38.879 | ForwardToLearner: SENDING to learner site_id=3, slot=535
I [/opt/actions-runner/_work/mako-fast-reads/mako-fast-reads/src/deptran/paxos/commo.cc:125] 2025-12-10 03:35:38.924 | ForwardToLearner: par_id=1, slot=390, n=3, proxies.size=4, batch_idx=0
I [/opt/actions-runner/_work/mako-fast-reads/mako-fast-reads/src/deptran/paxos/commo.cc:151] 2025-12-10 03:35:38.924 | ForwardToLearner: SENDING to learner site_id=7, slot=390
I [/opt/actions-runner/_work/mako-fast-reads/mako-fast-reads/src/deptran/paxos/commo.cc:125] 2025-12-10 03:35:38.926 | ForwardToLearner: par_id=0, slot=536, n=3, proxies.size=4, batch_idx=0
I [/opt/actions-runner/_work/mako-fast-reads/mako-fast-reads/src/deptran/paxos/commo.cc:151] 2025-12-10 03:35:38.926 | ForwardToLearner: SENDING to learner site_id=3, slot=536
I [/opt/actions-runner/_work/mako-fast-reads/mako-fast-reads/src/deptran/paxos/commo.cc:125] 2025-12-10 03:35:38.963 | ForwardToLearner: par_id=1, slot=391, n=3, proxies.size=4, batch_idx=0
I [/opt/actions-runner/_work/mako-fast-reads/mako-fast-reads/src/deptran/paxos/commo.cc:151] 2025-12-10 03:35:38.963 | ForwardToLearner: SENDING to learner site_id=7, slot=391
I [/opt/actions-runner/_work/mako-fast-reads/mako-fast-reads/src/deptran/paxos/commo.cc:125] 2025-12-10 03:35:38.970 | ForwardToLearner: par_id=0, slot=537, n=3, proxies.size=4, batch_idx=0
I [/opt/actions-runner/_work/mako-fast-reads/mako-fast-reads/src/deptran/paxos/commo.cc:151] 2025-12-10 03:35:38.970 | ForwardToLearner: SENDING to learner site_id=3, slot=537
I [/opt/actions-runner/_work/mako-fast-reads/mako-fast-reads/src/deptran/paxos/commo.cc:125] 2025-12-10 03:35:38.975 | ForwardToLearner: par_id=0, slot=538, n=3, proxies.size=4, batch_idx=0
I [/opt/actions-runner/_work/mako-fast-reads/mako-fast-reads/src/deptran/paxos/commo.cc:151] 2025-12-10 03:35:38.975 | ForwardToLearner: SENDING to learner site_id=3, slot=538
I [/opt/actions-runner/_work/mako-fast-reads/mako-fast-reads/src/deptran/paxos/commo.cc:125] 2025-12-10 03:35:39.003 | ForwardToLearner: par_id=1, slot=392, n=3, proxies.size=4, batch_idx=0
I [/opt/actions-runner/_work/mako-fast-reads/mako-fast-reads/src/deptran/paxos/commo.cc:151] 2025-12-10 03:35:39.003 | ForwardToLearner: SENDING to learner site_id=7, slot=392
I [/opt/actions-runner/_work/mako-fast-reads/mako-fast-reads/src/deptran/paxos/commo.cc:125] 2025-12-10 03:35:39.010 | ForwardToLearner: par_id=1, slot=393, n=3, proxies.size=4, batch_idx=0
I [/opt/actions-runner/_work/mako-fast-reads/mako-fast-reads/src/deptran/paxos/commo.cc:151] 2025-12-10 03:35:39.010 | ForwardToLearner: SENDING to learner site_id=7, slot=393
I [/opt/actions-runner/_work/mako-fast-reads/mako-fast-reads/src/deptran/paxos/commo.cc:125] 2025-12-10 03:35:39.020 | ForwardToLearner: par_id=0, slot=539, n=3, proxies.size=4, batch_idx=0
I [/opt/actions-runner/_work/mako-fast-reads/mako-fast-reads/src/deptran/paxos/commo.cc:151] 2025-12-10 03:35:39.020 | ForwardToLearner: SENDING to learner site_id=3, slot=539
I [/opt/actions-runner/_work/mako-fast-reads/mako-fast-reads/src/deptran/paxos/commo.cc:125] 2025-12-10 03:35:39.057 | ForwardToLearner: par_id=1, slot=394, n=3, proxies.size=4, batch_idx=0
I [/opt/actions-runner/_work/mako-fast-reads/mako-fast-reads/src/deptran/paxos/commo.cc:151] 2025-12-10 03:35:39.057 | ForwardToLearner: SENDING to learner site_id=7, slot=394
I [/opt/actions-runner/_work/mako-fast-reads/mako-fast-reads/src/deptran/paxos/commo.cc:125] 2025-12-10 03:35:39.065 | ForwardToLearner: par_id=0, slot=540, n=3, proxies.size=4, batch_idx=0
I [/opt/actions-runner/_work/mako-fast-reads/mako-fast-reads/src/deptran/paxos/commo.cc:151] 2025-12-10 03:35:39.065 | ForwardToLearner: SENDING to learner site_id=3, slot=540
I [/opt/actions-runner/_work/mako-fast-reads/mako-fast-reads/src/deptran/paxos/commo.cc:125] 2025-12-10 03:35:39.095 | ForwardToLearner: par_id=0, slot=541, n=3, proxies.size=4, batch_idx=0
I [/opt/actions-runner/_work/mako-fast-reads/mako-fast-reads/src/deptran/paxos/commo.cc:151] 2025-12-10 03:35:39.095 | ForwardToLearner: SENDING to learner site_id=3, slot=541
I [/opt/actions-runner/_work/mako-fast-reads/mako-fast-reads/src/deptran/paxos/commo.cc:125] 2025-12-10 03:35:39.100 | ForwardToLearner: par_id=1, slot=395, n=3, proxies.size=4, batch_idx=0
I [/opt/actions-runner/_work/mako-fast-reads/mako-fast-reads/src/deptran/paxos/commo.cc:151] 2025-12-10 03:35:39.100 | ForwardToLearner: SENDING to learner site_id=7, slot=395
I [/opt/actions-runner/_work/mako-fast-reads/mako-fast-reads/src/deptran/paxos/commo.cc:125] 2025-12-10 03:35:39.109 | ForwardToLearner: par_id=0, slot=542, n=3, proxies.size=4, batch_idx=0
I [/opt/actions-runner/_work/mako-fast-reads/mako-fast-reads/src/deptran/paxos/commo.cc:151] 2025-12-10 03:35:39.109 | ForwardToLearner: SENDING to learner site_id=3, slot=542
I [/opt/actions-runner/_work/mako-fast-reads/mako-fast-reads/src/deptran/paxos/commo.cc:125] 2025-12-10 03:35:39.109 | ForwardToLearner: par_id=1, slot=396, n=3, proxies.size=4, batch_idx=0
I [/opt/actions-runner/_work/mako-fast-reads/mako-fast-reads/src/deptran/paxos/commo.cc:151] 2025-12-10 03:35:39.109 | ForwardToLearner: SENDING to learner site_id=7, slot=396
I [/opt/actions-runner/_work/mako-fast-reads/mako-fast-reads/src/deptran/paxos/commo.cc:125] 2025-12-10 03:35:39.148 | ForwardToLearner: par_id=1, slot=397, n=3, proxies.size=4, batch_idx=0
I [/opt/actions-runner/_work/mako-fast-reads/mako-fast-reads/src/deptran/paxos/commo.cc:151] 2025-12-10 03:35:39.148 | ForwardToLearner: SENDING to learner site_id=7, slot=397
I [/opt/actions-runner/_work/mako-fast-reads/mako-fast-reads/src/deptran/paxos/commo.cc:125] 2025-12-10 03:35:39.158 | ForwardToLearner: par_id=0, slot=543, n=3, proxies.size=4, batch_idx=0
I [/opt/actions-runner/_work/mako-fast-reads/mako-fast-reads/src/deptran/paxos/commo.cc:151] 2025-12-10 03:35:39.158 | ForwardToLearner: SENDING to learner site_id=3, slot=543
I [/opt/actions-runner/_work/mako-fast-reads/mako-fast-reads/src/deptran/paxos/commo.cc:125] 2025-12-10 03:35:39.194 | ForwardToLearner: par_id=1, slot=398, n=3, proxies.size=4, batch_idx=0
I [/opt/actions-runner/_work/mako-fast-reads/mako-fast-reads/src/deptran/paxos/commo.cc:151] 2025-12-10 03:35:39.194 | ForwardToLearner: SENDING to learner site_id=7, slot=398
I [/opt/actions-runner/_work/mako-fast-reads/mako-fast-reads/src/deptran/paxos/commo.cc:125] 2025-12-10 03:35:39.217 | ForwardToLearner: par_id=0, slot=544, n=3, proxies.size=4, batch_idx=0
I [/opt/actions-runner/_work/mako-fast-reads/mako-fast-reads/src/deptran/paxos/commo.cc:151] 2025-12-10 03:35:39.217 | ForwardToLearner: SENDING to learner site_id=3, slot=544
I [/opt/actions-runner/_work/mako-fast-reads/mako-fast-reads/src/deptran/paxos/commo.cc:125] 2025-12-10 03:35:39.233 | ForwardToLearner: par_id=0, slot=545, n=3, proxies.size=4, batch_idx=0
I [/opt/actions-runner/_work/mako-fast-reads/mako-fast-reads/src/deptran/paxos/commo.cc:151] 2025-12-10 03:35:39.233 | ForwardToLearner: SENDING to learner site_id=3, slot=545
I [/opt/actions-runner/_work/mako-fast-reads/mako-fast-reads/src/deptran/paxos/commo.cc:125] 2025-12-10 03:35:39.238 | ForwardToLearner: par_id=1, slot=399, n=3, proxies.size=4, batch_idx=0
I [/opt/actions-runner/_work/mako-fast-reads/mako-fast-reads/src/deptran/paxos/commo.cc:151] 2025-12-10 03:35:39.238 | ForwardToLearner: SENDING to learner site_id=7, slot=399
I [/opt/actions-runner/_work/mako-fast-reads/mako-fast-reads/src/deptran/paxos/commo.cc:125] 2025-12-10 03:35:39.251 | ForwardToLearner: par_id=1, slot=400, n=3, proxies.size=4, batch_idx=0
I [/opt/actions-runner/_work/mako-fast-reads/mako-fast-reads/src/deptran/paxos/commo.cc:151] 2025-12-10 03:35:39.251 | ForwardToLearner: SENDING to learner site_id=7, slot=400
I [/opt/actions-runner/_work/mako-fast-reads/mako-fast-reads/src/deptran/paxos/commo.cc:125] 2025-12-10 03:35:39.262 | ForwardToLearner: par_id=0, slot=546, n=3, proxies.size=4, batch_idx=0
I [/opt/actions-runner/_work/mako-fast-reads/mako-fast-reads/src/deptran/paxos/commo.cc:151] 2025-12-10 03:35:39.262 | ForwardToLearner: SENDING to 20251110-03:35.39-372993(us) 19466 * wait_for_termination (mako.hh:538):      follower is waiting for being ended: 0/2, noops_cnt:0, replay_batch:948, wait_time:15s

learner site_id=3, slot=546
I [/opt/actions-runner/_work/mako-fast-reads/mako-fast-reads/src/deptran/paxos/commo.cc:125] 2025-12-10 03:35:39.306 | ForwardToLearner: par_id=1, slot=401, n=3, proxies.size=4, batch_idx=0
I [/opt/actions-runner/_work/mako-fast-reads/mako-fast-reads/src/deptran/paxos/commo.cc:151] 2025-12-10 03:35:39.306 | ForwardToLearner: SENDING to learner site_id=7, slot=401
I [/opt/actions-runner/_work/mako-fast-reads/mako-fast-reads/src/deptran/paxos/commo.cc:125] 2025-12-10 03:35:39.307 | ForwardToLearner: par_id=0, slot=547, n=3, proxies.size=4, batch_idx=0
I [/opt/actions-runner/_work/mako-fast-reads/mako-fast-reads/src/deptran/paxos/commo.cc:151] 2025-12-10 03:35:39.307 | ForwardToLearner: SENDING to learner site_id=3, slot=547
I [/opt/actions-runner/_work/mako-fast-reads/mako-fast-reads/src/deptran/paxos/commo.cc:125] 2025-12-10 03:35:39.347 | ForwardToLearner: par_id=1, slot=402, n=3, proxies.size=4, batch_idx=0
I [/opt/actions-runner/_work/mako-fast-reads/mako-fast-reads/src/deptran/paxos/commo.cc:151] 2025-12-10 03:35:39.347 | ForwardToLearner: SENDING to learner site_id=7, slot=402
I [/opt/actions-runner/_work/mako-fast-reads/mako-fast-reads/src/deptran/paxos/commo.cc:125] 2025-12-10 03:35:39.353 | ForwardToLearner: par_id=0, slot=548, n=3, proxies.size=4, batch_idx=0
I [/opt/actions-runner/_work/mako-fast-reads/mako-fast-reads/src/deptran/paxos/commo.cc:151] 2025-12-10 03:35:39.353 | ForwardToLearner: SENDING to learner site_id=3, slot=548
I [/opt/actions-runner/_work/mako-fast-reads/mako-fast-reads/src/deptran/paxos/commo.cc:125] 2025-12-10 03:35:39.359 | ForwardToLearner: par_id=0, slot=549, n=3, proxies.size=4, batch_idx=0
I [/opt/actions-runner/_work/mako-fast-reads/mako-fast-reads/src/deptran/paxos/commo.cc:151] 2025-12-10 03:35:39.359 | ForwardToLearner: SENDING to learner site_id=3, slot=549
I [/opt/actions-runner/_work/mako-fast-reads/mako-fast-reads/src/deptran/paxos/commo.cc:125] 2025-12-10 03:35:39.368 | ForwardToLearner: par_id=1, slot=403, n=3, proxies.size=4, batch_idx=0
I [/opt/actions-runner/_work/mako-fast-reads/mako-fast-reads/src/deptran/paxos/commo.cc:151] 2025-12-10 03:35:39.368 | ForwardToLearner: SENDING to learner site_id=7, slot=403
I [/opt/actions-runner/_work/mako-fast-reads/mako-fast-reads/src/deptran/paxos/commo.cc:125] 2025-12-10 03:35:39.388 | ForwardToLearner: par_id=1, slot=404, n=3, proxies.size=4, batch_idx=0
I [/opt/actions-runner/_work/mako-fast-reads/mako-fast-reads/src/deptran/paxos/commo.cc:151] 2025-12-10 03:35:39.388 | ForwardToLearner: SENDING to learner site_id=7, slot=404
I [/opt/actions-runner/_work/mako-fast-reads/mako-fast-reads/src/deptran/paxos/commo.cc:125] 2025-12-10 03:35:39.406 | ForwardToLearner: par_id=0, slot=550, n=3, proxies.size=4, batch_idx=0
I [/opt/actions-runner/_work/mako-fast-reads/mako-fast-reads/src/deptran/paxos/commo.cc:151] 2025-12-10 03:35:39.406 | ForwardToLearner: SENDING to learner site_id=3, slot=550
I [/opt/actions-runner/_work/mako-fast-reads/mako-fast-reads/src/deptran/paxos/commo.cc:125] 2025-12-10 03:35:39.442 | ForwardToLearner: par_id=1, slot=405, n=3, proxies.size=4, batch_idx=0
I [/opt/actions-runner/_work/mako-fast-reads/mako-fast-reads/src/deptran/paxos/commo.cc:151] 2025-12-10 03:35:39.442 | ForwardToLearner: SENDING to learner site_id=7, slot=405
I [/opt/actions-runner/_work/mako-fast-reads/mako-fast-reads/src/deptran/paxos/commo.cc:125] 2025-12-10 03:35:39.463 | ForwardToLearner: par_id=0, slot=551, n=3, proxies.size=4, batch_idx=0
I [/opt/actions-runner/_work/mako-fast-reads/mako-fast-reads/src/deptran/paxos/commo.cc:151] 2025-12-10 03:35:39.463 | ForwardToLearner: SENDING to learner site_id=3, slot=551
I [/opt/actions-runner/_work/mako-fast-reads/mako-fast-reads/src/deptran/paxos/commo.cc:125] 2025-12-10 03:35:39.477 | ForwardToLearner: par_id=1, slot=406, n=3, proxies.size=4, batch_idx=0
I [/opt/actions-runner/_work/mako-fast-reads/mako-fast-reads/src/deptran/paxos/commo.cc:151] 2025-12-10 03:35:39.477 | ForwardToLearner: SENDING to learner site_id=7, slot=406
I [/opt/actions-runner/_work/mako-fast-reads/mako-fast-reads/src/deptran/paxos/commo.cc:125] 2025-12-10 03:35:39.492 | ForwardToLearner: par_id=1, slot=407, n=3, proxies.size=4, batch_idx=0
I [/opt/actions-runner/_work/mako-fast-reads/mako-fast-reads/src/deptran/paxos/commo.cc:151] 2025-12-10 03:35:39.492 | ForwardToLearner: SENDING to learner site_id=7, slot=407
I [/opt/actions-runner/_work/mako-fast-reads/mako-fast-reads/src/deptran/paxos/commo.cc:125] 2025-12-10 03:35:39.493 | ForwardToLearner: par_id=0, slot=552, n=3, proxies.size=4, batch_idx=0
I [/opt/actions-runner/_work/mako-fast-reads/mako-fast-reads/src/deptran/paxos/commo.cc:151] 2025-12-10 03:35:39.493 | ForwardToLearner: SENDING to learner site_id=3, slot=552
I [/opt/actions-runner/_work/mako-fast-reads/mako-fast-reads/src/deptran/paxos/commo.cc:125] 2025-12-10 03:35:39.515 | ForwardToLearner: par_id=0, slot=553, n=3, proxies.size=4, batch_idx=0
I [/opt/actions-runner/_work/mako-fast-reads/mako-fast-reads/src/deptran/paxos/commo.cc:151] 2025-12-10 03:35:39.515 | ForwardToLearner: SENDING to learner site_id=3, slot=553
I [/opt/actions-runner/_work/mako-fast-reads/mako-fast-reads/src/deptran/paxos/commo.cc:125] 2025-12-10 03:35:39.541 | ForwardToLearner: par_id=1, slot=408, n=3, proxies.size=4, batch_idx=0
I [/opt/actions-runner/_work/mako-fast-reads/mako-fast-reads/src/deptran/paxos/commo.cc:151] 2025-12-10 03:35:39.541 | ForwardToLearner: SENDING to learner site_id=7, slot=408
I [/opt/actions-runner/_work/mako-fast-reads/mako-fast-reads/src/deptran/paxos/commo.cc:125] 2025-12-10 03:35:39.556 | ForwardToLearner: par_id=0, slot=554, n=3, proxies.size=4, batch_idx=0
I [/opt/actions-runner/_work/mako-fast-reads/mako-fast-reads/src/deptran/paxos/commo.cc:151] 2025-12-10 03:35:39.556 | ForwardToLearner: SENDING to learner site_id=3, slot=554
I [/opt/actions-runner/_work/mako-fast-reads/mako-fast-reads/src/deptran/paxos/commo.cc:125] 2025-12-10 03:35:39.586 | ForwardToLearner: par_id=0, slot=555, n=3, proxies.size=4, batch_idx=0
I [/opt/actions-runner/_work/mako-fast-reads/mako-fast-reads/src/deptran/paxos/commo.cc:151] 2025-12-10 03:35:39.586 | ForwardToLearner: SENDING to learner site_id=3, slot=555
I [/opt/actions-runner/_work/mako-fast-reads/mako-fast-reads/src/deptran/paxos/commo.cc:125] 2025-12-10 03:35:39.586 | ForwardToLearner: par_id=1, slot=409, n=3, proxies.size=4, batch_idx=0
I [/opt/actions-runner/_work/mako-fast-reads/mako-fast-reads/src/deptran/paxos/commo.cc:151] 2025-12-10 03:35:39.586 | ForwardToLearner: SENDING to learner site_id=7, slot=409
I [/opt/actions-runner/_work/mako-fast-reads/mako-fast-reads/src/deptran/paxos/commo.cc:125] 2025-12-10 03:35:39.605 | ForwardToLearner: par_id=0, slot=556, n=3, proxies.size=4, batch_idx=0
I [/opt/actions-runner/_work/mako-fast-reads/mako-fast-reads/src/deptran/paxos/commo.cc:151] 2025-12-10 03:35:39.605 | ForwardToLearner: SENDING to learner site_id=3, slot=556
I [/opt/actions-runner/_work/mako-fast-reads/mako-fast-reads/src/deptran/paxos/commo.cc:125] 2025-12-10 03:35:39.609 | ForwardToLearner: par_id=1, slot=410, n=3, proxies.size=4, batch_idx=0
I [/opt/actions-runner/_work/mako-fast-reads/mako-fast-reads/src/deptran/paxos/commo.cc:151] 2025-12-10 03:35:39.609 | ForwardToLearner: SENDING to learner site_id=7, slot=410
I [/opt/actions-runner/_work/mako-fast-reads/mako-fast-reads/src/deptran/paxos/commo.cc:125] 2025-12-10 03:35:39.631 | ForwardToLearner: par_id=1, slot=411, n=3, proxies.size=4, batch_idx=0
I [/opt/actions-runner/_work/mako-fast-reads/mako-fast-reads/src/deptran/paxos/commo.cc:151] 2025-12-10 03:35:39.631 | ForwardToLearner: SENDING to learner site_id=7, slot=411
I [/opt/actions-runner/_work/mako-fast-reads/mako-fast-reads/src/deptran/paxos/commo.cc:125] 2025-12-10 03:35:39.655 | ForwardToLearner: par_id=0, slot=557, n=3, proxies.size=4, batch_idx=0
I [/opt/actions-runner/_work/mako-fast-reads/mako-fast-reads/src/deptran/paxos/commo.cc:151] 2025-12-10 03:35:39.655 | ForwardToLearner: SENDING to learner site_id=3, slot=557
I [/opt/actions-runner/_work/mako-fast-reads/mako-fast-reads/src/deptran/paxos/commo.cc:125] 2025-12-10 03:35:39.670 | ForwardToLearner: par_id=1, slot=412, n=3, proxies.size=4, batch_idx=0
I [/opt/actions-runner/_work/mako-fast-reads/mako-fast-reads/src/deptran/paxos/commo.cc:151] 2025-12-10 03:35:39.670 | ForwardToLearner: SENDING to learner site_id=7, slot=412
I [/opt/actions-runner/_work/mako-fast-reads/mako-fast-reads/src/deptran/paxos/commo.cc:125] 2025-12-10 03:35:39.690 | ForwardToLearner: par_id=1, slot=413, n=3, proxies.size=4, batch_idx=0
I [/opt/actions-runner/_work/mako-fast-reads/mako-fast-reads/src/deptran/paxos/commo.cc:151] 2025-12-10 03:35:39.690 | ForwardToLearner: SENDING to learner site_id=7, slot=413
I [/opt/actions-runner/_work/mako-fast-reads/mako-fast-reads/src/deptran/paxos/commo.cc:125] 2025-12-10 03:35:39.702 | ForwardToLearner: par_id=0, slot=558, n=3, proxies.size=4, batch_idx=0
I [/opt/actions-runner/_work/mako-fast-reads/mako-fast-reads/src/deptran/paxos/commo.cc:151] 2025-12-10 03:35:39.702 | ForwardToLearner: SENDING to learner site_id=3, slot=558
I [/opt/actions-runner/_work/mako-fast-reads/mako-fast-reads/src/deptran/paxos/commo.cc:125] 2025-12-10 03:35:39.713 | ForwardToLearner: par_id=1, slot=414, n=3, proxies.size=4, batch_idx=0
I [/opt/actions-runner/_work/mako-fast-reads/mako-fast-reads/src/deptran/paxos/commo.cc:151] 2025-12-10 03:35:39.713 | ForwardToLearner: SENDING to learner site_id=7, slot=414
I [/opt/actions-runner/_work/mako-fast-reads/mako-fast-reads/src/deptran/paxos/commo.cc:125] 2025-12-10 03:35:39.740 | ForwardToLearner: par_id=0, slot=559, n=3, proxies.size=4, batch_idx=0
I [/opt/actions-runner/_work/mako-fast-reads/mako-fast-reads/src/deptran/paxos/commo.cc:151] 2025-12-10 03:35:39.740 | ForwardToLearner: SENDING to learner site_id=3, slot=559
I [/opt/actions-runner/_work/mako-fast-reads/mako-fast-reads/src/deptran/paxos/commo.cc:125] 2025-12-10 03:35:39.754 | ForwardToLearner: par_id=0, slot=560, n=3, proxies.size=4, batch_idx=0
I [/opt/actions-runner/_work/mako-fast-reads/mako-fast-reads/src/deptran/paxos/commo.cc:151] 2025-12-10 03:35:39.754 | ForwardToLearner: SENDING to learner site_id=3, slot=560
I [/opt/actions-runner/_work/mako-fast-reads/mako-fast-reads/src/deptran/paxos/commo.cc:125] 2025-12-10 03:35:39.764 | ForwardToLearner: par_id=1, slot=415, n=3, proxies.size=4, batch_idx=0
I [/opt/actions-runner/_work/mako-fast-reads/mako-fast-reads/src/deptran/paxos/commo.cc:151] 2025-12-10 03:35:39.764 | ForwardToLearner: SENDING to learner site_id=7, slot=415
I [/opt/actions-runner/_work/mako-fast-reads/mako-fast-reads/src/deptran/paxos/commo.cc:125] 2025-12-10 03:35:39.804 | ForwardToLearner: par_id=1, slot=416, n=3, proxies.size=4, batch_idx=0
I [/opt/actions-runner/_work/mako-fast-reads/mako-fast-reads/src/deptran/paxos/commo.cc:151] 2025-12-10 03:35:39.804 | ForwardToLearner: SENDING to learner site_id=7, slot=416
I [/opt/actions-runner/_work/mako-fast-reads/mako-fast-reads/src/deptran/paxos/commo.cc:125] 2025-12-10 03:35:39.809 | ForwardToLearner: par_id=0, slot=561, n=3, proxies.size=4, batch_idx=0
I [/opt/actions-runner/_work/mako-fast-reads/mako-fast-reads/src/deptran/paxos/commo.cc:151] 2025-12-10 03:35:39.809 | ForwardToLearner: SENDING to learner site_id=3, slot=561
I [/opt/actions-runner/_work/mako-fast-reads/mako-fast-reads/src/deptran/paxos/commo.cc:125] 2025-12-10 03:35:39.828 | ForwardToLearner: par_id=0, slot=562, n=3, proxies.size=4, batch_idx=0
I [/opt/actions-runner/_work/mako-fast-reads/mako-fast-reads/src/deptran/paxos/commo.cc:151] 2025-12-10 03:35:39.828 | ForwardToLearner: SENDING to learner site_id=3, slot=562
I [/opt/actions-runner/_work/mako-fast-reads/mako-fast-reads/src/deptran/paxos/commo.cc:125] 2025-12-10 03:35:39.846 | ForwardToLearner: par_id=1, slot=417, n=3, proxies.size=4, batch_idx=0
I [/opt/actions-runner/_work/mako-fast-reads/mako-fast-reads/src/deptran/paxos/commo.cc:151] 2025-12-10 03:35:39.846 | ForwardToLearner: SENDING to learner site_id=7, slot=417
I [/opt/actions-runner/_work/mako-fast-reads/mako-fast-reads/src/deptran/paxos/commo.cc:125] 2025-12-10 03:35:39.855 | ForwardToLearner: par_id=0, slot=563, n=3, proxies.size=4, batch_idx=0
I [/opt/actions-runner/_work/mako-fast-reads/mako-fast-reads/src/deptran/paxos/commo.cc:151] 2025-12-10 03:35:39.855 | ForwardToLearner: SENDING to learner site_id=3, slot=563
I [/opt/actions-runner/_work/mako-fast-reads/mako-fast-reads/src/deptran/paxos/commo.cc:125] 2025-12-10 03:35:39.859 | ForwardToLearner: par_id=1, slot=418, n=3, proxies.size=4, batch_idx=0
I [/opt/actions-runner/_work/mako-fast-reads/mako-fast-reads/src/deptran/paxos/commo.cc:151] 2025-12-10 03:35:39.859 | ForwardToLearner: SENDING to learner site_id=7, slot=418
I [/opt/actions-runner/_work/mako-fast-reads/mako-fast-reads/src/deptran/paxos/commo.cc:125] 2025-12-10 03:35:39.892 | ForwardToLearner: par_id=1, slot=419, n=3, proxies.size=4, batch_idx=0
I [/opt/actions-runner/_work/mako-fast-reads/mako-fast-reads/src/deptran/paxos/commo.cc:151] 2025-12-10 03:35:39.892 | ForwardToLearner: SENDING to learner site_id=7, slot=419
I [/opt/actions-runner/_work/mako-fast-reads/mako-fast-reads/src/deptran/paxos/commo.cc:125] 2025-12-10 03:35:39.905 | ForwardToLearner: par_id=0, slot=564, n=3, proxies.size=4, batch_idx=0
I [/opt/actions-runner/_work/mako-fast-reads/mako-fast-reads/src/deptran/paxos/commo.cc:151] 2025-12-10 03:35:39.905 | ForwardToLearner: SENDING to learner site_id=3, slot=564
I [/opt/actions-runner/_work/mako-fast-reads/mako-fast-reads/src/deptran/paxos/commo.cc:125] 2025-12-10 03:35:39.934 | ForwardToLearner: par_id=1, slot=420, n=3, proxies.size=4, batch_idx=0
I [/opt/actions-runner/_work/mako-fast-reads/mako-fast-reads/src/deptran/paxos/commo.cc:151] 2025-12-10 03:35:39.934 | ForwardToLearner: SENDING to learner site_id=7, slot=420
I [/opt/actions-runner/_work/mako-fast-reads/mako-fast-reads/src/deptran/paxos/commo.cc:125] 2025-12-10 03:35:39.953 | ForwardToLearner: par_id=0, slot=565, n=3, proxies.size=4, batch_idx=0
I [/opt/actions-runner/_work/mako-fast-reads/mako-fast-reads/src/deptran/paxos/commo.cc:151] 2025-12-10 03:35:39.953 | ForwardToLearner: SENDING to learner site_id=3, slot=565
I [/opt/actions-runner/_work/mako-fast-reads/mako-fast-reads/src/deptran/paxos/commo.cc:125] 2025-12-10 03:35:39.956 | ForwardToLearner: par_id=0, slot=566, n=3, proxies.size=4, batch_idx=0
I [/opt/actions-runner/_work/mako-fast-reads/mako-fast-reads/src/deptran/paxos/commo.cc:151] 2025-12-10 03:35:39.956 | ForwardToLearner: SENDING to learner site_id=3, slot=566
I [/opt/actions-runner/_work/mako-fast-reads/mako-fast-reads/src/deptran/paxos/commo.cc:125] 2025-12-10 03:35:39.965 | ForwardToLearner: par_id=1, slot=421, n=3, proxies.size=4, batch_idx=0
I [/opt/actions-runner/_work/mako-fast-reads/mako-fast-reads/src/deptran/paxos/commo.cc:151] 2025-12-10 03:35:39.965 | ForwardToLearner: SENDING to learner site_id=7, slot=421
I [/opt/actions-runner/_work/mako-fast-reads/mako-fast-reads/src/deptran/paxos/commo.cc:125] 2025-12-10 03:35:39.988 | ForwardToLearner: par_id=1, slot=422, n=3, proxies.size=4, batch_idx=0
I [/opt/actions-runner/_work/mako-fast-reads/mako-fast-reads/src/deptran/paxos/commo.cc:151] 2025-12-10 03:35:39.988 | ForwardToLearner: SENDING to learner site_id=7, slot=422
I [/opt/actions-runner/_work/mako-fast-reads/mako-fast-reads/src/deptran/paxos/commo.cc:125] 2025-12-10 03:35:40.004 | ForwardToLearner: par_id=0, slot=567, n=3, proxies.size=4, batch_idx=0
I [/opt/actions-runner/_work/mako-fast-reads/mako-fast-reads/src/deptran/paxos/commo.cc:151] 2025-12-10 03:35:40.004 | ForwardToLearner: SENDING to learner site_id=3, slot=567
I [/opt/actions-runner/_work/mako-fast-reads/mako-fast-reads/src/deptran/paxos/commo.cc:125] 2025-12-10 03:35:40.030 | ForwardToLearner: par_id=1, slot=423, n=3, proxies.size=4, batch_idx=0
I [/opt/actions-runner/_work/mako-fast-reads/mako-fast-reads/src/deptran/paxos/commo.cc:151] 2025-12-10 03:35:40.030 | ForwardToLearner: SENDING to learner site_id=7, slot=423
I [/opt/actions-runner/_work/mako-fast-reads/mako-fast-reads/src/deptran/paxos/commo.cc:125] 2025-12-10 03:35:40.049 | ForwardToLearner: par_id=0, slot=568, n=3, proxies.size=4, batch_idx=0
I [/opt/actions-runner/_work/mako-fast-reads/mako-fast-reads/src/deptran/paxos/commo.cc:151] 2025-12-10 03:35:40.049 | ForwardToLearner: SENDING to learner site_id=3, slot=568
I [/opt/actions-runner/_work/mako-fast-reads/mako-fast-reads/src/deptran/paxos/commo.cc:125] 2025-12-10 03:35:40.064 | ForwardToLearner: par_id=1, slot=424, n=3, proxies.size=4, batch_idx=0
I [/opt/actions-runner/_work/mako-fast-reads/mako-fast-reads/src/deptran/paxos/commo.cc:151] 2025-12-10 03:35:40.064 | ForwardToLearner: SENDING to learner site_id=7, slot=424
I [/opt/actions-runner/_work/mako-fast-reads/mako-fast-reads/src/deptran/paxos/commo.cc:125] 2025-12-10 03:35:40.069 | ForwardToLearner: par_id=0, slot=569, n=3, proxies.size=4, batch_idx=0
I [/opt/actions-runner/_work/mako-fast-reads/mako-fast-reads/src/deptran/paxos/commo.cc:151] 2025-12-10 03:35:40.069 | ForwardToLearner: SENDING to learner site_id=3, slot=569
I [/opt/actions-runner/_work/mako-fast-reads/mako-fast-reads/src/deptran/paxos/commo.cc:125] 2025-12-10 03:35:40.091 | ForwardToLearner: par_id=0, slot=570, n=3, proxies.size=4, batch_idx=0
I [/opt/actions-runner/_work/mako-fast-reads/mako-fast-reads/src/deptran/paxos/commo.cc:151] 2025-12-10 03:35:40.091 | ForwardToLearner: SENDING to learner site_id=3, slot=570
I [/opt/actions-runner/_work/mako-fast-reads/mako-fast-reads/src/deptran/paxos/commo.cc:125] 2025-12-10 03:35:40.096 | ForwardToLearner: par_id=1, slot=425, n=3, proxies.size=4, batch_idx=0
I [/opt/actions-runner/_work/mako-fast-reads/mako-fast-reads/src/deptran/paxos/commo.cc:151] 2025-12-10 03:35:40.096 | ForwardToLearner: SENDING to learner site_id=7, slot=425
I [/opt/actions-runner/_work/mako-fast-reads/mako-fast-reads/src/deptran/paxos/commo.cc:125] 2025-12-10 03:35:40.109 | ForwardToLearner: par_id=1, slot=426, n=3, proxies.size=4, batch_idx=0
I [/opt/actions-runner/_work/mako-fast-reads/mako-fast-reads/src/deptran/paxos/commo.cc:151] 2025-12-10 03:35:40.109 | ForwardToLearner: SENDING to learner site_id=7, slot=426
I [/opt/actions-runner/_work/mako-fast-reads/mako-fast-reads/src/deptran/paxos/commo.cc:125] 2025-12-10 03:35:40.147 | ForwardToLearner: par_id=0, slot=571, n=3, proxies.size=4, batch_idx=0
I [/opt/actions-runner/_work/mako-fast-reads/mako-fast-reads/src/deptran/paxos/commo.cc:151] 2025-12-10 03:35:40.147 | ForwardToLearner: SENDING to learner site_id=3, slot=571
I [/opt/actions-runner/_work/mako-fast-reads/mako-fast-reads/src/deptran/paxos/commo.cc:125] 2025-12-10 03:35:40.154 | ForwardToLearner: par_id=1, slot=427, n=3, proxies.size=4, batch_idx=0
I [/opt/actions-runner/_work/mako-fast-reads/mako-fast-reads/src/deptran/paxos/commo.cc:151] 2025-12-10 03:35:40.154 | ForwardToLearner: SENDING to learner site_id=7, slot=427
I [/opt/actions-runner/_work/mako-fast-reads/mako-fast-reads/src/deptran/paxos/commo.cc:125] 2025-12-10 03:35:40.174 | ForwardToLearner: par_id=0, slot=572, n=3, proxies.size=4, batch_idx=0
I [/opt/actions-runner/_work/mako-fast-reads/mako-fast-reads/src/deptran/paxos/commo.cc:151] 2025-12-10 03:35:40.174 | ForwardToLearner: SENDING to learner site_id=3, slot=572
I [/opt/actions-runner/_work/mako-fast-reads/mako-fast-reads/src/deptran/paxos/commo.cc:125] 2025-12-10 03:35:40.193 | ForwardToLearner: par_id=0, slot=573, n=3, proxies.size=4, batch_idx=0
I [/opt/actions-runner/_work/mako-fast-reads/mako-fast-reads/src/deptran/paxos/commo.cc:151] 2025-12-10 03:35:40.193 | ForwardToLearner: SENDING to learner site_id=3, slot=573
I [/opt/actions-runner/_work/mako-fast-reads/mako-fast-reads/src/deptran/paxos/commo.cc:125] 2025-12-10 03:35:40.200 | ForwardToLearner: par_id=1, slot=428, n=3, proxies.size=4, batch_idx=0
I [/opt/actions-runner/_work/mako-fast-reads/mako-fast-reads/src/deptran/paxos/commo.cc:151] 2025-12-10 03:35:40.200 | ForwardToLearner: SENDING to learner site_id=7, slot=428
I [/opt/actions-runner/_work/mako-fast-reads/mako-fast-reads/src/deptran/paxos/commo.cc:125] 2025-12-10 03:35:40.205 | ForwardToLearner: par_id=1, slot=429, n=3, proxies.size=4, batch_idx=0
I [/opt/actions-runner/_work/mako-fast-reads/mako-fast-reads/src/deptran/paxos/commo.cc:151] 2025-12-10 03:35:40.205 | ForwardToLear20251110-03:35.40-373080(us) 19466 * wait_for_termination (mako.hh:538):      follower is waiting for being ended: 0/2, noops_cnt:0, replay_batch:1006, wait_time:16s

ner: SENDING to learner site_id=7, slot=429
I [/opt/actions-runner/_work/mako-fast-reads/mako-fast-reads/src/deptran/paxos/commo.cc:125] 2025-12-10 03:35:40.237 | ForwardToLearner: par_id=0, slot=574, n=3, proxies.size=4, batch_idx=0
I [/opt/actions-runner/_work/mako-fast-reads/mako-fast-reads/src/deptran/paxos/commo.cc:151] 2025-12-10 03:35:40.237 | ForwardToLearner: SENDING to learner site_id=3, slot=574
I [/opt/actions-runner/_work/mako-fast-reads/mako-fast-reads/src/deptran/paxos/commo.cc:125] 2025-12-10 03:35:40.251 | ForwardToLearner: par_id=1, slot=430, n=3, proxies.size=4, batch_idx=0
I [/opt/actions-runner/_work/mako-fast-reads/mako-fast-reads/src/deptran/paxos/commo.cc:151] 2025-12-10 03:35:40.251 | ForwardToLearner: SENDING to learner site_id=7, slot=430
I [/opt/actions-runner/_work/mako-fast-reads/mako-fast-reads/src/deptran/paxos/commo.cc:125] 2025-12-10 03:35:40.283 | ForwardToLearner: par_id=0, slot=575, n=3, proxies.size=4, batch_idx=0
I [/opt/actions-runner/_work/mako-fast-reads/mako-fast-reads/src/deptran/paxos/commo.cc:151] 2025-12-10 03:35:40.283 | ForwardToLearner: SENDING to learner site_id=3, slot=575
I [/opt/actions-runner/_work/mako-fast-reads/mako-fast-reads/src/deptran/paxos/commo.cc:125] 2025-12-10 03:35:40.288 | ForwardToLearner: par_id=1, slot=431, n=3, proxies.size=4, batch_idx=0
I [/opt/actions-runner/_work/mako-fast-reads/mako-fast-reads/src/deptran/paxos/commo.cc:151] 2025-12-10 03:35:40.288 | ForwardToLearner: SENDING to learner site_id=7, slot=431
I [/opt/actions-runner/_work/mako-fast-reads/mako-fast-reads/src/deptran/paxos/commo.cc:125] 2025-12-10 03:35:40.292 | ForwardToLearner: par_id=0, slot=576, n=3, proxies.size=4, batch_idx=0
I [/opt/actions-runner/_work/mako-fast-reads/mako-fast-reads/src/deptran/paxos/commo.cc:151] 2025-12-10 03:35:40.292 | ForwardToLearner: SENDING to learner site_id=3, slot=576
I [/opt/actions-runner/_work/mako-fast-reads/mako-fast-reads/src/deptran/paxos/commo.cc:125] 2025-12-10 03:35:40.336 | ForwardToLearner: par_id=1, slot=432, n=3, proxies.size=4, batch_idx=0
I [/opt/actions-runner/_work/mako-fast-reads/mako-fast-reads/src/deptran/paxos/commo.cc:151] 2025-12-10 03:35:40.336 | ForwardToLearner: SENDING to learner site_id=7, slot=432
I [/opt/actions-runner/_work/mako-fast-reads/mako-fast-reads/src/deptran/paxos/commo.cc:125] 2025-12-10 03:35:40.342 | ForwardToLearner: par_id=1, slot=433, n=3, proxies.size=4, batch_idx=0
I [/opt/actions-runner/_work/mako-fast-reads/mako-fast-reads/src/deptran/paxos/commo.cc:151] 2025-12-10 03:35:40.342 | ForwardToLearner: SENDING to learner site_id=7, slot=433
I [/opt/actions-runner/_work/mako-fast-reads/mako-fast-reads/src/deptran/paxos/commo.cc:125] 2025-12-10 03:35:40.343 | ForwardToLearner: par_id=0, slot=577, n=3, proxies.size=4, batch_idx=0
I [/opt/actions-runner/_work/mako-fast-reads/mako-fast-reads/src/deptran/paxos/commo.cc:151] 2025-12-10 03:35:40.343 | ForwardToLearner: SENDING to learner site_id=3, slot=577
I [/opt/actions-runner/_work/mako-fast-reads/mako-fast-reads/src/deptran/paxos/commo.cc:125] 2025-12-10 03:35:40.375 | ForwardToLearner: par_id=1, slot=434, n=3, proxies.size=4, batch_idx=0
I [/opt/actions-runner/_work/mako-fast-reads/mako-fast-reads/src/deptran/paxos/commo.cc:151] 2025-12-10 03:35:40.375 | ForwardToLearner: SENDING to learner site_id=7, slot=434
I [/opt/actions-runner/_work/mako-fast-reads/mako-fast-reads/src/deptran/paxos/commo.cc:125] 2025-12-10 03:35:40.383 | ForwardToLearner: par_id=0, slot=578, n=3, proxies.size=4, batch_idx=0
I [/opt/actions-runner/_work/mako-fast-reads/mako-fast-reads/src/deptran/paxos/commo.cc:151] 2025-12-10 03:35:40.383 | ForwardToLearner: SENDING to learner site_id=3, slot=578
I [/opt/actions-runner/_work/mako-fast-reads/mako-fast-reads/src/deptran/paxos/commo.cc:125] 2025-12-10 03:35:40.411 | ForwardToLearner: par_id=0, slot=579, n=3, proxies.size=4, batch_idx=0
I [/opt/actions-runner/_work/mako-fast-reads/mako-fast-reads/src/deptran/paxos/commo.cc:151] 2025-12-10 03:35:40.411 | ForwardToLearner: SENDING to learner site_id=3, slot=579
I [/opt/actions-runner/_work/mako-fast-reads/mako-fast-reads/src/deptran/paxos/commo.cc:125] 2025-12-10 03:35:40.424 | ForwardToLearner: par_id=0, slot=580, n=3, proxies.size=4, batch_idx=0
I [/opt/actions-runner/_work/mako-fast-reads/mako-fast-reads/src/deptran/paxos/commo.cc:151] 2025-12-10 03:35:40.424 | ForwardToLearner: SENDING to learner site_id=3, slot=580
I [/opt/actions-runner/_work/mako-fast-reads/mako-fast-reads/src/deptran/paxos/commo.cc:125] 2025-12-10 03:35:40.425 | ForwardToLearner: par_id=1, slot=435, n=3, proxies.size=4, batch_idx=0
I [/opt/actions-runner/_work/mako-fast-reads/mako-fast-reads/src/deptran/paxos/commo.cc:151] 2025-12-10 03:35:40.425 | ForwardToLearner: SENDING to learner site_id=7, slot=435
I [/opt/actions-runner/_work/mako-fast-reads/mako-fast-reads/src/deptran/paxos/commo.cc:125] 2025-12-10 03:35:40.441 | ForwardToLearner: par_id=1, slot=436, n=3, proxies.size=4, batch_idx=0
I [/opt/actions-runner/_work/mako-fast-reads/mako-fast-reads/src/deptran/paxos/commo.cc:151] 2025-12-10 03:35:40.441 | ForwardToLearner: SENDING to learner site_id=7, slot=436
I [/opt/actions-runner/_work/mako-fast-reads/mako-fast-reads/src/deptran/paxos/commo.cc:125] 2025-12-10 03:35:40.468 | ForwardToLearner: par_id=1, slot=437, n=3, proxies.size=4, batch_idx=0
I [/opt/actions-runner/_work/mako-fast-reads/mako-fast-reads/src/deptran/paxos/commo.cc:151] 2025-12-10 03:35:40.468 | ForwardToLearner: SENDING to learner site_id=7, slot=437
I [/opt/actions-runner/_work/mako-fast-reads/mako-fast-reads/src/deptran/paxos/commo.cc:125] 2025-12-10 03:35:40.469 | ForwardToLearner: par_id=0, slot=581, n=3, proxies.size=4, batch_idx=0
I [/opt/actions-runner/_work/mako-fast-reads/mako-fast-reads/src/deptran/paxos/commo.cc:151] 2025-12-10 03:35:40.469 | ForwardToLearner: SENDING to learner site_id=3, slot=581
I [/opt/actions-runner/_work/mako-fast-reads/mako-fast-reads/src/deptran/paxos/commo.cc:125] 2025-12-10 03:35:40.475 | ForwardToLearner: par_id=0, slot=582, n=3, proxies.size=4, batch_idx=0
I [/opt/actions-runner/_work/mako-fast-reads/mako-fast-reads/src/deptran/paxos/commo.cc:151] 2025-12-10 03:35:40.475 | ForwardToLearner: SENDING to learner site_id=3, slot=582
I [/opt/actions-runner/_work/mako-fast-reads/mako-fast-reads/src/deptran/paxos/commo.cc:125] 2025-12-10 03:35:40.511 | ForwardToLearner: par_id=1, slot=438, n=3, proxies.size=4, batch_idx=0
I [/opt/actions-runner/_work/mako-fast-reads/mako-fast-reads/src/deptran/paxos/commo.cc:151] 2025-12-10 03:35:40.511 | ForwardToLearner: SENDING to learner site_id=7, slot=438
I [/opt/actions-runner/_work/mako-fast-reads/mako-fast-reads/src/deptran/paxos/commo.cc:125] 2025-12-10 03:35:40.512 | ForwardToLearner: par_id=0, slot=583, n=3, proxies.size=4, batch_idx=0
I [/opt/actions-runner/_work/mako-fast-reads/mako-fast-reads/src/deptran/paxos/commo.cc:151] 2025-12-10 03:35:40.512 | ForwardToLearner: SENDING to learner site_id=3, slot=583
I [/opt/actions-runner/_work/mako-fast-reads/mako-fast-reads/src/deptran/paxos/commo.cc:125] 2025-12-10 03:35:40.555 | ForwardToLearner: par_id=1, slot=439, n=3, proxies.size=4, batch_idx=0
I [/opt/actions-runner/_work/mako-fast-reads/mako-fast-reads/src/deptran/paxos/commo.cc:151] 2025-12-10 03:35:40.555 | ForwardToLearner: SENDING to learner site_id=7, slot=439
I [/opt/actions-runner/_work/mako-fast-reads/mako-fast-reads/src/deptran/paxos/commo.cc:125] 2025-12-10 03:35:40.561 | ForwardToLearner: par_id=1, slot=440, n=3, proxies.size=4, batch_idx=0
I [/opt/actions-runner/_work/mako-fast-reads/mako-fast-reads/src/deptran/paxos/commo.cc:151] 2025-12-10 03:35:40.561 | ForwardToLearner: SENDING to learner site_id=7, slot=440
I [/opt/actions-runner/_work/mako-fast-reads/mako-fast-reads/src/deptran/paxos/commo.cc:125] 2025-12-10 03:35:40.568 | ForwardToLearner: par_id=0, slot=584, n=3, proxies.size=4, batch_idx=0
I [/opt/actions-runner/_work/mako-fast-reads/mako-fast-reads/src/deptran/paxos/commo.cc:151] 2025-12-10 03:35:40.568 | ForwardToLearner: SENDING to learner site_id=3, slot=584
I [/opt/actions-runner/_work/mako-fast-reads/mako-fast-reads/src/deptran/paxos/commo.cc:125] 2025-12-10 03:35:40.607 | ForwardToLearner: par_id=1, slot=441, n=3, proxies.size=4, batch_idx=0
I [/opt/actions-runner/_work/mako-fast-reads/mako-fast-reads/src/deptran/paxos/commo.cc:151] 2025-12-10 03:35:40.607 | ForwardToLearner: SENDING to learner site_id=7, slot=441
I [/opt/actions-runner/_work/mako-fast-reads/mako-fast-reads/src/deptran/paxos/commo.cc:125] 2025-12-10 03:35:40.616 | ForwardToLearner: par_id=0, slot=585, n=3, proxies.size=4, batch_idx=0
I [/opt/actions-runner/_work/mako-fast-reads/mako-fast-reads/src/deptran/paxos/commo.cc:151] 2025-12-10 03:35:40.616 | ForwardToLearner: SENDING to learner site_id=3, slot=585
I [/opt/actions-runner/_work/mako-fast-reads/mako-fast-reads/src/deptran/paxos/commo.cc:125] 2025-12-10 03:35:40.657 | ForwardToLearner: par_id=1, slot=442, n=3, proxies.size=4, batch_idx=0
I [/opt/actions-runner/_work/mako-fast-reads/mako-fast-reads/src/deptran/paxos/commo.cc:151] 2025-12-10 03:35:40.657 | ForwardToLearner: SENDING to learner site_id=7, slot=442
I [/opt/actions-runner/_work/mako-fast-reads/mako-fast-reads/src/deptran/paxos/commo.cc:125] 2025-12-10 03:35:40.658 | ForwardToLearner: par_id=0, slot=586, n=3, proxies.size=4, batch_idx=0
I [/opt/actions-runner/_work/mako-fast-reads/mako-fast-reads/src/deptran/paxos/commo.cc:151] 2025-12-10 03:35:40.658 | ForwardToLearner: SENDING to learner site_id=3, slot=586
I [/opt/actions-runner/_work/mako-fast-reads/mako-fast-reads/src/deptran/paxos/commo.cc:125] 2025-12-10 03:35:40.662 | ForwardToLearner: par_id=1, slot=443, n=3, proxies.size=4, batch_idx=0
I [/opt/actions-runner/_work/mako-fast-reads/mako-fast-reads/src/deptran/paxos/commo.cc:151] 2025-12-10 03:35:40.662 | ForwardToLearner: SENDING to learner site_id=7, slot=443
I [/opt/actions-runner/_work/mako-fast-reads/mako-fast-reads/src/deptran/paxos/commo.cc:125] 2025-12-10 03:35:40.667 | ForwardToLearner: par_id=0, slot=587, n=3, proxies.size=4, batch_idx=0
I [/opt/actions-runner/_work/mako-fast-reads/mako-fast-reads/src/deptran/paxos/commo.cc:151] 2025-12-10 03:35:40.667 | ForwardToLearner: SENDING to learner site_id=3, slot=587
I [/opt/actions-runner/_work/mako-fast-reads/mako-fast-reads/src/deptran/paxos/commo.cc:125] 2025-12-10 03:35:40.698 | ForwardToLearner: par_id=0, slot=588, n=3, proxies.size=4, batch_idx=0
I [/opt/actions-runner/_work/mako-fast-reads/mako-fast-reads/src/deptran/paxos/commo.cc:151] 2025-12-10 03:35:40.698 | ForwardToLearner: SENDING to learner site_id=3, slot=588
I [/opt/actions-runner/_work/mako-fast-reads/mako-fast-reads/src/deptran/paxos/commo.cc:125] 2025-12-10 03:35:40.708 | ForwardToLearner: par_id=1, slot=444, n=3, proxies.size=4, batch_idx=0
I [/opt/actions-runner/_work/mako-fast-reads/mako-fast-reads/src/deptran/paxos/commo.cc:151] 2025-12-10 03:35:40.708 | ForwardToLearner: SENDING to learner site_id=7, slot=444
I [/opt/actions-runner/_work/mako-fast-reads/mako-fast-reads/src/deptran/paxos/commo.cc:125] 2025-12-10 03:35:40.717 | ForwardToLearner: par_id=0, slot=589, n=3, proxies.size=4, batch_idx=0
I [/opt/actions-runner/_work/mako-fast-reads/mako-fast-reads/src/deptran/paxos/commo.cc:151] 2025-12-10 03:35:40.717 | ForwardToLearner: SENDING to learner site_id=3, slot=589
I [/opt/actions-runner/_work/mako-fast-reads/mako-fast-reads/src/deptran/paxos/commo.cc:125] 2025-12-10 03:35:40.752 | ForwardToLearner: par_id=1, slot=445, n=3, proxies.size=4, batch_idx=0
I [/opt/actions-runner/_work/mako-fast-reads/mako-fast-reads/src/deptran/paxos/commo.cc:151] 2025-12-10 03:35:40.752 | ForwardToLearner: SENDING to learner site_id=7, slot=445
I [/opt/actions-runner/_work/mako-fast-reads/mako-fast-reads/src/deptran/paxos/commo.cc:125] 2025-12-10 03:35:40.761 | ForwardToLearner: par_id=0, slot=590, n=3, proxies.size=4, batch_idx=0
I [/opt/actions-runner/_work/mako-fast-reads/mako-fast-reads/src/deptran/paxos/commo.cc:151] 2025-12-10 03:35:40.761 | ForwardToLearner: SENDING to learner site_id=3, slot=590
I [/opt/actions-runner/_work/mako-fast-reads/mako-fast-reads/src/deptran/paxos/commo.cc:125] 2025-12-10 03:35:40.798 | ForwardToLearner: par_id=1, slot=446, n=3, proxies.size=4, batch_idx=0
I [/opt/actions-runner/_work/mako-fast-reads/mako-fast-reads/src/deptran/paxos/commo.cc:151] 2025-12-10 03:35:40.798 | ForwardToLearner: SENDING to learner site_id=7, slot=446
I [/opt/actions-runner/_work/mako-fast-reads/mako-fast-reads/src/deptran/paxos/commo.cc:125] 2025-12-10 03:35:40.806 | ForwardToLearner: par_id=1, slot=447, n=3, proxies.size=4, batch_idx=0
I [/opt/actions-runner/_work/mako-fast-reads/mako-fast-reads/src/deptran/paxos/commo.cc:151] 2025-12-10 03:35:40.806 | ForwardToLearner: SENDING to learner site_id=7, slot=447
I [/opt/actions-runner/_work/mako-fast-reads/mako-fast-reads/src/deptran/paxos/commo.cc:125] 2025-12-10 03:35:40.808 | ForwardToLearner: par_id=0, slot=591, n=3, proxies.size=4, batch_idx=0
I [/opt/actions-runner/_work/mako-fast-reads/mako-fast-reads/src/deptran/paxos/commo.cc:151] 2025-12-10 03:35:40.808 | ForwardToLearner: SENDING to learner site_id=3, slot=591
I [/opt/actions-runner/_work/mako-fast-reads/mako-fast-reads/src/deptran/paxos/commo.cc:125] 2025-12-10 03:35:40.846 | ForwardToLearner: par_id=1, slot=448, n=3, proxies.size=4, batch_idx=0
I [/opt/actions-runner/_work/mako-fast-reads/mako-fast-reads/src/deptran/paxos/commo.cc:151] 2025-12-10 03:35:40.846 | ForwardToLearner: SENDING to learner site_id=7, slot=448
I [/opt/actions-runner/_work/mako-fast-reads/mako-fast-reads/src/deptran/paxos/commo.cc:125] 2025-12-10 03:35:40.855 | ForwardToLearner: par_id=0, slot=592, n=3, proxies.size=4, batch_idx=0
I [/opt/actions-runner/_work/mako-fast-reads/mako-fast-reads/src/deptran/paxos/commo.cc:151] 2025-12-10 03:35:40.855 | ForwardToLearner: SENDING to learner site_id=3, slot=592
I [/opt/actions-runner/_work/mako-fast-reads/mako-fast-reads/src/deptran/paxos/commo.cc:125] 2025-12-10 03:35:40.892 | ForwardToLearner: par_id=1, slot=449, n=3, proxies.size=4, batch_idx=0
I [/opt/actions-runner/_work/mako-fast-reads/mako-fast-reads/src/deptran/paxos/commo.cc:151] 2025-12-10 03:35:40.892 | ForwardToLearner: SENDING to learner site_id=7, slot=449
I [/opt/actions-runner/_work/mako-fast-reads/mako-fast-reads/src/deptran/paxos/commo.cc:125] 2025-12-10 03:35:40.900 | ForwardToLearner: par_id=1, slot=450, n=3, proxies.size=4, batch_idx=0
I [/opt/actions-runner/_work/mako-fast-reads/mako-fast-reads/src/deptran/paxos/commo.cc:151] 2025-12-10 03:35:40.900 | ForwardToLearner: SENDING to learner site_id=7, slot=450
I [/opt/actions-runner/_work/mako-fast-reads/mako-fast-reads/src/deptran/paxos/commo.cc:125] 2025-12-10 03:35:40.901 | ForwardToLearner: par_id=0, slot=593, n=3, proxies.size=4, batch_idx=0
I [/opt/actions-runner/_work/mako-fast-reads/mako-fast-reads/src/deptran/paxos/commo.cc:151] 2025-12-10 03:35:40.901 | ForwardToLearner: SENDING to learner site_id=3, slot=593
I [/opt/actions-runner/_work/mako-fast-reads/mako-fast-reads/src/deptran/paxos/commo.cc:125] 2025-12-10 03:35:40.910 | ForwardToLearner: par_id=0, slot=594, n=3, proxies.size=4, batch_idx=0
I [/opt/actions-runner/_work/mako-fast-reads/mako-fast-reads/src/deptran/paxos/commo.cc:151] 2025-12-10 03:35:40.910 | ForwardToLearner: SENDING to learner site_id=3, slot=594
I [/opt/actions-runner/_work/mako-fast-reads/mako-fast-reads/src/deptran/paxos/commo.cc:125] 2025-12-10 03:35:40.922 | ForwardToLearner: par_id=0, slot=595, n=3, proxies.size=4, batch_idx=0
I [/opt/actions-runner/_work/mako-fast-reads/mako-fast-reads/src/deptran/paxos/commo.cc:151] 2025-12-10 03:35:40.922 | ForwardToLearner: SENDING to learner site_id=3, slot=595
I [/opt/actions-runner/_work/mako-fast-reads/mako-fast-reads/src/deptran/paxos/commo.cc:125] 2025-12-10 03:35:40.933 | ForwardToLearner: par_id=1, slot=451, n=3, proxies.size=4, batch_idx=0
I [/opt/actions-runner/_work/mako-fast-reads/mako-fast-reads/src/deptran/paxos/commo.cc:151] 2025-12-10 03:35:40.933 | ForwardToLearner: SENDING to learner site_id=7, slot=451
I [/opt/actions-runner/_work/mako-fast-reads/mako-fast-reads/src/deptran/paxos/commo.cc:125] 2025-12-10 03:35:40.951 | ForwardToLearner: par_id=0, slot=596, n=3, proxies.size=4, batch_idx=0
I [/opt/actions-runner/_work/mako-fast-reads/mako-fast-reads/src/deptran/paxos/commo.cc:151] 2025-12-10 03:35:40.951 | ForwardToLearner: SENDING to learner site_id=3, slot=596
I [/opt/actions-runner/_work/mako-fast-reads/mako-fast-reads/src/deptran/paxos/commo.cc:125] 2025-12-10 03:35:40.973 | ForwardToLearner: par_id=1, slot=452, n=3, proxies.size=4, batch_idx=0
I [/opt/actions-runner/_work/mako-fast-reads/mako-fast-reads/src/deptran/paxos/commo.cc:151] 2025-12-10 03:35:40.973 | ForwardToLearner: SENDING to learner site_id=7, slot=452
I [/opt/actions-runner/_work/mako-fast-reads/mako-fast-reads/src/deptran/paxos/commo.cc:125] 2025-12-10 03:35:41.016 | ForwardToLearner: par_id=0, slot=597, n=3, proxies.size=4, batch_idx=0
I [/opt/actions-runner/_work/mako-fast-reads/mako-fast-reads/src/deptran/paxos/commo.cc:151] 2025-12-10 03:35:41.016 | ForwardToLearner: SENDING to learner site_id=3, slot=597
I [/opt/actions-runner/_work/mako-fast-reads/mako-fast-reads/src/deptran/paxos/commo.cc:125] 2025-12-10 03:35:41.022 | ForwardToLearner: par_id=1, slot=453, n=3, proxies.size=4, batch_idx=0
I [/opt/actions-runner/_work/mako-fast-reads/mako-fast-reads/src/deptran/paxos/commo.cc:151] 2025-12-10 03:35:41.022 | ForwardToLearner: SENDING to learner site_id=7, slot=453
I [/opt/actions-runner/_work/mako-fast-reads/mako-fast-reads/src/deptran/paxos/commo.cc:125] 2025-12-10 03:35:41.042 | ForwardToLearner: par_id=1, slot=454, n=3, proxies.size=4, batch_idx=0
I [/opt/actions-runner/_work/mako-fast-reads/mako-fast-reads/src/deptran/paxos/commo.cc:151] 2025-12-10 03:35:41.042 | ForwardToLearner: SENDING to learner site_id=7, slot=454
I [/opt/actions-runner/_work/mako-fast-reads/mako-fast-reads/src/deptran/paxos/commo.cc:125] 2025-12-10 03:35:41.058 | ForwardToLearner: par_id=0, slot=598, n=3, proxies.size=4, batch_idx=0
I [/opt/actions-runner/_work/mako-fast-reads/mako-fast-reads/src/deptran/paxos/commo.cc:151] 2025-12-10 03:35:41.058 | ForwardToLearner: SENDING to learner site_id=3, slot=598
I [/opt/actions-runner/_work/mako-fast-reads/mako-fast-reads/src/deptran/paxos/commo.cc:125] 2025-12-10 03:35:41.071 | ForwardToLearner: par_id=1, slot=455, n=3, proxies.size=4, batch_idx=0
I [/opt/actions-runner/_work/mako-fast-reads/mako-fast-reads/src/deptran/paxos/commo.cc:151] 2025-12-10 03:35:41.071 | ForwardToLearner: SENDING to learner site_id=7, slot=455
I [/opt/actions-runner/_work/mako-fast-reads/mako-fast-reads/src/deptran/paxos/commo.cc:125] 2025-12-10 03:35:41.103 | ForwardToLearner: par_id=0, slot=599, n=3, proxies.size=4, batch_idx=0
I [/opt/actions-runner/_work/mako-fast-reads/mako-fast-reads/src/deptran/paxos/commo.cc:151] 2025-12-10 03:35:41.103 | ForwardToLearner: SENDING to learner site_id=3, slot=599
I [/opt/actions-runner/_work/mako-fast-reads/mako-fast-reads/src/deptran/paxos/commo.cc:125] 2025-12-10 03:35:41.121 | ForwardToLearner: par_id=1, slot=456, n=3, proxies.size=4, batch_idx=0
I [/opt/actions-runner/_work/mako-fast-reads/mako-fast-reads/src/deptran/paxos/commo.cc:151] 2025-12-10 03:35:41.121 | ForwardToLearner: SENDING to learner site_id=7, slot=456
I [/opt/actions-runner/_work/mako-fast-reads/mako-fast-reads/src/deptran/paxos/commo.cc:125] 2025-12-10 03:35:41.129 | ForwardToLearner: par_id=1, slot=457, n=3, proxies.size=4, batch_idx=0
I [/opt/actions-runner/_work/mako-fast-reads/mako-fast-reads/src/deptran/paxos/commo.cc:151] 2025-12-10 03:35:41.129 | ForwardToLearner: SENDING to learner site_id=7, slot=457
I [/opt/actions-runner/_work/mako-fast-reads/mako-fast-reads/src/deptran/paxos/commo.cc:125] 2025-12-10 03:35:41.139 | ForwardToLearner: par_id=0, slot=600, n=3, proxies.size=4, batch_idx=0
I [/opt/actions-runner/_work/mako-fast-reads/mako-fast-reads/src/deptran/paxos/commo.cc:151] 2025-12-10 03:35:41.139 | ForwardToLearner: SENDING to learner site_id=3, slot=600
I [/opt/actions-runner/_work/mako-fast-reads/mako-fast-reads/src/deptran/paxos/commo.cc:125] 2025-12-10 03:35:41.156 | ForwardToLearner: par_id=0, slot=601, n=3, proxies.size=4, batch_idx=0
I [/opt/actions-runner/_work/mako-fast-reads/mako-fast-reads/src/deptran/paxos/commo.cc:151] 2025-12-10 03:35:41.156 | ForwardToLearner: SENDING to learner site_id=3, slot=601
I [/opt/actions-runner/_work/mako-fast-reads/mako-fast-reads/src/deptran/paxos/commo.cc:125] 2025-12-10 03:35:41.158 | ForwardToLearner: par_id=0, slot=602, n=3, proxies.size=4, batch_idx=0
I [/opt/actions-runner/_work/mako-fast-reads/mako-fast-reads/src/deptran/paxos/commo.cc:151] 2025-12-10 03:35:41.158 | ForwardToLearner: SENDING to learner site_id=3, slot=602
I [/opt/actions-runner/_work/mako-fast-reads/mako-fast-reads/src/deptran/paxos/commo.cc:125] 2025-12-10 03:35:41.168 | ForwardToLearner: par_id=1, slot=458, n=3, proxies.size=4, batch_idx=0
I [/opt/actions-runner/_work/mako-fast-reads/mako-fast-reads/src/deptran/paxos/commo.cc:151] 2025-12-10 03:35:41.168 | ForwardToLearner: SENDING to learner site_id=7, slot=458
I [/opt/actions-runner/_work/mako-fast-reads/mako-fast-reads/src/deptran/paxos/commo.cc:125] 2025-12-10 03:35:41.203 | ForwardToLearner: par_id=0, slot=603, n=3, proxies.size=4, batch_idx=0
I [/opt/actions-runner/_work/mako-fast-reads/mako-fast-reads/src/deptran/paxos/commo.cc:151] 2025-12-10 03:35:41.203 | ForwardToLearner: SENDING to learner site_id=3, slot=603
I [/opt/actions-runner/_work/mako-fast-reads/mako-fast-reads/src/deptran/paxos/commo.cc:125] 2025-12-10 03:35:41.226 | ForwardToLearner: par_id=1, slot=459, n=3, proxies.size=4, batch_idx=0
I [/opt/actions-runner/_work/mako-fast-reads/mako-fast-reads/src/deptran/paxos/commo.cc:151] 2025-12-10 03:35:41.226 | ForwardToLearner: SENDING to learner site_id=7, slot=459
I [/opt/actions-runner/_work/mako-fast-reads/mako-fast-reads/src/deptran/paxos/commo.cc:125] 2025-12-10 03:35:41.248 | ForwardToLearner: par_id=0, slot=604, n=3, proxies.size=4, batch_idx=0
I [/opt/actions-runner/_work/mako-fast-reads/mako-fast-reads/src/deptran/paxos/commo.cc:151] 2025-12-10 03:35:41.248 | ForwardToLearner: SENDING to learner site_id=3, slot=604
I [/opt/actions-runner/_work/mako-fast-reads/mako-fast-reads/src/deptran/paxos/commo.cc:125] 2025-12-10 03:35:41.260 | ForwardToLearner: par_id=1, slot=460, n=3, proxies.size=4, batch_idx=0
I [/opt/actions-runner/_work/mako-fast-reads/mako-fast-reads/src/deptran/paxos/commo.cc:151] 2025-12-10 03:35:41.260 | ForwardToLearner: SENDING to learner site_id=7, slot=460
I [/opt/actions-runner/_work/mako-fast-reads/mako-fast-reads/src/deptran/paxos/commo.cc:125] 2025-12-10 03:35:41.275 | ForwardToLearner: par_id=1, slot=461, n=3, proxies.size=4, batch_idx=0
I [/opt/actions-runner/_work/mako-fast-reads/mako-fast-reads/src/deptran/paxos/commo.cc:151] 2025-12-10 03:35:41.275 | ForwardToLearner: SENDING to learner site_id=7, slot=461
I [/opt/actions-runner/_work/mako-fast-reads/mako-fast-reads/src/deptran/paxos/commo.cc:125] 2025-12-10 03:35:41.290 | ForwardToLearner: par_id=0, slot=605, n=3, proxies.size=4, batch_idx=0
I [/opt/actions-runner/_work/mako-fast-reads/mako-fast-reads/src/deptran/paxos/commo.cc:151] 2025-12-10 03:35:41.290 | ForwardToLearner: SENDING to learner site_id=3, slot=605
I [/opt/actions-runner/_work/mako-fast-reads/mako-fast-reads/src/deptran/paxos/commo.cc:125] 2025-12-10 03:35:41.325 | ForwardToLearner: par_id=1, slot=462, n=3, proxies.size=4, batch_idx=0
I [/opt/actions-runner/_work/mako-fast-reads/mako-fast-reads/src/deptran/paxos/commo.cc:151] 2025-12-10 03:35:41.325 | ForwardToLearner: SENDING to learner site_id=7, slot=462
I [/opt/actions-runner/_work/mako-fast-reads/mako-fast-reads/src/deptran/paxos/commo.cc:125] 2025-12-10 03:35:41.345 | ForwardToLearner: par_id=1, slot=463, n=3, proxies.size=4, batch_idx=0
I [/opt/actions-runner/_work/mako-fast-reads/mako-fast-reads/src/deptran/paxos/commo.cc:151] 2025-12-10 03:35:41.345 | ForwardToLearner: SENDING to learner site_id=7, slot=463
I [/opt/actions-runner/_work/mako-fast-reads/mako-fast-reads/src/deptran/paxos/commo.cc:125] 2025-12-10 03:35:41.350 | ForwardToLearner: par_id=0, slot=606, n=3, proxies.size=4, batch_idx=0
I [/opt/actions-runner/_work/mako-fast-reads/mako-fast-reads/src/deptran/paxos/commo.cc:151] 2025-12-10 03:35:41.350 | ForwardToLearner: SENDING to learner site_id=3, slot=606
I [/opt/ac20251110-03:35.41-373168(us) 19466 * wait_for_termination (mako.hh:538):      follower is waiting for being ended: 0/2, noops_cnt:0, replay_batch:1066, wait_time:17s

tions-runner/_work/mako-fast-reads/mako-fast-reads/src/deptran/paxos/commo.cc:125] 2025-12-10 03:35:41.363 | ForwardToLearner: par_id=0, slot=607, n=3, proxies.size=4, batch_idx=0
I [/opt/actions-runner/_work/mako-fast-reads/mako-fast-reads/src/deptran/paxos/commo.cc:151] 2025-12-10 03:35:41.363 | ForwardToLearner: SENDING to learner site_id=3, slot=607
I [/opt/actions-runner/_work/mako-fast-reads/mako-fast-reads/src/deptran/paxos/commo.cc:125] 2025-12-10 03:35:41.375 | ForwardToLearner: par_id=1, slot=464, n=3, proxies.size=4, batch_idx=0
I [/opt/actions-runner/_work/mako-fast-reads/mako-fast-reads/src/deptran/paxos/commo.cc:151] 2025-12-10 03:35:41.375 | ForwardToLearner: SENDING to learner site_id=7, slot=464
I [/opt/actions-runner/_work/mako-fast-reads/mako-fast-reads/src/deptran/paxos/commo.cc:125] 2025-12-10 03:35:41.392 | ForwardToLearner: par_id=0, slot=608, n=3, proxies.size=4, batch_idx=0
I [/opt/actions-runner/_work/mako-fast-reads/mako-fast-reads/src/deptran/paxos/commo.cc:151] 2025-12-10 03:35:41.392 | ForwardToLearner: SENDING to learner site_id=3, slot=608
I [/opt/actions-runner/_work/mako-fast-reads/mako-fast-reads/src/deptran/paxos/commo.cc:125] 2025-12-10 03:35:41.395 | ForwardToLearner: par_id=0, slot=609, n=3, proxies.size=4, batch_idx=0
I [/opt/actions-runner/_work/mako-fast-reads/mako-fast-reads/src/deptran/paxos/commo.cc:151] 2025-12-10 03:35:41.395 | ForwardToLearner: SENDING to learner site_id=3, slot=609
I [/opt/actions-runner/_work/mako-fast-reads/mako-fast-reads/src/deptran/paxos/commo.cc:125] 2025-12-10 03:35:41.418 | ForwardToLearner: par_id=1, slot=465, n=3, proxies.size=4, batch_idx=0
I [/opt/actions-runner/_work/mako-fast-reads/mako-fast-reads/src/deptran/paxos/commo.cc:151] 2025-12-10 03:35:41.418 | ForwardToLearner: SENDING to learner site_id=7, slot=465
I [/opt/actions-runner/_work/mako-fast-reads/mako-fast-reads/src/deptran/paxos/commo.cc:125] 2025-12-10 03:35:41.438 | ForwardToLearner: par_id=0, slot=610, n=3, proxies.size=4, batch_idx=0
I [/opt/actions-runner/_work/mako-fast-reads/mako-fast-reads/src/deptran/paxos/commo.cc:151] 2025-12-10 03:35:41.438 | ForwardToLearner: SENDING to learner site_id=3, slot=610
I [/opt/actions-runner/_work/mako-fast-reads/mako-fast-reads/src/deptran/paxos/commo.cc:125] 2025-12-10 03:35:41.466 | ForwardToLearner: par_id=1, slot=466, n=3, proxies.size=4, batch_idx=0
I [/opt/actions-runner/_work/mako-fast-reads/mako-fast-reads/src/deptran/paxos/commo.cc:151] 2025-12-10 03:35:41.466 | ForwardToLearner: SENDING to learner site_id=7, slot=466
I [/opt/actions-runner/_work/mako-fast-reads/mako-fast-reads/src/deptran/paxos/commo.cc:125] 2025-12-10 03:35:41.473 | ForwardToLearner: par_id=1, slot=467, n=3, proxies.size=4, batch_idx=0
I [/opt/actions-runner/_work/mako-fast-reads/mako-fast-reads/src/deptran/paxos/commo.cc:151] 2025-12-10 03:35:41.473 | ForwardToLearner: SENDING to learner site_id=7, slot=467
I [/opt/actions-runner/_work/mako-fast-reads/mako-fast-reads/src/deptran/paxos/commo.cc:125] 2025-12-10 03:35:41.486 | ForwardToLearner: par_id=0, slot=611, n=3, proxies.size=4, batch_idx=0
I [/opt/actions-runner/_work/mako-fast-reads/mako-fast-reads/src/deptran/paxos/commo.cc:151] 2025-12-10 03:35:41.486 | ForwardToLearner: SENDING to learner site_id=3, slot=611
I [/opt/actions-runner/_work/mako-fast-reads/mako-fast-reads/src/deptran/paxos/commo.cc:125] 2025-12-10 03:35:41.511 | ForwardToLearner: par_id=1, slot=468, n=3, proxies.size=4, batch_idx=0
I [/opt/actions-runner/_work/mako-fast-reads/mako-fast-reads/src/deptran/paxos/commo.cc:151] 2025-12-10 03:35:41.511 | ForwardToLearner: SENDING to learner site_id=7, slot=468
I [/opt/actions-runner/_work/mako-fast-reads/mako-fast-reads/src/deptran/paxos/commo.cc:125] 2025-12-10 03:35:41.521 | ForwardToLearner: par_id=0, slot=612, n=3, proxies.size=4, batch_idx=0
I [/opt/actions-runner/_work/mako-fast-reads/mako-fast-reads/src/deptran/paxos/commo.cc:151] 2025-12-10 03:35:41.521 | ForwardToLearner: SENDING to learner site_id=3, slot=612
I [/opt/actions-runner/_work/mako-fast-reads/mako-fast-reads/src/deptran/paxos/commo.cc:125] 2025-12-10 03:35:41.558 | ForwardToLearner: par_id=1, slot=469, n=3, proxies.size=4, batch_idx=0
I [/opt/actions-runner/_work/mako-fast-reads/mako-fast-reads/src/deptran/paxos/commo.cc:151] 2025-12-10 03:35:41.558 | ForwardToLearner: SENDING to learner site_id=7, slot=469
I [/opt/actions-runner/_work/mako-fast-reads/mako-fast-reads/src/deptran/paxos/commo.cc:125] 2025-12-10 03:35:41.575 | ForwardToLearner: par_id=0, slot=613, n=3, proxies.size=4, batch_idx=0
I [/opt/actions-runner/_work/mako-fast-reads/mako-fast-reads/src/deptran/paxos/commo.cc:151] 2025-12-10 03:35:41.575 | ForwardToLearner: SENDING to learner site_id=3, slot=613
I [/opt/actions-runner/_work/mako-fast-reads/mako-fast-reads/src/deptran/paxos/commo.cc:125] 2025-12-10 03:35:41.581 | ForwardToLearner: par_id=1, slot=470, n=3, proxies.size=4, batch_idx=0
I [/opt/actions-runner/_work/mako-fast-reads/mako-fast-reads/src/deptran/paxos/commo.cc:151] 2025-12-10 03:35:41.581 | ForwardToLearner: SENDING to learner site_id=7, slot=470
I [/opt/actions-runner/_work/mako-fast-reads/mako-fast-reads/src/deptran/paxos/commo.cc:125] 2025-12-10 03:35:41.602 | ForwardToLearner: par_id=1, slot=471, n=3, proxies.size=4, batch_idx=0
I [/opt/actions-runner/_work/mako-fast-reads/mako-fast-reads/src/deptran/paxos/commo.cc:151] 2025-12-10 03:35:41.602 | ForwardToLearner: SENDING to learner site_id=7, slot=471
I [/opt/actions-runner/_work/mako-fast-reads/mako-fast-reads/src/deptran/paxos/commo.cc:125] 2025-12-10 03:35:41.609 | ForwardToLearner: par_id=0, slot=614, n=3, proxies.size=4, batch_idx=0
I [/opt/actions-runner/_work/mako-fast-reads/mako-fast-reads/src/deptran/paxos/commo.cc:151] 2025-12-10 03:35:41.609 | ForwardToLearner: SENDING to learner site_id=3, slot=614
I [/opt/actions-runner/_work/mako-fast-reads/mako-fast-reads/src/deptran/paxos/commo.cc:125] 2025-12-10 03:35:41.628 | ForwardToLearner: par_id=0, slot=615, n=3, proxies.size=4, batch_idx=0
I [/opt/actions-runner/_work/mako-fast-reads/mako-fast-reads/src/deptran/paxos/commo.cc:151] 2025-12-10 03:35:41.628 | ForwardToLearner: SENDING to learner site_id=3, slot=615
I [/opt/actions-runner/_work/mako-fast-reads/mako-fast-reads/src/deptran/paxos/commo.cc:125] 2025-12-10 03:35:41.634 | ForwardToLearner: par_id=0, slot=616, n=3, proxies.size=4, batch_idx=0
I [/opt/actions-runner/_work/mako-fast-reads/mako-fast-reads/src/deptran/paxos/commo.cc:151] 2025-12-10 03:35:41.634 | ForwardToLearner: SENDING to learner site_id=3, slot=616
I [/opt/actions-runner/_work/mako-fast-reads/mako-fast-reads/src/deptran/paxos/commo.cc:125] 2025-12-10 03:35:41.643 | ForwardToLearner: par_id=1, slot=472, n=3, proxies.size=4, batch_idx=0
I [/opt/actions-runner/_work/mako-fast-reads/mako-fast-reads/src/deptran/paxos/commo.cc:151] 2025-12-10 03:35:41.643 | ForwardToLearner: SENDING to learner site_id=7, slot=472
I [/opt/actions-runner/_work/mako-fast-reads/mako-fast-reads/src/deptran/paxos/commo.cc:125] 2025-12-10 03:35:41.682 | ForwardToLearner: par_id=0, slot=617, n=3, proxies.size=4, batch_idx=0
I [/opt/actions-runner/_work/mako-fast-reads/mako-fast-reads/src/deptran/paxos/commo.cc:151] 2025-12-10 03:35:41.682 | ForwardToLearner: SENDING to learner site_id=3, slot=617
I [/opt/actions-runner/_work/mako-fast-reads/mako-fast-reads/src/deptran/paxos/commo.cc:125] 2025-12-10 03:35:41.688 | ForwardToLearner: par_id=1, slot=473, n=3, proxies.size=4, batch_idx=0
I [/opt/actions-runner/_work/mako-fast-reads/mako-fast-reads/src/deptran/paxos/commo.cc:151] 2025-12-10 03:35:41.688 | ForwardToLearner: SENDING to learner site_id=7, slot=473
I [/opt/actions-runner/_work/mako-fast-reads/mako-fast-reads/src/deptran/paxos/commo.cc:125] 2025-12-10 03:35:41.697 | ForwardToLearner: par_id=1, slot=474, n=3, proxies.size=4, batch_idx=0
I [/opt/actions-runner/_work/mako-fast-reads/mako-fast-reads/src/deptran/paxos/commo.cc:151] 2025-12-10 03:35:41.697 | ForwardToLearner: SENDING to learner site_id=7, slot=474
I [/opt/actions-runner/_work/mako-fast-reads/mako-fast-reads/src/deptran/paxos/commo.cc:125] 2025-12-10 03:35:41.731 | ForwardToLearner: par_id=0, slot=618, n=3, proxies.size=4, batch_idx=0
I [/opt/actions-runner/_work/mako-fast-reads/mako-fast-reads/src/deptran/paxos/commo.cc:151] 2025-12-10 03:35:41.731 | ForwardToLearner: SENDING to learner site_id=3, slot=618
I [/opt/actions-runner/_work/mako-fast-reads/mako-fast-reads/src/deptran/paxos/commo.cc:125] 2025-12-10 03:35:41.747 | ForwardToLearner: par_id=1, slot=475, n=3, proxies.size=4, batch_idx=0
I [/opt/actions-runner/_work/mako-fast-reads/mako-fast-reads/src/deptran/paxos/commo.cc:151] 2025-12-10 03:35:41.747 | ForwardToLearner: SENDING to learner site_id=7, slot=475
I [/opt/actions-runner/_work/mako-fast-reads/mako-fast-reads/src/deptran/paxos/commo.cc:125] 2025-12-10 03:35:41.783 | ForwardToLearner: par_id=0, slot=619, n=3, proxies.size=4, batch_idx=0
I [/opt/actions-runner/_work/mako-fast-reads/mako-fast-reads/src/deptran/paxos/commo.cc:151] 2025-12-10 03:35:41.783 | ForwardToLearner: SENDING to learner site_id=3, slot=619
I [/opt/actions-runner/_work/mako-fast-reads/mako-fast-reads/src/deptran/paxos/commo.cc:125] 2025-12-10 03:35:41.791 | ForwardToLearner: par_id=1, slot=476, n=3, proxies.size=4, batch_idx=0
I [/opt/actions-runner/_work/mako-fast-reads/mako-fast-reads/src/deptran/paxos/commo.cc:151] 2025-12-10 03:35:41.791 | ForwardToLearner: SENDING to learner site_id=7, slot=476
I [/opt/actions-runner/_work/mako-fast-reads/mako-fast-reads/src/deptran/paxos/commo.cc:125] 2025-12-10 03:35:41.827 | ForwardToLearner: par_id=1, slot=477, n=3, proxies.size=4, batch_idx=0
I [/opt/actions-runner/_work/mako-fast-reads/mako-fast-reads/src/deptran/paxos/commo.cc:151] 2025-12-10 03:35:41.827 | ForwardToLearner: SENDING to learner site_id=7, slot=477
I [/opt/actions-runner/_work/mako-fast-reads/mako-fast-reads/src/deptran/paxos/commo.cc:125] 2025-12-10 03:35:41.827 | ForwardToLearner: par_id=0, slot=620, n=3, proxies.size=4, batch_idx=0
I [/opt/actions-runner/_work/mako-fast-reads/mako-fast-reads/src/deptran/paxos/commo.cc:151] 2025-12-10 03:35:41.827 | ForwardToLearner: SENDING to learner site_id=3, slot=620
I [/opt/actions-runner/_work/mako-fast-reads/mako-fast-reads/src/deptran/paxos/commo.cc:125] 2025-12-10 03:35:41.830 | ForwardToLearner: par_id=0, slot=621, n=3, proxies.size=4, batch_idx=0
I [/opt/actions-runner/_work/mako-fast-reads/mako-fast-reads/src/deptran/paxos/commo.cc:151] 2025-12-10 03:35:41.830 | ForwardToLearner: SENDING to learner site_id=3, slot=621
I [/opt/actions-runner/_work/mako-fast-reads/mako-fast-reads/src/deptran/paxos/commo.cc:125] 2025-12-10 03:35:41.852 | ForwardToLearner: par_id=1, slot=478, n=3, proxies.size=4, batch_idx=0
I [/opt/actions-runner/_work/mako-fast-reads/mako-fast-reads/src/deptran/paxos/commo.cc:151] 2025-12-10 03:35:41.852 | ForwardToLearner: SENDING to learner site_id=7, slot=478
I [/opt/actions-runner/_work/mako-fast-reads/mako-fast-reads/src/deptran/paxos/commo.cc:125] 2025-12-10 03:35:41.870 | ForwardToLearner: par_id=0, slot=622, n=3, proxies.size=4, batch_idx=0
I [/opt/actions-runner/_work/mako-fast-reads/mako-fast-reads/src/deptran/paxos/commo.cc:151] 2025-12-10 03:35:41.870 | ForwardToLearner: SENDING to learner site_id=3, slot=622
I [/opt/actions-runner/_work/mako-fast-reads/mako-fast-reads/src/deptran/paxos/commo.cc:125] 2025-12-10 03:35:41.876 | ForwardToLearner: par_id=0, slot=623, n=3, proxies.size=4, batch_idx=0
I [/opt/actions-runner/_work/mako-fast-reads/mako-fast-reads/src/deptran/paxos/commo.cc:151] 2025-12-10 03:35:41.876 | ForwardToLearner: SENDING to learner site_id=3, slot=623
I [/opt/actions-runner/_work/mako-fast-reads/mako-fast-reads/src/deptran/paxos/commo.cc:125] 2025-12-10 03:35:41.896 | ForwardToLearner: par_id=1, slot=479, n=3, proxies.size=4, batch_idx=0
I [/opt/actions-runner/_work/mako-fast-reads/mako-fast-reads/src/deptran/paxos/commo.cc:151] 2025-12-10 03:35:41.896 | ForwardToLearner: SENDING to learner site_id=7, slot=479
I [/opt/actions-runner/_work/mako-fast-reads/mako-fast-reads/src/deptran/paxos/commo.cc:125] 2025-12-10 03:35:41.909 | ForwardToLearner: par_id=1, slot=480, n=3, proxies.size=4, batch_idx=0
I [/opt/actions-runner/_work/mako-fast-reads/mako-fast-reads/src/deptran/paxos/commo.cc:151] 2025-12-10 03:35:41.909 | ForwardToLearner: SENDING to learner site_id=7, slot=480
I [/opt/actions-runner/_work/mako-fast-reads/mako-fast-reads/src/deptran/paxos/commo.cc:125] 2025-12-10 03:35:41.923 | ForwardToLearner: par_id=0, slot=624, n=3, proxies.size=4, batch_idx=0
I [/opt/actions-runner/_work/mako-fast-reads/mako-fast-reads/src/deptran/paxos/commo.cc:151] 2025-12-10 03:35:41.923 | ForwardToLearner: SENDING to learner site_id=3, slot=624
I [/opt/actions-runner/_work/mako-fast-reads/mako-fast-reads/src/deptran/paxos/commo.cc:125] 2025-12-10 03:35:41.942 | ForwardToLearner: par_id=1, slot=481, n=3, proxies.size=4, batch_idx=0
I [/opt/actions-runner/_work/mako-fast-reads/mako-fast-reads/src/deptran/paxos/commo.cc:151] 2025-12-10 03:35:41.942 | ForwardToLearner: SENDING to learner site_id=7, slot=481
I [/opt/actions-runner/_work/mako-fast-reads/mako-fast-reads/src/deptran/paxos/commo.cc:125] 2025-12-10 03:35:41.966 | ForwardToLearner: par_id=0, slot=625, n=3, proxies.size=4, batch_idx=0
I [/opt/actions-runner/_work/mako-fast-reads/mako-fast-reads/src/deptran/paxos/commo.cc:151] 2025-12-10 03:35:41.966 | ForwardToLearner: SENDING to learner site_id=3, slot=625
I [/opt/actions-runner/_work/mako-fast-reads/mako-fast-reads/src/deptran/paxos/commo.cc:125] 2025-12-10 03:35:42.007 | ForwardToLearner: par_id=1, slot=482, n=3, proxies.size=4, batch_idx=0
I [/opt/actions-runner/_work/mako-fast-reads/mako-fast-reads/src/deptran/paxos/commo.cc:151] 2025-12-10 03:35:42.007 | ForwardToLearner: SENDING to learner site_id=7, slot=482
I [/opt/actions-runner/_work/mako-fast-reads/mako-fast-reads/src/deptran/paxos/commo.cc:125] 2025-12-10 03:35:42.014 | ForwardToLearner: par_id=0, slot=626, n=3, proxies.size=4, batch_idx=0
I [/opt/actions-runner/_work/mako-fast-reads/mako-fast-reads/src/deptran/paxos/commo.cc:151] 2025-12-10 03:35:42.014 | ForwardToLearner: SENDING to learner site_id=3, slot=626
I [/opt/actions-runner/_work/mako-fast-reads/mako-fast-reads/src/deptran/paxos/commo.cc:125] 2025-12-10 03:35:42.040 | ForwardToLearner: par_id=1, slot=483, n=3, proxies.size=4, batch_idx=0
I [/opt/actions-runner/_work/mako-fast-reads/mako-fast-reads/src/deptran/paxos/commo.cc:151] 2025-12-10 03:35:42.040 | ForwardToLearner: SENDING to learner site_id=7, slot=483
I [/opt/actions-runner/_work/mako-fast-reads/mako-fast-reads/src/deptran/paxos/commo.cc:125] 2025-12-10 03:35:42.055 | ForwardToLearner: par_id=0, slot=627, n=3, proxies.size=4, batch_idx=0
I [/opt/actions-runner/_work/mako-fast-reads/mako-fast-reads/src/deptran/paxos/commo.cc:151] 2025-12-10 03:35:42.055 | ForwardToLearner: SENDING to learner site_id=3, slot=627
I [/opt/actions-runner/_work/mako-fast-reads/mako-fast-reads/src/deptran/paxos/commo.cc:125] 2025-12-10 03:35:42.057 | ForwardToLearner: par_id=1, slot=484, n=3, proxies.size=4, batch_idx=0
I [/opt/actions-runner/_work/mako-fast-reads/mako-fast-reads/src/deptran/paxos/commo.cc:151] 2025-12-10 03:35:42.057 | ForwardToLearner: SENDING to learner site_id=7, slot=484
I [/opt/actions-runner/_work/mako-fast-reads/mako-fast-reads/src/deptran/paxos/commo.cc:125] 2025-12-10 03:35:42.078 | ForwardToLearner: par_id=0, slot=628, n=3, proxies.size=4, batch_idx=0
I [/opt/actions-runner/_work/mako-fast-reads/mako-fast-reads/src/deptran/paxos/commo.cc:151] 2025-12-10 03:35:42.078 | ForwardToLearner: SENDING to learner site_id=3, slot=628
I [/opt/actions-runner/_work/mako-fast-reads/mako-fast-reads/src/deptran/paxos/commo.cc:125] 2025-12-10 03:35:42.091 | ForwardToLearner: par_id=0, slot=629, n=3, proxies.size=4, batch_idx=0
I [/opt/actions-runner/_work/mako-fast-reads/mako-fast-reads/src/deptran/paxos/commo.cc:151] 2025-12-10 03:35:42.091 | ForwardToLearner: SENDING to learner site_id=3, slot=629
I [/opt/actions-runner/_work/mako-fast-reads/mako-fast-reads/src/deptran/paxos/commo.cc:125] 2025-12-10 03:35:42.100 | ForwardToLearner: par_id=1, slot=485, n=3, proxies.size=4, batch_idx=0
I [/opt/actions-runner/_work/mako-fast-reads/mako-fast-reads/src/deptran/paxos/commo.cc:151] 2025-12-10 03:35:42.101 | ForwardToLearner: SENDING to learner site_id=7, slot=485
I [/opt/actions-runner/_work/mako-fast-reads/mako-fast-reads/src/deptran/paxos/commo.cc:125] 2025-12-10 03:35:42.108 | ForwardToLearner: par_id=0, slot=630, n=3, proxies.size=4, batch_idx=0
I [/opt/actions-runner/_work/mako-fast-reads/mako-fast-reads/src/deptran/paxos/commo.cc:151] 2025-12-10 03:35:42.108 | ForwardToLearner: SENDING to learner site_id=3, slot=630
I [/opt/actions-runner/_work/mako-fast-reads/mako-fast-reads/src/deptran/paxos/commo.cc:125] 2025-12-10 03:35:42.150 | ForwardToLearner: par_id=1, slot=486, n=3, proxies.size=4, batch_idx=0
I [/opt/actions-runner/_work/mako-fast-reads/mako-fast-reads/src/deptran/paxos/commo.cc:151] 2025-12-10 03:35:42.150 | ForwardToLearner: SENDING to learner site_id=7, slot=486
I [/opt/actions-runner/_work/mako-fast-reads/mako-fast-reads/src/deptran/paxos/commo.cc:125] 2025-12-10 03:35:42.160 | ForwardToLearner: par_id=1, slot=487, n=3, proxies.size=4, batch_idx=0
I [/opt/actions-runner/_work/mako-fast-reads/mako-fast-reads/src/deptran/paxos/commo.cc:151] 2025-12-10 03:35:42.160 | ForwardToLearner: SENDING to learner site_id=7, slot=487
I [/opt/actions-runner/_work/mako-fast-reads/mako-fast-reads/src/deptran/paxos/commo.cc:125] 2025-12-10 03:35:42.175 | ForwardToLearner: par_id=0, slot=631, n=3, proxies.size=4, batch_idx=0
I [/opt/actions-runner/_work/mako-fast-reads/mako-fast-reads/src/deptran/paxos/commo.cc:151] 2025-12-10 03:35:42.175 | ForwardToLearner: SENDING to learner site_id=3, slot=631
I [/opt/actions-runner/_work/mako-fast-reads/mako-fast-reads/src/deptran/paxos/commo.cc:125] 2025-12-10 03:35:42.202 | ForwardToLearner: par_id=1, slot=488, n=3, proxies.size=4, batch_idx=0
I [/opt/actions-runner/_work/mako-fast-reads/mako-fast-reads/src/deptran/paxos/commo.cc:151] 2025-12-10 03:35:42.202 | ForwardToLearner: SENDING to learner site_id=7, slot=488
I [/opt/actions-runner/_work/mako-fast-reads/mako-fast-reads/src/deptran/paxos/commo.cc:125] 2025-12-10 03:35:42.229 | ForwardToLearner: par_id=0, slot=632, n=3, proxies.size=4, batch_idx=0
I [/opt/actions-runner/_work/mako-fast-reads/mako-fast-reads/src/deptran/paxos/commo.cc:151] 2025-12-10 03:35:42.229 | ForwardToLearner: SENDING to learner site_id=3, slot=632
I [/opt/actions-runner/_work/mako-fast-reads/mako-fast-reads/src/deptran/paxos/commo.cc:125] 2025-12-10 03:35:42.251 | ForwardToLearner: par_id=1, slot=489, n=3, proxies.size=4, batch_idx=0
I [/opt/actions-runner/_work/mako-fast-reads/mako-fast-reads/src/deptran/paxos/commo.cc:151] 2025-12-10 03:35:42.251 | ForwardToLearner: SENDING to learner site_id=7, slot=489
I [/opt/actions-runner/_work/mako-fast-reads/mako-fast-reads/src/deptran/paxos/commo.cc:125] 2025-12-10 03:35:42.279 | ForwardToLearner: par_id=0, slot=633, n=3, proxies.size=4, batch_idx=0
I [/opt/actions-runner/_work/mako-fast-reads/mako-fast-reads/src/deptran/paxos/commo.cc:151] 2025-12-10 03:35:42.279 | ForwardToLearner: SENDING to learner site_id=3, slot=633
I [/opt/actions-runner/_work/mako-fast-reads/mako-fast-reads/src/deptran/paxos/commo.cc:125] 2025-12-10 03:35:42.286 | ForwardToLearner: par_id=1, slot=490, n=3, proxies.size=4, batch_idx=0
I [/opt/actions-runner/_work/mako-fast-reads/mako-fast-reads/src/deptran/paxos/commo.cc:151] 2025-12-10 03:35:42.286 | ForwardToLearner: SENDING to learner site_id=7, slot=490
I [/opt/actions-runner/_work/mako-fast-reads/mako-fast-reads/src/deptran/paxos/commo.cc:125] 2025-12-10 03:35:42.298 | ForwardToLearner: par_id=1, slot=491, n=3, proxies.size=4, batch_idx=0
I [/opt/actions-runner/_work/mako-fast-reads/mako-fast-reads/src/deptran/paxos/commo.cc:151] 2025-12-10 03:35:42.298 | ForwardToLearner: SENDING to learner site_id=7, slot=491
I [/opt/actions-runner/_work/mako-fast-reads/mako-fast-reads/src/deptran/paxos/commo.cc:125] 2025-12-10 03:35:42.306 | ForwardToLearner: par_id=0, slot=634, n=3, proxies.size=4, batch_idx=0
I [/opt/actions-runner/_work/mako-fast-reads/mako-fast-reads/src/deptran/paxos/commo.cc:151] 2025-12-10 03:35:42.306 | ForwardToLearner: SENDING to learner site_id=3, slo20251110-03:35.42-373258(us) 19466 * wait_for_termination (mako.hh:538):      follower is waiting for being ended: 0/2, noops_cnt:0, replay_batch:1122, wait_time:18s

t=634
I [/opt/actions-runner/_work/mako-fast-reads/mako-fast-reads/src/deptran/paxos/commo.cc:125] 2025-12-10 03:35:42.311 | ForwardToLearner: par_id=0, slot=635, n=3, proxies.size=4, batch_idx=0
I [/opt/actions-runner/_work/mako-fast-reads/mako-fast-reads/src/deptran/paxos/commo.cc:151] 2025-12-10 03:35:42.311 | ForwardToLearner: SENDING to learner site_id=3, slot=635
I [/opt/actions-runner/_work/mako-fast-reads/mako-fast-reads/src/deptran/paxos/commo.cc:125] 2025-12-10 03:35:42.328 | ForwardToLearner: par_id=0, slot=636, n=3, proxies.size=4, batch_idx=0
I [/opt/actions-runner/_work/mako-fast-reads/mako-fast-reads/src/deptran/paxos/commo.cc:151] 2025-12-10 03:35:42.328 | ForwardToLearner: SENDING to learner site_id=3, slot=636
I [/opt/actions-runner/_work/mako-fast-reads/mako-fast-reads/src/deptran/paxos/commo.cc:125] 2025-12-10 03:35:42.331 | ForwardToLearner: par_id=1, slot=492, n=3, proxies.size=4, batch_idx=0
I [/opt/actions-runner/_work/mako-fast-reads/mako-fast-reads/src/deptran/paxos/commo.cc:151] 2025-12-10 03:35:42.331 | ForwardToLearner: SENDING to learner site_id=7, slot=492
I [/opt/actions-runner/_work/mako-fast-reads/mako-fast-reads/src/deptran/paxos/commo.cc:125] 2025-12-10 03:35:42.380 | ForwardToLearner: par_id=1, slot=493, n=3, proxies.size=4, batch_idx=0
I [/opt/actions-runner/_work/mako-fast-reads/mako-fast-reads/src/deptran/paxos/commo.cc:151] 2025-12-10 03:35:42.380 | ForwardToLearner: SENDING to learner site_id=7, slot=493
I [/opt/actions-runner/_work/mako-fast-reads/mako-fast-reads/src/deptran/paxos/commo.cc:125] 2025-12-10 03:35:42.386 | ForwardToLearner: par_id=0, slot=637, n=3, proxies.size=4, batch_idx=0
I [/opt/actions-runner/_work/mako-fast-reads/mako-fast-reads/src/deptran/paxos/commo.cc:151] 2025-12-10 03:35:42.386 | ForwardToLearner: SENDING to learner site_id=3, slot=637
I [/opt/actions-runner/_work/mako-fast-reads/mako-fast-reads/src/deptran/paxos/commo.cc:125] 2025-12-10 03:35:42.423 | ForwardToLearner: par_id=1, slot=494, n=3, proxies.size=4, batch_idx=0
I [/opt/actions-runner/_work/mako-fast-reads/mako-fast-reads/src/deptran/paxos/commo.cc:151] 2025-12-10 03:35:42.423 | ForwardToLearner: SENDING to learner site_id=7, slot=494
I [/opt/actions-runner/_work/mako-fast-reads/mako-fast-reads/src/deptran/paxos/commo.cc:125] 2025-12-10 03:35:42.429 | ForwardToLearner: par_id=1, slot=495, n=3, proxies.size=4, batch_idx=0
I [/opt/actions-runner/_work/mako-fast-reads/mako-fast-reads/src/deptran/paxos/commo.cc:151] 2025-12-10 03:35:42.429 | ForwardToLearner: SENDING to learner site_id=7, slot=495
I [/opt/actions-runner/_work/mako-fast-reads/mako-fast-reads/src/deptran/paxos/commo.cc:125] 2025-12-10 03:35:42.431 | ForwardToLearner: par_id=0, slot=638, n=3, proxies.size=4, batch_idx=0
I [/opt/actions-runner/_work/mako-fast-reads/mako-fast-reads/src/deptran/paxos/commo.cc:151] 2025-12-10 03:35:42.431 | ForwardToLearner: SENDING to learner site_id=3, slot=638
I [/opt/actions-runner/_work/mako-fast-reads/mako-fast-reads/src/deptran/paxos/commo.cc:125] 2025-12-10 03:35:42.472 | ForwardToLearner: par_id=0, slot=639, n=3, proxies.size=4, batch_idx=0
I [/opt/actions-runner/_work/mako-fast-reads/mako-fast-reads/src/deptran/paxos/commo.cc:151] 2025-12-10 03:35:42.472 | ForwardToLearner: SENDING to learner site_id=3, slot=639
I [/opt/actions-runner/_work/mako-fast-reads/mako-fast-reads/src/deptran/paxos/commo.cc:125] 2025-12-10 03:35:42.475 | ForwardToLearner: par_id=1, slot=496, n=3, proxies.size=4, batch_idx=0
I [/opt/actions-runner/_work/mako-fast-reads/mako-fast-reads/src/deptran/paxos/commo.cc:151] 2025-12-10 03:35:42.475 | ForwardToLearner: SENDING to learner site_id=7, slot=496
I [/opt/actions-runner/_work/mako-fast-reads/mako-fast-reads/src/deptran/paxos/commo.cc:125] 2025-12-10 03:35:42.512 | ForwardToLearner: par_id=1, slot=497, n=3, proxies.size=4, batch_idx=0
I [/opt/actions-runner/_work/mako-fast-reads/mako-fast-reads/src/deptran/paxos/commo.cc:151] 2025-12-10 03:35:42.512 | ForwardToLearner: SENDING to learner site_id=7, slot=497
I [/opt/actions-runner/_work/mako-fast-reads/mako-fast-reads/src/deptran/paxos/commo.cc:125] 2025-12-10 03:35:42.517 | ForwardToLearner: par_id=0, slot=640, n=3, proxies.size=4, batch_idx=0
I [/opt/actions-runner/_work/mako-fast-reads/mako-fast-reads/src/deptran/paxos/commo.cc:151] 2025-12-10 03:35:42.517 | ForwardToLearner: SENDING to learner site_id=3, slot=640
I [/opt/actions-runner/_work/mako-fast-reads/mako-fast-reads/src/deptran/paxos/commo.cc:125] 2025-12-10 03:35:42.540 | ForwardToLearner: par_id=1, slot=498, n=3, proxies.size=4, batch_idx=0
I [/opt/actions-runner/_work/mako-fast-reads/mako-fast-reads/src/deptran/paxos/commo.cc:151] 2025-12-10 03:35:42.540 | ForwardToLearner: SENDING to learner site_id=7, slot=498
I [/opt/actions-runner/_work/mako-fast-reads/mako-fast-reads/src/deptran/paxos/commo.cc:125] 2025-12-10 03:35:42.544 | ForwardToLearner: par_id=0, slot=641, n=3, proxies.size=4, batch_idx=0
I [/opt/actions-runner/_work/mako-fast-reads/mako-fast-reads/src/deptran/paxos/commo.cc:151] 2025-12-10 03:35:42.544 | ForwardToLearner: SENDING to learner site_id=3, slot=641
I [/opt/actions-runner/_work/mako-fast-reads/mako-fast-reads/src/deptran/paxos/commo.cc:125] 2025-12-10 03:35:42.549 | ForwardToLearner: par_id=1, slot=499, n=3, proxies.size=4, batch_idx=0
I [/opt/actions-runner/_work/mako-fast-reads/mako-fast-reads/src/deptran/paxos/commo.cc:151] 2025-12-10 03:35:42.549 | ForwardToLearner: SENDING to learner site_id=7, slot=499
I [/opt/actions-runner/_work/mako-fast-reads/mako-fast-reads/src/deptran/paxos/commo.cc:125] 2025-12-10 03:35:42.552 | ForwardToLearner: par_id=0, slot=642, n=3, proxies.size=4, batch_idx=0
I [/opt/actions-runner/_work/mako-fast-reads/mako-fast-reads/src/deptran/paxos/commo.cc:151] 2025-12-10 03:35:42.552 | ForwardToLearner: SENDING to learner site_id=3, slot=642
I [/opt/actions-runner/_work/mako-fast-reads/mako-fast-reads/src/deptran/paxos/commo.cc:125] 2025-12-10 03:35:42.554 | ForwardToLearner: par_id=0, slot=643, n=3, proxies.size=4, batch_idx=0
I [/opt/actions-runner/_work/mako-fast-reads/mako-fast-reads/src/deptran/paxos/commo.cc:151] 2025-12-10 03:35:42.554 | ForwardToLearner: SENDING to learner site_id=3, slot=643
I [/opt/actions-runner/_work/mako-fast-reads/mako-fast-reads/src/deptran/paxos/commo.cc:125] 2025-12-10 03:35:42.599 | ForwardToLearner: par_id=1, slot=500, n=3, proxies.size=4, batch_idx=0
I [/opt/actions-runner/_work/mako-fast-reads/mako-fast-reads/src/deptran/paxos/commo.cc:151] 2025-12-10 03:35:42.599 | ForwardToLearner: SENDING to learner site_id=7, slot=500
I [/opt/actions-runner/_work/mako-fast-reads/mako-fast-reads/src/deptran/paxos/commo.cc:125] 2025-12-10 03:35:42.602 | ForwardToLearner: par_id=0, slot=644, n=3, proxies.size=4, batch_idx=0
I [/opt/actions-runner/_work/mako-fast-reads/mako-fast-reads/src/deptran/paxos/commo.cc:151] 2025-12-10 03:35:42.602 | ForwardToLearner: SENDING to learner site_id=3, slot=644
I [/opt/actions-runner/_work/mako-fast-reads/mako-fast-reads/src/deptran/paxos/commo.cc:125] 2025-12-10 03:35:42.646 | ForwardToLearner: par_id=1, slot=501, n=3, proxies.size=4, batch_idx=0
I [/opt/actions-runner/_work/mako-fast-reads/mako-fast-reads/src/deptran/paxos/commo.cc:151] 2025-12-10 03:35:42.646 | ForwardToLearner: SENDING to learner site_id=7, slot=501
I [/opt/actions-runner/_work/mako-fast-reads/mako-fast-reads/src/deptran/paxos/commo.cc:125] 2025-12-10 03:35:42.650 | ForwardToLearner: par_id=0, slot=645, n=3, proxies.size=4, batch_idx=0
I [/opt/actions-runner/_work/mako-fast-reads/mako-fast-reads/src/deptran/paxos/commo.cc:151] 2025-12-10 03:35:42.650 | ForwardToLearner: SENDING to learner site_id=3, slot=645
I [/opt/actions-runner/_work/mako-fast-reads/mako-fast-reads/src/deptran/paxos/commo.cc:125] 2025-12-10 03:35:42.679 | ForwardToLearner: par_id=1, slot=502, n=3, proxies.size=4, batch_idx=0
I [/opt/actions-runner/_work/mako-fast-reads/mako-fast-reads/src/deptran/paxos/commo.cc:151] 2025-12-10 03:35:42.679 | ForwardToLearner: SENDING to learner site_id=7, slot=502
I [/opt/actions-runner/_work/mako-fast-reads/mako-fast-reads/src/deptran/paxos/commo.cc:125] 2025-12-10 03:35:42.695 | ForwardToLearner: par_id=1, slot=503, n=3, proxies.size=4, batch_idx=0
I [/opt/actions-runner/_work/mako-fast-reads/mako-fast-reads/src/deptran/paxos/commo.cc:151] 2025-12-10 03:35:42.695 | ForwardToLearner: SENDING to learner site_id=7, slot=503
I [/opt/actions-runner/_work/mako-fast-reads/mako-fast-reads/src/deptran/paxos/commo.cc:125] 2025-12-10 03:35:42.697 | ForwardToLearner: par_id=0, slot=646, n=3, proxies.size=4, batch_idx=0
I [/opt/actions-runner/_work/mako-fast-reads/mako-fast-reads/src/deptran/paxos/commo.cc:151] 2025-12-10 03:35:42.697 | ForwardToLearner: SENDING to learner site_id=3, slot=646
I [/opt/actions-runner/_work/mako-fast-reads/mako-fast-reads/src/deptran/paxos/commo.cc:125] 2025-12-10 03:35:42.735 | ForwardToLearner: par_id=0, slot=647, n=3, proxies.size=4, batch_idx=0
I [/opt/actions-runner/_work/mako-fast-reads/mako-fast-reads/src/deptran/paxos/commo.cc:151] 2025-12-10 03:35:42.735 | ForwardToLearner: SENDING to learner site_id=3, slot=647
I [/opt/actions-runner/_work/mako-fast-reads/mako-fast-reads/src/deptran/paxos/commo.cc:125] 2025-12-10 03:35:42.746 | ForwardToLearner: par_id=1, slot=504, n=3, proxies.size=4, batch_idx=0
I [/opt/actions-runner/_work/mako-fast-reads/mako-fast-reads/src/deptran/paxos/commo.cc:151] 2025-12-10 03:35:42.746 | ForwardToLearner: SENDING to learner site_id=7, slot=504
I [/opt/actions-runner/_work/mako-fast-reads/mako-fast-reads/src/deptran/paxos/commo.cc:125] 2025-12-10 03:35:42.755 | ForwardToLearner: par_id=1, slot=505, n=3, proxies.size=4, batch_idx=0
I [/opt/actions-runner/_work/mako-fast-reads/mako-fast-reads/src/deptran/paxos/commo.cc:151] 2025-12-10 03:35:42.755 | ForwardToLearner: SENDING to learner site_id=7, slot=505
I [/opt/actions-runner/_work/mako-fast-reads/mako-fast-reads/src/deptran/paxos/commo.cc:125] 2025-12-10 03:35:42.765 | ForwardToLearner: par_id=0, slot=648, n=3, proxies.size=4, batch_idx=0
I [/opt/actions-runner/_work/mako-fast-reads/mako-fast-reads/src/deptran/paxos/commo.cc:151] 2025-12-10 03:35:42.765 | ForwardToLearner: SENDING to learner site_id=3, slot=648
I [/opt/actions-runner/_work/mako-fast-reads/mako-fast-reads/src/deptran/paxos/commo.cc:125] 2025-12-10 03:35:42.772 | ForwardToLearner: par_id=0, slot=649, n=3, proxies.size=4, batch_idx=0
I [/opt/actions-runner/_work/mako-fast-reads/mako-fast-reads/src/deptran/paxos/commo.cc:151] 2025-12-10 03:35:42.772 | ForwardToLearner: SENDING to learner site_id=3, slot=649
I [/opt/actions-runner/_work/mako-fast-reads/mako-fast-reads/src/deptran/paxos/commo.cc:125] 2025-12-10 03:35:42.784 | ForwardToLearner: par_id=0, slot=650, n=3, proxies.size=4, batch_idx=0
I [/opt/actions-runner/_work/mako-fast-reads/mako-fast-reads/src/deptran/paxos/commo.cc:151] 2025-12-10 03:35:42.784 | ForwardToLearner: SENDING to learner site_id=3, slot=650
I [/opt/actions-runner/_work/mako-fast-reads/mako-fast-reads/src/deptran/paxos/commo.cc:125] 2025-12-10 03:35:42.798 | ForwardToLearner: par_id=1, slot=506, n=3, proxies.size=4, batch_idx=0
I [/opt/actions-runner/_work/mako-fast-reads/mako-fast-reads/src/deptran/paxos/commo.cc:151] 2025-12-10 03:35:42.798 | ForwardToLearner: SENDING to learner site_id=7, slot=506
I [/opt/actions-runner/_work/mako-fast-reads/mako-fast-reads/src/deptran/paxos/commo.cc:125] 2025-12-10 03:35:42.811 | ForwardToLearner: par_id=0, slot=651, n=3, proxies.size=4, batch_idx=0
I [/opt/actions-runner/_work/mako-fast-reads/mako-fast-reads/src/deptran/paxos/commo.cc:151] 2025-12-10 03:35:42.811 | ForwardToLearner: SENDING to learner site_id=3, slot=651
I [/opt/actions-runner/_work/mako-fast-reads/mako-fast-reads/src/deptran/paxos/commo.cc:125] 2025-12-10 03:35:42.838 | ForwardToLearner: par_id=1, slot=507, n=3, proxies.size=4, batch_idx=0
I [/opt/actions-runner/_work/mako-fast-reads/mako-fast-reads/src/deptran/paxos/commo.cc:151] 2025-12-10 03:35:42.838 | ForwardToLearner: SENDING to learner site_id=7, slot=507
I [/opt/actions-runner/_work/mako-fast-reads/mako-fast-reads/src/deptran/paxos/commo.cc:125] 2025-12-10 03:35:42.859 | ForwardToLearner: par_id=0, slot=652, n=3, proxies.size=4, batch_idx=0
I [/opt/actions-runner/_work/mako-fast-reads/mako-fast-reads/src/deptran/paxos/commo.cc:151] 2025-12-10 03:35:42.859 | ForwardToLearner: SENDING to learner site_id=3, slot=652
I [/opt/actions-runner/_work/mako-fast-reads/mako-fast-reads/src/deptran/paxos/commo.cc:125] 2025-12-10 03:35:42.898 | ForwardToLearner: par_id=1, slot=508, n=3, proxies.size=4, batch_idx=0
I [/opt/actions-runner/_work/mako-fast-reads/mako-fast-reads/src/deptran/paxos/commo.cc:151] 2025-12-10 03:35:42.898 | ForwardToLearner: SENDING to learner site_id=7, slot=508
I [/opt/actions-runner/_work/mako-fast-reads/mako-fast-reads/src/deptran/paxos/commo.cc:125] 2025-12-10 03:35:42.908 | ForwardToLearner: par_id=0, slot=653, n=3, proxies.size=4, batch_idx=0
I [/opt/actions-runner/_work/mako-fast-reads/mako-fast-reads/src/deptran/paxos/commo.cc:151] 2025-12-10 03:35:42.908 | ForwardToLearner: SENDING to learner site_id=3, slot=653
I [/opt/actions-runner/_work/mako-fast-reads/mako-fast-reads/src/deptran/paxos/commo.cc:125] 2025-12-10 03:35:42.911 | ForwardToLearner: par_id=1, slot=509, n=3, proxies.size=4, batch_idx=0
I [/opt/actions-runner/_work/mako-fast-reads/mako-fast-reads/src/deptran/paxos/commo.cc:151] 2025-12-10 03:35:42.911 | ForwardToLearner: SENDING to learner site_id=7, slot=509
I [/opt/actions-runner/_work/mako-fast-reads/mako-fast-reads/src/deptran/paxos/commo.cc:125] 2025-12-10 03:35:42.948 | ForwardToLearner: par_id=1, slot=510, n=3, proxies.size=4, batch_idx=0
I [/opt/actions-runner/_work/mako-fast-reads/mako-fast-reads/src/deptran/paxos/commo.cc:151] 2025-12-10 03:35:42.948 | ForwardToLearner: SENDING to learner site_id=7, slot=510
I [/opt/actions-runner/_work/mako-fast-reads/mako-fast-reads/src/deptran/paxos/commo.cc:125] 2025-12-10 03:35:42.960 | ForwardToLearner: par_id=0, slot=654, n=3, proxies.size=4, batch_idx=0
I [/opt/actions-runner/_work/mako-fast-reads/mako-fast-reads/src/deptran/paxos/commo.cc:151] 2025-12-10 03:35:42.960 | ForwardToLearner: SENDING to learner site_id=3, slot=654
I [/opt/actions-runner/_work/mako-fast-reads/mako-fast-reads/src/deptran/paxos/commo.cc:125] 2025-12-10 03:35:42.988 | ForwardToLearner: par_id=1, slot=511, n=3, proxies.size=4, batch_idx=0
I [/opt/actions-runner/_work/mako-fast-reads/mako-fast-reads/src/deptran/paxos/commo.cc:151] 2025-12-10 03:35:42.988 | ForwardToLearner: SENDING to learner site_id=7, slot=511
I [/opt/actions-runner/_work/mako-fast-reads/mako-fast-reads/src/deptran/paxos/commo.cc:125] 2025-12-10 03:35:43.006 | ForwardToLearner: par_id=1, slot=512, n=3, proxies.size=4, batch_idx=0
I [/opt/actions-runner/_work/mako-fast-reads/mako-fast-reads/src/deptran/paxos/commo.cc:151] 2025-12-10 03:35:43.006 | ForwardToLearner: SENDING to learner site_id=7, slot=512
I [/opt/actions-runner/_work/mako-fast-reads/mako-fast-reads/src/deptran/paxos/commo.cc:125] 2025-12-10 03:35:43.007 | ForwardToLearner: par_id=0, slot=655, n=3, proxies.size=4, batch_idx=0
I [/opt/actions-runner/_work/mako-fast-reads/mako-fast-reads/src/deptran/paxos/commo.cc:151] 2025-12-10 03:35:43.007 | ForwardToLearner: SENDING to learner site_id=3, slot=655
I [/opt/actions-runner/_work/mako-fast-reads/mako-fast-reads/src/deptran/paxos/commo.cc:125] 2025-12-10 03:35:43.010 | ForwardToLearner: par_id=0, slot=656, n=3, proxies.size=4, batch_idx=0
I [/opt/actions-runner/_work/mako-fast-reads/mako-fast-reads/src/deptran/paxos/commo.cc:151] 2025-12-10 03:35:43.010 | ForwardToLearner: SENDING to learner site_id=3, slot=656
I [/opt/actions-runner/_work/mako-fast-reads/mako-fast-reads/src/deptran/paxos/commo.cc:125] 2025-12-10 03:35:43.030 | ForwardToLearner: par_id=0, slot=657, n=3, proxies.size=4, batch_idx=0
I [/opt/actions-runner/_work/mako-fast-reads/mako-fast-reads/src/deptran/paxos/commo.cc:151] 2025-12-10 03:35:43.030 | ForwardToLearner: SENDING to learner site_id=3, slot=657
I [/opt/actions-runner/_work/mako-fast-reads/mako-fast-reads/src/deptran/paxos/commo.cc:125] 2025-12-10 03:35:43.035 | ForwardToLearner: par_id=1, slot=513, n=3, proxies.size=4, batch_idx=0
I [/opt/actions-runner/_work/mako-fast-reads/mako-fast-reads/src/deptran/paxos/commo.cc:151] 2025-12-10 03:35:43.035 | ForwardToLearner: SENDING to learner site_id=7, slot=513
I [/opt/actions-runner/_work/mako-fast-reads/mako-fast-reads/src/deptran/paxos/commo.cc:125] 2025-12-10 03:35:43.063 | ForwardToLearner: par_id=0, slot=658, n=3, proxies.size=4, batch_idx=0
I [/opt/actions-runner/_work/mako-fast-reads/mako-fast-reads/src/deptran/paxos/commo.cc:151] 2025-12-10 03:35:43.063 | ForwardToLearner: SENDING to learner site_id=3, slot=658
I [/opt/actions-runner/_work/mako-fast-reads/mako-fast-reads/src/deptran/paxos/commo.cc:125] 2025-12-10 03:35:43.078 | ForwardToLearner: par_id=1, slot=514, n=3, proxies.size=4, batch_idx=0
I [/opt/actions-runner/_work/mako-fast-reads/mako-fast-reads/src/deptran/paxos/commo.cc:151] 2025-12-10 03:35:43.078 | ForwardToLearner: SENDING to learner site_id=7, slot=514
I [/opt/actions-runner/_work/mako-fast-reads/mako-fast-reads/src/deptran/paxos/commo.cc:125] 2025-12-10 03:35:43.112 | ForwardToLearner: par_id=0, slot=659, n=3, proxies.size=4, batch_idx=0
I [/opt/actions-runner/_work/mako-fast-reads/mako-fast-reads/src/deptran/paxos/commo.cc:151] 2025-12-10 03:35:43.112 | ForwardToLearner: SENDING to learner site_id=3, slot=659
I [/opt/actions-runner/_work/mako-fast-reads/mako-fast-reads/src/deptran/paxos/commo.cc:125] 2025-12-10 03:35:43.118 | ForwardToLearner: par_id=1, slot=515, n=3, proxies.size=4, batch_idx=0
I [/opt/actions-runner/_work/mako-fast-reads/mako-fast-reads/src/deptran/paxos/commo.cc:151] 2025-12-10 03:35:43.118 | ForwardToLearner: SENDING to learner site_id=7, slot=515
I [/opt/actions-runner/_work/mako-fast-reads/mako-fast-reads/src/deptran/paxos/commo.cc:125] 2025-12-10 03:35:43.140 | ForwardToLearner: par_id=1, slot=516, n=3, proxies.size=4, batch_idx=0
I [/opt/actions-runner/_work/mako-fast-reads/mako-fast-reads/src/deptran/paxos/commo.cc:151] 2025-12-10 03:35:43.140 | ForwardToLearner: SENDING to learner site_id=7, slot=516
I [/opt/actions-runner/_work/mako-fast-reads/mako-fast-reads/src/deptran/paxos/commo.cc:125] 2025-12-10 03:35:43.156 | ForwardToLearner: par_id=0, slot=660, n=3, proxies.size=4, batch_idx=0
I [/opt/actions-runner/_work/mako-fast-reads/mako-fast-reads/src/deptran/paxos/commo.cc:151] 2025-12-10 03:35:43.156 | ForwardToLearner: SENDING to learner site_id=3, slot=660
I [/opt/actions-runner/_work/mako-fast-reads/mako-fast-reads/src/deptran/paxos/commo.cc:125] 2025-12-10 03:35:43.171 | ForwardToLearner: par_id=1, slot=517, n=3, proxies.size=4, batch_idx=0
I [/opt/actions-runner/_work/mako-fast-reads/mako-fast-reads/src/deptran/paxos/commo.cc:151] 2025-12-10 03:35:43.171 | ForwardToLearner: SENDING to learner site_id=7, slot=517
I [/opt/actions-runner/_work/mako-fast-reads/mako-fast-reads/src/deptran/paxos/commo.cc:125] 2025-12-10 03:35:43.201 | ForwardToLearner: par_id=0, slot=661, n=3, proxies.size=4, batch_idx=0
I [/opt/actions-runner/_work/mako-fast-reads/mako-fast-reads/src/deptran/paxos/commo.cc:151] 2025-12-10 03:35:43.201 | ForwardToLearner: SENDING to learner site_id=3, slot=661
I [/opt/actions-runner/_work/mako-fast-reads/mako-fast-reads/src/deptran/paxos/commo.cc:125] 2025-12-10 03:35:43.208 | ForwardToLearner: par_id=1, slot=518, n=3, proxies.size=4, batch_idx=0
I [/opt/actions-runner/_work/mako-fast-reads/mako-fast-reads/src/deptran/paxos/commo.cc:151] 2025-12-10 03:35:43.208 | ForwardToLearner: SENDING to learner site_id=7, slot=518
I [/opt/actions-runner/_work/mako-fast-reads/mako-fast-reads/src/deptran/paxos/commo.cc:125] 2025-12-10 03:35:43.233 | ForwardToLearner: par_id=1, slot=519, n=3, proxies.size=4, batch_idx=0
I [/opt/actions-runner/_work/mako-fast-reads/mako-fast-reads/src/deptran/paxos/commo.cc:151] 2025-12-10 03:35:43.233 | ForwardToLearner: SENDING to learner site_id=7, slot=519
I [/opt/actions-runner/_work/mako-fast-reads/mako-fast-reads/src/deptran/paxos/commo.cc:125] 2025-12-10 03:35:43.248 | ForwardToLearner: par_id=0, slot=662, n=3, proxies.size=4, batch_idx=0
I [/opt/actions-runner/_work/mako-fast-reads/mako-fast-reads/src/deptran/paxos/commo.cc:151] 2025-12-10 03:35:43.248 | ForwardToLearner: SENDING to learne20251110-03:35.43-373335(us) 19466 * wait_for_termination (mako.hh:538):      follower is waiting for being ended: 0/2, noops_cnt:0, replay_batch:1184, wait_time:19s

r site_id=3, slot=662
I [/opt/actions-runner/_work/mako-fast-reads/mako-fast-reads/src/deptran/paxos/commo.cc:125] 2025-12-10 03:35:43.250 | ForwardToLearner: par_id=0, slot=663, n=3, proxies.size=4, batch_idx=0
I [/opt/actions-runner/_work/mako-fast-reads/mako-fast-reads/src/deptran/paxos/commo.cc:151] 2025-12-10 03:35:43.250 | ForwardToLearner: SENDING to learner site_id=3, slot=663
I [/opt/actions-runner/_work/mako-fast-reads/mako-fast-reads/src/deptran/paxos/commo.cc:125] 2025-12-10 03:35:43.262 | ForwardToLearner: par_id=1, slot=520, n=3, proxies.size=4, batch_idx=0
I [/opt/actions-runner/_work/mako-fast-reads/mako-fast-reads/src/deptran/paxos/commo.cc:151] 2025-12-10 03:35:43.262 | ForwardToLearner: SENDING to learner site_id=7, slot=520
I [/opt/actions-runner/_work/mako-fast-reads/mako-fast-reads/src/deptran/paxos/commo.cc:125] 2025-12-10 03:35:43.262 | ForwardToLearner: par_id=0, slot=664, n=3, proxies.size=4, batch_idx=0
I [/opt/actions-runner/_work/mako-fast-reads/mako-fast-reads/src/deptran/paxos/commo.cc:151] 2025-12-10 03:35:43.262 | ForwardToLearner: SENDING to learner site_id=3, slot=664
I [/opt/actions-runner/_work/mako-fast-reads/mako-fast-reads/src/deptran/paxos/commo.cc:125] 2025-12-10 03:35:43.294 | ForwardToLearner: par_id=0, slot=665, n=3, proxies.size=4, batch_idx=0
I [/opt/actions-runner/_work/mako-fast-reads/mako-fast-reads/src/deptran/paxos/commo.cc:151] 2025-12-10 03:35:43.294 | ForwardToLearner: SENDING to learner site_id=3, slot=665
I [/opt/actions-runner/_work/mako-fast-reads/mako-fast-reads/src/deptran/paxos/commo.cc:125] 2025-12-10 03:35:43.311 | ForwardToLearner: par_id=1, slot=521, n=3, proxies.size=4, batch_idx=0
I [/opt/actions-runner/_work/mako-fast-reads/mako-fast-reads/src/deptran/paxos/commo.cc:151] 2025-12-10 03:35:43.311 | ForwardToLearner: SENDING to learner site_id=7, slot=521
I [/opt/actions-runner/_work/mako-fast-reads/mako-fast-reads/src/deptran/paxos/commo.cc:125] 2025-12-10 03:35:43.332 | ForwardToLearner: par_id=0, slot=666, n=3, proxies.size=4, batch_idx=0
I [/opt/actions-runner/_work/mako-fast-reads/mako-fast-reads/src/deptran/paxos/commo.cc:151] 2025-12-10 03:35:43.332 | ForwardToLearner: SENDING to learner site_id=3, slot=666
I [/opt/actions-runner/_work/mako-fast-reads/mako-fast-reads/src/deptran/paxos/commo.cc:125] 2025-12-10 03:35:43.348 | ForwardToLearner: par_id=1, slot=522, n=3, proxies.size=4, batch_idx=0
I [/opt/actions-runner/_work/mako-fast-reads/mako-fast-reads/src/deptran/paxos/commo.cc:151] 2025-12-10 03:35:43.348 | ForwardToLearner: SENDING to learner site_id=7, slot=522
I [/opt/actions-runner/_work/mako-fast-reads/mako-fast-reads/src/deptran/paxos/commo.cc:125] 2025-12-10 03:35:43.376 | ForwardToLearner: par_id=0, slot=667, n=3, proxies.size=4, batch_idx=0
I [/opt/actions-runner/_work/mako-fast-reads/mako-fast-reads/src/deptran/paxos/commo.cc:151] 2025-12-10 03:35:43.376 | ForwardToLearner: SENDING to learner site_id=3, slot=667
I [/opt/actions-runner/_work/mako-fast-reads/mako-fast-reads/src/deptran/paxos/commo.cc:125] 2025-12-10 03:35:43.379 | ForwardToLearner: par_id=1, slot=523, n=3, proxies.size=4, batch_idx=0
I [/opt/actions-runner/_work/mako-fast-reads/mako-fast-reads/src/deptran/paxos/commo.cc:151] 2025-12-10 03:35:43.379 | ForwardToLearner: SENDING to learner site_id=7, slot=523
I [/opt/actions-runner/_work/mako-fast-reads/mako-fast-reads/src/deptran/paxos/commo.cc:125] 2025-12-10 03:35:43.387 | ForwardToLearner: par_id=1, slot=524, n=3, proxies.size=4, batch_idx=0
I [/opt/actions-runner/_work/mako-fast-reads/mako-fast-reads/src/deptran/paxos/commo.cc:151] 2025-12-10 03:35:43.387 | ForwardToLearner: SENDING to learner site_id=7, slot=524
I [/opt/actions-runner/_work/mako-fast-reads/mako-fast-reads/src/deptran/paxos/commo.cc:125] 2025-12-10 03:35:43.421 | ForwardToLearner: par_id=0, slot=668, n=3, proxies.size=4, batch_idx=0
I [/opt/actions-runner/_work/mako-fast-reads/mako-fast-reads/src/deptran/paxos/commo.cc:151] 2025-12-10 03:35:43.421 | ForwardToLearner: SENDING to learner site_id=3, slot=668
I [/opt/actions-runner/_work/mako-fast-reads/mako-fast-reads/src/deptran/paxos/commo.cc:125] 2025-12-10 03:35:43.434 | ForwardToLearner: par_id=1, slot=525, n=3, proxies.size=4, batch_idx=0
I [/opt/actions-runner/_work/mako-fast-reads/mako-fast-reads/src/deptran/paxos/commo.cc:151] 2025-12-10 03:35:43.434 | ForwardToLearner: SENDING to learner site_id=7, slot=525
I [/opt/actions-runner/_work/mako-fast-reads/mako-fast-reads/src/deptran/paxos/commo.cc:125] 2025-12-10 03:35:43.455 | ForwardToLearner: par_id=1, slot=526, n=3, proxies.size=4, batch_idx=0
I [/opt/actions-runner/_work/mako-fast-reads/mako-fast-reads/src/deptran/paxos/commo.cc:151] 2025-12-10 03:35:43.455 | ForwardToLearner: SENDING to learner site_id=7, slot=526
I [/opt/actions-runner/_work/mako-fast-reads/mako-fast-reads/src/deptran/paxos/commo.cc:125] 2025-12-10 03:35:43.475 | ForwardToLearner: par_id=0, slot=669, n=3, proxies.size=4, batch_idx=0
I [/opt/actions-runner/_work/mako-fast-reads/mako-fast-reads/src/deptran/paxos/commo.cc:151] 2025-12-10 03:35:43.475 | ForwardToLearner: SENDING to learner site_id=3, slot=669
I [/opt/actions-runner/_work/mako-fast-reads/mako-fast-reads/src/deptran/paxos/commo.cc:125] 2025-12-10 03:35:43.478 | ForwardToLearner: par_id=1, slot=527, n=3, proxies.size=4, batch_idx=0
I [/opt/actions-runner/_work/mako-fast-reads/mako-fast-reads/src/deptran/paxos/commo.cc:151] 2025-12-10 03:35:43.478 | ForwardToLearner: SENDING to learner site_id=7, slot=527
I [/opt/actions-runner/_work/mako-fast-reads/mako-fast-reads/src/deptran/paxos/commo.cc:125] 2025-12-10 03:35:43.480 | ForwardToLearner: par_id=0, slot=670, n=3, proxies.size=4, batch_idx=0
I [/opt/actions-runner/_work/mako-fast-reads/mako-fast-reads/src/deptran/paxos/commo.cc:151] 2025-12-10 03:35:43.480 | ForwardToLearner: SENDING to learner site_id=3, slot=670
I [/opt/actions-runner/_work/mako-fast-reads/mako-fast-reads/src/deptran/paxos/commo.cc:125] 2025-12-10 03:35:43.493 | ForwardToLearner: par_id=0, slot=671, n=3, proxies.size=4, batch_idx=0
I [/opt/actions-runner/_work/mako-fast-reads/mako-fast-reads/src/deptran/paxos/commo.cc:151] 2025-12-10 03:35:43.493 | ForwardToLearner: SENDING to learner site_id=3, slot=671
I [/opt/actions-runner/_work/mako-fast-reads/mako-fast-reads/src/deptran/paxos/commo.cc:125] 2025-12-10 03:35:43.520 | ForwardToLearner: par_id=1, slot=528, n=3, proxies.size=4, batch_idx=0
I [/opt/actions-runner/_work/mako-fast-reads/mako-fast-reads/src/deptran/paxos/commo.cc:151] 2025-12-10 03:35:43.520 | ForwardToLearner: SENDING to learner site_id=7, slot=528
I [/opt/actions-runner/_work/mako-fast-reads/mako-fast-reads/src/deptran/paxos/commo.cc:125] 2025-12-10 03:35:43.528 | ForwardToLearner: par_id=0, slot=672, n=3, proxies.size=4, batch_idx=0
I [/opt/actions-runner/_work/mako-fast-reads/mako-fast-reads/src/deptran/paxos/commo.cc:151] 2025-12-10 03:35:43.528 | ForwardToLearner: SENDING to learner site_id=3, slot=672
I [/opt/actions-runner/_work/mako-fast-reads/mako-fast-reads/src/deptran/paxos/commo.cc:125] 2025-12-10 03:35:43.560 | ForwardToLearner: par_id=1, slot=529, n=3, proxies.size=4, batch_idx=0
I [/opt/actions-runner/_work/mako-fast-reads/mako-fast-reads/src/deptran/paxos/commo.cc:151] 2025-12-10 03:35:43.560 | ForwardToLearner: SENDING to learner site_id=7, slot=529
I [/opt/actions-runner/_work/mako-fast-reads/mako-fast-reads/src/deptran/paxos/commo.cc:125] 2025-12-10 03:35:43.574 | ForwardToLearner: par_id=0, slot=673, n=3, proxies.size=4, batch_idx=0
I [/opt/actions-runner/_work/mako-fast-reads/mako-fast-reads/src/deptran/paxos/commo.cc:151] 2025-12-10 03:35:43.574 | ForwardToLearner: SENDING to learner site_id=3, slot=673
I [/opt/actions-runner/_work/mako-fast-reads/mako-fast-reads/src/deptran/paxos/commo.cc:125] 2025-12-10 03:35:43.601 | ForwardToLearner: par_id=1, slot=530, n=3, proxies.size=4, batch_idx=0
I [/opt/actions-runner/_work/mako-fast-reads/mako-fast-reads/src/deptran/paxos/commo.cc:151] 2025-12-10 03:35:43.601 | ForwardToLearner: SENDING to learner site_id=7, slot=530
I [/opt/actions-runner/_work/mako-fast-reads/mako-fast-reads/src/deptran/paxos/commo.cc:125] 2025-12-10 03:35:43.607 | ForwardToLearner: par_id=1, slot=531, n=3, proxies.size=4, batch_idx=0
I [/opt/actions-runner/_work/mako-fast-reads/mako-fast-reads/src/deptran/paxos/commo.cc:151] 2025-12-10 03:35:43.607 | ForwardToLearner: SENDING to learner site_id=7, slot=531
I [/opt/actions-runner/_work/mako-fast-reads/mako-fast-reads/src/deptran/paxos/commo.cc:125] 2025-12-10 03:35:43.611 | ForwardToLearner: par_id=0, slot=674, n=3, proxies.size=4, batch_idx=0
I [/opt/actions-runner/_work/mako-fast-reads/mako-fast-reads/src/deptran/paxos/commo.cc:151] 2025-12-10 03:35:43.611 | ForwardToLearner: SENDING to learner site_id=3, slot=674
I [/opt/actions-runner/_work/mako-fast-reads/mako-fast-reads/src/deptran/paxos/commo.cc:125] 2025-12-10 03:35:43.649 | ForwardToLearner: par_id=0, slot=675, n=3, proxies.size=4, batch_idx=0
I [/opt/actions-runner/_work/mako-fast-reads/mako-fast-reads/src/deptran/paxos/commo.cc:151] 2025-12-10 03:35:43.649 | ForwardToLearner: SENDING to learner site_id=3, slot=675
I [/opt/actions-runner/_work/mako-fast-reads/mako-fast-reads/src/deptran/paxos/commo.cc:125] 2025-12-10 03:35:43.653 | ForwardToLearner: par_id=1, slot=532, n=3, proxies.size=4, batch_idx=0
I [/opt/actions-runner/_work/mako-fast-reads/mako-fast-reads/src/deptran/paxos/commo.cc:151] 2025-12-10 03:35:43.653 | ForwardToLearner: SENDING to learner site_id=7, slot=532
I [/opt/actions-runner/_work/mako-fast-reads/mako-fast-reads/src/deptran/paxos/commo.cc:125] 2025-12-10 03:35:43.695 | ForwardToLearner: par_id=1, slot=533, n=3, proxies.size=4, batch_idx=0
I [/opt/actions-runner/_work/mako-fast-reads/mako-fast-reads/src/deptran/paxos/commo.cc:151] 2025-12-10 03:35:43.695 | ForwardToLearner: SENDING to learner site_id=7, slot=533
I [/opt/actions-runner/_work/mako-fast-reads/mako-fast-reads/src/deptran/paxos/commo.cc:125] 2025-12-10 03:35:43.700 | ForwardToLearner: par_id=0, slot=676, n=3, proxies.size=4, batch_idx=0
I [/opt/actions-runner/_work/mako-fast-reads/mako-fast-reads/src/deptran/paxos/commo.cc:151] 2025-12-10 03:35:43.700 | ForwardToLearner: SENDING to learner site_id=3, slot=676
I [/opt/actions-runner/_work/mako-fast-reads/mako-fast-reads/src/deptran/paxos/commo.cc:125] 2025-12-10 03:35:43.709 | ForwardToLearner: par_id=1, slot=534, n=3, proxies.size=4, batch_idx=0
I [/opt/actions-runner/_work/mako-fast-reads/mako-fast-reads/src/deptran/paxos/commo.cc:151] 2025-12-10 03:35:43.709 | ForwardToLearner: SENDING to learner site_id=7, slot=534
I [/opt/actions-runner/_work/mako-fast-reads/mako-fast-reads/src/deptran/paxos/commo.cc:125] 2025-12-10 03:35:43.718 | ForwardToLearner: par_id=0, slot=677, n=3, proxies.size=4, batch_idx=0
I [/opt/actions-runner/_work/mako-fast-reads/mako-fast-reads/src/deptran/paxos/commo.cc:151] 2025-12-10 03:35:43.718 | ForwardToLearner: SENDING to learner site_id=3, slot=677
I [/opt/actions-runner/_work/mako-fast-reads/mako-fast-reads/src/deptran/paxos/commo.cc:125] 2025-12-10 03:35:43.745 | ForwardToLearner: par_id=0, slot=678, n=3, proxies.size=4, batch_idx=0
I [/opt/actions-runner/_work/mako-fast-reads/mako-fast-reads/src/deptran/paxos/commo.cc:151] 2025-12-10 03:35:43.745 | ForwardToLearner: SENDING to learner site_id=3, slot=678
I [/opt/actions-runner/_work/mako-fast-reads/mako-fast-reads/src/deptran/paxos/commo.cc:125] 2025-12-10 03:35:43.748 | ForwardToLearner: par_id=0, slot=679, n=3, proxies.size=4, batch_idx=0
I [/opt/actions-runner/_work/mako-fast-reads/mako-fast-reads/src/deptran/paxos/commo.cc:151] 2025-12-10 03:35:43.748 | ForwardToLearner: SENDING to learner site_id=3, slot=679
I [/opt/actions-runner/_work/mako-fast-reads/mako-fast-reads/src/deptran/paxos/commo.cc:125] 2025-12-10 03:35:43.752 | ForwardToLearner: par_id=1, slot=535, n=3, proxies.size=4, batch_idx=0
I [/opt/actions-runner/_work/mako-fast-reads/mako-fast-reads/src/deptran/paxos/commo.cc:151] 2025-12-10 03:35:43.752 | ForwardToLearner: SENDING to learner site_id=7, slot=535
I [/opt/actions-runner/_work/mako-fast-reads/mako-fast-reads/src/deptran/paxos/commo.cc:125] 2025-12-10 03:35:43.793 | ForwardToLearner: par_id=0, slot=680, n=3, proxies.size=4, batch_idx=0
I [/opt/actions-runner/_work/mako-fast-reads/mako-fast-reads/src/deptran/paxos/commo.cc:151] 2025-12-10 03:35:43.793 | ForwardToLearner: SENDING to learner site_id=3, slot=680
I [/opt/actions-runner/_work/mako-fast-reads/mako-fast-reads/src/deptran/paxos/commo.cc:125] 2025-12-10 03:35:43.794 | ForwardToLearner: par_id=1, slot=536, n=3, proxies.size=4, batch_idx=0
I [/opt/actions-runner/_work/mako-fast-reads/mako-fast-reads/src/deptran/paxos/commo.cc:151] 2025-12-10 03:35:43.794 | ForwardToLearner: SENDING to learner site_id=7, slot=536
I [/opt/actions-runner/_work/mako-fast-reads/mako-fast-reads/src/deptran/paxos/commo.cc:125] 2025-12-10 03:35:43.827 | ForwardToLearner: par_id=1, slot=537, n=3, proxies.size=4, batch_idx=0
I [/opt/actions-runner/_work/mako-fast-reads/mako-fast-reads/src/deptran/paxos/commo.cc:151] 2025-12-10 03:35:43.827 | ForwardToLearner: SENDING to learner site_id=7, slot=537
I [/opt/actions-runner/_work/mako-fast-reads/mako-fast-reads/src/deptran/paxos/commo.cc:125] 2025-12-10 03:35:43.833 | ForwardToLearner: par_id=1, slot=538, n=3, proxies.size=4, batch_idx=0
I [/opt/actions-runner/_work/mako-fast-reads/mako-fast-reads/src/deptran/paxos/commo.cc:151] 2025-12-10 03:35:43.833 | ForwardToLearner: SENDING to learner site_id=7, slot=538
I [/opt/actions-runner/_work/mako-fast-reads/mako-fast-reads/src/deptran/paxos/commo.cc:125] 2025-12-10 03:35:43.856 | ForwardToLearner: par_id=0, slot=681, n=3, proxies.size=4, batch_idx=0
I [/opt/actions-runner/_work/mako-fast-reads/mako-fast-reads/src/deptran/paxos/commo.cc:151] 2025-12-10 03:35:43.856 | ForwardToLearner: SENDING to learner site_id=3, slot=681
I [/opt/actions-runner/_work/mako-fast-reads/mako-fast-reads/src/deptran/paxos/commo.cc:125] 2025-12-10 03:35:43.890 | ForwardToLearner: par_id=1, slot=539, n=3, proxies.size=4, batch_idx=0
I [/opt/actions-runner/_work/mako-fast-reads/mako-fast-reads/src/deptran/paxos/commo.cc:151] 2025-12-10 03:35:43.890 | ForwardToLearner: SENDING to learner site_id=7, slot=539
I [/opt/actions-runner/_work/mako-fast-reads/mako-fast-reads/src/deptran/paxos/commo.cc:125] 2025-12-10 03:35:43.897 | ForwardToLearner: par_id=0, slot=682, n=3, proxies.size=4, batch_idx=0
I [/opt/actions-runner/_work/mako-fast-reads/mako-fast-reads/src/deptran/paxos/commo.cc:151] 2025-12-10 03:35:43.897 | ForwardToLearner: SENDING to learner site_id=3, slot=682
I [/opt/actions-runner/_work/mako-fast-reads/mako-fast-reads/src/deptran/paxos/commo.cc:125] 2025-12-10 03:35:43.920 | ForwardToLearner: par_id=1, slot=540, n=3, proxies.size=4, batch_idx=0
I [/opt/actions-runner/_work/mako-fast-reads/mako-fast-reads/src/deptran/paxos/commo.cc:151] 2025-12-10 03:35:43.920 | ForwardToLearner: SENDING to learner site_id=7, slot=540
I [/opt/actions-runner/_work/mako-fast-reads/mako-fast-reads/src/deptran/paxos/commo.cc:125] 2025-12-10 03:35:43.931 | ForwardToLearner: par_id=1, slot=541, n=3, proxies.size=4, batch_idx=0
I [/opt/actions-runner/_work/mako-fast-reads/mako-fast-reads/src/deptran/paxos/commo.cc:151] 2025-12-10 03:35:43.931 | ForwardToLearner: SENDING to learner site_id=7, slot=541
I [/opt/actions-runner/_work/mako-fast-reads/mako-fast-reads/src/deptran/paxos/commo.cc:125] 2025-12-10 03:35:43.933 | ForwardToLearner: par_id=0, slot=683, n=3, proxies.size=4, batch_idx=0
I [/opt/actions-runner/_work/mako-fast-reads/mako-fast-reads/src/deptran/paxos/commo.cc:151] 2025-12-10 03:35:43.933 | ForwardToLearner: SENDING to learner site_id=3, slot=683
I [/opt/actions-runner/_work/mako-fast-reads/mako-fast-reads/src/deptran/paxos/commo.cc:125] 2025-12-10 03:35:43.961 | ForwardToLearner: par_id=0, slot=684, n=3, proxies.size=4, batch_idx=0
I [/opt/actions-runner/_work/mako-fast-reads/mako-fast-reads/src/deptran/paxos/commo.cc:151] 2025-12-10 03:35:43.961 | ForwardToLearner: SENDING to learner site_id=3, slot=684
I [/opt/actions-runner/_work/mako-fast-reads/mako-fast-reads/src/deptran/paxos/commo.cc:125] 2025-12-10 03:35:43.967 | ForwardToLearner: par_id=0, slot=685, n=3, proxies.size=4, batch_idx=0
I [/opt/actions-runner/_work/mako-fast-reads/mako-fast-reads/src/deptran/paxos/commo.cc:151] 2025-12-10 03:35:43.967 | ForwardToLearner: SENDING to learner site_id=3, slot=685
I [/opt/actions-runner/_work/mako-fast-reads/mako-fast-reads/src/deptran/paxos/commo.cc:125] 2025-12-10 03:35:43.977 | ForwardToLearner: par_id=0, slot=686, n=3, proxies.size=4, batch_idx=0
I [/opt/actions-runner/_work/mako-fast-reads/mako-fast-reads/src/deptran/paxos/commo.cc:151] 2025-12-10 03:35:43.977 | ForwardToLearner: SENDING to learner site_id=3, slot=686
I [/opt/actions-runner/_work/mako-fast-reads/mako-fast-reads/src/deptran/paxos/commo.cc:125] 2025-12-10 03:35:43.990 | ForwardToLearner: par_id=1, slot=542, n=3, proxies.size=4, batch_idx=0
I [/opt/actions-runner/_work/mako-fast-reads/mako-fast-reads/src/deptran/paxos/commo.cc:151] 2025-12-10 03:35:43.990 | ForwardToLearner: SENDING to learner site_id=7, slot=542
I [/opt/actions-runner/_work/mako-fast-reads/mako-fast-reads/src/deptran/paxos/commo.cc:125] 2025-12-10 03:35:44.030 | ForwardToLearner: par_id=0, slot=687, n=3, proxies.size=4, batch_idx=0
I [/opt/actions-runner/_work/mako-fast-reads/mako-fast-reads/src/deptran/paxos/commo.cc:151] 2025-12-10 03:35:44.030 | ForwardToLearner: SENDING to learner site_id=3, slot=687
I [/opt/actions-runner/_work/mako-fast-reads/mako-fast-reads/src/deptran/paxos/commo.cc:125] 2025-12-10 03:35:44.032 | ForwardToLearner: par_id=1, slot=543, n=3, proxies.size=4, batch_idx=0
I [/opt/actions-runner/_work/mako-fast-reads/mako-fast-reads/src/deptran/paxos/commo.cc:151] 2025-12-10 03:35:44.032 | ForwardToLearner: SENDING to learner site_id=7, slot=543
I [/opt/actions-runner/_work/mako-fast-reads/mako-fast-reads/src/deptran/paxos/commo.cc:125] 2025-12-10 03:35:44.062 | ForwardToLearner: par_id=1, slot=544, n=3, proxies.size=4, batch_idx=0
I [/opt/actions-runner/_work/mako-fast-reads/mako-fast-reads/src/deptran/paxos/commo.cc:151] 2025-12-10 03:35:44.062 | ForwardToLearner: SENDING to learner site_id=7, slot=544
I [/opt/actions-runner/_work/mako-fast-reads/mako-fast-reads/src/deptran/paxos/commo.cc:125] 2025-12-10 03:35:44.076 | ForwardToLearner: par_id=1, slot=545, n=3, proxies.size=4, batch_idx=0
I [/opt/actions-runner/_work/mako-fast-reads/mako-fast-reads/src/deptran/paxos/commo.cc:151] 2025-12-10 03:35:44.076 | ForwardToLearner: SENDING to learner site_id=7, slot=545
I [/opt/actions-runner/_work/mako-fast-reads/mako-fast-reads/src/deptran/paxos/commo.cc:125] 2025-12-10 03:35:44.079 | ForwardToLearner: par_id=0, slot=688, n=3, proxies.size=4, batch_idx=0
I [/opt/actions-runner/_work/mako-fast-reads/mako-fast-reads/src/deptran/paxos/commo.cc:151] 2025-12-10 03:35:44.079 | ForwardToLearner: SENDING to learner site_id=3, slot=688
I [/opt/actions-runner/_work/mako-fast-reads/mako-fast-reads/src/deptran/paxos/commo.cc:125] 2025-12-10 03:35:44.127 | ForwardToLearner: par_id=1, slot=546, n=3, proxies.size=4, batch_idx=0
I [/opt/actions-runner/_work/mako-fast-reads/mako-fast-reads/src/deptran/paxos/commo.cc:151] 2025-12-10 03:35:44.127 | ForwardToLearner: SENDING to learner site_id=7, slot=546
I [/opt/actions-runner/_work/mako-fast-reads/mako-fast-reads/src/deptran/paxos/commo.cc:125] 2025-12-10 03:35:44.131 | ForwardToLearner: par_id=0, slot=689, n=3, proxies.size=4, batch_idx=0
I [/opt/actions-runner/_work/mako-fast-reads/mako-fast-reads/src/deptran/paxos/commo.cc:151] 2025-12-10 03:35:44.131 | ForwardToLearner: SENDING to learner site_id=3, slot=689
I [/opt/actions-runner/_work/mako-fast-reads/mako-fast-reads/src/deptran/paxos/commo.cc:125] 2025-12-10 03:35:44.142 | ForwardToLearner: par_id=1, slot=547, n=3, proxies.size=4, batch_idx=0
I [/opt/actions-runner/_work/mako-fast-reads/mako-fast-reads/src/deptran/paxos/commo.cc:151] 2025-12-10 03:35:44.142 | ForwardToLearner: SENDING to learner site_id=7, slot=547
I [/opt/actions-runner/_work/mako-fast-reads/mako-fast-reads/src/deptran/paxos/commo.cc:125] 2025-12-10 03:35:44.160 | ForwardToLearner: par_id=0, slot=690, n=3, proxies.size=4, batch_idx=0
I [/opt/actions-runner/_work/mako-fast-reads/mako-fast-reads/src/deptran/paxos/commo.cc:151] 2025-12-10 03:35:44.160 | ForwardToLearner: SENDING to learner site_id=3, slot=690
I [/opt/actions-runner/_work/mako-fast-reads/mako-fast-reads/src/deptran/paxos/commo.cc:125] 2025-12-10 03:35:44.180 | ForwardToLearner: par_id=0, slot=691, n=3, proxies.size=4, batch_idx=0
I [/opt/actions-runner/_work/mako-fast-reads/mako-fast-reads/src/deptran/paxos/commo.cc:151] 2025-12-10 03:35:44.180 | ForwardToLearner: SENDING to learner site_id=3, slot=691
I [/opt/actions-runner/_work/mako-fast-reads/mako-fast-reads/src/deptran/paxos/commo.cc:125] 2025-12-10 03:35:44.184 | ForwardToLearner: par_id=1, slot=548, n=3, proxies.size=4, batch_idx=0
I [/opt/actions-runner/_work/mako-fast-reads/mako-fast-reads/src/deptran/paxos/commo.cc:151] 2025-12-10 03:35:44.184 | ForwardToLearner: SENDING to learner site_id=7, slot=548
I [/opt/actions-runner/_work/mako-fast-reads/mako-fast-reads/src/deptran/paxos/commo.cc:125] 2025-12-10 03:35:44.225 | ForwardToLearner: par_id=0, slot=692, n=3, proxies.size=4, batch_idx=0
I [/opt/actions-runner/_work/mako-fast-reads/mako-fast-reads/src/deptran/paxos/commo.cc:151] 2025-12-10 03:35:44.225 | ForwardToLearner: SENDING to learner site_id=3, slot=692
I [/opt/actions-runner/_work/mako-fast-reads/mako-fast-reads/src/deptran/paxos/commo.cc:125] 2025-12-10 03:35:44.230 | ForwardToLearner: par_id=0, slot=693, n=3, proxies.size=4, batch_idx=0
I [/opt/actions-runner/_work/mako-fast-reads/mako-fast-reads/src/deptran/paxos/commo.cc:151] 2025-12-10 03:35:44.230 | ForwardToLearner: SENDING to learner site_id=3, slot=693
I [/opt/actions-runner/_work/mako-fast-reads/mako-fast-reads/src/deptran/paxos/commo.cc:125] 2025-12-10 03:35:44.239 | ForwardToLearner: par_id=1, slot=549, n=3, proxies.size=4, batch_idx=0
I [/opt/actions-runner/_work/mako-fast-reads/mako-fast-reads/src/deptran/paxos/commo.cc:151] 2025-12-10 03:35:44.239 | ForwardToLearner: SENDING to learner site_id=7, slot=549
I [/opt/actions-runner/_work/mako-fast-reads/mako-fast-reads/src/deptran/paxos/commo.cc:125] 2025-12-10 03:35:44.271 | ForwardToLearner: par_id=0, slot=694, n=3, proxies.size=4, batch_idx=0
I [/opt/actions-runner/_work/mako-fast-reads/mako-fast-reads/src/deptran/paxos/commo.cc:151] 2025-12-10 03:35:44.271 | ForwardToLearner: SENDING to learner site_id=3, slot=694
I [/opt/actions-runner/_work/mako-fast-reads/mako-fast-reads/src/deptran/paxos/commo.cc:125] 2025-12-10 03:35:44.279 | ForwardToLearner: par_id=1, slot=550, n=3, proxies.size=4, batch_idx=0
I [/opt/actions-runner/_work/mako-fast-reads/mako-fast-reads/src/deptran/paxos/commo.cc:151] 2025-12-10 03:35:44.279 | ForwardToLearner: SENDING to learner site_id=7, slot=550
I [/opt/actions-runner/_work/mako-fast-reads/mako-fast-reads/src/deptran/paxos/commo.cc:125] 2025-12-10 03:35:44.296 | ForwardToLearner: par_id=1, slot=551, n=3, proxies.size=4, batch_idx=0
I [/opt/actions-runner/_work/mako-fast-reads/mako-fast-reads/src/deptran/paxos/commo.cc:151] 2025-12-10 03:35:44.296 | ForwardToLearner: SENDING to learner site_id=7, slot=551
I [/opt/actions-runner/_work/mako-fast-reads/mako-fast-reads/src/deptran/paxos/commo.cc:125] 2025-12-10 03:35:44.318 | ForwardToLearner: par_id=0, slot=695, n=3, proxies.size=4, batch_idx=0
I [/opt/actions-runner/_work/mako-fast-reads/mako-fast-reads/src/deptran/paxos/commo.cc:151] 2025-12-10 03:35:44.318 | ForwardToLearner: SENDING to learner site_id=3, slot=695
I [/opt/actions-runner/_work/mako-fast-reads/mako-fast-reads/src/deptran/paxos/commo.cc:125] 2025-12-10 03:35:44.322 | ForwardToLearner: par_id=1, slot=552, n=3, proxies.size=4, batch_idx=0
I [/opt/actions-runner/_work/mako-fast-reads/mako-fast-reads/src/deptran/paxos/commo.cc:151] 2025-12-10 03:35:44.322 | ForwardToLearner: SENDING to learner site_id=7, slot=552
I [/opt/actions-runner/_work/mako-fast-reads/mako-fast-reads/src/deptran/paxos/commo.cc:125] 2025-12-10 03:35:44.368 | ForwardToLearner: par_id=1, slot=553, n=3, proxies.size=4, batch_idx=0
I [/opt/actions-runner/_work/mako-fast-reads/mako-fast-reads/src/deptran/paxos/commo.cc:151] 2025-12-10 03:35:44.368 | ForwardToLearner: SENDING to learner site_id=7, slot=553
I [/opt/actions-runner/_work/mak20251110-03:35.44-373418(us) 19466 * wait_for_termination (mako.hh:538):      follower is waiting for being ended: 0/2, noops_cnt:0, replay_batch:1245, wait_time:20s

o-fast-reads/mako-fast-reads/src/deptran/paxos/commo.cc:125] 2025-12-10 03:35:44.368 | ForwardToLearner: par_id=0, slot=696, n=3, proxies.size=4, batch_idx=0
I [/opt/actions-runner/_work/mako-fast-reads/mako-fast-reads/src/deptran/paxos/commo.cc:151] 2025-12-10 03:35:44.368 | ForwardToLearner: SENDING to learner site_id=3, slot=696
I [/opt/actions-runner/_work/mako-fast-reads/mako-fast-reads/src/deptran/paxos/commo.cc:125] 2025-12-10 03:35:44.378 | ForwardToLearner: par_id=1, slot=554, n=3, proxies.size=4, batch_idx=0
I [/opt/actions-runner/_work/mako-fast-reads/mako-fast-reads/src/deptran/paxos/commo.cc:151] 2025-12-10 03:35:44.378 | ForwardToLearner: SENDING to learner site_id=7, slot=554
I [/opt/actions-runner/_work/mako-fast-reads/mako-fast-reads/src/deptran/paxos/commo.cc:125] 2025-12-10 03:35:44.397 | ForwardToLearner: par_id=0, slot=697, n=3, proxies.size=4, batch_idx=0
I [/opt/actions-runner/_work/mako-fast-reads/mako-fast-reads/src/deptran/paxos/commo.cc:151] 2025-12-10 03:35:44.397 | ForwardToLearner: SENDING to learner site_id=3, slot=697
I [/opt/actions-runner/_work/mako-fast-reads/mako-fast-reads/src/deptran/paxos/commo.cc:125] 2025-12-10 03:35:44.417 | ForwardToLearner: par_id=0, slot=698, n=3, proxies.size=4, batch_idx=0
I [/opt/actions-runner/_work/mako-fast-reads/mako-fast-reads/src/deptran/paxos/commo.cc:151] 2025-12-10 03:35:44.417 | ForwardToLearner: SENDING to learner site_id=3, slot=698
I [/opt/actions-runner/_work/mako-fast-reads/mako-fast-reads/src/deptran/paxos/commo.cc:125] 2025-12-10 03:35:44.418 | ForwardToLearner: par_id=1, slot=555, n=3, proxies.size=4, batch_idx=0
I [/opt/actions-runner/_work/mako-fast-reads/mako-fast-reads/src/deptran/paxos/commo.cc:151] 2025-12-10 03:35:44.418 | ForwardToLearner: SENDING to learner site_id=7, slot=555
I [/opt/actions-runner/_work/mako-fast-reads/mako-fast-reads/src/deptran/paxos/commo.cc:125] 2025-12-10 03:35:44.450 | ForwardToLearner: par_id=0, slot=699, n=3, proxies.size=4, batch_idx=0
I [/opt/actions-runner/_work/mako-fast-reads/mako-fast-reads/src/deptran/paxos/commo.cc:151] 2025-12-10 03:35:44.450 | ForwardToLearner: SENDING to learner site_id=3, slot=699
I [/opt/actions-runner/_work/mako-fast-reads/mako-fast-reads/src/deptran/paxos/commo.cc:125] 2025-12-10 03:35:44.464 | ForwardToLearner: par_id=1, slot=556, n=3, proxies.size=4, batch_idx=0
I [/opt/actions-runner/_work/mako-fast-reads/mako-fast-reads/src/deptran/paxos/commo.cc:151] 2025-12-10 03:35:44.464 | ForwardToLearner: SENDING to learner site_id=7, slot=556
I [/opt/actions-runner/_work/mako-fast-reads/mako-fast-reads/src/deptran/paxos/commo.cc:125] 2025-12-10 03:35:44.464 | ForwardToLearner: par_id=0, slot=700, n=3, proxies.size=4, batch_idx=0
I [/opt/actions-runner/_work/mako-fast-reads/mako-fast-reads/src/deptran/paxos/commo.cc:151] 2025-12-10 03:35:44.464 | ForwardToLearner: SENDING to learner site_id=3, slot=700
I [/opt/actions-runner/_work/mako-fast-reads/mako-fast-reads/src/deptran/paxos/commo.cc:125] 2025-12-10 03:35:44.510 | ForwardToLearner: par_id=0, slot=701, n=3, proxies.size=4, batch_idx=0
I [/opt/actions-runner/_work/mako-fast-reads/mako-fast-reads/src/deptran/paxos/commo.cc:151] 2025-12-10 03:35:44.510 | ForwardToLearner: SENDING to learner site_id=3, slot=701
I [/opt/actions-runner/_work/mako-fast-reads/mako-fast-reads/src/deptran/paxos/commo.cc:125] 2025-12-10 03:35:44.515 | ForwardToLearner: par_id=1, slot=557, n=3, proxies.size=4, batch_idx=0
I [/opt/actions-runner/_work/mako-fast-reads/mako-fast-reads/src/deptran/paxos/commo.cc:151] 2025-12-10 03:35:44.515 | ForwardToLearner: SENDING to learner site_id=7, slot=557
I [/opt/actions-runner/_work/mako-fast-reads/mako-fast-reads/src/deptran/paxos/commo.cc:125] 2025-12-10 03:35:44.524 | ForwardToLearner: par_id=1, slot=558, n=3, proxies.size=4, batch_idx=0
I [/opt/actions-runner/_work/mako-fast-reads/mako-fast-reads/src/deptran/paxos/commo.cc:151] 2025-12-10 03:35:44.524 | ForwardToLearner: SENDING to learner site_id=7, slot=558
I [/opt/actions-runner/_work/mako-fast-reads/mako-fast-reads/src/deptran/paxos/commo.cc:125] 2025-12-10 03:35:44.549 | ForwardToLearner: par_id=0, slot=702, n=3, proxies.size=4, batch_idx=0
I [/opt/actions-runner/_work/mako-fast-reads/mako-fast-reads/src/deptran/paxos/commo.cc:151] 2025-12-10 03:35:44.549 | ForwardToLearner: SENDING to learner site_id=3, slot=702
I [/opt/actions-runner/_work/mako-fast-reads/mako-fast-reads/src/deptran/paxos/commo.cc:125] 2025-12-10 03:35:44.565 | ForwardToLearner: par_id=1, slot=559, n=3, proxies.size=4, batch_idx=0
I [/opt/actions-runner/_work/mako-fast-reads/mako-fast-reads/src/deptran/paxos/commo.cc:151] 2025-12-10 03:35:44.565 | ForwardToLearner: SENDING to learner site_id=7, slot=559
I [/opt/actions-runner/_work/mako-fast-reads/mako-fast-reads/src/deptran/paxos/commo.cc:125] 2025-12-10 03:35:44.591 | ForwardToLearner: par_id=0, slot=703, n=3, proxies.size=4, batch_idx=0
I [/opt/actions-runner/_work/mako-fast-reads/mako-fast-reads/src/deptran/paxos/commo.cc:151] 2025-12-10 03:35:44.591 | ForwardToLearner: SENDING to learner site_id=3, slot=703
I [/opt/actions-runner/_work/mako-fast-reads/mako-fast-reads/src/deptran/paxos/commo.cc:125] 2025-12-10 03:35:44.607 | ForwardToLearner: par_id=1, slot=560, n=3, proxies.size=4, batch_idx=0
I [/opt/actions-runner/_work/mako-fast-reads/mako-fast-reads/src/deptran/paxos/commo.cc:151] 2025-12-10 03:35:44.607 | ForwardToLearner: SENDING to learner site_id=7, slot=560
I [/opt/actions-runner/_work/mako-fast-reads/mako-fast-reads/src/deptran/paxos/commo.cc:125] 2025-12-10 03:35:44.612 | ForwardToLearner: par_id=1, slot=561, n=3, proxies.size=4, batch_idx=0
I [/opt/actions-runner/_work/mako-fast-reads/mako-fast-reads/src/deptran/paxos/commo.cc:151] 2025-12-10 03:35:44.612 | ForwardToLearner: SENDING to learner site_id=7, slot=561
I [/opt/actions-runner/_work/mako-fast-reads/mako-fast-reads/src/deptran/paxos/commo.cc:125] 2025-12-10 03:35:44.624 | ForwardToLearner: par_id=0, slot=704, n=3, proxies.size=4, batch_idx=0
I [/opt/actions-runner/_work/mako-fast-reads/mako-fast-reads/src/deptran/paxos/commo.cc:151] 2025-12-10 03:35:44.624 | ForwardToLearner: SENDING to learner site_id=3, slot=704
I [/opt/actions-runner/_work/mako-fast-reads/mako-fast-reads/src/deptran/paxos/commo.cc:125] 2025-12-10 03:35:44.630 | ForwardToLearner: par_id=0, slot=705, n=3, proxies.size=4, batch_idx=0
I [/opt/actions-runner/_work/mako-fast-reads/mako-fast-reads/src/deptran/paxos/commo.cc:151] 2025-12-10 03:35:44.630 | ForwardToLearner: SENDING to learner site_id=3, slot=705
I [/opt/actions-runner/_work/mako-fast-reads/mako-fast-reads/src/deptran/paxos/commo.cc:125] 2025-12-10 03:35:44.658 | ForwardToLearner: par_id=1, slot=562, n=3, proxies.size=4, batch_idx=0
I [/opt/actions-runner/_work/mako-fast-reads/mako-fast-reads/src/deptran/paxos/commo.cc:151] 2025-12-10 03:35:44.658 | ForwardToLearner: SENDING to learner site_id=7, slot=562
I [/opt/actions-runner/_work/mako-fast-reads/mako-fast-reads/src/deptran/paxos/commo.cc:125] 2025-12-10 03:35:44.664 | ForwardToLearner: par_id=0, slot=706, n=3, proxies.size=4, batch_idx=0
I [/opt/actions-runner/_work/mako-fast-reads/mako-fast-reads/src/deptran/paxos/commo.cc:151] 2025-12-10 03:35:44.664 | ForwardToLearner: SENDING to learner site_id=3, slot=706
I [/opt/actions-runner/_work/mako-fast-reads/mako-fast-reads/src/deptran/paxos/commo.cc:125] 2025-12-10 03:35:44.682 | ForwardToLearner: par_id=0, slot=707, n=3, proxies.size=4, batch_idx=0
I [/opt/actions-runner/_work/mako-fast-reads/mako-fast-reads/src/deptran/paxos/commo.cc:151] 2025-12-10 03:35:44.682 | ForwardToLearner: SENDING to learner site_id=3, slot=707
I [/opt/actions-runner/_work/mako-fast-reads/mako-fast-reads/src/deptran/paxos/commo.cc:125] 2025-12-10 03:35:44.707 | ForwardToLearner: par_id=1, slot=563, n=3, proxies.size=4, batch_idx=0
I [/opt/actions-runner/_work/mako-fast-reads/mako-fast-reads/src/deptran/paxos/commo.cc:151] 2025-12-10 03:35:44.707 | ForwardToLearner: SENDING to learner site_id=7, slot=563
I [/opt/actions-runner/_work/mako-fast-reads/mako-fast-reads/src/deptran/paxos/commo.cc:125] 2025-12-10 03:35:44.731 | ForwardToLearner: par_id=0, slot=708, n=3, proxies.size=4, batch_idx=0
I [/opt/actions-runner/_work/mako-fast-reads/mako-fast-reads/src/deptran/paxos/commo.cc:151] 2025-12-10 03:35:44.732 | ForwardToLearner: SENDING to learner site_id=3, slot=708
I [/opt/actions-runner/_work/mako-fast-reads/mako-fast-reads/src/deptran/paxos/commo.cc:125] 2025-12-10 03:35:44.741 | ForwardToLearner: par_id=1, slot=564, n=3, proxies.size=4, batch_idx=0
I [/opt/actions-runner/_work/mako-fast-reads/mako-fast-reads/src/deptran/paxos/commo.cc:151] 2025-12-10 03:35:44.741 | ForwardToLearner: SENDING to learner site_id=7, slot=564
I [/opt/actions-runner/_work/mako-fast-reads/mako-fast-reads/src/deptran/paxos/commo.cc:125] 2025-12-10 03:35:44.766 | ForwardToLearner: par_id=1, slot=565, n=3, proxies.size=4, batch_idx=0
I [/opt/actions-runner/_work/mako-fast-reads/mako-fast-reads/src/deptran/paxos/commo.cc:151] 2025-12-10 03:35:44.766 | ForwardToLearner: SENDING to learner site_id=7, slot=565
I [/opt/actions-runner/_work/mako-fast-reads/mako-fast-reads/src/deptran/paxos/commo.cc:125] 2025-12-10 03:35:44.775 | ForwardToLearner: par_id=0, slot=709, n=3, proxies.size=4, batch_idx=0
I [/opt/actions-runner/_work/mako-fast-reads/mako-fast-reads/src/deptran/paxos/commo.cc:151] 2025-12-10 03:35:44.775 | ForwardToLearner: SENDING to learner site_id=3, slot=709
I [/opt/actions-runner/_work/mako-fast-reads/mako-fast-reads/src/deptran/paxos/commo.cc:125] 2025-12-10 03:35:44.815 | ForwardToLearner: par_id=0, slot=710, n=3, proxies.size=4, batch_idx=0
I [/opt/actions-runner/_work/mako-fast-reads/mako-fast-reads/src/deptran/paxos/commo.cc:151] 2025-12-10 03:35:44.815 | ForwardToLearner: SENDING to learner site_id=3, slot=710
I [/opt/actions-runner/_work/mako-fast-reads/mako-fast-reads/src/deptran/paxos/commo.cc:125] 2025-12-10 03:35:44.817 | ForwardToLearner: par_id=1, slot=566, n=3, proxies.size=4, batch_idx=0
I [/opt/actions-runner/_work/mako-fast-reads/mako-fast-reads/src/deptran/paxos/commo.cc:151] 2025-12-10 03:35:44.817 | ForwardToLearner: SENDING to learner site_id=7, slot=566
I [/opt/actions-runner/_work/mako-fast-reads/mako-fast-reads/src/deptran/paxos/commo.cc:125] 2025-12-10 03:35:44.824 | ForwardToLearner: par_id=1, slot=567, n=3, proxies.size=4, batch_idx=0
I [/opt/actions-runner/_work/mako-fast-reads/mako-fast-reads/src/deptran/paxos/commo.cc:151] 2025-12-10 03:35:44.824 | ForwardToLearner: SENDING to learner site_id=7, slot=567
I [/opt/actions-runner/_work/mako-fast-reads/mako-fast-reads/src/deptran/paxos/commo.cc:125] 2025-12-10 03:35:44.845 | ForwardToLearner: par_id=0, slot=711, n=3, proxies.size=4, batch_idx=0
I [/opt/actions-runner/_work/mako-fast-reads/mako-fast-reads/src/deptran/paxos/commo.cc:151] 2025-12-10 03:35:44.845 | ForwardToLearner: SENDING to learner site_id=3, slot=711
I [/opt/actions-runner/_work/mako-fast-reads/mako-fast-reads/src/deptran/paxos/commo.cc:125] 2025-12-10 03:35:44.858 | ForwardToLearner: par_id=0, slot=712, n=3, proxies.size=4, batch_idx=0
I [/opt/actions-runner/_work/mako-fast-reads/mako-fast-reads/src/deptran/paxos/commo.cc:151] 2025-12-10 03:35:44.858 | ForwardToLearner: SENDING to learner site_id=3, slot=712
I [/opt/actions-runner/_work/mako-fast-reads/mako-fast-reads/src/deptran/paxos/commo.cc:125] 2025-12-10 03:35:44.865 | ForwardToLearner: par_id=1, slot=568, n=3, proxies.size=4, batch_idx=0
I [/opt/actions-runner/_work/mako-fast-reads/mako-fast-reads/src/deptran/paxos/commo.cc:151] 2025-12-10 03:35:44.865 | ForwardToLearner: SENDING to learner site_id=7, slot=568
I [/opt/actions-runner/_work/mako-fast-reads/mako-fast-reads/src/deptran/paxos/commo.cc:125] 2025-12-10 03:35:44.885 | ForwardToLearner: par_id=0, slot=713, n=3, proxies.size=4, batch_idx=0
I [/opt/actions-runner/_work/mako-fast-reads/mako-fast-reads/src/deptran/paxos/commo.cc:151] 2025-12-10 03:35:44.885 | ForwardToLearner: SENDING to learner site_id=3, slot=713
I [/opt/actions-runner/_work/mako-fast-reads/mako-fast-reads/src/deptran/paxos/commo.cc:125] 2025-12-10 03:35:44.906 | ForwardToLearner: par_id=0, slot=714, n=3, proxies.size=4, batch_idx=0
I [/opt/actions-runner/_work/mako-fast-reads/mako-fast-reads/src/deptran/paxos/commo.cc:151] 2025-12-10 03:35:44.906 | ForwardToLearner: SENDING to learner site_id=3, slot=714
I [/opt/actions-runner/_work/mako-fast-reads/mako-fast-reads/src/deptran/paxos/commo.cc:125] 2025-12-10 03:35:44.913 | ForwardToLearner: par_id=1, slot=569, n=3, proxies.size=4, batch_idx=0
I [/opt/actions-runner/_work/mako-fast-reads/mako-fast-reads/src/deptran/paxos/commo.cc:151] 2025-12-10 03:35:44.913 | ForwardToLearner: SENDING to learner site_id=7, slot=569
I [/opt/actions-runner/_work/mako-fast-reads/mako-fast-reads/src/deptran/paxos/commo.cc:125] 2025-12-10 03:35:44.943 | ForwardToLearner: par_id=0, slot=715, n=3, proxies.size=4, batch_idx=0
I [/opt/actions-runner/_work/mako-fast-reads/mako-fast-reads/src/deptran/paxos/commo.cc:151] 2025-12-10 03:35:44.943 | ForwardToLearner: SENDING to learner site_id=3, slot=715
I [/opt/actions-runner/_work/mako-fast-reads/mako-fast-reads/src/deptran/paxos/commo.cc:125] 2025-12-10 03:35:44.959 | ForwardToLearner: par_id=1, slot=570, n=3, proxies.size=4, batch_idx=0
I [/opt/actions-runner/_work/mako-fast-reads/mako-fast-reads/src/deptran/paxos/commo.cc:151] 2025-12-10 03:35:44.959 | ForwardToLearner: SENDING to learner site_id=7, slot=570
I [/opt/actions-runner/_work/mako-fast-reads/mako-fast-reads/src/deptran/paxos/commo.cc:125] 2025-12-10 03:35:44.980 | ForwardToLearner: par_id=1, slot=571, n=3, proxies.size=4, batch_idx=0
I [/opt/actions-runner/_work/mako-fast-reads/mako-fast-reads/src/deptran/paxos/commo.cc:151] 2025-12-10 03:35:44.980 | ForwardToLearner: SENDING to learner site_id=7, slot=571
I [/opt/actions-runner/_work/mako-fast-reads/mako-fast-reads/src/deptran/paxos/commo.cc:125] 2025-12-10 03:35:44.987 | ForwardToLearner: par_id=0, slot=716, n=3, proxies.size=4, batch_idx=0
I [/opt/actions-runner/_work/mako-fast-reads/mako-fast-reads/src/deptran/paxos/commo.cc:151] 2025-12-10 03:35:44.987 | ForwardToLearner: SENDING to learner site_id=3, slot=716
I [/opt/actions-runner/_work/mako-fast-reads/mako-fast-reads/src/deptran/paxos/commo.cc:125] 2025-12-10 03:35:45.001 | ForwardToLearner: par_id=1, slot=572, n=3, proxies.size=4, batch_idx=0
I [/opt/actions-runner/_work/mako-fast-reads/mako-fast-reads/src/deptran/paxos/commo.cc:151] 2025-12-10 03:35:45.001 | ForwardToLearner: SENDING to learner site_id=7, slot=572
I [/opt/actions-runner/_work/mako-fast-reads/mako-fast-reads/src/deptran/paxos/commo.cc:125] 2025-12-10 03:35:45.031 | ForwardToLearner: par_id=0, slot=717, n=3, proxies.size=4, batch_idx=0
I [/opt/actions-runner/_work/mako-fast-reads/mako-fast-reads/src/deptran/paxos/commo.cc:151] 2025-12-10 03:35:45.031 | ForwardToLearner: SENDING to learner site_id=3, slot=717
I [/opt/actions-runner/_work/mako-fast-reads/mako-fast-reads/src/deptran/paxos/commo.cc:125] 2025-12-10 03:35:45.037 | ForwardToLearner: par_id=1, slot=573, n=3, proxies.size=4, batch_idx=0
I [/opt/actions-runner/_work/mako-fast-reads/mako-fast-reads/src/deptran/paxos/commo.cc:151] 2025-12-10 03:35:45.037 | ForwardToLearner: SENDING to learner site_id=7, slot=573
I [/opt/actions-runner/_work/mako-fast-reads/mako-fast-reads/src/deptran/paxos/commo.cc:125] 2025-12-10 03:35:45.054 | ForwardToLearner: par_id=0, slot=718, n=3, proxies.size=4, batch_idx=0
I [/opt/actions-runner/_work/mako-fast-reads/mako-fast-reads/src/deptran/paxos/commo.cc:151] 2025-12-10 03:35:45.054 | ForwardToLearner: SENDING to learner site_id=3, slot=718
I [/opt/actions-runner/_work/mako-fast-reads/mako-fast-reads/src/deptran/paxos/commo.cc:125] 2025-12-10 03:35:45.055 | ForwardToLearner: par_id=1, slot=574, n=3, proxies.size=4, batch_idx=0
I [/opt/actions-runner/_work/mako-fast-reads/mako-fast-reads/src/deptran/paxos/commo.cc:151] 2025-12-10 03:35:45.055 | ForwardToLearner: SENDING to learner site_id=7, slot=574
I [/opt/actions-runner/_work/mako-fast-reads/mako-fast-reads/src/deptran/paxos/commo.cc:125] 2025-12-10 03:35:45.086 | ForwardToLearner: par_id=0, slot=719, n=3, proxies.size=4, batch_idx=0
I [/opt/actions-runner/_work/mako-fast-reads/mako-fast-reads/src/deptran/paxos/commo.cc:151] 2025-12-10 03:35:45.086 | ForwardToLearner: SENDING to learner site_id=3, slot=719
I [/opt/actions-runner/_work/mako-fast-reads/mako-fast-reads/src/deptran/paxos/commo.cc:125] 2025-12-10 03:35:45.099 | ForwardToLearner: par_id=1, slot=575, n=3, proxies.size=4, batch_idx=0
I [/opt/actions-runner/_work/mako-fast-reads/mako-fast-reads/src/deptran/paxos/commo.cc:151] 2025-12-10 03:35:45.099 | ForwardToLearner: SENDING to learner site_id=7, slot=575
I [/opt/actions-runner/_work/mako-fast-reads/mako-fast-reads/src/deptran/paxos/commo.cc:125] 2025-12-10 03:35:45.124 | ForwardToLearner: par_id=0, slot=720, n=3, proxies.size=4, batch_idx=0
I [/opt/actions-runner/_work/mako-fast-reads/mako-fast-reads/src/deptran/paxos/commo.cc:151] 2025-12-10 03:35:45.124 | ForwardToLearner: SENDING to learner site_id=3, slot=720
I [/opt/actions-runner/_work/mako-fast-reads/mako-fast-reads/src/deptran/paxos/commo.cc:125] 2025-12-10 03:35:45.130 | ForwardToLearner: par_id=0, slot=721, n=3, proxies.size=4, batch_idx=0
I [/opt/actions-runner/_work/mako-fast-reads/mako-fast-reads/src/deptran/paxos/commo.cc:151] 2025-12-10 03:35:45.130 | ForwardToLearner: SENDING to learner site_id=3, slot=721
I [/opt/actions-runner/_work/mako-fast-reads/mako-fast-reads/src/deptran/paxos/commo.cc:125] 2025-12-10 03:35:45.142 | ForwardToLearner: par_id=1, slot=576, n=3, proxies.size=4, batch_idx=0
I [/opt/actions-runner/_work/mako-fast-reads/mako-fast-reads/src/deptran/paxos/commo.cc:151] 2025-12-10 03:35:45.142 | ForwardToLearner: SENDING to learner site_id=7, slot=576
I [/opt/actions-runner/_work/mako-fast-reads/mako-fast-reads/src/deptran/paxos/commo.cc:125] 2025-12-10 03:35:45.174 | ForwardToLearner: par_id=0, slot=722, n=3, proxies.size=4, batch_idx=0
I [/opt/actions-runner/_work/mako-fast-reads/mako-fast-reads/src/deptran/paxos/commo.cc:151] 2025-12-10 03:35:45.174 | ForwardToLearner: SENDING to learner site_id=3, slot=722
I [/opt/actions-runner/_work/mako-fast-reads/mako-fast-reads/src/deptran/paxos/commo.cc:125] 2025-12-10 03:35:45.188 | ForwardToLearner: par_id=1, slot=577, n=3, proxies.size=4, batch_idx=0
I [/opt/actions-runner/_work/mako-fast-reads/mako-fast-reads/src/deptran/paxos/commo.cc:151] 2025-12-10 03:35:45.188 | ForwardToLearner: SENDING to learner site_id=7, slot=577
I [/opt/actions-runner/_work/mako-fast-reads/mako-fast-reads/src/deptran/paxos/commo.cc:125] 2025-12-10 03:35:45.207 | ForwardToLearner: par_id=1, slot=578, n=3, proxies.size=4, batch_idx=0
I [/opt/actions-runner/_work/mako-fast-reads/mako-fast-reads/src/deptran/paxos/commo.cc:151] 2025-12-10 03:35:45.207 | ForwardToLearner: SENDING to learner site_id=7, slot=578
I [/opt/actions-runner/_work/mako-fast-reads/mako-fast-reads/src/deptran/paxos/commo.cc:125] 2025-12-10 03:35:45.229 | ForwardToLearner: par_id=0, slot=723, n=3, proxies.size=4, batch_idx=0
I [/opt/actions-runner/_work/mako-fast-reads/mako-fast-reads/src/deptran/paxos/commo.cc:151] 2025-12-10 03:35:45.229 | ForwardToLearner: SENDING to learner site_id=3, slot=723
I [/opt/actions-runner/_work/mako-fast-reads/mako-fast-reads/src/deptran/paxos/commo.cc:125] 2025-12-10 03:35:45.231 | ForwardToLearner: par_id=1, slot=579, n=3, proxies.size=4, batch_idx=0
I [/opt/actions-runner/_work/mako-fast-reads/mako-fast-reads/src/deptran/paxos/commo.cc:151] 2025-12-10 03:35:45.231 | ForwardToLearner: SENDING to learner site_id=7, slot=579
I [/opt/actions-runner/_work/mako-fast-reads/mako-fast-reads/src/deptran/paxos/commo.cc:125] 2025-12-10 03:35:45.252 | ForwardToLearner: par_id=0, slot=724, n=3, proxies.size=4, batch_idx=0
I [/opt/actions-runner/_work/mako-fast-reads/mako-fast-reads/src/deptran/paxos/commo.cc:151] 2025-12-10 03:35:45.252 | ForwardToLearner: SENDING to learner site_id=3, slot=724
I [/opt/actions-runner/_work/mako-fast-reads/mako-fast-reads/src/deptran/paxos/commo.cc:125] 2025-12-10 03:35:45.272 | ForwardToLearner: par_id=0, slot=725, n=3, proxies.size=4, batch_idx=0
I [/opt/actions-runner/_work/mako-fast-reads/mako-fast-reads/src/deptran/paxos/commo.cc:151] 2025-12-10 03:35:45.272 | ForwardToLearner: SENDING to learner site_id=3, slot=725
I [/opt/actions-20251110-03:35.45-373504(us) 19466 * wait_for_termination (mako.hh:538):      follower is waiting for being ended: 0/2, noops_cnt:0, replay_batch:1307, wait_time:21s

runner/_work/mako-fast-reads/mako-fast-reads/src/deptran/paxos/commo.cc:125] 2025-12-10 03:35:45.276 | ForwardToLearner: par_id=1, slot=580, n=3, proxies.size=4, batch_idx=0
I [/opt/actions-runner/_work/mako-fast-reads/mako-fast-reads/src/deptran/paxos/commo.cc:151] 2025-12-10 03:35:45.276 | ForwardToLearner: SENDING to learner site_id=7, slot=580
I [/opt/actions-runner/_work/mako-fast-reads/mako-fast-reads/src/deptran/paxos/commo.cc:125] 2025-12-10 03:35:45.280 | ForwardToLearner: par_id=1, slot=581, n=3, proxies.size=4, batch_idx=0
I [/opt/actions-runner/_work/mako-fast-reads/mako-fast-reads/src/deptran/paxos/commo.cc:151] 2025-12-10 03:35:45.280 | ForwardToLearner: SENDING to learner site_id=7, slot=581
I [/opt/actions-runner/_work/mako-fast-reads/mako-fast-reads/src/deptran/paxos/commo.cc:125] 2025-12-10 03:35:45.318 | ForwardToLearner: par_id=1, slot=582, n=3, proxies.size=4, batch_idx=0
I [/opt/actions-runner/_work/mako-fast-reads/mako-fast-reads/src/deptran/paxos/commo.cc:151] 2025-12-10 03:35:45.318 | ForwardToLearner: SENDING to learner site_id=7, slot=582
I [/opt/actions-runner/_work/mako-fast-reads/mako-fast-reads/src/deptran/paxos/commo.cc:125] 2025-12-10 03:35:45.319 | ForwardToLearner: par_id=0, slot=726, n=3, proxies.size=4, batch_idx=0
I [/opt/actions-runner/_work/mako-fast-reads/mako-fast-reads/src/deptran/paxos/commo.cc:151] 2025-12-10 03:35:45.319 | ForwardToLearner: SENDING to learner site_id=3, slot=726
I [/opt/actions-runner/_work/mako-fast-reads/mako-fast-reads/src/deptran/paxos/commo.cc:125] 2025-12-10 03:35:45.360 | ForwardToLearner: par_id=0, slot=727, n=3, proxies.size=4, batch_idx=0
I [/opt/actions-runner/_work/mako-fast-reads/mako-fast-reads/src/deptran/paxos/commo.cc:151] 2025-12-10 03:35:45.360 | ForwardToLearner: SENDING to learner site_id=3, slot=727
I [/opt/actions-runner/_work/mako-fast-reads/mako-fast-reads/src/deptran/paxos/commo.cc:125] 2025-12-10 03:35:45.364 | ForwardToLearner: par_id=1, slot=583, n=3, proxies.size=4, batch_idx=0
I [/opt/actions-runner/_work/mako-fast-reads/mako-fast-reads/src/deptran/paxos/commo.cc:151] 2025-12-10 03:35:45.364 | ForwardToLearner: SENDING to learner site_id=7, slot=583
I [/opt/actions-runner/_work/mako-fast-reads/mako-fast-reads/src/deptran/paxos/commo.cc:125] 2025-12-10 03:35:45.369 | ForwardToLearner: par_id=0, slot=728, n=3, proxies.size=4, batch_idx=0
I [/opt/actions-runner/_work/mako-fast-reads/mako-fast-reads/src/deptran/paxos/commo.cc:151] 2025-12-10 03:35:45.369 | ForwardToLearner: SENDING to learner site_id=3, slot=728
I [/opt/actions-runner/_work/mako-fast-reads/mako-fast-reads/src/deptran/paxos/commo.cc:125] 2025-12-10 03:35:45.405 | ForwardToLearner: par_id=1, slot=584, n=3, proxies.size=4, batch_idx=0
I [/opt/actions-runner/_work/mako-fast-reads/mako-fast-reads/src/deptran/paxos/commo.cc:151] 2025-12-10 03:35:45.405 | ForwardToLearner: SENDING to learner site_id=7, slot=584
I [/opt/actions-runner/_work/mako-fast-reads/mako-fast-reads/src/deptran/paxos/commo.cc:125] 2025-12-10 03:35:45.414 | ForwardToLearner: par_id=0, slot=729, n=3, proxies.size=4, batch_idx=0
I [/opt/actions-runner/_work/mako-fast-reads/mako-fast-reads/src/deptran/paxos/commo.cc:151] 2025-12-10 03:35:45.414 | ForwardToLearner: SENDING to learner site_id=3, slot=729
I [/opt/actions-runner/_work/mako-fast-reads/mako-fast-reads/src/deptran/paxos/commo.cc:125] 2025-12-10 03:35:45.444 | ForwardToLearner: par_id=1, slot=585, n=3, proxies.size=4, batch_idx=0
I [/opt/actions-runner/_work/mako-fast-reads/mako-fast-reads/src/deptran/paxos/commo.cc:151] 2025-12-10 03:35:45.444 | ForwardToLearner: SENDING to learner site_id=7, slot=585
I [/opt/actions-runner/_work/mako-fast-reads/mako-fast-reads/src/deptran/paxos/commo.cc:125] 2025-12-10 03:35:45.447 | ForwardToLearner: par_id=1, slot=586, n=3, proxies.size=4, batch_idx=0
I [/opt/actions-runner/_work/mako-fast-reads/mako-fast-reads/src/deptran/paxos/commo.cc:151] 2025-12-10 03:35:45.447 | ForwardToLearner: SENDING to learner site_id=7, slot=586
I [/opt/actions-runner/_work/mako-fast-reads/mako-fast-reads/src/deptran/paxos/commo.cc:125] 2025-12-10 03:35:45.451 | ForwardToLearner: par_id=0, slot=730, n=3, proxies.size=4, batch_idx=0
I [/opt/actions-runner/_work/mako-fast-reads/mako-fast-reads/src/deptran/paxos/commo.cc:151] 2025-12-10 03:35:45.451 | ForwardToLearner: SENDING to learner site_id=3, slot=730
I [/opt/actions-runner/_work/mako-fast-reads/mako-fast-reads/src/deptran/paxos/commo.cc:125] 2025-12-10 03:35:45.487 | ForwardToLearner: par_id=0, slot=731, n=3, proxies.size=4, batch_idx=0
I [/opt/actions-runner/_work/mako-fast-reads/mako-fast-reads/src/deptran/paxos/commo.cc:151] 2025-12-10 03:35:45.487 | ForwardToLearner: SENDING to learner site_id=3, slot=731
I [/opt/actions-runner/_work/mako-fast-reads/mako-fast-reads/src/deptran/paxos/commo.cc:125] 2025-12-10 03:35:45.494 | ForwardToLearner: par_id=1, slot=587, n=3, proxies.size=4, batch_idx=0
I [/opt/actions-runner/_work/mako-fast-reads/mako-fast-reads/src/deptran/paxos/commo.cc:151] 2025-12-10 03:35:45.494 | ForwardToLearner: SENDING to learner site_id=7, slot=587
I [/opt/actions-runner/_work/mako-fast-reads/mako-fast-reads/src/deptran/paxos/commo.cc:125] 2025-12-10 03:35:45.495 | ForwardToLearner: par_id=0, slot=732, n=3, proxies.size=4, batch_idx=0
I [/opt/actions-runner/_work/mako-fast-reads/mako-fast-reads/src/deptran/paxos/commo.cc:151] 2025-12-10 03:35:45.495 | ForwardToLearner: SENDING to learner site_id=3, slot=732
I [/opt/actions-runner/_work/mako-fast-reads/mako-fast-reads/src/deptran/paxos/commo.cc:125] 2025-12-10 03:35:45.498 | ForwardToLearner: par_id=1, slot=588, n=3, proxies.size=4, batch_idx=0
I [/opt/actions-runner/_work/mako-fast-reads/mako-fast-reads/src/deptran/paxos/commo.cc:151] 2025-12-10 03:35:45.498 | ForwardToLearner: SENDING to learner site_id=7, slot=588
I [/opt/actions-runner/_work/mako-fast-reads/mako-fast-reads/src/deptran/paxos/commo.cc:125] 2025-12-10 03:35:45.544 | ForwardToLearner: par_id=1, slot=589, n=3, proxies.size=4, batch_idx=0
I [/opt/actions-runner/_work/mako-fast-reads/mako-fast-reads/src/deptran/paxos/commo.cc:151] 2025-12-10 03:35:45.544 | ForwardToLearner: SENDING to learner site_id=7, slot=589
I [/opt/actions-runner/_work/mako-fast-reads/mako-fast-reads/src/deptran/paxos/commo.cc:125] 2025-12-10 03:35:45.549 | ForwardToLearner: par_id=0, slot=733, n=3, proxies.size=4, batch_idx=0
I [/opt/actions-runner/_work/mako-fast-reads/mako-fast-reads/src/deptran/paxos/commo.cc:151] 2025-12-10 03:35:45.549 | ForwardToLearner: SENDING to learner site_id=3, slot=733
I [/opt/actions-runner/_work/mako-fast-reads/mako-fast-reads/src/deptran/paxos/commo.cc:125] 2025-12-10 03:35:45.588 | ForwardToLearner: par_id=1, slot=590, n=3, proxies.size=4, batch_idx=0
I [/opt/actions-runner/_work/mako-fast-reads/mako-fast-reads/src/deptran/paxos/commo.cc:151] 2025-12-10 03:35:45.588 | ForwardToLearner: SENDING to learner site_id=7, slot=590
I [/opt/actions-runner/_work/mako-fast-reads/mako-fast-reads/src/deptran/paxos/commo.cc:125] 2025-12-10 03:35:45.602 | ForwardToLearner: par_id=0, slot=734, n=3, proxies.size=4, batch_idx=0
I [/opt/actions-runner/_work/mako-fast-reads/mako-fast-reads/src/deptran/paxos/commo.cc:151] 2025-12-10 03:35:45.602 | ForwardToLearner: SENDING to learner site_id=3, slot=734
I [/opt/actions-runner/_work/mako-fast-reads/mako-fast-reads/src/deptran/paxos/commo.cc:125] 2025-12-10 03:35:45.604 | ForwardToLearner: par_id=0, slot=735, n=3, proxies.size=4, batch_idx=0
I [/opt/actions-runner/_work/mako-fast-reads/mako-fast-reads/src/deptran/paxos/commo.cc:151] 2025-12-10 03:35:45.604 | ForwardToLearner: SENDING to learner site_id=3, slot=735
I [/opt/actions-runner/_work/mako-fast-reads/mako-fast-reads/src/deptran/paxos/commo.cc:125] 2025-12-10 03:35:45.630 | ForwardToLearner: par_id=1, slot=591, n=3, proxies.size=4, batch_idx=0
I [/opt/actions-runner/_work/mako-fast-reads/mako-fast-reads/src/deptran/paxos/commo.cc:151] 2025-12-10 03:35:45.630 | ForwardToLearner: SENDING to learner site_id=7, slot=591
I [/opt/actions-runner/_work/mako-fast-reads/mako-fast-reads/src/deptran/paxos/commo.cc:125] 2025-12-10 03:35:45.640 | ForwardToLearner: par_id=0, slot=736, n=3, proxies.size=4, batch_idx=0
I [/opt/actions-runner/_work/mako-fast-reads/mako-fast-reads/src/deptran/paxos/commo.cc:151] 2025-12-10 03:35:45.640 | ForwardToLearner: SENDING to learner site_id=3, slot=736
I [/opt/actions-runner/_work/mako-fast-reads/mako-fast-reads/src/deptran/paxos/commo.cc:125] 2025-12-10 03:35:45.672 | ForwardToLearner: par_id=1, slot=592, n=3, proxies.size=4, batch_idx=0
I [/opt/actions-runner/_work/mako-fast-reads/mako-fast-reads/src/deptran/paxos/commo.cc:151] 2025-12-10 03:35:45.672 | ForwardToLearner: SENDING to learner site_id=7, slot=592
I [/opt/actions-runner/_work/mako-fast-reads/mako-fast-reads/src/deptran/paxos/commo.cc:125] 2025-12-10 03:35:45.678 | ForwardToLearner: par_id=0, slot=737, n=3, proxies.size=4, batch_idx=0
I [/opt/actions-runner/_work/mako-fast-reads/mako-fast-reads/src/deptran/paxos/commo.cc:151] 2025-12-10 03:35:45.678 | ForwardToLearner: SENDING to learner site_id=3, slot=737
I [/opt/actions-runner/_work/mako-fast-reads/mako-fast-reads/src/deptran/paxos/commo.cc:125] 2025-12-10 03:35:45.692 | ForwardToLearner: par_id=1, slot=593, n=3, proxies.size=4, batch_idx=0
I [/opt/actions-runner/_work/mako-fast-reads/mako-fast-reads/src/deptran/paxos/commo.cc:151] 2025-12-10 03:35:45.692 | ForwardToLearner: SENDING to learner site_id=7, slot=593
I [/opt/actions-runner/_work/mako-fast-reads/mako-fast-reads/src/deptran/paxos/commo.cc:125] 2025-12-10 03:35:45.718 | ForwardToLearner: par_id=0, slot=738, n=3, proxies.size=4, batch_idx=0
I [/opt/actions-runner/_work/mako-fast-reads/mako-fast-reads/src/deptran/paxos/commo.cc:151] 2025-12-10 03:35:45.718 | ForwardToLearner: SENDING to learner site_id=3, slot=738
I [/opt/actions-runner/_work/mako-fast-reads/mako-fast-reads/src/deptran/paxos/commo.cc:125] 2025-12-10 03:35:45.729 | ForwardToLearner: par_id=1, slot=594, n=3, proxies.size=4, batch_idx=0
I [/opt/actions-runner/_work/mako-fast-reads/mako-fast-reads/src/deptran/paxos/commo.cc:151] 2025-12-10 03:35:45.729 | ForwardToLearner: SENDING to learner site_id=7, slot=594
I [/opt/actions-runner/_work/mako-fast-reads/mako-fast-reads/src/deptran/paxos/commo.cc:125] 2025-12-10 03:35:45.738 | ForwardToLearner: par_id=0, slot=739, n=3, proxies.size=4, batch_idx=0
I [/opt/actions-runner/_work/mako-fast-reads/mako-fast-reads/src/deptran/paxos/commo.cc:151] 2025-12-10 03:35:45.738 | ForwardToLearner: SENDING to learner site_id=3, slot=739
I [/opt/actions-runner/_work/mako-fast-reads/mako-fast-reads/src/deptran/paxos/commo.cc:125] 2025-12-10 03:35:45.742 | ForwardToLearner: par_id=1, slot=595, n=3, proxies.size=4, batch_idx=0
I [/opt/actions-runner/_work/mako-fast-reads/mako-fast-reads/src/deptran/paxos/commo.cc:151] 2025-12-10 03:35:45.742 | ForwardToLearner: SENDING to learner site_id=7, slot=595
I [/opt/actions-runner/_work/mako-fast-reads/mako-fast-reads/src/deptran/paxos/commo.cc:125] 2025-12-10 03:35:45.791 | ForwardToLearner: par_id=0, slot=740, n=3, proxies.size=4, batch_idx=0
I [/opt/actions-runner/_work/mako-fast-reads/mako-fast-reads/src/deptran/paxos/commo.cc:151] 2025-12-10 03:35:45.791 | ForwardToLearner: SENDING to learner site_id=3, slot=740
I [/opt/actions-runner/_work/mako-fast-reads/mako-fast-reads/src/deptran/paxos/commo.cc:125] 2025-12-10 03:35:45.793 | ForwardToLearner: par_id=1, slot=596, n=3, proxies.size=4, batch_idx=0
I [/opt/actions-runner/_work/mako-fast-reads/mako-fast-reads/src/deptran/paxos/commo.cc:151] 2025-12-10 03:35:45.793 | ForwardToLearner: SENDING to learner site_id=7, slot=596
I [/opt/actions-runner/_work/mako-fast-reads/mako-fast-reads/src/deptran/paxos/commo.cc:125] 2025-12-10 03:35:45.842 | ForwardToLearner: par_id=0, slot=741, n=3, proxies.size=4, batch_idx=0
I [/opt/actions-runner/_work/mako-fast-reads/mako-fast-reads/src/deptran/paxos/commo.cc:151] 2025-12-10 03:35:45.842 | ForwardToLearner: SENDING to learner site_id=3, slot=741
I [/opt/actions-runner/_work/mako-fast-reads/mako-fast-reads/src/deptran/paxos/commo.cc:125] 2025-12-10 03:35:45.843 | ForwardToLearner: par_id=1, slot=597, n=3, proxies.size=4, batch_idx=0
I [/opt/actions-runner/_work/mako-fast-reads/mako-fast-reads/src/deptran/paxos/commo.cc:151] 2025-12-10 03:35:45.843 | ForwardToLearner: SENDING to learner site_id=7, slot=597
I [/opt/actions-runner/_work/mako-fast-reads/mako-fast-reads/src/deptran/paxos/commo.cc:125] 2025-12-10 03:35:45.856 | ForwardToLearner: par_id=0, slot=742, n=3, proxies.size=4, batch_idx=0
I [/opt/actions-runner/_work/mako-fast-reads/mako-fast-reads/src/deptran/paxos/commo.cc:151] 2025-12-10 03:35:45.856 | ForwardToLearner: SENDING to learner site_id=3, slot=742
I [/opt/actions-runner/_work/mako-fast-reads/mako-fast-reads/src/deptran/paxos/commo.cc:125] 2025-12-10 03:35:45.892 | ForwardToLearner: par_id=0, slot=743, n=3, proxies.size=4, batch_idx=0
I [/opt/actions-runner/_work/mako-fast-reads/mako-fast-reads/src/deptran/paxos/commo.cc:151] 2025-12-10 03:35:45.892 | ForwardToLearner: SENDING to learner site_id=3, slot=743
I [/opt/actions-runner/_work/mako-fast-reads/mako-fast-reads/src/deptran/paxos/commo.cc:125] 2025-12-10 03:35:45.893 | ForwardToLearner: par_id=1, slot=598, n=3, proxies.size=4, batch_idx=0
I [/opt/actions-runner/_work/mako-fast-reads/mako-fast-reads/src/deptran/paxos/commo.cc:151] 2025-12-10 03:35:45.893 | ForwardToLearner: SENDING to learner site_id=7, slot=598
I [/opt/actions-runner/_work/mako-fast-reads/mako-fast-reads/src/deptran/paxos/commo.cc:125] 2025-12-10 03:35:45.930 | ForwardToLearner: par_id=1, slot=599, n=3, proxies.size=4, batch_idx=0
I [/opt/actions-runner/_work/mako-fast-reads/mako-fast-reads/src/deptran/paxos/commo.cc:151] 2025-12-10 03:35:45.930 | ForwardToLearner: SENDING to learner site_id=7, slot=599
I [/opt/actions-runner/_work/mako-fast-reads/mako-fast-reads/src/deptran/paxos/commo.cc:125] 2025-12-10 03:35:45.936 | ForwardToLearner: par_id=0, slot=744, n=3, proxies.size=4, batch_idx=0
I [/opt/actions-runner/_work/mako-fast-reads/mako-fast-reads/src/deptran/paxos/commo.cc:151] 2025-12-10 03:35:45.936 | ForwardToLearner: SENDING to learner site_id=3, slot=744
I [/opt/actions-runner/_work/mako-fast-reads/mako-fast-reads/src/deptran/paxos/commo.cc:125] 2025-12-10 03:35:45.944 | ForwardToLearner: par_id=1, slot=600, n=3, proxies.size=4, batch_idx=0
I [/opt/actions-runner/_work/mako-fast-reads/mako-fast-reads/src/deptran/paxos/commo.cc:151] 2025-12-10 03:35:45.944 | ForwardToLearner: SENDING to learner site_id=7, slot=600
I [/opt/actions-runner/_work/mako-fast-reads/mako-fast-reads/src/deptran/paxos/commo.cc:125] 2025-12-10 03:35:45.967 | ForwardToLearner: par_id=1, slot=601, n=3, proxies.size=4, batch_idx=0
I [/opt/actions-runner/_work/mako-fast-reads/mako-fast-reads/src/deptran/paxos/commo.cc:151] 2025-12-10 03:35:45.967 | ForwardToLearner: SENDING to learner site_id=7, slot=601
I [/opt/actions-runner/_work/mako-fast-reads/mako-fast-reads/src/deptran/paxos/commo.cc:125] 2025-12-10 03:35:45.974 | ForwardToLearner: par_id=1, slot=602, n=3, proxies.size=4, batch_idx=0
I [/opt/actions-runner/_work/mako-fast-reads/mako-fast-reads/src/deptran/paxos/commo.cc:151] 2025-12-10 03:35:45.974 | ForwardToLearner: SENDING to learner site_id=7, slot=602
I [/opt/actions-runner/_work/mako-fast-reads/mako-fast-reads/src/deptran/paxos/commo.cc:125] 2025-12-10 03:35:45.988 | ForwardToLearner: par_id=0, slot=745, n=3, proxies.size=4, batch_idx=0
I [/opt/actions-runner/_work/mako-fast-reads/mako-fast-reads/src/deptran/paxos/commo.cc:151] 2025-12-10 03:35:45.988 | ForwardToLearner: SENDING to learner site_id=3, slot=745
I [/opt/actions-runner/_work/mako-fast-reads/mako-fast-reads/src/deptran/paxos/commo.cc:125] 2025-12-10 03:35:45.990 | ForwardToLearner: par_id=0, slot=746, n=3, proxies.size=4, batch_idx=0
I [/opt/actions-runner/_work/mako-fast-reads/mako-fast-reads/src/deptran/paxos/commo.cc:151] 2025-12-10 03:35:45.990 | ForwardToLearner: SENDING to learner site_id=3, slot=746
I [/opt/actions-runner/_work/mako-fast-reads/mako-fast-reads/src/deptran/paxos/commo.cc:125] 2025-12-10 03:35:46.017 | ForwardToLearner: par_id=1, slot=603, n=3, proxies.size=4, batch_idx=0
I [/opt/actions-runner/_work/mako-fast-reads/mako-fast-reads/src/deptran/paxos/commo.cc:151] 2025-12-10 03:35:46.017 | ForwardToLearner: SENDING to learner site_id=7, slot=603
I [/opt/actions-runner/_work/mako-fast-reads/mako-fast-reads/src/deptran/paxos/commo.cc:125] 2025-12-10 03:35:46.037 | ForwardToLearner: par_id=0, slot=747, n=3, proxies.size=4, batch_idx=0
I [/opt/actions-runner/_work/mako-fast-reads/mako-fast-reads/src/deptran/paxos/commo.cc:151] 2025-12-10 03:35:46.037 | ForwardToLearner: SENDING to learner site_id=3, slot=747
I [/opt/actions-runner/_work/mako-fast-reads/mako-fast-reads/src/deptran/paxos/commo.cc:125] 2025-12-10 03:35:46.064 | ForwardToLearner: par_id=1, slot=604, n=3, proxies.size=4, batch_idx=0
I [/opt/actions-runner/_work/mako-fast-reads/mako-fast-reads/src/deptran/paxos/commo.cc:151] 2025-12-10 03:35:46.064 | ForwardToLearner: SENDING to learner site_id=7, slot=604
I [/opt/actions-runner/_work/mako-fast-reads/mako-fast-reads/src/deptran/paxos/commo.cc:125] 2025-12-10 03:35:46.085 | ForwardToLearner: par_id=0, slot=748, n=3, proxies.size=4, batch_idx=0
I [/opt/actions-runner/_work/mako-fast-reads/mako-fast-reads/src/deptran/paxos/commo.cc:151] 2025-12-10 03:35:46.085 | ForwardToLearner: SENDING to learner site_id=3, slot=748
I [/opt/actions-runner/_work/mako-fast-reads/mako-fast-reads/src/deptran/paxos/commo.cc:125] 2025-12-10 03:35:46.088 | ForwardToLearner: par_id=0, slot=749, n=3, proxies.size=4, batch_idx=0
I [/opt/actions-runner/_work/mako-fast-reads/mako-fast-reads/src/deptran/paxos/commo.cc:151] 2025-12-10 03:35:46.088 | ForwardToLearner: SENDING to learner site_id=3, slot=749
I [/opt/actions-runner/_work/mako-fast-reads/mako-fast-reads/src/deptran/paxos/commo.cc:125] 2025-12-10 03:35:46.115 | ForwardToLearner: par_id=1, slot=605, n=3, proxies.size=4, batch_idx=0
I [/opt/actions-runner/_work/mako-fast-reads/mako-fast-reads/src/deptran/paxos/commo.cc:151] 2025-12-10 03:35:46.115 | ForwardToLearner: SENDING to learner site_id=7, slot=605
I [/opt/actions-runner/_work/mako-fast-reads/mako-fast-reads/src/deptran/paxos/commo.cc:125] 2025-12-10 03:35:46.140 | ForwardToLearner: par_id=0, slot=750, n=3, proxies.size=4, batch_idx=0
I [/opt/actions-runner/_work/mako-fast-reads/mako-fast-reads/src/deptran/paxos/commo.cc:151] 2025-12-10 03:35:46.140 | ForwardToLearner: SENDING to learner site_id=3, slot=750
I [/opt/actions-runner/_work/mako-fast-reads/mako-fast-reads/src/deptran/paxos/commo.cc:125] 2025-12-10 03:35:46.167 | ForwardToLearner: par_id=1, slot=606, n=3, proxies.size=4, batch_idx=0
I [/opt/actions-runner/_work/mako-fast-reads/mako-fast-reads/src/deptran/paxos/commo.cc:151] 2025-12-10 03:35:46.167 | ForwardToLearner: SENDING to learner site_id=7, slot=606
I [/opt/actions-runner/_work/mako-fast-reads/mako-fast-reads/src/deptran/paxos/commo.cc:125] 2025-12-10 03:35:46.179 | ForwardToLearner: par_id=1, slot=607, n=3, proxies.size=4, batch_idx=0
I [/opt/actions-runner/_work/mako-fast-reads/mako-fast-reads/src/deptran/paxos/commo.cc:151] 2025-12-10 03:35:46.179 | ForwardToLearner: SENDING to learner site_id=7, slot=607
I [/opt/actions-runner/_work/mako-fast-reads/mako-fast-reads/src/deptran/paxos/commo.cc:125] 2025-12-10 03:35:46.190 | ForwardToLearner: par_id=0, slot=751, n=3, proxies.size=4, batch_idx=0
I [/opt/actions-runner/_work/mako-fast-reads/mako-fast-reads/src/deptran/paxos/commo.cc:151] 2025-12-10 03:35:46.190 | ForwardToLearner: SENDING to learner site_id=3, slot=751
I [/opt/actions-runner/_work/mako-fast-reads/mako-fast-reads/src/deptran/paxos/commo.cc:125] 2025-12-10 03:35:46.197 | ForwardToLearner: par_id=1, slot=608, n=3, proxies.size=4, batch_idx=0
I [/opt/actions-runner/_work/mako-fast-reads/mako-fast-reads/src/deptran/paxos/commo.cc:151] 2025-12-10 03:35:46.197 | ForwardToLearner: SENDING to learner site_id=7, slot=608
I [/opt/actions-runner/_work/mako-fast-reads/mako-fast-reads/src/deptran/paxos/commo.cc:125] 2025-12-10 03:35:46.218 | ForwardToLearner: par_id=1, slot=609, n=3, proxies.size=4, batch_idx=0
I [/opt/actions-runner/_work/mako-fast-reads/mako-fast-reads/src/deptran/paxos/commo.cc:151] 2025-12-10 03:35:46.218 | ForwardToLearner: SENDING to learner site_id=7, slot=609
20251110-03:35.46-373552(us) 19466 * wait_for_termination (mako.hh:538):      follower is waiting for being ended: 0/2, noops_cnt:0, replay_batch:1365, wait_time:22s

I [/opt/actions-runner/_work/mako-fast-reads/mako-fast-reads/src/deptran/paxos/commo.cc:125] 2025-12-10 03:35:46.227 | ForwardToLearner: par_id=0, slot=752, n=3, proxies.size=4, batch_idx=0
I [/opt/actions-runner/_work/mako-fast-reads/mako-fast-reads/src/deptran/paxos/commo.cc:151] 2025-12-10 03:35:46.227 | ForwardToLearner: SENDING to learner site_id=3, slot=752
I [/opt/actions-runner/_work/mako-fast-reads/mako-fast-reads/src/deptran/paxos/commo.cc:125] 2025-12-10 03:35:46.230 | ForwardToLearner: par_id=0, slot=753, n=3, proxies.size=4, batch_idx=0
I [/opt/actions-runner/_work/mako-fast-reads/mako-fast-reads/src/deptran/paxos/commo.cc:151] 2025-12-10 03:35:46.230 | ForwardToLearner: SENDING to learner site_id=3, slot=753
I [/opt/actions-runner/_work/mako-fast-reads/mako-fast-reads/src/deptran/paxos/commo.cc:125] 2025-12-10 03:35:46.261 | ForwardToLearner: par_id=1, slot=610, n=3, proxies.size=4, batch_idx=0
I [/opt/actions-runner/_work/mako-fast-reads/mako-fast-reads/src/deptran/paxos/commo.cc:151] 2025-12-10 03:35:46.261 | ForwardToLearner: SENDING to learner site_id=7, slot=610
I [/opt/actions-runner/_work/mako-fast-reads/mako-fast-reads/src/deptran/paxos/commo.cc:125] 2025-12-10 03:35:46.267 | ForwardToLearner: par_id=0, slot=754, n=3, proxies.size=4, batch_idx=0
I [/opt/actions-runner/_work/mako-fast-reads/mako-fast-reads/src/deptran/paxos/commo.cc:151] 2025-12-10 03:35:46.267 | ForwardToLearner: SENDING to learner site_id=3, slot=754
I [/opt/actions-runner/_work/mako-fast-reads/mako-fast-reads/src/deptran/paxos/commo.cc:125] 2025-12-10 03:35:46.289 | ForwardToLearner: par_id=0, slot=755, n=3, proxies.size=4, batch_idx=0
I [/opt/actions-runner/_work/mako-fast-reads/mako-fast-reads/src/deptran/paxos/commo.cc:151] 2025-12-10 03:35:46.289 | ForwardToLearner: SENDING to learner site_id=3, slot=755
I [/opt/actions-runner/_work/mako-fast-reads/mako-fast-reads/src/deptran/paxos/commo.cc:125] 2025-12-10 03:35:46.308 | ForwardToLearner: par_id=0, slot=756, n=3, proxies.size=4, batch_idx=0
I [/opt/actions-runner/_work/mako-fast-reads/mako-fast-reads/src/deptran/paxos/commo.cc:151] 2025-12-10 03:35:46.308 | ForwardToLearner: SENDING to learner site_id=3, slot=756
I [/opt/actions-runner/_work/mako-fast-reads/mako-fast-reads/src/deptran/paxos/commo.cc:125] 2025-12-10 03:35:46.318 | ForwardToLearner: par_id=1, slot=611, n=3, proxies.size=4, batch_idx=0
I [/opt/actions-runner/_work/mako-fast-reads/mako-fast-reads/src/deptran/paxos/commo.cc:151] 2025-12-10 03:35:46.318 | ForwardToLearner: SENDING to learner site_id=7, slot=611
I [/opt/actions-runner/_work/mako-fast-reads/mako-fast-reads/src/deptran/paxos/commo.cc:125] 2025-12-10 03:35:46.355 | ForwardToLearner: par_id=0, slot=757, n=3, proxies.size=4, batch_idx=0
I [/opt/actions-runner/_work/mako-fast-reads/mako-fast-reads/src/deptran/paxos/commo.cc:151] 2025-12-10 03:35:46.355 | ForwardToLearner: SENDING to learner site_id=3, slot=757
I [/opt/actions-runner/_work/mako-fast-reads/mako-fast-reads/src/deptran/paxos/commo.cc:125] 2025-12-10 03:35:46.360 | ForwardToLearner: par_id=1, slot=612, n=3, proxies.size=4, batch_idx=0
I [/opt/actions-runner/_work/mako-fast-reads/mako-fast-reads/src/deptran/paxos/commo.cc:151] 2025-12-10 03:35:46.360 | ForwardToLearner: SENDING to learner site_id=7, slot=612
I [/opt/actions-runner/_work/mako-fast-reads/mako-fast-reads/src/deptran/paxos/commo.cc:125] 2025-12-10 03:35:46.405 | ForwardToLearner: par_id=1, slot=613, n=3, proxies.size=4, batch_idx=0
I [/opt/actions-runner/_work/mako-fast-reads/mako-fast-reads/src/deptran/paxos/commo.cc:151] 2025-12-10 03:35:46.405 | ForwardToLearner: SENDING to learner site_id=7, slot=613
I [/opt/actions-runner/_work/mako-fast-reads/mako-fast-reads/src/deptran/paxos/commo.cc:125] 2025-12-10 03:35:46.408 | ForwardToLearner: par_id=0, slot=758, n=3, proxies.size=4, batch_idx=0
I [/opt/actions-runner/_work/mako-fast-reads/mako-fast-reads/src/deptran/paxos/commo.cc:151] 2025-12-10 03:35:46.408 | ForwardToLearner: SENDING to learner site_id=3, slot=758
I [/opt/actions-runner/_work/mako-fast-reads/mako-fast-reads/src/deptran/paxos/commo.cc:125] 2025-12-10 03:35:46.422 | ForwardToLearner: par_id=1, slot=614, n=3, proxies.size=4, batch_idx=0
I [/opt/actions-runner/_work/mako-fast-reads/mako-fast-reads/src/deptran/paxos/commo.cc:151] 2025-12-10 03:35:46.422 | ForwardToLearner: SENDING to learner site_id=7, slot=614
I [/opt/actions-runner/_work/mako-fast-reads/mako-fast-reads/src/deptran/paxos/commo.cc:125] 2025-12-10 03:35:46.444 | ForwardToLearner: par_id=0, slot=759, n=3, proxies.size=4, batch_idx=0
I [/opt/actions-runner/_work/mako-fast-reads/mako-fast-reads/src/deptran/paxos/commo.cc:151] 2025-12-10 03:35:46.444 | ForwardToLearner: SENDING to learner site_id=3, slot=759
I [/opt/actions-runner/_work/mako-fast-reads/mako-fast-reads/src/deptran/paxos/commo.cc:125] 2025-12-10 03:35:46.446 | ForwardToLearner: par_id=1, slot=615, n=3, proxies.size=4, batch_idx=0
I [/opt/actions-runner/_work/mako-fast-reads/mako-fast-reads/src/deptran/paxos/commo.cc:151] 2025-12-10 03:35:46.446 | ForwardToLearner: SENDING to learner site_id=7, slot=615
I [/opt/actions-runner/_work/mako-fast-reads/mako-fast-reads/src/deptran/paxos/commo.cc:125] 2025-12-10 03:35:46.446 | ForwardToLearner: par_id=1, slot=616, n=3, proxies.size=4, batch_idx=0
I [/opt/actions-runner/_work/mako-fast-reads/mako-fast-reads/src/deptran/paxos/commo.cc:151] 2025-12-10 03:35:46.446 | ForwardToLearner: SENDING to learner site_id=7, slot=616
I [/opt/actions-runner/_work/mako-fast-reads/mako-fast-reads/src/deptran/paxos/commo.cc:125] 2025-12-10 03:35:46.467 | ForwardToLearner: par_id=0, slot=760, n=3, proxies.size=4, batch_idx=0
I [/opt/actions-runner/_work/mako-fast-reads/mako-fast-reads/src/deptran/paxos/commo.cc:151] 2025-12-10 03:35:46.467 | ForwardToLearner: SENDING to learner site_id=3, slot=760
I [/opt/actions-runner/_work/mako-fast-reads/mako-fast-reads/src/deptran/paxos/commo.cc:125] 2025-12-10 03:35:46.485 | ForwardToLearner: par_id=0, slot=761, n=3, proxies.size=4, batch_idx=0
I [/opt/actions-runner/_work/mako-fast-reads/mako-fast-reads/src/deptran/paxos/commo.cc:151] 2025-12-10 03:35:46.485 | ForwardToLearner: SENDING to learner site_id=3, slot=761
I [/opt/actions-runner/_work/mako-fast-reads/mako-fast-reads/src/deptran/paxos/commo.cc:125] 2025-12-10 03:35:46.489 | ForwardToLearner: par_id=1, slot=617, n=3, proxies.size=4, batch_idx=0
I [/opt/actions-runner/_work/mako-fast-reads/mako-fast-reads/src/deptran/paxos/commo.cc:151] 2025-12-10 03:35:46.489 | ForwardToLearner: SENDING to learner site_id=7, slot=617
I [/opt/actions-runner/_work/mako-fast-reads/mako-fast-reads/src/deptran/paxos/commo.cc:125] 2025-12-10 03:35:46.519 | ForwardToLearner: par_id=0, slot=762, n=3, proxies.size=4, batch_idx=0
I [/opt/actions-runner/_work/mako-fast-reads/mako-fast-reads/src/deptran/paxos/commo.cc:151] 2025-12-10 03:35:46.519 | ForwardToLearner: SENDING to learner site_id=3, slot=762
I [/opt/actions-runner/_work/mako-fast-reads/mako-fast-reads/src/deptran/paxos/commo.cc:125] 2025-12-10 03:35:46.538 | ForwardToLearner: par_id=1, slot=618, n=3, proxies.size=4, batch_idx=0
I [/opt/actions-runner/_work/mako-fast-reads/mako-fast-reads/src/deptran/paxos/commo.cc:151] 2025-12-10 03:35:46.538 | ForwardToLearner: SENDING to learner site_id=7, slot=618
I [/opt/actions-runner/_work/mako-fast-reads/mako-fast-reads/src/deptran/paxos/commo.cc:125] 2025-12-10 03:35:46.542 | ForwardToLearner: par_id=0, slot=763, n=3, proxies.size=4, batch_idx=0
I [/opt/actions-runner/_work/mako-fast-reads/mako-fast-reads/src/deptran/paxos/commo.cc:151] 2025-12-10 03:35:46.542 | ForwardToLearner: SENDING to learner site_id=3, slot=763
I [/opt/actions-runner/_work/mako-fast-reads/mako-fast-reads/src/deptran/paxos/commo.cc:125] 2025-12-10 03:35:46.587 | ForwardToLearner: par_id=1, slot=619, n=3, proxies.size=4, batch_idx=0
I [/opt/actions-runner/_work/mako-fast-reads/mako-fast-reads/src/deptran/paxos/commo.cc:151] 2025-12-10 03:35:46.587 | ForwardToLearner: SENDING to learner site_id=7, slot=619
I [/opt/actions-runner/_work/mako-fast-reads/mako-fast-reads/src/deptran/paxos/commo.cc:125] 2025-12-10 03:35:46.587 | ForwardToLearner: par_id=0, slot=764, n=3, proxies.size=4, batch_idx=0
I [/opt/actions-runner/_work/mako-fast-reads/mako-fast-reads/src/deptran/paxos/commo.cc:151] 2025-12-10 03:35:46.587 | ForwardToLearner: SENDING to learner site_id=3, slot=764
I [/opt/actions-runner/_work/mako-fast-reads/mako-fast-reads/src/deptran/paxos/commo.cc:125] 2025-12-10 03:35:46.629 | ForwardToLearner: par_id=1, slot=620, n=3, proxies.size=4, batch_idx=0
I [/opt/actions-runner/_work/mako-fast-reads/mako-fast-reads/src/deptran/paxos/commo.cc:151] 2025-12-10 03:35:46.629 | ForwardToLearner: SENDING to learner site_id=7, slot=620
I [/opt/actions-runner/_work/mako-fast-reads/mako-fast-reads/src/deptran/paxos/commo.cc:125] 2025-12-10 03:35:46.635 | ForwardToLearner: par_id=0, slot=765, n=3, proxies.size=4, batch_idx=0
I [/opt/actions-runner/_work/mako-fast-reads/mako-fast-reads/src/deptran/paxos/commo.cc:151] 2025-12-10 03:35:46.635 | ForwardToLearner: SENDING to learner site_id=3, slot=765
I [/opt/actions-runner/_work/mako-fast-reads/mako-fast-reads/src/deptran/paxos/commo.cc:125] 2025-12-10 03:35:46.673 | ForwardToLearner: par_id=1, slot=621, n=3, proxies.size=4, batch_idx=0
I [/opt/actions-runner/_work/mako-fast-reads/mako-fast-reads/src/deptran/paxos/commo.cc:151] 2025-12-10 03:35:46.673 | ForwardToLearner: SENDING to learner site_id=7, slot=621
I [/opt/actions-runner/_work/mako-fast-reads/mako-fast-reads/src/deptran/paxos/commo.cc:125] 2025-12-10 03:35:46.677 | ForwardToLearner: par_id=1, slot=622, n=3, proxies.size=4, batch_idx=0
I [/opt/actions-runner/_work/mako-fast-reads/mako-fast-reads/src/deptran/paxos/commo.cc:151] 2025-12-10 03:35:46.677 | ForwardToLearner: SENDING to learner site_id=7, slot=622
I [/opt/actions-runner/_work/mako-fast-reads/mako-fast-reads/src/deptran/paxos/commo.cc:125] 2025-12-10 03:35:46.683 | ForwardToLearner: par_id=0, slot=766, n=3, proxies.size=4, batch_idx=0
I [/opt/actions-runner/_work/mako-fast-reads/mako-fast-reads/src/deptran/paxos/commo.cc:151] 2025-12-10 03:35:46.683 | ForwardToLearner: SENDING to learner site_id=3, slot=766
I [/opt/actions-runner/_work/mako-fast-reads/mako-fast-reads/src/deptran/paxos/commo.cc:125] 2025-12-10 03:35:46.686 | ForwardToLearner: par_id=0, slot=767, n=3, proxies.size=4, batch_idx=0
I [/opt/actions-runner/_work/mako-fast-reads/mako-fast-reads/src/deptran/paxos/commo.cc:151] 2025-12-10 03:35:46.686 | ForwardToLearner: SENDING to learner site_id=3, slot=767
I [/opt/actions-runner/_work/mako-fast-reads/mako-fast-reads/src/deptran/paxos/commo.cc:125] 2025-12-10 03:35:46.716 | ForwardToLearner: par_id=1, slot=623, n=3, proxies.size=4, batch_idx=0
I [/opt/actions-runner/_work/mako-fast-reads/mako-fast-reads/src/deptran/paxos/commo.cc:151] 2025-12-10 03:35:46.716 | ForwardToLearner: SENDING to learner site_id=7, slot=623
I [/opt/actions-runner/_work/mako-fast-reads/mako-fast-reads/src/deptran/paxos/commo.cc:125] 2025-12-10 03:35:46.718 | ForwardToLearner: par_id=1, slot=624, n=3, proxies.size=4, batch_idx=0
I [/opt/actions-runner/_work/mako-fast-reads/mako-fast-reads/src/deptran/paxos/commo.cc:151] 2025-12-10 03:35:46.718 | ForwardToLearner: SENDING to learner site_id=7, slot=624
I [/opt/actions-runner/_work/mako-fast-reads/mako-fast-reads/src/deptran/paxos/commo.cc:125] 2025-12-10 03:35:46.731 | ForwardToLearner: par_id=0, slot=768, n=3, proxies.size=4, batch_idx=0
I [/opt/actions-runner/_work/mako-fast-reads/mako-fast-reads/src/deptran/paxos/commo.cc:151] 2025-12-10 03:35:46.731 | ForwardToLearner: SENDING to learner site_id=3, slot=768
I [/opt/actions-runner/_work/mako-fast-reads/mako-fast-reads/src/deptran/paxos/commo.cc:125] 2025-12-10 03:35:46.734 | ForwardToLearner: par_id=0, slot=769, n=3, proxies.size=4, batch_idx=0
I [/opt/actions-runner/_work/mako-fast-reads/mako-fast-reads/src/deptran/paxos/commo.cc:151] 2025-12-10 03:35:46.734 | ForwardToLearner: SENDING to learner site_id=3, slot=769
I [/opt/actions-runner/_work/mako-fast-reads/mako-fast-reads/src/deptran/paxos/commo.cc:125] 2025-12-10 03:35:46.768 | ForwardToLearner: par_id=1, slot=625, n=3, proxies.size=4, batch_idx=0
I [/opt/actions-runner/_work/mako-fast-reads/mako-fast-reads/src/deptran/paxos/commo.cc:151] 2025-12-10 03:35:46.768 | ForwardToLearner: SENDING to learner site_id=7, slot=625
I [/opt/actions-runner/_work/mako-fast-reads/mako-fast-reads/src/deptran/paxos/commo.cc:125] 2025-12-10 03:35:46.776 | ForwardToLearner: par_id=0, slot=770, n=3, proxies.size=4, batch_idx=0
I [/opt/actions-runner/_work/mako-fast-reads/mako-fast-reads/src/deptran/paxos/commo.cc:151] 2025-12-10 03:35:46.776 | ForwardToLearner: SENDING to learner site_id=3, slot=770
I [/opt/actions-runner/_work/mako-fast-reads/mako-fast-reads/src/deptran/paxos/commo.cc:125] 2025-12-10 03:35:46.821 | ForwardToLearner: par_id=1, slot=626, n=3, proxies.size=4, batch_idx=0
I [/opt/actions-runner/_work/mako-fast-reads/mako-fast-reads/src/deptran/paxos/commo.cc:151] 2025-12-10 03:35:46.821 | ForwardToLearner: SENDING to learner site_id=7, slot=626
I [/opt/actions-runner/_work/mako-fast-reads/mako-fast-reads/src/deptran/paxos/commo.cc:125] 2025-12-10 03:35:46.824 | ForwardToLearner: par_id=0, slot=771, n=3, proxies.size=4, batch_idx=0
I [/opt/actions-runner/_work/mako-fast-reads/mako-fast-reads/src/deptran/paxos/commo.cc:151] 2025-12-10 03:35:46.824 | ForwardToLearner: SENDING to learner site_id=3, slot=771
I [/opt/actions-runner/_work/mako-fast-reads/mako-fast-reads/src/deptran/paxos/commo.cc:125] 2025-12-10 03:35:46.868 | ForwardToLearner: par_id=0, slot=772, n=3, proxies.size=4, batch_idx=0
I [/opt/actions-runner/_work/mako-fast-reads/mako-fast-reads/src/deptran/paxos/commo.cc:151] 2025-12-10 03:35:46.868 | ForwardToLearner: SENDING to learner site_id=3, slot=772
I [/opt/actions-runner/_work/mako-fast-reads/mako-fast-reads/src/deptran/paxos/commo.cc:125] 2025-12-10 03:35:46.874 | ForwardToLearner: par_id=1, slot=627, n=3, proxies.size=4, batch_idx=0
I [/opt/actions-runner/_work/mako-fast-reads/mako-fast-reads/src/deptran/paxos/commo.cc:151] 2025-12-10 03:35:46.874 | ForwardToLearner: SENDING to learner site_id=7, slot=627
I [/opt/actions-runner/_work/mako-fast-reads/mako-fast-reads/src/deptran/paxos/commo.cc:125] 2025-12-10 03:35:46.898 | ForwardToLearner: par_id=1, slot=628, n=3, proxies.size=4, batch_idx=0
I [/opt/actions-runner/_work/mako-fast-reads/mako-fast-reads/src/deptran/paxos/commo.cc:151] 2025-12-10 03:35:46.898 | ForwardToLearner: SENDING to learner site_id=7, slot=628
I [/opt/actions-runner/_work/mako-fast-reads/mako-fast-reads/src/deptran/paxos/commo.cc:125] 2025-12-10 03:35:46.904 | ForwardToLearner: par_id=0, slot=773, n=3, proxies.size=4, batch_idx=0
I [/opt/actions-runner/_work/mako-fast-reads/mako-fast-reads/src/deptran/paxos/commo.cc:151] 2025-12-10 03:35:46.904 | ForwardToLearner: SENDING to learner site_id=3, slot=773
I [/opt/actions-runner/_work/mako-fast-reads/mako-fast-reads/src/deptran/paxos/commo.cc:125] 2025-12-10 03:35:46.921 | ForwardToLearner: par_id=0, slot=774, n=3, proxies.size=4, batch_idx=0
I [/opt/actions-runner/_work/mako-fast-reads/mako-fast-reads/src/deptran/paxos/commo.cc:151] 2025-12-10 03:35:46.921 | ForwardToLearner: SENDING to learner site_id=3, slot=774
I [/opt/actions-runner/_work/mako-fast-reads/mako-fast-reads/src/deptran/paxos/commo.cc:125] 2025-12-10 03:35:46.933 | ForwardToLearner: par_id=1, slot=629, n=3, proxies.size=4, batch_idx=0
I [/opt/actions-runner/_work/mako-fast-reads/mako-fast-reads/src/deptran/paxos/commo.cc:151] 2025-12-10 03:35:46.933 | ForwardToLearner: SENDING to learner site_id=7, slot=629
I [/opt/actions-runner/_work/mako-fast-reads/mako-fast-reads/src/deptran/paxos/commo.cc:125] 2025-12-10 03:35:46.954 | ForwardToLearner: par_id=0, slot=775, n=3, proxies.size=4, batch_idx=0
I [/opt/actions-runner/_work/mako-fast-reads/mako-fast-reads/src/deptran/paxos/commo.cc:151] 2025-12-10 03:35:46.954 | ForwardToLearner: SENDING to learner site_id=3, slot=775
I [/opt/actions-runner/_work/mako-fast-reads/mako-fast-reads/src/deptran/paxos/commo.cc:125] 2025-12-10 03:35:46.970 | ForwardToLearner: par_id=0, slot=776, n=3, proxies.size=4, batch_idx=0
I [/opt/actions-runner/_work/mako-fast-reads/mako-fast-reads/src/deptran/paxos/commo.cc:151] 2025-12-10 03:35:46.970 | ForwardToLearner: SENDING to learner site_id=3, slot=776
I [/opt/actions-runner/_work/mako-fast-reads/mako-fast-reads/src/deptran/paxos/commo.cc:125] 2025-12-10 03:35:46.970 | ForwardToLearner: par_id=1, slot=630, n=3, proxies.size=4, batch_idx=0
I [/opt/actions-runner/_work/mako-fast-reads/mako-fast-reads/src/deptran/paxos/commo.cc:151] 2025-12-10 03:35:46.970 | ForwardToLearner: SENDING to learner site_id=7, slot=630
I [/opt/actions-runner/_work/mako-fast-reads/mako-fast-reads/src/deptran/paxos/commo.cc:125] 2025-12-10 03:35:46.977 | ForwardToLearner: par_id=1, slot=631, n=3, proxies.size=4, batch_idx=0
I [/opt/actions-runner/_work/mako-fast-reads/mako-fast-reads/src/deptran/paxos/commo.cc:151] 2025-12-10 03:35:46.977 | ForwardToLearner: SENDING to learner site_id=7, slot=631
I [/opt/actions-runner/_work/mako-fast-reads/mako-fast-reads/src/deptran/paxos/commo.cc:125] 2025-12-10 03:35:47.025 | ForwardToLearner: par_id=0, slot=777, n=3, proxies.size=4, batch_idx=0
I [/opt/actions-runner/_work/mako-fast-reads/mako-fast-reads/src/deptran/paxos/commo.cc:151] 2025-12-10 03:35:47.025 | ForwardToLearner: SENDING to learner site_id=3, slot=777
I [/opt/actions-runner/_work/mako-fast-reads/mako-fast-reads/src/deptran/paxos/commo.cc:125] 2025-12-10 03:35:47.032 | ForwardToLearner: par_id=1, slot=632, n=3, proxies.size=4, batch_idx=0
I [/opt/actions-runner/_work/mako-fast-reads/mako-fast-reads/src/deptran/paxos/commo.cc:151] 2025-12-10 03:35:47.032 | ForwardToLearner: SENDING to learner site_id=7, slot=632
I [/opt/actions-runner/_work/mako-fast-reads/mako-fast-reads/src/deptran/paxos/commo.cc:125] 2025-12-10 03:35:47.069 | ForwardToLearner: par_id=0, slot=778, n=3, proxies.size=4, batch_idx=0
I [/opt/actions-runner/_work/mako-fast-reads/mako-fast-reads/src/deptran/paxos/commo.cc:151] 2025-12-10 03:35:47.069 | ForwardToLearner: SENDING to learner site_id=3, slot=778
I [/opt/actions-runner/_work/mako-fast-reads/mako-fast-reads/src/deptran/paxos/commo.cc:125] 2025-12-10 03:35:47.082 | ForwardToLearner: par_id=1, slot=633, n=3, proxies.size=4, batch_idx=0
I [/opt/actions-runner/_work/mako-fast-reads/mako-fast-reads/src/deptran/paxos/commo.cc:151] 2025-12-10 03:35:47.082 | ForwardToLearner: SENDING to learner site_id=7, slot=633
I [/opt/actions-runner/_work/mako-fast-reads/mako-fast-reads/src/deptran/paxos/commo.cc:125] 2025-12-10 03:35:47.100 | ForwardToLearner: par_id=0, slot=779, n=3, proxies.size=4, batch_idx=0
I [/opt/actions-runner/_work/mako-fast-reads/mako-fast-reads/src/deptran/paxos/commo.cc:151] 2025-12-10 03:35:47.100 | ForwardToLearner: SENDING to learner site_id=3, slot=779
I [/opt/actions-runner/_work/mako-fast-reads/mako-fast-reads/src/deptran/paxos/commo.cc:125] 2025-12-10 03:35:47.121 | ForwardToLearner: par_id=1, slot=634, n=3, proxies.size=4, batch_idx=0
I [/opt/actions-runner/_work/mako-fast-reads/mako-fast-reads/src/deptran/paxos/commo.cc:151] 2025-12-10 03:35:47.121 | ForwardToLearner: SENDING to learner site_id=7, slot=634
I [/opt/actions-runner/_work/mako-fast-reads/mako-fast-reads/src/deptran/paxos/commo.cc:125] 2025-12-10 03:35:47.129 | ForwardToLearner: par_id=1, slot=635, n=3, proxies.size=4, batch_idx=0
I [/opt/actions-runner/_work/mako-fast-reads/mako-fast-reads/src/deptran/paxos/commo.cc:151] 2025-12-10 03:35:47.129 | ForwardToLearner: SENDING to learner site_id=7, slot=635
I [/opt/actions-runner/_work/mako-fast-reads/mako-fast-reads/src/deptran/paxos/commo.cc:125] 2025-12-10 03:35:47.151 | ForwardToLearner: par_id=0, slot=780, n=3, proxies.size=4, batch_idx=0
I [/opt/actions-runner/_work/mako-fast-reads/mako-fast-reads/src/deptran/paxos/commo.cc:151] 2025-12-10 03:35:47.151 | ForwardToLearner: SENDING to learner site_id=3, slot=780
I [/opt/actions-runner/_work/mako-fast-reads/mako-fast-reads/src/deptran/paxos/commo.cc:125] 2025-12-10 03:35:47.159 | ForwardToLearner: par_id=0, slot=781, n=3, proxies.size=4, batch_idx=0
I [/opt/actions-runner/_work/mako-fast-reads/mako-fast-reads/src/deptran/paxos/commo.cc:151] 2025-12-10 03:35:47.159 | ForwardToLearner: SENDING to learner site20251110-03:35.47-373656(us) 19466 * wait_for_termination (mako.hh:538):      follower is waiting for being ended: 0/2, noops_cnt:0, replay_batch:1423, wait_time:23s

_id=3, slot=781
I [/opt/actions-runner/_work/mako-fast-reads/mako-fast-reads/src/deptran/paxos/commo.cc:125] 2025-12-10 03:35:47.184 | ForwardToLearner: par_id=1, slot=636, n=3, proxies.size=4, batch_idx=0
I [/opt/actions-runner/_work/mako-fast-reads/mako-fast-reads/src/deptran/paxos/commo.cc:151] 2025-12-10 03:35:47.184 | ForwardToLearner: SENDING to learner site_id=7, slot=636
I [/opt/actions-runner/_work/mako-fast-reads/mako-fast-reads/src/deptran/paxos/commo.cc:125] 2025-12-10 03:35:47.187 | ForwardToLearner: par_id=0, slot=782, n=3, proxies.size=4, batch_idx=0
I [/opt/actions-runner/_work/mako-fast-reads/mako-fast-reads/src/deptran/paxos/commo.cc:151] 2025-12-10 03:35:47.187 | ForwardToLearner: SENDING to learner site_id=3, slot=782
I [/opt/actions-runner/_work/mako-fast-reads/mako-fast-reads/src/deptran/paxos/commo.cc:125] 2025-12-10 03:35:47.207 | ForwardToLearner: par_id=0, slot=783, n=3, proxies.size=4, batch_idx=0
I [/opt/actions-runner/_work/mako-fast-reads/mako-fast-reads/src/deptran/paxos/commo.cc:151] 2025-12-10 03:35:47.207 | ForwardToLearner: SENDING to learner site_id=3, slot=783
I [/opt/actions-runner/_work/mako-fast-reads/mako-fast-reads/src/deptran/paxos/commo.cc:125] 2025-12-10 03:35:47.235 | ForwardToLearner: par_id=1, slot=637, n=3, proxies.size=4, batch_idx=0
I [/opt/actions-runner/_work/mako-fast-reads/mako-fast-reads/src/deptran/paxos/commo.cc:151] 2025-12-10 03:35:47.235 | ForwardToLearner: SENDING to learner site_id=7, slot=637
I [/opt/actions-runner/_work/mako-fast-reads/mako-fast-reads/src/deptran/paxos/commo.cc:125] 2025-12-10 03:35:47.237 | ForwardToLearner: par_id=1, slot=638, n=3, proxies.size=4, batch_idx=0
I [/opt/actions-runner/_work/mako-fast-reads/mako-fast-reads/src/deptran/paxos/commo.cc:151] 2025-12-10 03:35:47.237 | ForwardToLearner: SENDING to learner site_id=7, slot=638
I [/opt/actions-runner/_work/mako-fast-reads/mako-fast-reads/src/deptran/paxos/commo.cc:125] 2025-12-10 03:35:47.252 | ForwardToLearner: par_id=0, slot=784, n=3, proxies.size=4, batch_idx=0
I [/opt/actions-runner/_work/mako-fast-reads/mako-fast-reads/src/deptran/paxos/commo.cc:151] 2025-12-10 03:35:47.252 | ForwardToLearner: SENDING to learner site_id=3, slot=784
I [/opt/actions-runner/_work/mako-fast-reads/mako-fast-reads/src/deptran/paxos/commo.cc:125] 2025-12-10 03:35:47.284 | ForwardToLearner: par_id=1, slot=639, n=3, proxies.size=4, batch_idx=0
I [/opt/actions-runner/_work/mako-fast-reads/mako-fast-reads/src/deptran/paxos/commo.cc:151] 2025-12-10 03:35:47.284 | ForwardToLearner: SENDING to learner site_id=7, slot=639
I [/opt/actions-runner/_work/mako-fast-reads/mako-fast-reads/src/deptran/paxos/commo.cc:125] 2025-12-10 03:35:47.294 | ForwardToLearner: par_id=0, slot=785, n=3, proxies.size=4, batch_idx=0
I [/opt/actions-runner/_work/mako-fast-reads/mako-fast-reads/src/deptran/paxos/commo.cc:151] 2025-12-10 03:35:47.294 | ForwardToLearner: SENDING to learner site_id=3, slot=785
I [/opt/actions-runner/_work/mako-fast-reads/mako-fast-reads/src/deptran/paxos/commo.cc:125] 2025-12-10 03:35:47.323 | ForwardToLearner: par_id=1, slot=640, n=3, proxies.size=4, batch_idx=0
I [/opt/actions-runner/_work/mako-fast-reads/mako-fast-reads/src/deptran/paxos/commo.cc:151] 2025-12-10 03:35:47.324 | ForwardToLearner: SENDING to learner site_id=7, slot=640
I [/opt/actions-runner/_work/mako-fast-reads/mako-fast-reads/src/deptran/paxos/commo.cc:125] 2025-12-10 03:35:47.349 | ForwardToLearner: par_id=0, slot=786, n=3, proxies.size=4, batch_idx=0
I [/opt/actions-runner/_work/mako-fast-reads/mako-fast-reads/src/deptran/paxos/commo.cc:151] 2025-12-10 03:35:47.349 | ForwardToLearner: SENDING to learner site_id=3, slot=786
I [/opt/actions-runner/_work/mako-fast-reads/mako-fast-reads/src/deptran/paxos/commo.cc:125] 2025-12-10 03:35:47.369 | ForwardToLearner: par_id=1, slot=641, n=3, proxies.size=4, batch_idx=0
I [/opt/actions-runner/_work/mako-fast-reads/mako-fast-reads/src/deptran/paxos/commo.cc:151] 2025-12-10 03:35:47.369 | ForwardToLearner: SENDING to learner site_id=7, slot=641
I [/opt/actions-runner/_work/mako-fast-reads/mako-fast-reads/src/deptran/paxos/commo.cc:125] 2025-12-10 03:35:47.385 | ForwardToLearner: par_id=0, slot=787, n=3, proxies.size=4, batch_idx=0
I [/opt/actions-runner/_work/mako-fast-reads/mako-fast-reads/src/deptran/paxos/commo.cc:151] 2025-12-10 03:35:47.385 | ForwardToLearner: SENDING to learner site_id=3, slot=787
I [/opt/actions-runner/_work/mako-fast-reads/mako-fast-reads/src/deptran/paxos/commo.cc:125] 2025-12-10 03:35:47.412 | ForwardToLearner: par_id=0, slot=788, n=3, proxies.size=4, batch_idx=0
I [/opt/actions-runner/_work/mako-fast-reads/mako-fast-reads/src/deptran/paxos/commo.cc:151] 2025-12-10 03:35:47.412 | ForwardToLearner: SENDING to learner site_id=3, slot=788
I [/opt/actions-runner/_work/mako-fast-reads/mako-fast-reads/src/deptran/paxos/commo.cc:125] 2025-12-10 03:35:47.417 | ForwardToLearner: par_id=1, slot=642, n=3, proxies.size=4, batch_idx=0
I [/opt/actions-runner/_work/mako-fast-reads/mako-fast-reads/src/deptran/paxos/commo.cc:151] 2025-12-10 03:35:47.417 | ForwardToLearner: SENDING to learner site_id=7, slot=642
I [/opt/actions-runner/_work/mako-fast-reads/mako-fast-reads/src/deptran/paxos/commo.cc:125] 2025-12-10 03:35:47.423 | ForwardToLearner: par_id=1, slot=643, n=3, proxies.size=4, batch_idx=0
I [/opt/actions-runner/_work/mako-fast-reads/mako-fast-reads/src/deptran/paxos/commo.cc:151] 2025-12-10 03:35:47.423 | ForwardToLearner: SENDING to learner site_id=7, slot=643
I [/opt/actions-runner/_work/mako-fast-reads/mako-fast-reads/src/deptran/paxos/commo.cc:125] 2025-12-10 03:35:47.439 | ForwardToLearner: par_id=0, slot=789, n=3, proxies.size=4, batch_idx=0
I [/opt/actions-runner/_work/mako-fast-reads/mako-fast-reads/src/deptran/paxos/commo.cc:151] 2025-12-10 03:35:47.439 | ForwardToLearner: SENDING to learner site_id=3, slot=789
I [/opt/actions-runner/_work/mako-fast-reads/mako-fast-reads/src/deptran/paxos/commo.cc:125] 2025-12-10 03:35:47.464 | ForwardToLearner: par_id=0, slot=790, n=3, proxies.size=4, batch_idx=0
I [/opt/actions-runner/_work/mako-fast-reads/mako-fast-reads/src/deptran/paxos/commo.cc:151] 2025-12-10 03:35:47.464 | ForwardToLearner: SENDING to learner site_id=3, slot=790
I [/opt/actions-runner/_work/mako-fast-reads/mako-fast-reads/src/deptran/paxos/commo.cc:125] 2025-12-10 03:35:47.473 | ForwardToLearner: par_id=1, slot=644, n=3, proxies.size=4, batch_idx=0
I [/opt/actions-runner/_work/mako-fast-reads/mako-fast-reads/src/deptran/paxos/commo.cc:151] 2025-12-10 03:35:47.473 | ForwardToLearner: SENDING to learner site_id=7, slot=644
I [/opt/actions-runner/_work/mako-fast-reads/mako-fast-reads/src/deptran/paxos/commo.cc:125] 2025-12-10 03:35:47.476 | ForwardToLearner: par_id=1, slot=645, n=3, proxies.size=4, batch_idx=0
I [/opt/actions-runner/_work/mako-fast-reads/mako-fast-reads/src/deptran/paxos/commo.cc:151] 2025-12-10 03:35:47.476 | ForwardToLearner: SENDING to learner site_id=7, slot=645
I [/opt/actions-runner/_work/mako-fast-reads/mako-fast-reads/src/deptran/paxos/commo.cc:125] 2025-12-10 03:35:47.490 | ForwardToLearner: par_id=0, slot=791, n=3, proxies.size=4, batch_idx=0
I [/opt/actions-runner/_work/mako-fast-reads/mako-fast-reads/src/deptran/paxos/commo.cc:151] 2025-12-10 03:35:47.490 | ForwardToLearner: SENDING to learner site_id=3, slot=791
I [/opt/actions-runner/_work/mako-fast-reads/mako-fast-reads/src/deptran/paxos/commo.cc:125] 2025-12-10 03:35:47.522 | ForwardToLearner: par_id=1, slot=646, n=3, proxies.size=4, batch_idx=0
I [/opt/actions-runner/_work/mako-fast-reads/mako-fast-reads/src/deptran/paxos/commo.cc:151] 2025-12-10 03:35:47.522 | ForwardToLearner: SENDING to learner site_id=7, slot=646
I [/opt/actions-runner/_work/mako-fast-reads/mako-fast-reads/src/deptran/paxos/commo.cc:125] 2025-12-10 03:35:47.538 | ForwardToLearner: par_id=0, slot=792, n=3, proxies.size=4, batch_idx=0
I [/opt/actions-runner/_work/mako-fast-reads/mako-fast-reads/src/deptran/paxos/commo.cc:151] 2025-12-10 03:35:47.538 | ForwardToLearner: SENDING to learner site_id=3, slot=792
I [/opt/actions-runner/_work/mako-fast-reads/mako-fast-reads/src/deptran/paxos/commo.cc:125] 2025-12-10 03:35:47.572 | ForwardToLearner: par_id=1, slot=647, n=3, proxies.size=4, batch_idx=0
I [/opt/actions-runner/_work/mako-fast-reads/mako-fast-reads/src/deptran/paxos/commo.cc:151] 2025-12-10 03:35:47.572 | ForwardToLearner: SENDING to learner site_id=7, slot=647
I [/opt/actions-runner/_work/mako-fast-reads/mako-fast-reads/src/deptran/paxos/commo.cc:125] 2025-12-10 03:35:47.581 | ForwardToLearner: par_id=0, slot=793, n=3, proxies.size=4, batch_idx=0
I [/opt/actions-runner/_work/mako-fast-reads/mako-fast-reads/src/deptran/paxos/commo.cc:151] 2025-12-10 03:35:47.581 | ForwardToLearner: SENDING to learner site_id=3, slot=793
I [/opt/actions-runner/_work/mako-fast-reads/mako-fast-reads/src/deptran/paxos/commo.cc:125] 2025-12-10 03:35:47.618 | ForwardToLearner: par_id=1, slot=648, n=3, proxies.size=4, batch_idx=0
I [/opt/actions-runner/_work/mako-fast-reads/mako-fast-reads/src/deptran/paxos/commo.cc:151] 2025-12-10 03:35:47.618 | ForwardToLearner: SENDING to learner site_id=7, slot=648
I [/opt/actions-runner/_work/mako-fast-reads/mako-fast-reads/src/deptran/paxos/commo.cc:125] 2025-12-10 03:35:47.624 | ForwardToLearner: par_id=0, slot=794, n=3, proxies.size=4, batch_idx=0
I [/opt/actions-runner/_work/mako-fast-reads/mako-fast-reads/src/deptran/paxos/commo.cc:151] 2025-12-10 03:35:47.624 | ForwardToLearner: SENDING to learner site_id=3, slot=794
I [/opt/actions-runner/_work/mako-fast-reads/mako-fast-reads/src/deptran/paxos/commo.cc:125] 2025-12-10 03:35:47.648 | ForwardToLearner: par_id=1, slot=649, n=3, proxies.size=4, batch_idx=0
I [/opt/actions-runner/_work/mako-fast-reads/mako-fast-reads/src/deptran/paxos/commo.cc:151] 2025-12-10 03:35:47.648 | ForwardToLearner: SENDING to learner site_id=7, slot=649
I [/opt/actions-runner/_work/mako-fast-reads/mako-fast-reads/src/deptran/paxos/commo.cc:125] 2025-12-10 03:35:47.662 | ForwardToLearner: par_id=1, slot=650, n=3, proxies.size=4, batch_idx=0
I [/opt/actions-runner/_work/mako-fast-reads/mako-fast-reads/src/deptran/paxos/commo.cc:151] 2025-12-10 03:35:47.662 | ForwardToLearner: SENDING to learner site_id=7, slot=650
I [/opt/actions-runner/_work/mako-fast-reads/mako-fast-reads/src/deptran/paxos/commo.cc:125] 2025-12-10 03:35:47.664 | ForwardToLearner: par_id=0, slot=795, n=3, proxies.size=4, batch_idx=0
I [/opt/actions-runner/_work/mako-fast-reads/mako-fast-reads/src/deptran/paxos/commo.cc:151] 2025-12-10 03:35:47.664 | ForwardToLearner: SENDING to learner site_id=3, slot=795
I [/opt/actions-runner/_work/mako-fast-reads/mako-fast-reads/src/deptran/paxos/commo.cc:125] 2025-12-10 03:35:47.681 | ForwardToLearner: par_id=0, slot=796, n=3, proxies.size=4, batch_idx=0
I [/opt/actions-runner/_work/mako-fast-reads/mako-fast-reads/src/deptran/paxos/commo.cc:151] 2025-12-10 03:35:47.681 | ForwardToLearner: SENDING to learner site_id=3, slot=796
I [/opt/actions-runner/_work/mako-fast-reads/mako-fast-reads/src/deptran/paxos/commo.cc:125] 2025-12-10 03:35:47.710 | ForwardToLearner: par_id=1, slot=651, n=3, proxies.size=4, batch_idx=0
I [/opt/actions-runner/_work/mako-fast-reads/mako-fast-reads/src/deptran/paxos/commo.cc:151] 2025-12-10 03:35:47.710 | ForwardToLearner: SENDING to learner site_id=7, slot=651
I [/opt/actions-runner/_work/mako-fast-reads/mako-fast-reads/src/deptran/paxos/commo.cc:125] 2025-12-10 03:35:47.728 | ForwardToLearner: par_id=0, slot=797, n=3, proxies.size=4, batch_idx=0
I [/opt/actions-runner/_work/mako-fast-reads/mako-fast-reads/src/deptran/paxos/commo.cc:151] 2025-12-10 03:35:47.728 | ForwardToLearner: SENDING to learner site_id=3, slot=797
I [/opt/actions-runner/_work/mako-fast-reads/mako-fast-reads/src/deptran/paxos/commo.cc:125] 2025-12-10 03:35:47.731 | ForwardToLearner: par_id=0, slot=798, n=3, proxies.size=4, batch_idx=0
I [/opt/actions-runner/_work/mako-fast-reads/mako-fast-reads/src/deptran/paxos/commo.cc:151] 2025-12-10 03:35:47.731 | ForwardToLearner: SENDING to learner site_id=3, slot=798
I [/opt/actions-runner/_work/mako-fast-reads/mako-fast-reads/src/deptran/paxos/commo.cc:125] 2025-12-10 03:35:47.735 | ForwardToLearner: par_id=1, slot=652, n=3, proxies.size=4, batch_idx=0
I [/opt/actions-runner/_work/mako-fast-reads/mako-fast-reads/src/deptran/paxos/commo.cc:151] 2025-12-10 03:35:47.735 | ForwardToLearner: SENDING to learner site_id=7, slot=652
I [/opt/actions-runner/_work/mako-fast-reads/mako-fast-reads/src/deptran/paxos/commo.cc:125] 2025-12-10 03:35:47.749 | ForwardToLearner: par_id=1, slot=653, n=3, proxies.size=4, batch_idx=0
I [/opt/actions-runner/_work/mako-fast-reads/mako-fast-reads/src/deptran/paxos/commo.cc:151] 2025-12-10 03:35:47.749 | ForwardToLearner: SENDING to learner site_id=7, slot=653
I [/opt/actions-runner/_work/mako-fast-reads/mako-fast-reads/src/deptran/paxos/commo.cc:125] 2025-12-10 03:35:47.775 | ForwardToLearner: par_id=0, slot=799, n=3, proxies.size=4, batch_idx=0
I [/opt/actions-runner/_work/mako-fast-reads/mako-fast-reads/src/deptran/paxos/commo.cc:151] 2025-12-10 03:35:47.775 | ForwardToLearner: SENDING to learner site_id=3, slot=799
I [/opt/actions-runner/_work/mako-fast-reads/mako-fast-reads/src/deptran/paxos/commo.cc:125] 2025-12-10 03:35:47.802 | ForwardToLearner: par_id=1, slot=654, n=3, proxies.size=4, batch_idx=0
I [/opt/actions-runner/_work/mako-fast-reads/mako-fast-reads/src/deptran/paxos/commo.cc:151] 2025-12-10 03:35:47.802 | ForwardToLearner: SENDING to learner site_id=7, slot=654
I [/opt/actions-runner/_work/mako-fast-reads/mako-fast-reads/src/deptran/paxos/commo.cc:125] 2025-12-10 03:35:47.835 | ForwardToLearner: par_id=0, slot=800, n=3, proxies.size=4, batch_idx=0
I [/opt/actions-runner/_work/mako-fast-reads/mako-fast-reads/src/deptran/paxos/commo.cc:151] 2025-12-10 03:35:47.835 | ForwardToLearner: SENDING to learner site_id=3, slot=800
I [/opt/actions-runner/_work/mako-fast-reads/mako-fast-reads/src/deptran/paxos/commo.cc:125] 2025-12-10 03:35:47.839 | ForwardToLearner: par_id=1, slot=655, n=3, proxies.size=4, batch_idx=0
I [/opt/actions-runner/_work/mako-fast-reads/mako-fast-reads/src/deptran/paxos/commo.cc:151] 2025-12-10 03:35:47.839 | ForwardToLearner: SENDING to learner site_id=7, slot=655
I [/opt/actions-runner/_work/mako-fast-reads/mako-fast-reads/src/deptran/paxos/commo.cc:125] 2025-12-10 03:35:47.879 | ForwardToLearner: par_id=1, slot=656, n=3, proxies.size=4, batch_idx=0
I [/opt/actions-runner/_work/mako-fast-reads/mako-fast-reads/src/deptran/paxos/commo.cc:151] 2025-12-10 03:35:47.879 | ForwardToLearner: SENDING to learner site_id=7, slot=656
I [/opt/actions-runner/_work/mako-fast-reads/mako-fast-reads/src/deptran/paxos/commo.cc:125] 2025-12-10 03:35:47.881 | ForwardToLearner: par_id=0, slot=801, n=3, proxies.size=4, batch_idx=0
I [/opt/actions-runner/_work/mako-fast-reads/mako-fast-reads/src/deptran/paxos/commo.cc:151] 2025-12-10 03:35:47.881 | ForwardToLearner: SENDING to learner site_id=3, slot=801
I [/opt/actions-runner/_work/mako-fast-reads/mako-fast-reads/src/deptran/paxos/commo.cc:125] 2025-12-10 03:35:47.882 | ForwardToLearner: par_id=1, slot=657, n=3, proxies.size=4, batch_idx=0
I [/opt/actions-runner/_work/mako-fast-reads/mako-fast-reads/src/deptran/paxos/commo.cc:151] 2025-12-10 03:35:47.882 | ForwardToLearner: SENDING to learner site_id=7, slot=657
I [/opt/actions-runner/_work/mako-fast-reads/mako-fast-reads/src/deptran/paxos/commo.cc:125] 2025-12-10 03:35:47.925 | ForwardToLearner: par_id=0, slot=802, n=3, proxies.size=4, batch_idx=0
I [/opt/actions-runner/_work/mako-fast-reads/mako-fast-reads/src/deptran/paxos/commo.cc:151] 2025-12-10 03:35:47.925 | ForwardToLearner: SENDING to learner site_id=3, slot=802
I [/opt/actions-runner/_work/mako-fast-reads/mako-fast-reads/src/deptran/paxos/commo.cc:125] 2025-12-10 03:35:47.929 | ForwardToLearner: par_id=0, slot=803, n=3, proxies.size=4, batch_idx=0
I [/opt/actions-runner/_work/mako-fast-reads/mako-fast-reads/src/deptran/paxos/commo.cc:151] 2025-12-10 03:35:47.929 | ForwardToLearner: SENDING to learner site_id=3, slot=803
I [/opt/actions-runner/_work/mako-fast-reads/mako-fast-reads/src/deptran/paxos/commo.cc:125] 2025-12-10 03:35:47.935 | ForwardToLearner: par_id=1, slot=658, n=3, proxies.size=4, batch_idx=0
I [/opt/actions-runner/_work/mako-fast-reads/mako-fast-reads/src/deptran/paxos/commo.cc:151] 2025-12-10 03:35:47.935 | ForwardToLearner: SENDING to learner site_id=7, slot=658
I [/opt/actions-runner/_work/mako-fast-reads/mako-fast-reads/src/deptran/paxos/commo.cc:125] 2025-12-10 03:35:47.956 | ForwardToLearner: par_id=1, slot=659, n=3, proxies.size=4, batch_idx=0
I [/opt/actions-runner/_work/mako-fast-reads/mako-fast-reads/src/deptran/paxos/commo.cc:151] 2025-12-10 03:35:47.956 | ForwardToLearner: SENDING to learner site_id=7, slot=659
I [/opt/actions-runner/_work/mako-fast-reads/mako-fast-reads/src/deptran/paxos/commo.cc:125] 2025-12-10 03:35:47.973 | ForwardToLearner: par_id=0, slot=804, n=3, proxies.size=4, batch_idx=0
I [/opt/actions-runner/_work/mako-fast-reads/mako-fast-reads/src/deptran/paxos/commo.cc:151] 2025-12-10 03:35:47.973 | ForwardToLearner: SENDING to learner site_id=3, slot=804
I [/opt/actions-runner/_work/mako-fast-reads/mako-fast-reads/src/deptran/paxos/commo.cc:125] 2025-12-10 03:35:47.981 | ForwardToLearner: par_id=0, slot=805, n=3, proxies.size=4, batch_idx=0
I [/opt/actions-runner/_work/mako-fast-reads/mako-fast-reads/src/deptran/paxos/commo.cc:151] 2025-12-10 03:35:47.981 | ForwardToLearner: SENDING to learner site_id=3, slot=805
I [/opt/actions-runner/_work/mako-fast-reads/mako-fast-reads/src/deptran/paxos/commo.cc:125] 2025-12-10 03:35:47.992 | ForwardToLearner: par_id=1, slot=660, n=3, proxies.size=4, batch_idx=0
I [/opt/actions-runner/_work/mako-fast-reads/mako-fast-reads/src/deptran/paxos/commo.cc:151] 2025-12-10 03:35:47.992 | ForwardToLearner: SENDING to learner site_id=7, slot=660
I [/opt/actions-runner/_work/mako-fast-reads/mako-fast-reads/src/deptran/paxos/commo.cc:125] 2025-12-10 03:35:48.032 | ForwardToLearner: par_id=0, slot=806, n=3, proxies.size=4, batch_idx=0
I [/opt/actions-runner/_work/mako-fast-reads/mako-fast-reads/src/deptran/paxos/commo.cc:151] 2025-12-10 03:35:48.032 | ForwardToLearner: SENDING to learner site_id=3, slot=806
I [/opt/actions-runner/_work/mako-fast-reads/mako-fast-reads/src/deptran/paxos/commo.cc:125] 2025-12-10 03:35:48.055 | ForwardToLearner: par_id=1, slot=661, n=3, proxies.size=4, batch_idx=0
I [/opt/actions-runner/_work/mako-fast-reads/mako-fast-reads/src/deptran/paxos/commo.cc:151] 2025-12-10 03:35:48.055 | ForwardToLearner: SENDING to learner site_id=7, slot=661
I [/opt/actions-runner/_work/mako-fast-reads/mako-fast-reads/src/deptran/paxos/commo.cc:125] 2025-12-10 03:35:48.084 | ForwardToLearner: par_id=0, slot=807, n=3, proxies.size=4, batch_idx=0
I [/opt/actions-runner/_work/mako-fast-reads/mako-fast-reads/src/deptran/paxos/commo.cc:151] 2025-12-10 03:35:48.084 | ForwardToLearner: SENDING to learner site_id=3, slot=807
I [/opt/actions-runner/_work/mako-fast-reads/mako-fast-reads/src/deptran/paxos/commo.cc:125] 2025-12-10 03:35:48.115 | ForwardToLearner: par_id=1, slot=662, n=3, proxies.size=4, batch_idx=0
I [/opt/actions-runner/_work/mako-fast-reads/mako-fast-reads/src/deptran/paxos/commo.cc:151] 2025-12-10 03:35:48.115 | ForwardToLearner: SENDING to learner site_id=7, slot=662
I [/opt/actions-runner/_work/mako-fast-reads/mako-fast-reads/src/deptran/paxos/commo.cc:125] 2025-12-10 03:35:48.126 | ForwardToLearner: par_id=0, slot=808, n=3, proxies.size=4, batch_idx=0
I [/opt/actions-runner/_work/mako-fast-reads/mako-fast-reads/src/deptran/paxos/commo.cc:151] 2025-12-10 03:35:48.126 | ForwardToLearner: SENDING to learner site_id=3, slot=808
I [/opt/actions-runner/_work/mako-fast-reads/mako-fast-reads/src/deptran/paxos/commo.cc:125] 2025-12-10 03:35:48.131 | ForwardToLearner: par_id=1, slot=663, n=3, proxies.size=4, batch_idx=0
I [/opt/actions-runner/_work/mako-fast-reads/mako-fast-reads/src/deptran/paxos/commo.cc:151] 2025-12-10 03:35:48.131 | ForwardToLearner: SENDING to learner site_id=7, slot=663
I [/opt/actions-runner/_work/mako-fast-reads/mako-fast-reads/src/deptran/paxos/commo.cc:125] 2025-12-10 03:35:48.166 | ForwardToLearner: par_id=1, slot=664, n=3, proxies.size=4, batch_idx=0
I [/opt/actions-runner/_work/mako-fast-reads/mako-fast-reads/src/deptran/paxos/commo.cc:151] 2025-12-10 03:35:48.166 | ForwardToLearner: SENDING to learner site_id=7, slot=664
I [/opt/actions-runner/_work/mako-fast-reads/mako-fast-reads/src/deptran/paxos/commo.cc:125] 2025-12-10 03:35:48.167 | ForwardToLearner: par_id=0, slot=809, n=3, proxies.size=4, batch_idx=0
I [/opt/actions-runner/_work/mako-fast-reads/mako-fast-reads/src/deptran/paxos/commo.cc:151] 2025-12-10 03:35:48.167 | ForwardToLearner: SENDING to learner site_id=3, slot=809
I [/opt/actions-runner/_work/mako-fast-reads/mako-fast-reads/src/deptran/paxos/commo.cc:125] 2025-12-10 03:35:48.175 | ForwardToLearner: par_id=0, slot=810, n=3, proxies.size=4, batch_idx=0
I [/opt/actions-runner/_work/mako-fast-reads/mako-fast-reads/src/deptran/paxos/commo.cc:151] 2025-12-10 03:35:48.175 | ForwardToLearner: SENDING to learner site_id=3, slot=810
I [/opt/actions-runner/_work/mako-fast-reads/mako-fast-reads/src/deptran/paxos/commo.cc:125] 2025-12-10 03:35:48.200 | ForwardToLearner: par_id=1, slot=665, n=3, proxies.size=4, batch_idx=0
I [/opt/actions-runner/_work/mako-fast-reads/mako-fast-reads/src/deptran/paxos/commo.cc:151] 2025-12-10 03:35:48.200 | ForwardToLearner: SENDING to learner site_id=7, slot=665
I [/opt/actions-runner/_work/mako-fast-reads/mako-fast-reads/src/deptran/paxos/commo.cc:125] 2025-12-10 03:35:48.206 | ForwardToLearner: par_id=1, slot=666, n=3, proxies.size=4, batch_idx=0
I [/opt/actions-runner/_work/mako-fast-reads/mako-fast-reads/src/deptran/paxos/commo.cc:151] 2025-12-10 03:35:48.206 | ForwardToLearner: SENDING to learner site_id=7, slot=666
I [/opt/actions-runner/_work/mako-fast-reads/mako-fast-reads/src/deptran/paxos/commo.cc:125] 2025-12-10 03:35:48.218 | ForwardToLearner: par_id=0, slot=811, n=3, proxies.size=4, batch_idx=0
I [/opt/actions-runner/_work/mako-fast-reads/mako-fast-reads/src/deptran/paxos/commo.cc:151] 2025-12-10 03:35:48.218 | ForwardToLearner: SENDING to learner site_id=3, slot=811
I [/opt/actions-runner/_work/mako-fast-reads/mako-fast-reads/src/deptran/paxos/commo.cc:125] 2025-12-10 03:35:48.221 | ForwardToLearner: par_id=0, slot=812, n=3, proxies.size=4, batch_idx=0
I [/opt/actions-runner/_work/mako-fast-reads/mako-fast-reads/src/deptran/paxos/commo.cc:151] 2025-12-10 03:35:48.221 | ForwardToLearner: SENDING to learner site_id=3, slot=812
I [/opt/actions-runner/_work/mako-fast-reads/mako-fast-reads/src/deptran/paxos/commo.cc:125] 2025-12-10 03:35:48.248 | ForwardToLearner: par_id=1, slot=667, n=3, proxies.size=4, batch_idx=0
I [/opt/actions-runner/_work/mako-fast-reads/mako-fast-reads/src/deptran/paxos/commo.cc:151] 2025-12-10 03:35:48.248 | ForwardToLearner: SENDING to learner site_id=7, slot=667
I [/opt/actions-runner/_work/mako-fast-reads/mako-fast-reads/src/deptran/paxos/commo.cc:125] 2025-12-10 03:35:48.259 | ForwardToLearner: par_id=0, slot=813, n=3, proxies.size=4, batch_idx=0
I [/opt/actions-runner/_work/mako-fast-reads/mako-fast-reads/src/deptran/paxos/commo.cc:151] 2025-12-10 03:35:48.259 | ForwardToLearner: SENDING to learner site_id=3, slot=813
I [/opt/actions-runner/_work/mako-fast-reads/mako-fast-reads/src/deptran/paxos/commo.cc:125] 2025-12-10 03:35:48.298 | ForwardToLearner: par_id=1, slot=668, n=3, proxies.size=4, batch_idx=0
I [/opt/actions-runner/_work/mako-fast-reads/mako-fast-reads/src/deptran/paxos/commo.cc:151] 2025-12-10 03:35:48.298 | ForwardToLearner: SENDING to learner site_id=7, slot=668
I [/opt/actions-runner/_work/mako-fast-reads/mako-fast-reads/src/deptran/paxos/commo.cc:125] 2025-12-10 03:35:48.303 | ForwardToLearner: par_id=0, slot=814, n=3, proxies.size=4, batch_idx=0
I [/opt/actions-runner/_work/mako-fast-reads/mako-fast-reads/src/deptran/paxos/commo.cc:151] 2025-12-10 03:35:48.303 | ForwardToLearner: SENDING to learner site_id=3, slot=814
I [/opt/actions-runner/_work/mako-fast-reads/mako-fast-reads/src/deptran/paxos/commo.cc:125] 2025-12-10 03:35:48.348 | ForwardToLearner: par_id=1, slot=669, n=3, proxies.size=4, batch_idx=0
I [/opt/actions-runner/_work/mako-fast-reads/mako-fast-reads/src/deptran/paxos/commo.cc:151] 2025-12-10 03:35:48.348 | ForwardToLearner: SENDING to learner site_id=7, slot=669
I [/opt/actions-runner/_work/mako-fast20251110-03:35.48-373734(us) 19466 * wait_for_termination (mako.hh:538):      follower is waiting for being ended: 0/2, noops_cnt:0, replay_batch:1481, wait_time:24s

-reads/mako-fast-reads/src/deptran/paxos/commo.cc:125] 2025-12-10 03:35:48.351 | ForwardToLearner: par_id=0, slot=815, n=3, proxies.size=4, batch_idx=0
I [/opt/actions-runner/_work/mako-fast-reads/mako-fast-reads/src/deptran/paxos/commo.cc:151] 2025-12-10 03:35:48.351 | ForwardToLearner: SENDING to learner site_id=3, slot=815
I [/opt/actions-runner/_work/mako-fast-reads/mako-fast-reads/src/deptran/paxos/commo.cc:125] 2025-12-10 03:35:48.368 | ForwardToLearner: par_id=1, slot=670, n=3, proxies.size=4, batch_idx=0
I [/opt/actions-runner/_work/mako-fast-reads/mako-fast-reads/src/deptran/paxos/commo.cc:151] 2025-12-10 03:35:48.368 | ForwardToLearner: SENDING to learner site_id=7, slot=670
I [/opt/actions-runner/_work/mako-fast-reads/mako-fast-reads/src/deptran/paxos/commo.cc:125] 2025-12-10 03:35:48.384 | ForwardToLearner: par_id=0, slot=816, n=3, proxies.size=4, batch_idx=0
I [/opt/actions-runner/_work/mako-fast-reads/mako-fast-reads/src/deptran/paxos/commo.cc:151] 2025-12-10 03:35:48.384 | ForwardToLearner: SENDING to learner site_id=3, slot=816
I [/opt/actions-runner/_work/mako-fast-reads/mako-fast-reads/src/deptran/paxos/commo.cc:125] 2025-12-10 03:35:48.392 | ForwardToLearner: par_id=1, slot=671, n=3, proxies.size=4, batch_idx=0
I [/opt/actions-runner/_work/mako-fast-reads/mako-fast-reads/src/deptran/paxos/commo.cc:151] 2025-12-10 03:35:48.392 | ForwardToLearner: SENDING to learner site_id=7, slot=671
I [/opt/actions-runner/_work/mako-fast-reads/mako-fast-reads/src/deptran/paxos/commo.cc:125] 2025-12-10 03:35:48.395 | ForwardToLearner: par_id=0, slot=817, n=3, proxies.size=4, batch_idx=0
I [/opt/actions-runner/_work/mako-fast-reads/mako-fast-reads/src/deptran/paxos/commo.cc:151] 2025-12-10 03:35:48.395 | ForwardToLearner: SENDING to learner site_id=3, slot=817
I [/opt/actions-runner/_work/mako-fast-reads/mako-fast-reads/src/deptran/paxos/commo.cc:125] 2025-12-10 03:35:48.428 | ForwardToLearner: par_id=0, slot=818, n=3, proxies.size=4, batch_idx=0
I [/opt/actions-runner/_work/mako-fast-reads/mako-fast-reads/src/deptran/paxos/commo.cc:151] 2025-12-10 03:35:48.428 | ForwardToLearner: SENDING to learner site_id=3, slot=818
I [/opt/actions-runner/_work/mako-fast-reads/mako-fast-reads/src/deptran/paxos/commo.cc:125] 2025-12-10 03:35:48.433 | ForwardToLearner: par_id=1, slot=672, n=3, proxies.size=4, batch_idx=0
I [/opt/actions-runner/_work/mako-fast-reads/mako-fast-reads/src/deptran/paxos/commo.cc:151] 2025-12-10 03:35:48.433 | ForwardToLearner: SENDING to learner site_id=7, slot=672
I [/opt/actions-runner/_work/mako-fast-reads/mako-fast-reads/src/deptran/paxos/commo.cc:125] 2025-12-10 03:35:48.436 | ForwardToLearner: par_id=0, slot=819, n=3, proxies.size=4, batch_idx=0
I [/opt/actions-runner/_work/mako-fast-reads/mako-fast-reads/src/deptran/paxos/commo.cc:151] 2025-12-10 03:35:48.436 | ForwardToLearner: SENDING to learner site_id=3, slot=819
I [/opt/actions-runner/_work/mako-fast-reads/mako-fast-reads/src/deptran/paxos/commo.cc:125] 2025-12-10 03:35:48.437 | ForwardToLearner: par_id=1, slot=673, n=3, proxies.size=4, batch_idx=0
I [/opt/actions-runner/_work/mako-fast-reads/mako-fast-reads/src/deptran/paxos/commo.cc:151] 2025-12-10 03:35:48.437 | ForwardToLearner: SENDING to learner site_id=7, slot=673
I [/opt/actions-runner/_work/mako-fast-reads/mako-fast-reads/src/deptran/paxos/commo.cc:125] 2025-12-10 03:35:48.480 | ForwardToLearner: par_id=1, slot=674, n=3, proxies.size=4, batch_idx=0
I [/opt/actions-runner/_work/mako-fast-reads/mako-fast-reads/src/deptran/paxos/commo.cc:151] 2025-12-10 03:35:48.480 | ForwardToLearner: SENDING to learner site_id=7, slot=674
I [/opt/actions-runner/_work/mako-fast-reads/mako-fast-reads/src/deptran/paxos/commo.cc:125] 2025-12-10 03:35:48.486 | ForwardToLearner: par_id=0, slot=820, n=3, proxies.size=4, batch_idx=0
I [/opt/actions-runner/_work/mako-fast-reads/mako-fast-reads/src/deptran/paxos/commo.cc:151] 2025-12-10 03:35:48.486 | ForwardToLearner: SENDING to learner site_id=3, slot=820
I [/opt/actions-runner/_work/mako-fast-reads/mako-fast-reads/src/deptran/paxos/commo.cc:125] 2025-12-10 03:35:48.525 | ForwardToLearner: par_id=0, slot=821, n=3, proxies.size=4, batch_idx=0
I [/opt/actions-runner/_work/mako-fast-reads/mako-fast-reads/src/deptran/paxos/commo.cc:151] 2025-12-10 03:35:48.525 | ForwardToLearner: SENDING to learner site_id=3, slot=821
I [/opt/actions-runner/_work/mako-fast-reads/mako-fast-reads/src/deptran/paxos/commo.cc:125] 2025-12-10 03:35:48.528 | ForwardToLearner: par_id=1, slot=675, n=3, proxies.size=4, batch_idx=0
I [/opt/actions-runner/_work/mako-fast-reads/mako-fast-reads/src/deptran/paxos/commo.cc:151] 2025-12-10 03:35:48.528 | ForwardToLearner: SENDING to learner site_id=7, slot=675
I [/opt/actions-runner/_work/mako-fast-reads/mako-fast-reads/src/deptran/paxos/commo.cc:125] 2025-12-10 03:35:48.569 | ForwardToLearner: par_id=0, slot=822, n=3, proxies.size=4, batch_idx=0
I [/opt/actions-runner/_work/mako-fast-reads/mako-fast-reads/src/deptran/paxos/commo.cc:151] 2025-12-10 03:35:48.569 | ForwardToLearner: SENDING to learner site_id=3, slot=822
I [/opt/actions-runner/_work/mako-fast-reads/mako-fast-reads/src/deptran/paxos/commo.cc:125] 2025-12-10 03:35:48.577 | ForwardToLearner: par_id=1, slot=676, n=3, proxies.size=4, batch_idx=0
I [/opt/actions-runner/_work/mako-fast-reads/mako-fast-reads/src/deptran/paxos/commo.cc:151] 2025-12-10 03:35:48.577 | ForwardToLearner: SENDING to learner site_id=7, slot=676
I [/opt/actions-runner/_work/mako-fast-reads/mako-fast-reads/src/deptran/paxos/commo.cc:125] 2025-12-10 03:35:48.608 | ForwardToLearner: par_id=0, slot=823, n=3, proxies.size=4, batch_idx=0
I [/opt/actions-runner/_work/mako-fast-reads/mako-fast-reads/src/deptran/paxos/commo.cc:151] 2025-12-10 03:35:48.608 | ForwardToLearner: SENDING to learner site_id=3, slot=823
I [/opt/actions-runner/_work/mako-fast-reads/mako-fast-reads/src/deptran/paxos/commo.cc:125] 2025-12-10 03:35:48.611 | ForwardToLearner: par_id=0, slot=824, n=3, proxies.size=4, batch_idx=0
I [/opt/actions-runner/_work/mako-fast-reads/mako-fast-reads/src/deptran/paxos/commo.cc:151] 2025-12-10 03:35:48.611 | ForwardToLearner: SENDING to learner site_id=3, slot=824
I [/opt/actions-runner/_work/mako-fast-reads/mako-fast-reads/src/deptran/paxos/commo.cc:125] 2025-12-10 03:35:48.622 | ForwardToLearner: par_id=1, slot=677, n=3, proxies.size=4, batch_idx=0
I [/opt/actions-runner/_work/mako-fast-reads/mako-fast-reads/src/deptran/paxos/commo.cc:151] 2025-12-10 03:35:48.622 | ForwardToLearner: SENDING to learner site_id=7, slot=677
I [/opt/actions-runner/_work/mako-fast-reads/mako-fast-reads/src/deptran/paxos/commo.cc:125] 2025-12-10 03:35:48.635 | ForwardToLearner: par_id=1, slot=678, n=3, proxies.size=4, batch_idx=0
I [/opt/actions-runner/_work/mako-fast-reads/mako-fast-reads/src/deptran/paxos/commo.cc:151] 2025-12-10 03:35:48.635 | ForwardToLearner: SENDING to learner site_id=7, slot=678
I [/opt/actions-runner/_work/mako-fast-reads/mako-fast-reads/src/deptran/paxos/commo.cc:125] 2025-12-10 03:35:48.651 | ForwardToLearner: par_id=0, slot=825, n=3, proxies.size=4, batch_idx=0
I [/opt/actions-runner/_work/mako-fast-reads/mako-fast-reads/src/deptran/paxos/commo.cc:151] 2025-12-10 03:35:48.651 | ForwardToLearner: SENDING to learner site_id=3, slot=825
I [/opt/actions-runner/_work/mako-fast-reads/mako-fast-reads/src/deptran/paxos/commo.cc:125] 2025-12-10 03:35:48.659 | ForwardToLearner: par_id=0, slot=826, n=3, proxies.size=4, batch_idx=0
I [/opt/actions-runner/_work/mako-fast-reads/mako-fast-reads/src/deptran/paxos/commo.cc:151] 2025-12-10 03:35:48.659 | ForwardToLearner: SENDING to learner site_id=3, slot=826
I [/opt/actions-runner/_work/mako-fast-reads/mako-fast-reads/src/deptran/paxos/commo.cc:125] 2025-12-10 03:35:48.661 | ForwardToLearner: par_id=1, slot=679, n=3, proxies.size=4, batch_idx=0
I [/opt/actions-runner/_work/mako-fast-reads/mako-fast-reads/src/deptran/paxos/commo.cc:151] 2025-12-10 03:35:48.661 | ForwardToLearner: SENDING to learner site_id=7, slot=679
I [/opt/actions-runner/_work/mako-fast-reads/mako-fast-reads/src/deptran/paxos/commo.cc:125] 2025-12-10 03:35:48.684 | ForwardToLearner: par_id=1, slot=680, n=3, proxies.size=4, batch_idx=0
I [/opt/actions-runner/_work/mako-fast-reads/mako-fast-reads/src/deptran/paxos/commo.cc:151] 2025-12-10 03:35:48.684 | ForwardToLearner: SENDING to learner site_id=7, slot=680
I [/opt/actions-runner/_work/mako-fast-reads/mako-fast-reads/src/deptran/paxos/commo.cc:125] 2025-12-10 03:35:48.710 | ForwardToLearner: par_id=1, slot=681, n=3, proxies.size=4, batch_idx=0
I [/opt/actions-runner/_work/mako-fast-reads/mako-fast-reads/src/deptran/paxos/commo.cc:151] 2025-12-10 03:35:48.710 | ForwardToLearner: SENDING to learner site_id=7, slot=681
I [/opt/actions-runner/_work/mako-fast-reads/mako-fast-reads/src/deptran/paxos/commo.cc:125] 2025-12-10 03:35:48.714 | ForwardToLearner: par_id=0, slot=827, n=3, proxies.size=4, batch_idx=0
I [/opt/actions-runner/_work/mako-fast-reads/mako-fast-reads/src/deptran/paxos/commo.cc:151] 2025-12-10 03:35:48.714 | ForwardToLearner: SENDING to learner site_id=3, slot=827
I [/opt/actions-runner/_work/mako-fast-reads/mako-fast-reads/src/deptran/paxos/commo.cc:125] 2025-12-10 03:35:48.760 | ForwardToLearner: par_id=0, slot=828, n=3, proxies.size=4, batch_idx=0
I [/opt/actions-runner/_work/mako-fast-reads/mako-fast-reads/src/deptran/paxos/commo.cc:151] 2025-12-10 03:35:48.760 | ForwardToLearner: SENDING to learner site_id=3, slot=828
I [/opt/actions-runner/_work/mako-fast-reads/mako-fast-reads/src/deptran/paxos/commo.cc:125] 2025-12-10 03:35:48.763 | ForwardToLearner: par_id=1, slot=682, n=3, proxies.size=4, batch_idx=0
I [/opt/actions-runner/_work/mako-fast-reads/mako-fast-reads/src/deptran/paxos/commo.cc:151] 2025-12-10 03:35:48.763 | ForwardToLearner: SENDING to learner site_id=7, slot=682
I [/opt/actions-runner/_work/mako-fast-reads/mako-fast-reads/src/deptran/paxos/commo.cc:125] 2025-12-10 03:35:48.805 | ForwardToLearner: par_id=0, slot=829, n=3, proxies.size=4, batch_idx=0
I [/opt/actions-runner/_work/mako-fast-reads/mako-fast-reads/src/deptran/paxos/commo.cc:151] 2025-12-10 03:35:48.805 | ForwardToLearner: SENDING to learner site_id=3, slot=829
I [/opt/actions-runner/_work/mako-fast-reads/mako-fast-reads/src/deptran/paxos/commo.cc:125] 2025-12-10 03:35:48.811 | ForwardToLearner: par_id=1, slot=683, n=3, proxies.size=4, batch_idx=0
I [/opt/actions-runner/_work/mako-fast-reads/mako-fast-reads/src/deptran/paxos/commo.cc:151] 2025-12-10 03:35:48.811 | ForwardToLearner: SENDING to learner site_id=7, slot=683
I [/opt/actions-runner/_work/mako-fast-reads/mako-fast-reads/src/deptran/paxos/commo.cc:125] 2025-12-10 03:35:48.846 | ForwardToLearner: par_id=0, slot=830, n=3, proxies.size=4, batch_idx=0
I [/opt/actions-runner/_work/mako-fast-reads/mako-fast-reads/src/deptran/paxos/commo.cc:151] 2025-12-10 03:35:48.846 | ForwardToLearner: SENDING to learner site_id=3, slot=830
I [/opt/actions-runner/_work/mako-fast-reads/mako-fast-reads/src/deptran/paxos/commo.cc:125] 2025-12-10 03:35:48.848 | ForwardToLearner: par_id=0, slot=831, n=3, proxies.size=4, batch_idx=0
I [/opt/actions-runner/_work/mako-fast-reads/mako-fast-reads/src/deptran/paxos/commo.cc:151] 2025-12-10 03:35:48.848 | ForwardToLearner: SENDING to learner site_id=3, slot=831
I [/opt/actions-runner/_work/mako-fast-reads/mako-fast-reads/src/deptran/paxos/commo.cc:125] 2025-12-10 03:35:48.864 | ForwardToLearner: par_id=1, slot=684, n=3, proxies.size=4, batch_idx=0
I [/opt/actions-runner/_work/mako-fast-reads/mako-fast-reads/src/deptran/paxos/commo.cc:151] 2025-12-10 03:35:48.864 | ForwardToLearner: SENDING to learner site_id=7, slot=684
I [/opt/actions-runner/_work/mako-fast-reads/mako-fast-reads/src/deptran/paxos/commo.cc:125] 2025-12-10 03:35:48.870 | ForwardToLearner: par_id=0, slot=832, n=3, proxies.size=4, batch_idx=0
I [/opt/actions-runner/_work/mako-fast-reads/mako-fast-reads/src/deptran/paxos/commo.cc:151] 2025-12-10 03:35:48.870 | ForwardToLearner: SENDING to learner site_id=3, slot=832
I [/opt/actions-runner/_work/mako-fast-reads/mako-fast-reads/src/deptran/paxos/commo.cc:125] 2025-12-10 03:35:48.888 | ForwardToLearner: par_id=1, slot=685, n=3, proxies.size=4, batch_idx=0
I [/opt/actions-runner/_work/mako-fast-reads/mako-fast-reads/src/deptran/paxos/commo.cc:151] 2025-12-10 03:35:48.888 | ForwardToLearner: SENDING to learner site_id=7, slot=685
I [/opt/actions-runner/_work/mako-fast-reads/mako-fast-reads/src/deptran/paxos/commo.cc:125] 2025-12-10 03:35:48.894 | ForwardToLearner: par_id=0, slot=833, n=3, proxies.size=4, batch_idx=0
I [/opt/actions-runner/_work/mako-fast-reads/mako-fast-reads/src/deptran/paxos/commo.cc:151] 2025-12-10 03:35:48.894 | ForwardToLearner: SENDING to learner site_id=3, slot=833
I [/opt/actions-runner/_work/mako-fast-reads/mako-fast-reads/src/deptran/paxos/commo.cc:125] 2025-12-10 03:35:48.903 | ForwardToLearner: par_id=1, slot=686, n=3, proxies.size=4, batch_idx=0
I [/opt/actions-runner/_work/mako-fast-reads/mako-fast-reads/src/deptran/paxos/commo.cc:151] 2025-12-10 03:35:48.903 | ForwardToLearner: SENDING to learner site_id=7, slot=686
I [/opt/actions-runner/_work/mako-fast-reads/mako-fast-reads/src/deptran/paxos/commo.cc:125] 2025-12-10 03:35:48.912 | ForwardToLearner: par_id=1, slot=687, n=3, proxies.size=4, batch_idx=0
I [/opt/actions-runner/_work/mako-fast-reads/mako-fast-reads/src/deptran/paxos/commo.cc:151] 2025-12-10 03:35:48.912 | ForwardToLearner: SENDING to learner site_id=7, slot=687
I [/opt/actions-runner/_work/mako-fast-reads/mako-fast-reads/src/deptran/paxos/commo.cc:125] 2025-12-10 03:35:48.948 | ForwardToLearner: par_id=1, slot=688, n=3, proxies.size=4, batch_idx=0
I [/opt/actions-runner/_work/mako-fast-reads/mako-fast-reads/src/deptran/paxos/commo.cc:151] 2025-12-10 03:35:48.948 | ForwardToLearner: SENDING to learner site_id=7, slot=688
I [/opt/actions-runner/_work/mako-fast-reads/mako-fast-reads/src/deptran/paxos/commo.cc:125] 2025-12-10 03:35:48.956 | ForwardToLearner: par_id=0, slot=834, n=3, proxies.size=4, batch_idx=0
I [/opt/actions-runner/_work/mako-fast-reads/mako-fast-reads/src/deptran/paxos/commo.cc:151] 2025-12-10 03:35:48.956 | ForwardToLearner: SENDING to learner site_id=3, slot=834
I [/opt/actions-runner/_work/mako-fast-reads/mako-fast-reads/src/deptran/paxos/commo.cc:125] 2025-12-10 03:35:48.996 | ForwardToLearner: par_id=0, slot=835, n=3, proxies.size=4, batch_idx=0
I [/opt/actions-runner/_work/mako-fast-reads/mako-fast-reads/src/deptran/paxos/commo.cc:151] 2025-12-10 03:35:48.996 | ForwardToLearner: SENDING to learner site_id=3, slot=835
I [/opt/actions-runner/_work/mako-fast-reads/mako-fast-reads/src/deptran/paxos/commo.cc:125] 2025-12-10 03:35:49.001 | ForwardToLearner: par_id=1, slot=689, n=3, proxies.size=4, batch_idx=0
I [/opt/actions-runner/_work/mako-fast-reads/mako-fast-reads/src/deptran/paxos/commo.cc:151] 2025-12-10 03:35:49.001 | ForwardToLearner: SENDING to learner site_id=7, slot=689
I [/opt/actions-runner/_work/mako-fast-reads/mako-fast-reads/src/deptran/paxos/commo.cc:125] 2025-12-10 03:35:49.042 | ForwardToLearner: par_id=0, slot=836, n=3, proxies.size=4, batch_idx=0
I [/opt/actions-runner/_work/mako-fast-reads/mako-fast-reads/src/deptran/paxos/commo.cc:151] 2025-12-10 03:35:49.042 | ForwardToLearner: SENDING to learner site_id=3, slot=836
I [/opt/actions-runner/_work/mako-fast-reads/mako-fast-reads/src/deptran/paxos/commo.cc:125] 2025-12-10 03:35:49.057 | ForwardToLearner: par_id=1, slot=690, n=3, proxies.size=4, batch_idx=0
I [/opt/actions-runner/_work/mako-fast-reads/mako-fast-reads/src/deptran/paxos/commo.cc:151] 2025-12-10 03:35:49.057 | ForwardToLearner: SENDING to learner site_id=7, slot=690
I [/opt/actions-runner/_work/mako-fast-reads/mako-fast-reads/src/deptran/paxos/commo.cc:125] 2025-12-10 03:35:49.072 | ForwardToLearner: par_id=0, slot=837, n=3, proxies.size=4, batch_idx=0
I [/opt/actions-runner/_work/mako-fast-reads/mako-fast-reads/src/deptran/paxos/commo.cc:151] 2025-12-10 03:35:49.072 | ForwardToLearner: SENDING to learner site_id=3, slot=837
I [/opt/actions-runner/_work/mako-fast-reads/mako-fast-reads/src/deptran/paxos/commo.cc:125] 2025-12-10 03:35:49.093 | ForwardToLearner: par_id=0, slot=838, n=3, proxies.size=4, batch_idx=0
I [/opt/actions-runner/_work/mako-fast-reads/mako-fast-reads/src/deptran/paxos/commo.cc:151] 2025-12-10 03:35:49.093 | ForwardToLearner: SENDING to learner site_id=3, slot=838
I [/opt/actions-runner/_work/mako-fast-reads/mako-fast-reads/src/deptran/paxos/commo.cc:125] 2025-12-10 03:35:49.100 | ForwardToLearner: par_id=0, slot=839, n=3, proxies.size=4, batch_idx=0
I [/opt/actions-runner/_work/mako-fast-reads/mako-fast-reads/src/deptran/paxos/commo.cc:151] 2025-12-10 03:35:49.100 | ForwardToLearner: SENDING to learner site_id=3, slot=839
I [/opt/actions-runner/_work/mako-fast-reads/mako-fast-reads/src/deptran/paxos/commo.cc:125] 2025-12-10 03:35:49.101 | ForwardToLearner: par_id=1, slot=691, n=3, proxies.size=4, batch_idx=0
I [/opt/actions-runner/_work/mako-fast-reads/mako-fast-reads/src/deptran/paxos/commo.cc:151] 2025-12-10 03:35:49.101 | ForwardToLearner: SENDING to learner site_id=7, slot=691
I [/opt/actions-runner/_work/mako-fast-reads/mako-fast-reads/src/deptran/paxos/commo.cc:125] 2025-12-10 03:35:49.115 | ForwardToLearner: par_id=1, slot=692, n=3, proxies.size=4, batch_idx=0
I [/opt/actions-runner/_work/mako-fast-reads/mako-fast-reads/src/deptran/paxos/commo.cc:151] 2025-12-10 03:35:49.115 | ForwardToLearner: SENDING to learner site_id=7, slot=692
I [/opt/actions-runner/_work/mako-fast-reads/mako-fast-reads/src/deptran/paxos/commo.cc:125] 2025-12-10 03:35:49.136 | ForwardToLearner: par_id=1, slot=693, n=3, proxies.size=4, batch_idx=0
I [/opt/actions-runner/_work/mako-fast-reads/mako-fast-reads/src/deptran/paxos/commo.cc:151] 2025-12-10 03:35:49.136 | ForwardToLearner: SENDING to learner site_id=7, slot=693
I [/opt/actions-runner/_work/mako-fast-reads/mako-fast-reads/src/deptran/paxos/commo.cc:125] 2025-12-10 03:35:49.142 | ForwardToLearner: par_id=1, slot=694, n=3, proxies.size=4, batch_idx=0
I [/opt/actions-runner/_work/mako-fast-reads/mako-fast-reads/src/deptran/paxos/commo.cc:151] 2025-12-10 03:35:49.142 | ForwardToLearner: SENDING to learner site_id=7, slot=694
I [/opt/actions-runner/_work/mako-fast-reads/mako-fast-reads/src/deptran/paxos/commo.cc:125] 2025-12-10 03:35:49.157 | ForwardToLearner: par_id=0, slot=840, n=3, proxies.size=4, batch_idx=0
I [/opt/actions-runner/_work/mako-fast-reads/mako-fast-reads/src/deptran/paxos/commo.cc:151] 2025-12-10 03:35:49.157 | ForwardToLearner: SENDING to learner site_id=3, slot=840
I [/opt/actions-runner/_work/mako-fast-reads/mako-fast-reads/src/deptran/paxos/commo.cc:125] 2025-12-10 03:35:49.180 | ForwardToLearner: par_id=1, slot=695, n=3, proxies.size=4, batch_idx=0
I [/opt/actions-runner/_work/mako-fast-reads/mako-fast-reads/src/deptran/paxos/commo.cc:151] 2025-12-10 03:35:49.180 | ForwardToLearner: SENDING to learner site_id=7, slot=695
I [/opt/actions-runner/_work/mako-fast-reads/mako-fast-reads/src/deptran/paxos/commo.cc:125] 2025-12-10 03:35:49.194 | ForwardToLearner: par_id=0, slot=841, n=3, proxies.size=4, batch_idx=0
I [/opt/actions-runner/_work/mako-fast-reads/mako-fast-reads/src/deptran/paxos/commo.cc:151] 2025-12-10 03:35:49.194 | ForwardToLearner: SENDING to learner site_id=3, slot=841
I [/opt/actions-runner/_work/mako-fast-reads/mako-fast-reads/src/deptran/paxos/commo.cc:125] 2025-12-10 03:35:49.227 | ForwardToLearner: par_id=1, slot=696, n=3, proxies.size=4, batch_idx=0
I [/opt/actions-runner/_work/mako-fast-reads/mako-fast-reads/src/deptran/paxos/commo.cc:151] 2025-12-10 03:35:49.227 | ForwardToLearner: SENDING to learner site_id=7, slot=696
I [/opt/actions-runner/_work/mako-fast-reads/mako-fast-reads/src/deptran/paxos/commo.cc:125] 2025-12-10 03:35:49.242 | ForwardToLearner: par_id=0, slot=842, n=3, proxies.size=4, batch_idx=0
I [/opt/actions-runner/_work/mako-fast-reads/mako-fast-reads/src/deptran/paxos/commo.cc:151] 2025-12-10 03:35:49.242 | ForwardToLearner: SENDING to learner site_id=3, slot=842
I [/opt/actions-runner/_work/mako-fast-reads/mako-fast-reads/src/deptran/paxos/commo.cc:125] 2025-12-10 03:35:49.272 | ForwardToLearner: par_id=1, slot=697, n=3, proxies.size=4, batch_idx=0
I [/opt/actions-runner/_work/mako-fast-reads/mako-fast-reads/src/deptran/paxos/commo.cc:151] 2025-12-10 03:35:49.272 | ForwardToLearner: SENDING to learner site_id=7, slot=697
I [/opt/actions-runner20251110-03:35.49-373818(us) 19466 * wait_for_termination (mako.hh:538):      follower is waiting for being ended: 0/2, noops_cnt:0, replay_batch:1541, wait_time:25s

/_work/mako-fast-reads/mako-fast-reads/src/deptran/paxos/commo.cc:125] 2025-12-10 03:35:49.289 | ForwardToLearner: par_id=0, slot=843, n=3, proxies.size=4, batch_idx=0
I [/opt/actions-runner/_work/mako-fast-reads/mako-fast-reads/src/deptran/paxos/commo.cc:151] 2025-12-10 03:35:49.289 | ForwardToLearner: SENDING to learner site_id=3, slot=843
I [/opt/actions-runner/_work/mako-fast-reads/mako-fast-reads/src/deptran/paxos/commo.cc:125] 2025-12-10 03:35:49.306 | ForwardToLearner: par_id=0, slot=844, n=3, proxies.size=4, batch_idx=0
I [/opt/actions-runner/_work/mako-fast-reads/mako-fast-reads/src/deptran/paxos/commo.cc:151] 2025-12-10 03:35:49.306 | ForwardToLearner: SENDING to learner site_id=3, slot=844
I [/opt/actions-runner/_work/mako-fast-reads/mako-fast-reads/src/deptran/paxos/commo.cc:125] 2025-12-10 03:35:49.331 | ForwardToLearner: par_id=1, slot=698, n=3, proxies.size=4, batch_idx=0
I [/opt/actions-runner/_work/mako-fast-reads/mako-fast-reads/src/deptran/paxos/commo.cc:151] 2025-12-10 03:35:49.331 | ForwardToLearner: SENDING to learner site_id=7, slot=698
I [/opt/actions-runner/_work/mako-fast-reads/mako-fast-reads/src/deptran/paxos/commo.cc:125] 2025-12-10 03:35:49.336 | ForwardToLearner: par_id=0, slot=845, n=3, proxies.size=4, batch_idx=0
I [/opt/actions-runner/_work/mako-fast-reads/mako-fast-reads/src/deptran/paxos/commo.cc:151] 2025-12-10 03:35:49.336 | ForwardToLearner: SENDING to learner site_id=3, slot=845
I [/opt/actions-runner/_work/mako-fast-reads/mako-fast-reads/src/deptran/paxos/commo.cc:125] 2025-12-10 03:35:49.341 | ForwardToLearner: par_id=0, slot=846, n=3, proxies.size=4, batch_idx=0
I [/opt/actions-runner/_work/mako-fast-reads/mako-fast-reads/src/deptran/paxos/commo.cc:151] 2025-12-10 03:35:49.341 | ForwardToLearner: SENDING to learner site_id=3, slot=846
I [/opt/actions-runner/_work/mako-fast-reads/mako-fast-reads/src/deptran/paxos/commo.cc:125] 2025-12-10 03:35:49.360 | ForwardToLearner: par_id=1, slot=699, n=3, proxies.size=4, batch_idx=0
I [/opt/actions-runner/_work/mako-fast-reads/mako-fast-reads/src/deptran/paxos/commo.cc:151] 2025-12-10 03:35:49.360 | ForwardToLearner: SENDING to learner site_id=7, slot=699
I [/opt/actions-runner/_work/mako-fast-reads/mako-fast-reads/src/deptran/paxos/commo.cc:125] 2025-12-10 03:35:49.376 | ForwardToLearner: par_id=1, slot=700, n=3, proxies.size=4, batch_idx=0
I [/opt/actions-runner/_work/mako-fast-reads/mako-fast-reads/src/deptran/paxos/commo.cc:151] 2025-12-10 03:35:49.376 | ForwardToLearner: SENDING to learner site_id=7, slot=700
I [/opt/actions-runner/_work/mako-fast-reads/mako-fast-reads/src/deptran/paxos/commo.cc:125] 2025-12-10 03:35:49.383 | ForwardToLearner: par_id=1, slot=701, n=3, proxies.size=4, batch_idx=0
I [/opt/actions-runner/_work/mako-fast-reads/mako-fast-reads/src/deptran/paxos/commo.cc:151] 2025-12-10 03:35:49.383 | ForwardToLearner: SENDING to learner site_id=7, slot=701
I [/opt/actions-runner/_work/mako-fast-reads/mako-fast-reads/src/deptran/paxos/commo.cc:125] 2025-12-10 03:35:49.386 | ForwardToLearner: par_id=0, slot=847, n=3, proxies.size=4, batch_idx=0
I [/opt/actions-runner/_work/mako-fast-reads/mako-fast-reads/src/deptran/paxos/commo.cc:151] 2025-12-10 03:35:49.386 | ForwardToLearner: SENDING to learner site_id=3, slot=847
I [/opt/actions-runner/_work/mako-fast-reads/mako-fast-reads/src/deptran/paxos/commo.cc:125] 2025-12-10 03:35:49.421 | ForwardToLearner: par_id=1, slot=702, n=3, proxies.size=4, batch_idx=0
I [/opt/actions-runner/_work/mako-fast-reads/mako-fast-reads/src/deptran/paxos/commo.cc:151] 2025-12-10 03:35:49.421 | ForwardToLearner: SENDING to learner site_id=7, slot=702
I [/opt/actions-runner/_work/mako-fast-reads/mako-fast-reads/src/deptran/paxos/commo.cc:125] 2025-12-10 03:35:49.434 | ForwardToLearner: par_id=0, slot=848, n=3, proxies.size=4, batch_idx=0
I [/opt/actions-runner/_work/mako-fast-reads/mako-fast-reads/src/deptran/paxos/commo.cc:151] 2025-12-10 03:35:49.434 | ForwardToLearner: SENDING to learner site_id=3, slot=848
I [/opt/actions-runner/_work/mako-fast-reads/mako-fast-reads/src/deptran/paxos/commo.cc:125] 2025-12-10 03:35:49.461 | ForwardToLearner: par_id=1, slot=703, n=3, proxies.size=4, batch_idx=0
I [/opt/actions-runner/_work/mako-fast-reads/mako-fast-reads/src/deptran/paxos/commo.cc:151] 2025-12-10 03:35:49.461 | ForwardToLearner: SENDING to learner site_id=7, slot=703
I [/opt/actions-runner/_work/mako-fast-reads/mako-fast-reads/src/deptran/paxos/commo.cc:125] 2025-12-10 03:35:49.484 | ForwardToLearner: par_id=0, slot=849, n=3, proxies.size=4, batch_idx=0
I [/opt/actions-runner/_work/mako-fast-reads/mako-fast-reads/src/deptran/paxos/commo.cc:151] 2025-12-10 03:35:49.484 | ForwardToLearner: SENDING to learner site_id=3, slot=849
I [/opt/actions-runner/_work/mako-fast-reads/mako-fast-reads/src/deptran/paxos/commo.cc:125] 2025-12-10 03:35:49.512 | ForwardToLearner: par_id=1, slot=704, n=3, proxies.size=4, batch_idx=0
I [/opt/actions-runner/_work/mako-fast-reads/mako-fast-reads/src/deptran/paxos/commo.cc:151] 2025-12-10 03:35:49.513 | ForwardToLearner: SENDING to learner site_id=7, slot=704
I [/opt/actions-runner/_work/mako-fast-reads/mako-fast-reads/src/deptran/paxos/commo.cc:125] 2025-12-10 03:35:49.533 | ForwardToLearner: par_id=0, slot=850, n=3, proxies.size=4, batch_idx=0
I [/opt/actions-runner/_work/mako-fast-reads/mako-fast-reads/src/deptran/paxos/commo.cc:151] 2025-12-10 03:35:49.533 | ForwardToLearner: SENDING to learner site_id=3, slot=850
I [/opt/actions-runner/_work/mako-fast-reads/mako-fast-reads/src/deptran/paxos/commo.cc:125] 2025-12-10 03:35:49.554 | ForwardToLearner: par_id=0, slot=851, n=3, proxies.size=4, batch_idx=0
I [/opt/actions-runner/_work/mako-fast-reads/mako-fast-reads/src/deptran/paxos/commo.cc:151] 2025-12-10 03:35:49.554 | ForwardToLearner: SENDING to learner site_id=3, slot=851
I [/opt/actions-runner/_work/mako-fast-reads/mako-fast-reads/src/deptran/paxos/commo.cc:125] 2025-12-10 03:35:49.561 | ForwardToLearner: par_id=1, slot=705, n=3, proxies.size=4, batch_idx=0
I [/opt/actions-runner/_work/mako-fast-reads/mako-fast-reads/src/deptran/paxos/commo.cc:151] 2025-12-10 03:35:49.561 | ForwardToLearner: SENDING to learner site_id=7, slot=705
I [/opt/actions-runner/_work/mako-fast-reads/mako-fast-reads/src/deptran/paxos/commo.cc:125] 2025-12-10 03:35:49.574 | ForwardToLearner: par_id=0, slot=852, n=3, proxies.size=4, batch_idx=0
I [/opt/actions-runner/_work/mako-fast-reads/mako-fast-reads/src/deptran/paxos/commo.cc:151] 2025-12-10 03:35:49.574 | ForwardToLearner: SENDING to learner site_id=3, slot=852
I [/opt/actions-runner/_work/mako-fast-reads/mako-fast-reads/src/deptran/paxos/commo.cc:125] 2025-12-10 03:35:49.577 | ForwardToLearner: par_id=0, slot=853, n=3, proxies.size=4, batch_idx=0
I [/opt/actions-runner/_work/mako-fast-reads/mako-fast-reads/src/deptran/paxos/commo.cc:151] 2025-12-10 03:35:49.577 | ForwardToLearner: SENDING to learner site_id=3, slot=853
I [/opt/actions-runner/_work/mako-fast-reads/mako-fast-reads/src/deptran/paxos/commo.cc:125] 2025-12-10 03:35:49.581 | ForwardToLearner: par_id=1, slot=706, n=3, proxies.size=4, batch_idx=0
I [/opt/actions-runner/_work/mako-fast-reads/mako-fast-reads/src/deptran/paxos/commo.cc:151] 2025-12-10 03:35:49.581 | ForwardToLearner: SENDING to learner site_id=7, slot=706
I [/opt/actions-runner/_work/mako-fast-reads/mako-fast-reads/src/deptran/paxos/commo.cc:125] 2025-12-10 03:35:49.607 | ForwardToLearner: par_id=1, slot=707, n=3, proxies.size=4, batch_idx=0
I [/opt/actions-runner/_work/mako-fast-reads/mako-fast-reads/src/deptran/paxos/commo.cc:151] 2025-12-10 03:35:49.607 | ForwardToLearner: SENDING to learner site_id=7, slot=707
I [/opt/actions-runner/_work/mako-fast-reads/mako-fast-reads/src/deptran/paxos/commo.cc:125] 2025-12-10 03:35:49.626 | ForwardToLearner: par_id=1, slot=708, n=3, proxies.size=4, batch_idx=0
I [/opt/actions-runner/_work/mako-fast-reads/mako-fast-reads/src/deptran/paxos/commo.cc:151] 2025-12-10 03:35:49.626 | ForwardToLearner: SENDING to learner site_id=7, slot=708
I [/opt/actions-runner/_work/mako-fast-reads/mako-fast-reads/src/deptran/paxos/commo.cc:125] 2025-12-10 03:35:49.627 | ForwardToLearner: par_id=0, slot=854, n=3, proxies.size=4, batch_idx=0
I [/opt/actions-runner/_work/mako-fast-reads/mako-fast-reads/src/deptran/paxos/commo.cc:151] 2025-12-10 03:35:49.627 | ForwardToLearner: SENDING to learner site_id=3, slot=854
I [/opt/actions-runner/_work/mako-fast-reads/mako-fast-reads/src/deptran/paxos/commo.cc:125] 2025-12-10 03:35:49.655 | ForwardToLearner: par_id=1, slot=709, n=3, proxies.size=4, batch_idx=0
I [/opt/actions-runner/_work/mako-fast-reads/mako-fast-reads/src/deptran/paxos/commo.cc:151] 2025-12-10 03:35:49.655 | ForwardToLearner: SENDING to learner site_id=7, slot=709
I [/opt/actions-runner/_work/mako-fast-reads/mako-fast-reads/src/deptran/paxos/commo.cc:125] 2025-12-10 03:35:49.681 | ForwardToLearner: par_id=0, slot=855, n=3, proxies.size=4, batch_idx=0
I [/opt/actions-runner/_work/mako-fast-reads/mako-fast-reads/src/deptran/paxos/commo.cc:151] 2025-12-10 03:35:49.681 | ForwardToLearner: SENDING to learner site_id=3, slot=855
I [/opt/actions-runner/_work/mako-fast-reads/mako-fast-reads/src/deptran/paxos/commo.cc:125] 2025-12-10 03:35:49.695 | ForwardToLearner: par_id=1, slot=710, n=3, proxies.size=4, batch_idx=0
I [/opt/actions-runner/_work/mako-fast-reads/mako-fast-reads/src/deptran/paxos/commo.cc:151] 2025-12-10 03:35:49.695 | ForwardToLearner: SENDING to learner site_id=7, slot=710
I [/opt/actions-runner/_work/mako-fast-reads/mako-fast-reads/src/deptran/paxos/commo.cc:125] 2025-12-10 03:35:49.732 | ForwardToLearner: par_id=0, slot=856, n=3, proxies.size=4, batch_idx=0
I [/opt/actions-runner/_work/mako-fast-reads/mako-fast-reads/src/deptran/paxos/commo.cc:151] 2025-12-10 03:35:49.732 | ForwardToLearner: SENDING to learner site_id=3, slot=856
I [/opt/actions-runner/_work/mako-fast-reads/mako-fast-reads/src/deptran/paxos/commo.cc:125] 2025-12-10 03:35:49.743 | ForwardToLearner: par_id=1, slot=711, n=3, proxies.size=4, batch_idx=0
I [/opt/actions-runner/_work/mako-fast-reads/mako-fast-reads/src/deptran/paxos/commo.cc:151] 2025-12-10 03:35:49.743 | ForwardToLearner: SENDING to learner site_id=7, slot=711
I [/opt/actions-runner/_work/mako-fast-reads/mako-fast-reads/src/deptran/paxos/commo.cc:125] 2025-12-10 03:35:49.782 | ForwardToLearner: par_id=0, slot=857, n=3, proxies.size=4, batch_idx=0
I [/opt/actions-runner/_work/mako-fast-reads/mako-fast-reads/src/deptran/paxos/commo.cc:151] 2025-12-10 03:35:49.782 | ForwardToLearner: SENDING to learner site_id=3, slot=857
I [/opt/actions-runner/_work/mako-fast-reads/mako-fast-reads/src/deptran/paxos/commo.cc:125] 2025-12-10 03:35:49.792 | ForwardToLearner: par_id=1, slot=712, n=3, proxies.size=4, batch_idx=0
I [/opt/actions-runner/_work/mako-fast-reads/mako-fast-reads/src/deptran/paxos/commo.cc:151] 2025-12-10 03:35:49.792 | ForwardToLearner: SENDING to learner site_id=7, slot=712
I [/opt/actions-runner/_work/mako-fast-reads/mako-fast-reads/src/deptran/paxos/commo.cc:125] 2025-12-10 03:35:49.806 | ForwardToLearner: par_id=0, slot=858, n=3, proxies.size=4, batch_idx=0
I [/opt/actions-runner/_work/mako-fast-reads/mako-fast-reads/src/deptran/paxos/commo.cc:151] 2025-12-10 03:35:49.806 | ForwardToLearner: SENDING to learner site_id=3, slot=858
I [/opt/actions-runner/_work/mako-fast-reads/mako-fast-reads/src/deptran/paxos/commo.cc:125] 2025-12-10 03:35:49.808 | ForwardToLearner: par_id=1, slot=713, n=3, proxies.size=4, batch_idx=0
I [/opt/actions-runner/_work/mako-fast-reads/mako-fast-reads/src/deptran/paxos/commo.cc:151] 2025-12-10 03:35:49.808 | ForwardToLearner: SENDING to learner site_id=7, slot=713
I [/opt/actions-runner/_work/mako-fast-reads/mako-fast-reads/src/deptran/paxos/commo.cc:125] 2025-12-10 03:35:49.830 | ForwardToLearner: par_id=0, slot=859, n=3, proxies.size=4, batch_idx=0
I [/opt/actions-runner/_work/mako-fast-reads/mako-fast-reads/src/deptran/paxos/commo.cc:151] 2025-12-10 03:35:49.830 | ForwardToLearner: SENDING to learner site_id=3, slot=859
I [/opt/actions-runner/_work/mako-fast-reads/mako-fast-reads/src/deptran/paxos/commo.cc:125] 2025-12-10 03:35:49.831 | ForwardToLearner: par_id=1, slot=714, n=3, proxies.size=4, batch_idx=0
I [/opt/actions-runner/_work/mako-fast-reads/mako-fast-reads/src/deptran/paxos/commo.cc:151] 2025-12-10 03:35:49.831 | ForwardToLearner: SENDING to learner site_id=7, slot=714
I [/opt/actions-runner/_work/mako-fast-reads/mako-fast-reads/src/deptran/paxos/commo.cc:125] 2025-12-10 03:35:49.831 | ForwardToLearner: par_id=0, slot=860, n=3, proxies.size=4, batch_idx=0
I [/opt/actions-runner/_work/mako-fast-reads/mako-fast-reads/src/deptran/paxos/commo.cc:151] 2025-12-10 03:35:49.831 | ForwardToLearner: SENDING to learner site_id=3, slot=860
I [/opt/actions-runner/_work/mako-fast-reads/mako-fast-reads/src/deptran/paxos/commo.cc:125] 2025-12-10 03:35:49.868 | ForwardToLearner: par_id=1, slot=715, n=3, proxies.size=4, batch_idx=0
I [/opt/actions-runner/_work/mako-fast-reads/mako-fast-reads/src/deptran/paxos/commo.cc:151] 2025-12-10 03:35:49.868 | ForwardToLearner: SENDING to learner site_id=7, slot=715
I [/opt/actions-runner/_work/mako-fast-reads/mako-fast-reads/src/deptran/paxos/commo.cc:125] 2025-12-10 03:35:49.885 | ForwardToLearner: par_id=0, slot=861, n=3, proxies.size=4, batch_idx=0
I [/opt/actions-runner/_work/mako-fast-reads/mako-fast-reads/src/deptran/paxos/commo.cc:151] 2025-12-10 03:35:49.885 | ForwardToLearner: SENDING to learner site_id=3, slot=861
I [/opt/actions-runner/_work/mako-fast-reads/mako-fast-reads/src/deptran/paxos/commo.cc:125] 2025-12-10 03:35:49.890 | ForwardToLearner: par_id=1, slot=716, n=3, proxies.size=4, batch_idx=0
I [/opt/actions-runner/_work/mako-fast-reads/mako-fast-reads/src/deptran/paxos/commo.cc:151] 2025-12-10 03:35:49.890 | ForwardToLearner: SENDING to learner site_id=7, slot=716
I [/opt/actions-runner/_work/mako-fast-reads/mako-fast-reads/src/deptran/paxos/commo.cc:125] 2025-12-10 03:35:49.934 | ForwardToLearner: par_id=0, slot=862, n=3, proxies.size=4, batch_idx=0
I [/opt/actions-runner/_work/mako-fast-reads/mako-fast-reads/src/deptran/paxos/commo.cc:151] 2025-12-10 03:35:49.934 | ForwardToLearner: SENDING to learner site_id=3, slot=862
I [/opt/actions-runner/_work/mako-fast-reads/mako-fast-reads/src/deptran/paxos/commo.cc:125] 2025-12-10 03:35:49.943 | ForwardToLearner: par_id=1, slot=717, n=3, proxies.size=4, batch_idx=0
I [/opt/actions-runner/_work/mako-fast-reads/mako-fast-reads/src/deptran/paxos/commo.cc:151] 2025-12-10 03:35:49.943 | ForwardToLearner: SENDING to learner site_id=7, slot=717
I [/opt/actions-runner/_work/mako-fast-reads/mako-fast-reads/src/deptran/paxos/commo.cc:125] 2025-12-10 03:35:49.974 | ForwardToLearner: par_id=0, slot=863, n=3, proxies.size=4, batch_idx=0
I [/opt/actions-runner/_work/mako-fast-reads/mako-fast-reads/src/deptran/paxos/commo.cc:151] 2025-12-10 03:35:49.974 | ForwardToLearner: SENDING to learner site_id=3, slot=863
I [/opt/actions-runner/_work/mako-fast-reads/mako-fast-reads/src/deptran/paxos/commo.cc:125] 2025-12-10 03:35:50.002 | ForwardToLearner: par_id=1, slot=718, n=3, proxies.size=4, batch_idx=0
I [/opt/actions-runner/_work/mako-fast-reads/mako-fast-reads/src/deptran/paxos/commo.cc:151] 2025-12-10 03:35:50.002 | ForwardToLearner: SENDING to learner site_id=7, slot=718
I [/opt/actions-runner/_work/mako-fast-reads/mako-fast-reads/src/deptran/paxos/commo.cc:125] 2025-12-10 03:35:50.032 | ForwardToLearner: par_id=0, slot=864, n=3, proxies.size=4, batch_idx=0
I [/opt/actions-runner/_work/mako-fast-reads/mako-fast-reads/src/deptran/paxos/commo.cc:151] 2025-12-10 03:35:50.032 | ForwardToLearner: SENDING to learner site_id=3, slot=864
I [/opt/actions-runner/_work/mako-fast-reads/mako-fast-reads/src/deptran/paxos/commo.cc:125] 2025-12-10 03:35:50.034 | ForwardToLearner: par_id=1, slot=719, n=3, proxies.size=4, batch_idx=0
I [/opt/actions-runner/_work/mako-fast-reads/mako-fast-reads/src/deptran/paxos/commo.cc:151] 2025-12-10 03:35:50.034 | ForwardToLearner: SENDING to learner site_id=7, slot=719
I [/opt/actions-runner/_work/mako-fast-reads/mako-fast-reads/src/deptran/paxos/commo.cc:125] 2025-12-10 03:35:50.044 | ForwardToLearner: par_id=0, slot=865, n=3, proxies.size=4, batch_idx=0
I [/opt/actions-runner/_work/mako-fast-reads/mako-fast-reads/src/deptran/paxos/commo.cc:151] 2025-12-10 03:35:50.044 | ForwardToLearner: SENDING to learner site_id=3, slot=865
I [/opt/actions-runner/_work/mako-fast-reads/mako-fast-reads/src/deptran/paxos/commo.cc:125] 2025-12-10 03:35:50.051 | ForwardToLearner: par_id=1, slot=720, n=3, proxies.size=4, batch_idx=0
I [/opt/actions-runner/_work/mako-fast-reads/mako-fast-reads/src/deptran/paxos/commo.cc:151] 2025-12-10 03:35:50.051 | ForwardToLearner: SENDING to learner site_id=7, slot=720
I [/opt/actions-runner/_work/mako-fast-reads/mako-fast-reads/src/deptran/paxos/commo.cc:125] 2025-12-10 03:35:50.065 | ForwardToLearner: par_id=0, slot=866, n=3, proxies.size=4, batch_idx=0
I [/opt/actions-runner/_work/mako-fast-reads/mako-fast-reads/src/deptran/paxos/commo.cc:151] 2025-12-10 03:35:50.065 | ForwardToLearner: SENDING to learner site_id=3, slot=866
I [/opt/actions-runner/_work/mako-fast-reads/mako-fast-reads/src/deptran/paxos/commo.cc:125] 2025-12-10 03:35:50.072 | ForwardToLearner: par_id=0, slot=867, n=3, proxies.size=4, batch_idx=0
I [/opt/actions-runner/_work/mako-fast-reads/mako-fast-reads/src/deptran/paxos/commo.cc:151] 2025-12-10 03:35:50.072 | ForwardToLearner: SENDING to learner site_id=3, slot=867
I [/opt/actions-runner/_work/mako-fast-reads/mako-fast-reads/src/deptran/paxos/commo.cc:125] 2025-12-10 03:35:50.088 | ForwardToLearner: par_id=1, slot=721, n=3, proxies.size=4, batch_idx=0
I [/opt/actions-runner/_work/mako-fast-reads/mako-fast-reads/src/deptran/paxos/commo.cc:151] 2025-12-10 03:35:50.088 | ForwardToLearner: SENDING to learner site_id=7, slot=721
I [/opt/actions-runner/_work/mako-fast-reads/mako-fast-reads/src/deptran/paxos/commo.cc:125] 2025-12-10 03:35:50.095 | ForwardToLearner: par_id=1, slot=722, n=3, proxies.size=4, batch_idx=0
I [/opt/actions-runner/_work/mako-fast-reads/mako-fast-reads/src/deptran/paxos/commo.cc:151] 2025-12-10 03:35:50.095 | ForwardToLearner: SENDING to learner site_id=7, slot=722
I [/opt/actions-runner/_work/mako-fast-reads/mako-fast-reads/src/deptran/paxos/commo.cc:125] 2025-12-10 03:35:50.120 | ForwardToLearner: par_id=0, slot=868, n=3, proxies.size=4, batch_idx=0
I [/opt/actions-runner/_work/mako-fast-reads/mako-fast-reads/src/deptran/paxos/commo.cc:151] 2025-12-10 03:35:50.120 | ForwardToLearner: SENDING to learner site_id=3, slot=868
I [/opt/actions-runner/_work/mako-fast-reads/mako-fast-reads/src/deptran/paxos/commo.cc:125] 2025-12-10 03:35:50.140 | ForwardToLearner: par_id=1, slot=723, n=3, proxies.size=4, batch_idx=0
I [/opt/actions-runner/_work/mako-fast-reads/mako-fast-reads/src/deptran/paxos/commo.cc:151] 2025-12-10 03:35:50.140 | ForwardToLearner: SENDING to learner site_id=7, slot=723
I [/opt/actions-runner/_work/mako-fast-reads/mako-fast-reads/src/deptran/paxos/commo.cc:125] 2025-12-10 03:35:50.168 | ForwardToLearner: par_id=0, slot=869, n=3, proxies.size=4, batch_idx=0
I [/opt/actions-runner/_work/mako-fast-reads/mako-fast-reads/src/deptran/paxos/commo.cc:151] 2025-12-10 03:35:50.168 | ForwardToLearner: SENDING to learner site_id=3, slot=869
I [/opt/actions-runner/_work/mako-fast-reads/mako-fast-reads/src/deptran/paxos/commo.cc:125] 2025-12-10 03:35:50.189 | ForwardToLearner: par_id=1, slot=724, n=3, proxies.size=4, batch_idx=0
I [/opt/actions-runner/_work/mako-fast-reads/mako-fast-reads/src/deptran/paxos/commo.cc:151] 2025-12-10 03:35:50.189 | ForwardToLearner: SENDING to learner site_id=7, slot=724
I [/opt/actions-runner/_work/mako-fast-reads/mako-fast-reads/src/deptran/paxos/commo.cc:125] 2025-12-10 03:35:50.219 | ForwardToLearner: par_id=0, slot=870, n=3, proxies.size=4, batch_idx=0
I [/opt/actions-runner/_work/mako-fast-reads/mako-fast-reads/src/deptran/paxos/commo.cc:151] 2025-12-10 03:35:50.219 | ForwardToLearner: SENDING to learner site_id=3, slot=870
I [/opt/actions-runner/_work/mako-fast-reads/mako-fast-reads/src/deptran/paxos/commo.cc:125] 2025-12-10 03:35:50.242 | ForwardToLearner: par_id=1, slot=725, n=3, proxies.size=4, batch_idx=0
I [/opt/actions-runner/_work/mako-fast-reads/mako-fast-reads/src/deptran/paxos/commo.cc:151] 2025-12-10 03:35:50.242 | ForwardToLearner: SENDING to learner site_id=7, slot=725
I [/op20251110-03:35.50-373902(us) 19466 * wait_for_termination (mako.hh:538):      follower is waiting for being ended: 0/2, noops_cnt:0, replay_batch:1599, wait_time:26s

t/actions-runner/_work/mako-fast-reads/mako-fast-reads/src/deptran/paxos/commo.cc:125] 2025-12-10 03:35:50.268 | ForwardToLearner: par_id=0, slot=871, n=3, proxies.size=4, batch_idx=0
I [/opt/actions-runner/_work/mako-fast-reads/mako-fast-reads/src/deptran/paxos/commo.cc:151] 2025-12-10 03:35:50.268 | ForwardToLearner: SENDING to learner site_id=3, slot=871
I [/opt/actions-runner/_work/mako-fast-reads/mako-fast-reads/src/deptran/paxos/commo.cc:125] 2025-12-10 03:35:50.275 | ForwardToLearner: par_id=0, slot=872, n=3, proxies.size=4, batch_idx=0
I [/opt/actions-runner/_work/mako-fast-reads/mako-fast-reads/src/deptran/paxos/commo.cc:151] 2025-12-10 03:35:50.275 | ForwardToLearner: SENDING to learner site_id=3, slot=872
I [/opt/actions-runner/_work/mako-fast-reads/mako-fast-reads/src/deptran/paxos/commo.cc:125] 2025-12-10 03:35:50.291 | ForwardToLearner: par_id=1, slot=726, n=3, proxies.size=4, batch_idx=0
I [/opt/actions-runner/_work/mako-fast-reads/mako-fast-reads/src/deptran/paxos/commo.cc:151] 2025-12-10 03:35:50.291 | ForwardToLearner: SENDING to learner site_id=7, slot=726
I [/opt/actions-runner/_work/mako-fast-reads/mako-fast-reads/src/deptran/paxos/commo.cc:125] 2025-12-10 03:35:50.297 | ForwardToLearner: par_id=1, slot=727, n=3, proxies.size=4, batch_idx=0
I [/opt/actions-runner/_work/mako-fast-reads/mako-fast-reads/src/deptran/paxos/commo.cc:151] 2025-12-10 03:35:50.297 | ForwardToLearner: SENDING to learner site_id=7, slot=727
I [/opt/actions-runner/_work/mako-fast-reads/mako-fast-reads/src/deptran/paxos/commo.cc:125] 2025-12-10 03:35:50.298 | ForwardToLearner: par_id=0, slot=873, n=3, proxies.size=4, batch_idx=0
I [/opt/actions-runner/_work/mako-fast-reads/mako-fast-reads/src/deptran/paxos/commo.cc:151] 2025-12-10 03:35:50.298 | ForwardToLearner: SENDING to learner site_id=3, slot=873
I [/opt/actions-runner/_work/mako-fast-reads/mako-fast-reads/src/deptran/paxos/commo.cc:125] 2025-12-10 03:35:50.309 | ForwardToLearner: par_id=0, slot=874, n=3, proxies.size=4, batch_idx=0
I [/opt/actions-runner/_work/mako-fast-reads/mako-fast-reads/src/deptran/paxos/commo.cc:151] 2025-12-10 03:35:50.309 | ForwardToLearner: SENDING to learner site_id=3, slot=874
I [/opt/actions-runner/_work/mako-fast-reads/mako-fast-reads/src/deptran/paxos/commo.cc:125] 2025-12-10 03:35:50.329 | ForwardToLearner: par_id=1, slot=728, n=3, proxies.size=4, batch_idx=0
I [/opt/actions-runner/_work/mako-fast-reads/mako-fast-reads/src/deptran/paxos/commo.cc:151] 2025-12-10 03:35:50.329 | ForwardToLearner: SENDING to learner site_id=7, slot=728
I [/opt/actions-runner/_work/mako-fast-reads/mako-fast-reads/src/deptran/paxos/commo.cc:125] 2025-12-10 03:35:50.337 | ForwardToLearner: par_id=1, slot=729, n=3, proxies.size=4, batch_idx=0
I [/opt/actions-runner/_work/mako-fast-reads/mako-fast-reads/src/deptran/paxos/commo.cc:151] 2025-12-10 03:35:50.337 | ForwardToLearner: SENDING to learner site_id=7, slot=729
I [/opt/actions-runner/_work/mako-fast-reads/mako-fast-reads/src/deptran/paxos/commo.cc:125] 2025-12-10 03:35:50.359 | ForwardToLearner: par_id=0, slot=875, n=3, proxies.size=4, batch_idx=0
I [/opt/actions-runner/_work/mako-fast-reads/mako-fast-reads/src/deptran/paxos/commo.cc:151] 2025-12-10 03:35:50.359 | ForwardToLearner: SENDING to learner site_id=3, slot=875
I [/opt/actions-runner/_work/mako-fast-reads/mako-fast-reads/src/deptran/paxos/commo.cc:125] 2025-12-10 03:35:50.389 | ForwardToLearner: par_id=1, slot=730, n=3, proxies.size=4, batch_idx=0
I [/opt/actions-runner/_work/mako-fast-reads/mako-fast-reads/src/deptran/paxos/commo.cc:151] 2025-12-10 03:35:50.389 | ForwardToLearner: SENDING to learner site_id=7, slot=730
I [/opt/actions-runner/_work/mako-fast-reads/mako-fast-reads/src/deptran/paxos/commo.cc:125] 2025-12-10 03:35:50.398 | ForwardToLearner: par_id=0, slot=876, n=3, proxies.size=4, batch_idx=0
I [/opt/actions-runner/_work/mako-fast-reads/mako-fast-reads/src/deptran/paxos/commo.cc:151] 2025-12-10 03:35:50.398 | ForwardToLearner: SENDING to learner site_id=3, slot=876
I [/opt/actions-runner/_work/mako-fast-reads/mako-fast-reads/src/deptran/paxos/commo.cc:125] 2025-12-10 03:35:50.430 | ForwardToLearner: par_id=1, slot=731, n=3, proxies.size=4, batch_idx=0
I [/opt/actions-runner/_work/mako-fast-reads/mako-fast-reads/src/deptran/paxos/commo.cc:151] 2025-12-10 03:35:50.430 | ForwardToLearner: SENDING to learner site_id=7, slot=731
I [/opt/actions-runner/_work/mako-fast-reads/mako-fast-reads/src/deptran/paxos/commo.cc:125] 2025-12-10 03:35:50.438 | ForwardToLearner: par_id=0, slot=877, n=3, proxies.size=4, batch_idx=0
I [/opt/actions-runner/_work/mako-fast-reads/mako-fast-reads/src/deptran/paxos/commo.cc:151] 2025-12-10 03:35:50.438 | ForwardToLearner: SENDING to learner site_id=3, slot=877
I [/opt/actions-runner/_work/mako-fast-reads/mako-fast-reads/src/deptran/paxos/commo.cc:125] 2025-12-10 03:35:50.479 | ForwardToLearner: par_id=1, slot=732, n=3, proxies.size=4, batch_idx=0
I [/opt/actions-runner/_work/mako-fast-reads/mako-fast-reads/src/deptran/paxos/commo.cc:151] 2025-12-10 03:35:50.479 | ForwardToLearner: SENDING to learner site_id=7, slot=732
I [/opt/actions-runner/_work/mako-fast-reads/mako-fast-reads/src/deptran/paxos/commo.cc:125] 2025-12-10 03:35:50.487 | ForwardToLearner: par_id=0, slot=878, n=3, proxies.size=4, batch_idx=0
I [/opt/actions-runner/_work/mako-fast-reads/mako-fast-reads/src/deptran/paxos/commo.cc:151] 2025-12-10 03:35:50.487 | ForwardToLearner: SENDING to learner site_id=3, slot=878
I [/opt/actions-runner/_work/mako-fast-reads/mako-fast-reads/src/deptran/paxos/commo.cc:125] 2025-12-10 03:35:50.506 | ForwardToLearner: par_id=0, slot=879, n=3, proxies.size=4, batch_idx=0
I [/opt/actions-runner/_work/mako-fast-reads/mako-fast-reads/src/deptran/paxos/commo.cc:151] 2025-12-10 03:35:50.506 | ForwardToLearner: SENDING to learner site_id=3, slot=879
I [/opt/actions-runner/_work/mako-fast-reads/mako-fast-reads/src/deptran/paxos/commo.cc:125] 2025-12-10 03:35:50.527 | ForwardToLearner: par_id=1, slot=733, n=3, proxies.size=4, batch_idx=0
I [/opt/actions-runner/_work/mako-fast-reads/mako-fast-reads/src/deptran/paxos/commo.cc:151] 2025-12-10 03:35:50.527 | ForwardToLearner: SENDING to learner site_id=7, slot=733
I [/opt/actions-runner/_work/mako-fast-reads/mako-fast-reads/src/deptran/paxos/commo.cc:125] 2025-12-10 03:35:50.529 | ForwardToLearner: par_id=0, slot=880, n=3, proxies.size=4, batch_idx=0
I [/opt/actions-runner/_work/mako-fast-reads/mako-fast-reads/src/deptran/paxos/commo.cc:151] 2025-12-10 03:35:50.529 | ForwardToLearner: SENDING to learner site_id=3, slot=880
I [/opt/actions-runner/_work/mako-fast-reads/mako-fast-reads/src/deptran/paxos/commo.cc:125] 2025-12-10 03:35:50.559 | ForwardToLearner: par_id=0, slot=881, n=3, proxies.size=4, batch_idx=0
I [/opt/actions-runner/_work/mako-fast-reads/mako-fast-reads/src/deptran/paxos/commo.cc:151] 2025-12-10 03:35:50.559 | ForwardToLearner: SENDING to learner site_id=3, slot=881
I [/opt/actions-runner/_work/mako-fast-reads/mako-fast-reads/src/deptran/paxos/commo.cc:125] 2025-12-10 03:35:50.576 | ForwardToLearner: par_id=1, slot=734, n=3, proxies.size=4, batch_idx=0
I [/opt/actions-runner/_work/mako-fast-reads/mako-fast-reads/src/deptran/paxos/commo.cc:151] 2025-12-10 03:35:50.576 | ForwardToLearner: SENDING to learner site_id=7, slot=734
I [/opt/actions-runner/_work/mako-fast-reads/mako-fast-reads/src/deptran/paxos/commo.cc:125] 2025-12-10 03:35:50.578 | ForwardToLearner: par_id=1, slot=735, n=3, proxies.size=4, batch_idx=0
I [/opt/actions-runner/_work/mako-fast-reads/mako-fast-reads/src/deptran/paxos/commo.cc:151] 2025-12-10 03:35:50.578 | ForwardToLearner: SENDING to learner site_id=7, slot=735
I [/opt/actions-runner/_work/mako-fast-reads/mako-fast-reads/src/deptran/paxos/commo.cc:125] 2025-12-10 03:35:50.596 | ForwardToLearner: par_id=0, slot=882, n=3, proxies.size=4, batch_idx=0
I [/opt/actions-runner/_work/mako-fast-reads/mako-fast-reads/src/deptran/paxos/commo.cc:151] 2025-12-10 03:35:50.596 | ForwardToLearner: SENDING to learner site_id=3, slot=882
I [/opt/actions-runner/_work/mako-fast-reads/mako-fast-reads/src/deptran/paxos/commo.cc:125] 2025-12-10 03:35:50.626 | ForwardToLearner: par_id=1, slot=736, n=3, proxies.size=4, batch_idx=0
I [/opt/actions-runner/_work/mako-fast-reads/mako-fast-reads/src/deptran/paxos/commo.cc:151] 2025-12-10 03:35:50.626 | ForwardToLearner: SENDING to learner site_id=7, slot=736
I [/opt/actions-runner/_work/mako-fast-reads/mako-fast-reads/src/deptran/paxos/commo.cc:125] 2025-12-10 03:35:50.658 | ForwardToLearner: par_id=0, slot=883, n=3, proxies.size=4, batch_idx=0
I [/opt/actions-runner/_work/mako-fast-reads/mako-fast-reads/src/deptran/paxos/commo.cc:151] 2025-12-10 03:35:50.658 | ForwardToLearner: SENDING to learner site_id=3, slot=883
I [/opt/actions-runner/_work/mako-fast-reads/mako-fast-reads/src/deptran/paxos/commo.cc:125] 2025-12-10 03:35:50.676 | ForwardToLearner: par_id=1, slot=737, n=3, proxies.size=4, batch_idx=0
I [/opt/actions-runner/_work/mako-fast-reads/mako-fast-reads/src/deptran/paxos/commo.cc:151] 2025-12-10 03:35:50.676 | ForwardToLearner: SENDING to learner site_id=7, slot=737
I [/opt/actions-runner/_work/mako-fast-reads/mako-fast-reads/src/deptran/paxos/commo.cc:125] 2025-12-10 03:35:50.696 | ForwardToLearner: par_id=0, slot=884, n=3, proxies.size=4, batch_idx=0
I [/opt/actions-runner/_work/mako-fast-reads/mako-fast-reads/src/deptran/paxos/commo.cc:151] 2025-12-10 03:35:50.696 | ForwardToLearner: SENDING to learner site_id=3, slot=884
I [/opt/actions-runner/_work/mako-fast-reads/mako-fast-reads/src/deptran/paxos/commo.cc:125] 2025-12-10 03:35:50.721 | ForwardToLearner: par_id=1, slot=738, n=3, proxies.size=4, batch_idx=0
I [/opt/actions-runner/_work/mako-fast-reads/mako-fast-reads/src/deptran/paxos/commo.cc:151] 2025-12-10 03:35:50.721 | ForwardToLearner: SENDING to learner site_id=7, slot=738
I [/opt/actions-runner/_work/mako-fast-reads/mako-fast-reads/src/deptran/paxos/commo.cc:125] 2025-12-10 03:35:50.741 | ForwardToLearner: par_id=0, slot=885, n=3, proxies.size=4, batch_idx=0
I [/opt/actions-runner/_work/mako-fast-reads/mako-fast-reads/src/deptran/paxos/commo.cc:151] 2025-12-10 03:35:50.741 | ForwardToLearner: SENDING to learner site_id=3, slot=885
I [/opt/actions-runner/_work/mako-fast-reads/mako-fast-reads/src/deptran/paxos/commo.cc:125] 2025-12-10 03:35:50.755 | ForwardToLearner: par_id=1, slot=739, n=3, proxies.size=4, batch_idx=0
I [/opt/actions-runner/_work/mako-fast-reads/mako-fast-reads/src/deptran/paxos/commo.cc:151] 2025-12-10 03:35:50.755 | ForwardToLearner: SENDING to learner site_id=7, slot=739
I [/opt/actions-runner/_work/mako-fast-reads/mako-fast-reads/src/deptran/paxos/commo.cc:125] 2025-12-10 03:35:50.759 | ForwardToLearner: par_id=0, slot=886, n=3, proxies.size=4, batch_idx=0
I [/opt/actions-runner/_work/mako-fast-reads/mako-fast-reads/src/deptran/paxos/commo.cc:151] 2025-12-10 03:35:50.759 | ForwardToLearner: SENDING to learner site_id=3, slot=886
I [/opt/actions-runner/_work/mako-fast-reads/mako-fast-reads/src/deptran/paxos/commo.cc:125] 2025-12-10 03:35:50.771 | ForwardToLearner: par_id=0, slot=887, n=3, proxies.size=4, batch_idx=0
I [/opt/actions-runner/_work/mako-fast-reads/mako-fast-reads/src/deptran/paxos/commo.cc:151] 2025-12-10 03:35:50.771 | ForwardToLearner: SENDING to learner site_id=3, slot=887
I [/opt/actions-runner/_work/mako-fast-reads/mako-fast-reads/src/deptran/paxos/commo.cc:125] 2025-12-10 03:35:50.786 | ForwardToLearner: par_id=0, slot=888, n=3, proxies.size=4, batch_idx=0
I [/opt/actions-runner/_work/mako-fast-reads/mako-fast-reads/src/deptran/paxos/commo.cc:151] 2025-12-10 03:35:50.786 | ForwardToLearner: SENDING to learner site_id=3, slot=888
I [/opt/actions-runner/_work/mako-fast-reads/mako-fast-reads/src/deptran/paxos/commo.cc:125] 2025-12-10 03:35:50.793 | ForwardToLearner: par_id=1, slot=740, n=3, proxies.size=4, batch_idx=0
I [/opt/actions-runner/_work/mako-fast-reads/mako-fast-reads/src/deptran/paxos/commo.cc:151] 2025-12-10 03:35:50.793 | ForwardToLearner: SENDING to learner site_id=7, slot=740
I [/opt/actions-runner/_work/mako-fast-reads/mako-fast-reads/src/deptran/paxos/commo.cc:125] 2025-12-10 03:35:50.819 | ForwardToLearner: par_id=1, slot=741, n=3, proxies.size=4, batch_idx=0
I [/opt/actions-runner/_work/mako-fast-reads/mako-fast-reads/src/deptran/paxos/commo.cc:151] 2025-12-10 03:35:50.819 | ForwardToLearner: SENDING to learner site_id=7, slot=741
I [/opt/actions-runner/_work/mako-fast-reads/mako-fast-reads/src/deptran/paxos/commo.cc:125] 2025-12-10 03:35:50.839 | ForwardToLearner: par_id=0, slot=889, n=3, proxies.size=4, batch_idx=0
I [/opt/actions-runner/_work/mako-fast-reads/mako-fast-reads/src/deptran/paxos/commo.cc:151] 2025-12-10 03:35:50.839 | ForwardToLearner: SENDING to learner site_id=3, slot=889
I [/opt/actions-runner/_work/mako-fast-reads/mako-fast-reads/src/deptran/paxos/commo.cc:125] 2025-12-10 03:35:50.841 | ForwardToLearner: par_id=1, slot=742, n=3, proxies.size=4, batch_idx=0
I [/opt/actions-runner/_work/mako-fast-reads/mako-fast-reads/src/deptran/paxos/commo.cc:151] 2025-12-10 03:35:50.841 | ForwardToLearner: SENDING to learner site_id=7, slot=742
I [/opt/actions-runner/_work/mako-fast-reads/mako-fast-reads/src/deptran/paxos/commo.cc:125] 2025-12-10 03:35:50.892 | ForwardToLearner: par_id=1, slot=743, n=3, proxies.size=4, batch_idx=0
I [/opt/actions-runner/_work/mako-fast-reads/mako-fast-reads/src/deptran/paxos/commo.cc:151] 2025-12-10 03:35:50.892 | ForwardToLearner: SENDING to learner site_id=7, slot=743
I [/opt/actions-runner/_work/mako-fast-reads/mako-fast-reads/src/deptran/paxos/commo.cc:125] 2025-12-10 03:35:50.894 | ForwardToLearner: par_id=0, slot=890, n=3, proxies.size=4, batch_idx=0
I [/opt/actions-runner/_work/mako-fast-reads/mako-fast-reads/src/deptran/paxos/commo.cc:151] 2025-12-10 03:35:50.894 | ForwardToLearner: SENDING to learner site_id=3, slot=890
I [/opt/actions-runner/_work/mako-fast-reads/mako-fast-reads/src/deptran/paxos/commo.cc:125] 2025-12-10 03:35:50.933 | ForwardToLearner: par_id=1, slot=744, n=3, proxies.size=4, batch_idx=0
I [/opt/actions-runner/_work/mako-fast-reads/mako-fast-reads/src/deptran/paxos/commo.cc:151] 2025-12-10 03:35:50.933 | ForwardToLearner: SENDING to learner site_id=7, slot=744
I [/opt/actions-runner/_work/mako-fast-reads/mako-fast-reads/src/deptran/paxos/commo.cc:125] 2025-12-10 03:35:50.944 | ForwardToLearner: par_id=0, slot=891, n=3, proxies.size=4, batch_idx=0
I [/opt/actions-runner/_work/mako-fast-reads/mako-fast-reads/src/deptran/paxos/commo.cc:151] 2025-12-10 03:35:50.944 | ForwardToLearner: SENDING to learner site_id=3, slot=891
I [/opt/actions-runner/_work/mako-fast-reads/mako-fast-reads/src/deptran/paxos/commo.cc:125] 2025-12-10 03:35:50.981 | ForwardToLearner: par_id=1, slot=745, n=3, proxies.size=4, batch_idx=0
I [/opt/actions-runner/_work/mako-fast-reads/mako-fast-reads/src/deptran/paxos/commo.cc:151] 2025-12-10 03:35:50.981 | ForwardToLearner: SENDING to learner site_id=7, slot=745
I [/opt/actions-runner/_work/mako-fast-reads/mako-fast-reads/src/deptran/paxos/commo.cc:125] 2025-12-10 03:35:50.994 | ForwardToLearner: par_id=0, slot=892, n=3, proxies.size=4, batch_idx=0
I [/opt/actions-runner/_work/mako-fast-reads/mako-fast-reads/src/deptran/paxos/commo.cc:151] 2025-12-10 03:35:50.994 | ForwardToLearner: SENDING to learner site_id=3, slot=892
I [/opt/actions-runner/_work/mako-fast-reads/mako-fast-reads/src/deptran/paxos/commo.cc:125] 2025-12-10 03:35:50.999 | ForwardToLearner: par_id=0, slot=893, n=3, proxies.size=4, batch_idx=0
I [/opt/actions-runner/_work/mako-fast-reads/mako-fast-reads/src/deptran/paxos/commo.cc:151] 2025-12-10 03:35:50.999 | ForwardToLearner: SENDING to learner site_id=3, slot=893
I [/opt/actions-runner/_work/mako-fast-reads/mako-fast-reads/src/deptran/paxos/commo.cc:125] 2025-12-10 03:35:51.004 | ForwardToLearner: par_id=0, slot=894, n=3, proxies.size=4, batch_idx=0
I [/opt/actions-runner/_work/mako-fast-reads/mako-fast-reads/src/deptran/paxos/commo.cc:151] 2025-12-10 03:35:51.004 | ForwardToLearner: SENDING to learner site_id=3, slot=894
I [/opt/actions-runner/_work/mako-fast-reads/mako-fast-reads/src/deptran/paxos/commo.cc:125] 2025-12-10 03:35:51.025 | ForwardToLearner: par_id=1, slot=746, n=3, proxies.size=4, batch_idx=0
I [/opt/actions-runner/_work/mako-fast-reads/mako-fast-reads/src/deptran/paxos/commo.cc:151] 2025-12-10 03:35:51.025 | ForwardToLearner: SENDING to learner site_id=7, slot=746
I [/opt/actions-runner/_work/mako-fast-reads/mako-fast-reads/src/deptran/paxos/commo.cc:125] 2025-12-10 03:35:51.032 | ForwardToLearner: par_id=1, slot=747, n=3, proxies.size=4, batch_idx=0
I [/opt/actions-runner/_work/mako-fast-reads/mako-fast-reads/src/deptran/paxos/commo.cc:151] 2025-12-10 03:35:51.032 | ForwardToLearner: SENDING to learner site_id=7, slot=747
I [/opt/actions-runner/_work/mako-fast-reads/mako-fast-reads/src/deptran/paxos/commo.cc:125] 2025-12-10 03:35:51.035 | ForwardToLearner: par_id=0, slot=895, n=3, proxies.size=4, batch_idx=0
I [/opt/actions-runner/_work/mako-fast-reads/mako-fast-reads/src/deptran/paxos/commo.cc:151] 2025-12-10 03:35:51.035 | ForwardToLearner: SENDING to learner site_id=3, slot=895
I [/opt/actions-runner/_work/mako-fast-reads/mako-fast-reads/src/deptran/paxos/commo.cc:125] 2025-12-10 03:35:51.072 | ForwardToLearner: par_id=1, slot=748, n=3, proxies.size=4, batch_idx=0
I [/opt/actions-runner/_work/mako-fast-reads/mako-fast-reads/src/deptran/paxos/commo.cc:151] 2025-12-10 03:35:51.072 | ForwardToLearner: SENDING to learner site_id=7, slot=748
I [/opt/actions-runner/_work/mako-fast-reads/mako-fast-reads/src/deptran/paxos/commo.cc:125] 2025-12-10 03:35:51.083 | ForwardToLearner: par_id=0, slot=896, n=3, proxies.size=4, batch_idx=0
I [/opt/actions-runner/_work/mako-fast-reads/mako-fast-reads/src/deptran/paxos/commo.cc:151] 2025-12-10 03:35:51.083 | ForwardToLearner: SENDING to learner site_id=3, slot=896
I [/opt/actions-runner/_work/mako-fast-reads/mako-fast-reads/src/deptran/paxos/commo.cc:125] 2025-12-10 03:35:51.115 | ForwardToLearner: par_id=1, slot=749, n=3, proxies.size=4, batch_idx=0
I [/opt/actions-runner/_work/mako-fast-reads/mako-fast-reads/src/deptran/paxos/commo.cc:151] 2025-12-10 03:35:51.115 | ForwardToLearner: SENDING to learner site_id=7, slot=749
I [/opt/actions-runner/_work/mako-fast-reads/mako-fast-reads/src/deptran/paxos/commo.cc:125] 2025-12-10 03:35:51.127 | ForwardToLearner: par_id=0, slot=897, n=3, proxies.size=4, batch_idx=0
I [/opt/actions-runner/_work/mako-fast-reads/mako-fast-reads/src/deptran/paxos/commo.cc:151] 2025-12-10 03:35:51.127 | ForwardToLearner: SENDING to learner site_id=3, slot=897
I [/opt/actions-runner/_work/mako-fast-reads/mako-fast-reads/src/deptran/paxos/commo.cc:125] 2025-12-10 03:35:51.150 | ForwardToLearner: par_id=1, slot=750, n=3, proxies.size=4, batch_idx=0
I [/opt/actions-runner/_work/mako-fast-reads/mako-fast-reads/src/deptran/paxos/commo.cc:151] 2025-12-10 03:35:51.150 | ForwardToLearner: SENDING to learner site_id=7, slot=750
I [/opt/actions-runner/_work/mako-fast-reads/mako-fast-reads/src/deptran/paxos/commo.cc:125] 2025-12-10 03:35:51.172 | ForwardToLearner: par_id=0, slot=898, n=3, proxies.size=4, batch_idx=0
I [/opt/actions-runner/_work/mako-fast-reads/mako-fast-reads/src/deptran/paxos/commo.cc:151] 2025-12-10 03:35:51.172 | ForwardToLearner: SENDING to learner site_id=3, slot=898
I [/opt/actions-runner/_work/mako-fast-reads/mako-fast-reads/src/deptran/paxos/commo.cc:125] 2025-12-10 03:35:51.195 | ForwardToLearner: par_id=1, slot=751, n=3, proxies.size=4, batch_idx=0
I [/opt/actions-runner/_work/mako-fast-reads/mako-fast-reads/src/deptran/paxos/commo.cc:151] 2025-12-10 03:35:51.195 | ForwardToLearner: SENDING to learner site_id=7, slot=751
I [/opt/actions-runner/_work/mako-fast-reads/mako-fast-reads/src/deptran/paxos/commo.cc:125] 2025-12-10 03:35:51.214 | ForwardToLearner: par_id=0, slot=899, n=3, proxies.size=4, batch_idx=0
I [/opt/actions-runner/_work/mako-fast-reads/mako-fast-reads/src/deptran/paxos/commo.cc:151] 2025-12-10 03:35:51.214 | ForwardToLearner: SENDING to learner site_id=3, slot=899
I [/opt/actions-runner/_work/mako-fast-reads/mako-fast-reads/src/deptran/paxos/commo.cc:125] 2025-12-10 03:35:51.228 | ForwardToLearner: par_id=0, slot=900, n=3, proxies.size=4, batch_idx=0
I [/opt/actions-runner/_work/mako-fast-reads/mako-fast-reads/src/deptran/paxos/commo.cc:151] 2025-12-10 03:35:51.228 | ForwardToLearner: SENDING to learner site_id=3,20251110-03:35.51-373988(us) 19466 * wait_for_termination (mako.hh:538):      follower is waiting for being ended: 0/2, noops_cnt:0, replay_batch:1656, wait_time:27s

 slot=900
I [/opt/actions-runner/_work/mako-fast-reads/mako-fast-reads/src/deptran/paxos/commo.cc:125] 2025-12-10 03:35:51.234 | ForwardToLearner: par_id=1, slot=752, n=3, proxies.size=4, batch_idx=0
I [/opt/actions-runner/_work/mako-fast-reads/mako-fast-reads/src/deptran/paxos/commo.cc:151] 2025-12-10 03:35:51.234 | ForwardToLearner: SENDING to learner site_id=7, slot=752
I [/opt/actions-runner/_work/mako-fast-reads/mako-fast-reads/src/deptran/paxos/commo.cc:125] 2025-12-10 03:35:51.247 | ForwardToLearner: par_id=0, slot=901, n=3, proxies.size=4, batch_idx=0
I [/opt/actions-runner/_work/mako-fast-reads/mako-fast-reads/src/deptran/paxos/commo.cc:151] 2025-12-10 03:35:51.247 | ForwardToLearner: SENDING to learner site_id=3, slot=901
I [/opt/actions-runner/_work/mako-fast-reads/mako-fast-reads/src/deptran/paxos/commo.cc:125] 2025-12-10 03:35:51.255 | ForwardToLearner: par_id=0, slot=902, n=3, proxies.size=4, batch_idx=0
I [/opt/actions-runner/_work/mako-fast-reads/mako-fast-reads/src/deptran/paxos/commo.cc:151] 2025-12-10 03:35:51.255 | ForwardToLearner: SENDING to learner site_id=3, slot=902
I [/opt/actions-runner/_work/mako-fast-reads/mako-fast-reads/src/deptran/paxos/commo.cc:125] 2025-12-10 03:35:51.274 | ForwardToLearner: par_id=1, slot=753, n=3, proxies.size=4, batch_idx=0
I [/opt/actions-runner/_work/mako-fast-reads/mako-fast-reads/src/deptran/paxos/commo.cc:151] 2025-12-10 03:35:51.274 | ForwardToLearner: SENDING to learner site_id=7, slot=753
I [/opt/actions-runner/_work/mako-fast-reads/mako-fast-reads/src/deptran/paxos/commo.cc:125] 2025-12-10 03:35:51.277 | ForwardToLearner: par_id=1, slot=754, n=3, proxies.size=4, batch_idx=0
I [/opt/actions-runner/_work/mako-fast-reads/mako-fast-reads/src/deptran/paxos/commo.cc:151] 2025-12-10 03:35:51.277 | ForwardToLearner: SENDING to learner site_id=7, slot=754
I [/opt/actions-runner/_work/mako-fast-reads/mako-fast-reads/src/deptran/paxos/commo.cc:125] 2025-12-10 03:35:51.297 | ForwardToLearner: par_id=0, slot=903, n=3, proxies.size=4, batch_idx=0
I [/opt/actions-runner/_work/mako-fast-reads/mako-fast-reads/src/deptran/paxos/commo.cc:151] 2025-12-10 03:35:51.297 | ForwardToLearner: SENDING to learner site_id=3, slot=903
I [/opt/actions-runner/_work/mako-fast-reads/mako-fast-reads/src/deptran/paxos/commo.cc:125] 2025-12-10 03:35:51.319 | ForwardToLearner: par_id=1, slot=755, n=3, proxies.size=4, batch_idx=0
I [/opt/actions-runner/_work/mako-fast-reads/mako-fast-reads/src/deptran/paxos/commo.cc:151] 2025-12-10 03:35:51.319 | ForwardToLearner: SENDING to learner site_id=7, slot=755
I [/opt/actions-runner/_work/mako-fast-reads/mako-fast-reads/src/deptran/paxos/commo.cc:125] 2025-12-10 03:35:51.339 | ForwardToLearner: par_id=0, slot=904, n=3, proxies.size=4, batch_idx=0
I [/opt/actions-runner/_work/mako-fast-reads/mako-fast-reads/src/deptran/paxos/commo.cc:151] 2025-12-10 03:35:51.339 | ForwardToLearner: SENDING to learner site_id=3, slot=904
I [/opt/actions-runner/_work/mako-fast-reads/mako-fast-reads/src/deptran/paxos/commo.cc:125] 2025-12-10 03:35:51.368 | ForwardToLearner: par_id=1, slot=756, n=3, proxies.size=4, batch_idx=0
I [/opt/actions-runner/_work/mako-fast-reads/mako-fast-reads/src/deptran/paxos/commo.cc:151] 2025-12-10 03:35:51.368 | ForwardToLearner: SENDING to learner site_id=7, slot=756
I [/opt/actions-runner/_work/mako-fast-reads/mako-fast-reads/src/deptran/paxos/commo.cc:125] 2025-12-10 03:35:51.396 | ForwardToLearner: par_id=0, slot=905, n=3, proxies.size=4, batch_idx=0
I [/opt/actions-runner/_work/mako-fast-reads/mako-fast-reads/src/deptran/paxos/commo.cc:151] 2025-12-10 03:35:51.396 | ForwardToLearner: SENDING to learner site_id=3, slot=905
I [/opt/actions-runner/_work/mako-fast-reads/mako-fast-reads/src/deptran/paxos/commo.cc:125] 2025-12-10 03:35:51.430 | ForwardToLearner: par_id=0, slot=906, n=3, proxies.size=4, batch_idx=0
I [/opt/actions-runner/_work/mako-fast-reads/mako-fast-reads/src/deptran/paxos/commo.cc:151] 2025-12-10 03:35:51.430 | ForwardToLearner: SENDING to learner site_id=3, slot=906
I [/opt/actions-runner/_work/mako-fast-reads/mako-fast-reads/src/deptran/paxos/commo.cc:125] 2025-12-10 03:35:51.433 | ForwardToLearner: par_id=1, slot=757, n=3, proxies.size=4, batch_idx=0
I [/opt/actions-runner/_work/mako-fast-reads/mako-fast-reads/src/deptran/paxos/commo.cc:151] 2025-12-10 03:35:51.433 | ForwardToLearner: SENDING to learner site_id=7, slot=757
I [/opt/actions-runner/_work/mako-fast-reads/mako-fast-reads/src/deptran/paxos/commo.cc:125] 2025-12-10 03:35:51.447 | ForwardToLearner: par_id=0, slot=907, n=3, proxies.size=4, batch_idx=0
I [/opt/actions-runner/_work/mako-fast-reads/mako-fast-reads/src/deptran/paxos/commo.cc:151] 2025-12-10 03:35:51.447 | ForwardToLearner: SENDING to learner site_id=3, slot=907
I [/opt/actions-runner/_work/mako-fast-reads/mako-fast-reads/src/deptran/paxos/commo.cc:125] 2025-12-10 03:35:51.482 | ForwardToLearner: par_id=0, slot=908, n=3, proxies.size=4, batch_idx=0
I [/opt/actions-runner/_work/mako-fast-reads/mako-fast-reads/src/deptran/paxos/commo.cc:151] 2025-12-10 03:35:51.482 | ForwardToLearner: SENDING to learner site_id=3, slot=908
I [/opt/actions-runner/_work/mako-fast-reads/mako-fast-reads/src/deptran/paxos/commo.cc:125] 2025-12-10 03:35:51.487 | ForwardToLearner: par_id=1, slot=758, n=3, proxies.size=4, batch_idx=0
I [/opt/actions-runner/_work/mako-fast-reads/mako-fast-reads/src/deptran/paxos/commo.cc:151] 2025-12-10 03:35:51.487 | ForwardToLearner: SENDING to learner site_id=7, slot=758
I [/opt/actions-runner/_work/mako-fast-reads/mako-fast-reads/src/deptran/paxos/commo.cc:125] 2025-12-10 03:35:51.489 | ForwardToLearner: par_id=0, slot=909, n=3, proxies.size=4, batch_idx=0
I [/opt/actions-runner/_work/mako-fast-reads/mako-fast-reads/src/deptran/paxos/commo.cc:151] 2025-12-10 03:35:51.489 | ForwardToLearner: SENDING to learner site_id=3, slot=909
I [/opt/actions-runner/_work/mako-fast-reads/mako-fast-reads/src/deptran/paxos/commo.cc:125] 2025-12-10 03:35:51.507 | ForwardToLearner: par_id=1, slot=759, n=3, proxies.size=4, batch_idx=0
I [/opt/actions-runner/_work/mako-fast-reads/mako-fast-reads/src/deptran/paxos/commo.cc:151] 2025-12-10 03:35:51.507 | ForwardToLearner: SENDING to learner site_id=7, slot=759
I [/opt/actions-runner/_work/mako-fast-reads/mako-fast-reads/src/deptran/paxos/commo.cc:125] 2025-12-10 03:35:51.529 | ForwardToLearner: par_id=0, slot=910, n=3, proxies.size=4, batch_idx=0
I [/opt/actions-runner/_work/mako-fast-reads/mako-fast-reads/src/deptran/paxos/commo.cc:151] 2025-12-10 03:35:51.529 | ForwardToLearner: SENDING to learner site_id=3, slot=910
I [/opt/actions-runner/_work/mako-fast-reads/mako-fast-reads/src/deptran/paxos/commo.cc:125] 2025-12-10 03:35:51.537 | ForwardToLearner: par_id=1, slot=760, n=3, proxies.size=4, batch_idx=0
I [/opt/actions-runner/_work/mako-fast-reads/mako-fast-reads/src/deptran/paxos/commo.cc:151] 2025-12-10 03:35:51.537 | ForwardToLearner: SENDING to learner site_id=7, slot=760
I [/opt/actions-runner/_work/mako-fast-reads/mako-fast-reads/src/deptran/paxos/commo.cc:125] 2025-12-10 03:35:51.578 | ForwardToLearner: par_id=0, slot=911, n=3, proxies.size=4, batch_idx=0
I [/opt/actions-runner/_work/mako-fast-reads/mako-fast-reads/src/deptran/paxos/commo.cc:151] 2025-12-10 03:35:51.578 | ForwardToLearner: SENDING to learner site_id=3, slot=911
I [/opt/actions-runner/_work/mako-fast-reads/mako-fast-reads/src/deptran/paxos/commo.cc:125] 2025-12-10 03:35:51.580 | ForwardToLearner: par_id=1, slot=761, n=3, proxies.size=4, batch_idx=0
I [/opt/actions-runner/_work/mako-fast-reads/mako-fast-reads/src/deptran/paxos/commo.cc:151] 2025-12-10 03:35:51.580 | ForwardToLearner: SENDING to learner site_id=7, slot=761
I [/opt/actions-runner/_work/mako-fast-reads/mako-fast-reads/src/deptran/paxos/commo.cc:125] 2025-12-10 03:35:51.621 | ForwardToLearner: par_id=1, slot=762, n=3, proxies.size=4, batch_idx=0
I [/opt/actions-runner/_work/mako-fast-reads/mako-fast-reads/src/deptran/paxos/commo.cc:151] 2025-12-10 03:35:51.621 | ForwardToLearner: SENDING to learner site_id=7, slot=762
I [/opt/actions-runner/_work/mako-fast-reads/mako-fast-reads/src/deptran/paxos/commo.cc:125] 2025-12-10 03:35:51.626 | ForwardToLearner: par_id=0, slot=912, n=3, proxies.size=4, batch_idx=0
I [/opt/actions-runner/_work/mako-fast-reads/mako-fast-reads/src/deptran/paxos/commo.cc:151] 2025-12-10 03:35:51.626 | ForwardToLearner: SENDING to learner site_id=3, slot=912
I [/opt/actions-runner/_work/mako-fast-reads/mako-fast-reads/src/deptran/paxos/commo.cc:125] 2025-12-10 03:35:51.657 | ForwardToLearner: par_id=0, slot=913, n=3, proxies.size=4, batch_idx=0
I [/opt/actions-runner/_work/mako-fast-reads/mako-fast-reads/src/deptran/paxos/commo.cc:151] 2025-12-10 03:35:51.658 | ForwardToLearner: SENDING to learner site_id=3, slot=913
I [/opt/actions-runner/_work/mako-fast-reads/mako-fast-reads/src/deptran/paxos/commo.cc:125] 2025-12-10 03:35:51.663 | ForwardToLearner: par_id=1, slot=763, n=3, proxies.size=4, batch_idx=0
I [/opt/actions-runner/_work/mako-fast-reads/mako-fast-reads/src/deptran/paxos/commo.cc:151] 2025-12-10 03:35:51.663 | ForwardToLearner: SENDING to learner site_id=7, slot=763
I [/opt/actions-runner/_work/mako-fast-reads/mako-fast-reads/src/deptran/paxos/commo.cc:125] 2025-12-10 03:35:51.680 | ForwardToLearner: par_id=0, slot=914, n=3, proxies.size=4, batch_idx=0
I [/opt/actions-runner/_work/mako-fast-reads/mako-fast-reads/src/deptran/paxos/commo.cc:151] 2025-12-10 03:35:51.680 | ForwardToLearner: SENDING to learner site_id=3, slot=914
I [/opt/actions-runner/_work/mako-fast-reads/mako-fast-reads/src/deptran/paxos/commo.cc:125] 2025-12-10 03:35:51.697 | ForwardToLearner: par_id=0, slot=915, n=3, proxies.size=4, batch_idx=0
I [/opt/actions-runner/_work/mako-fast-reads/mako-fast-reads/src/deptran/paxos/commo.cc:151] 2025-12-10 03:35:51.697 | ForwardToLearner: SENDING to learner site_id=3, slot=915
I [/opt/actions-runner/_work/mako-fast-reads/mako-fast-reads/src/deptran/paxos/commo.cc:125] 2025-12-10 03:35:51.708 | ForwardToLearner: par_id=1, slot=764, n=3, proxies.size=4, batch_idx=0
I [/opt/actions-runner/_work/mako-fast-reads/mako-fast-reads/src/deptran/paxos/commo.cc:151] 2025-12-10 03:35:51.708 | ForwardToLearner: SENDING to learner site_id=7, slot=764
I [/opt/actions-runner/_work/mako-fast-reads/mako-fast-reads/src/deptran/paxos/commo.cc:125] 2025-12-10 03:35:51.725 | ForwardToLearner: par_id=0, slot=916, n=3, proxies.size=4, batch_idx=0
I [/opt/actions-runner/_work/mako-fast-reads/mako-fast-reads/src/deptran/paxos/commo.cc:151] 2025-12-10 03:35:51.725 | ForwardToLearner: SENDING to learner site_id=3, slot=916
I [/opt/actions-runner/_work/mako-fast-reads/mako-fast-reads/src/deptran/paxos/commo.cc:125] 2025-12-10 03:35:51.729 | ForwardToLearner: par_id=1, slot=765, n=3, proxies.size=4, batch_idx=0
I [/opt/actions-runner/_work/mako-fast-reads/mako-fast-reads/src/deptran/paxos/commo.cc:151] 2025-12-10 03:35:51.729 | ForwardToLearner: SENDING to learner site_id=7, slot=765
I [/opt/actions-runner/_work/mako-fast-reads/mako-fast-reads/src/deptran/paxos/commo.cc:125] 2025-12-10 03:35:51.757 | ForwardToLearner: par_id=0, slot=917, n=3, proxies.size=4, batch_idx=0
I [/opt/actions-runner/_work/mako-fast-reads/mako-fast-reads/src/deptran/paxos/commo.cc:151] 2025-12-10 03:35:51.757 | ForwardToLearner: SENDING to learner site_id=3, slot=917
I [/opt/actions-runner/_work/mako-fast-reads/mako-fast-reads/src/deptran/paxos/commo.cc:125] 2025-12-10 03:35:51.758 | ForwardToLearner: par_id=1, slot=766, n=3, proxies.size=4, batch_idx=0
I [/opt/actions-runner/_work/mako-fast-reads/mako-fast-reads/src/deptran/paxos/commo.cc:151] 2025-12-10 03:35:51.758 | ForwardToLearner: SENDING to learner site_id=7, slot=766
I [/opt/actions-runner/_work/mako-fast-reads/mako-fast-reads/src/deptran/paxos/commo.cc:125] 2025-12-10 03:35:51.808 | ForwardToLearner: par_id=1, slot=767, n=3, proxies.size=4, batch_idx=0
I [/opt/actions-runner/_work/mako-fast-reads/mako-fast-reads/src/deptran/paxos/commo.cc:151] 2025-12-10 03:35:51.808 | ForwardToLearner: SENDING to learner site_id=7, slot=767
I [/opt/actions-runner/_work/mako-fast-reads/mako-fast-reads/src/deptran/paxos/commo.cc:125] 2025-12-10 03:35:51.810 | ForwardToLearner: par_id=0, slot=918, n=3, proxies.size=4, batch_idx=0
I [/opt/actions-runner/_work/mako-fast-reads/mako-fast-reads/src/deptran/paxos/commo.cc:151] 2025-12-10 03:35:51.810 | ForwardToLearner: SENDING to learner site_id=3, slot=918
I [/opt/actions-runner/_work/mako-fast-reads/mako-fast-reads/src/deptran/paxos/commo.cc:125] 2025-12-10 03:35:51.858 | ForwardToLearner: par_id=0, slot=919, n=3, proxies.size=4, batch_idx=0
I [/opt/actions-runner/_work/mako-fast-reads/mako-fast-reads/src/deptran/paxos/commo.cc:151] 2025-12-10 03:35:51.858 | ForwardToLearner: SENDING to learner site_id=3, slot=919
I [/opt/actions-runner/_work/mako-fast-reads/mako-fast-reads/src/deptran/paxos/commo.cc:125] 2025-12-10 03:35:51.862 | ForwardToLearner: par_id=1, slot=768, n=3, proxies.size=4, batch_idx=0
I [/opt/actions-runner/_work/mako-fast-reads/mako-fast-reads/src/deptran/paxos/commo.cc:151] 2025-12-10 03:35:51.862 | ForwardToLearner: SENDING to learner site_id=7, slot=768
I [/opt/actions-runner/_work/mako-fast-reads/mako-fast-reads/src/deptran/paxos/commo.cc:125] 2025-12-10 03:35:51.910 | ForwardToLearner: par_id=0, slot=920, n=3, proxies.size=4, batch_idx=0
I [/opt/actions-runner/_work/mako-fast-reads/mako-fast-reads/src/deptran/paxos/commo.cc:151] 2025-12-10 03:35:51.910 | ForwardToLearner: SENDING to learner site_id=3, slot=920
I [/opt/actions-runner/_work/mako-fast-reads/mako-fast-reads/src/deptran/paxos/commo.cc:125] 2025-12-10 03:35:51.911 | ForwardToLearner: par_id=1, slot=769, n=3, proxies.size=4, batch_idx=0
I [/opt/actions-runner/_work/mako-fast-reads/mako-fast-reads/src/deptran/paxos/commo.cc:151] 2025-12-10 03:35:51.911 | ForwardToLearner: SENDING to learner site_id=7, slot=769
I [/opt/actions-runner/_work/mako-fast-reads/mako-fast-reads/src/deptran/paxos/commo.cc:125] 2025-12-10 03:35:51.916 | ForwardToLearner: par_id=0, slot=921, n=3, proxies.size=4, batch_idx=0
I [/opt/actions-runner/_work/mako-fast-reads/mako-fast-reads/src/deptran/paxos/commo.cc:151] 2025-12-10 03:35:51.916 | ForwardToLearner: SENDING to learner site_id=3, slot=921
I [/opt/actions-runner/_work/mako-fast-reads/mako-fast-reads/src/deptran/paxos/commo.cc:125] 2025-12-10 03:35:51.926 | ForwardToLearner: par_id=0, slot=922, n=3, proxies.size=4, batch_idx=0
I [/opt/actions-runner/_work/mako-fast-reads/mako-fast-reads/src/deptran/paxos/commo.cc:151] 2025-12-10 03:35:51.926 | ForwardToLearner: SENDING to learner site_id=3, slot=922
I [/opt/actions-runner/_work/mako-fast-reads/mako-fast-reads/src/deptran/paxos/commo.cc:125] 2025-12-10 03:35:51.948 | ForwardToLearner: par_id=0, slot=923, n=3, proxies.size=4, batch_idx=0
I [/opt/actions-runner/_work/mako-fast-reads/mako-fast-reads/src/deptran/paxos/commo.cc:151] 2025-12-10 03:35:51.948 | ForwardToLearner: SENDING to learner site_id=3, slot=923
I [/opt/actions-runner/_work/mako-fast-reads/mako-fast-reads/src/deptran/paxos/commo.cc:125] 2025-12-10 03:35:51.956 | ForwardToLearner: par_id=1, slot=770, n=3, proxies.size=4, batch_idx=0
I [/opt/actions-runner/_work/mako-fast-reads/mako-fast-reads/src/deptran/paxos/commo.cc:151] 2025-12-10 03:35:51.956 | ForwardToLearner: SENDING to learner site_id=7, slot=770
I [/opt/actions-runner/_work/mako-fast-reads/mako-fast-reads/src/deptran/paxos/commo.cc:125] 2025-12-10 03:35:51.992 | ForwardToLearner: par_id=0, slot=924, n=3, proxies.size=4, batch_idx=0
I [/opt/actions-runner/_work/mako-fast-reads/mako-fast-reads/src/deptran/paxos/commo.cc:151] 2025-12-10 03:35:51.992 | ForwardToLearner: SENDING to learner site_id=3, slot=924
I [/opt/actions-runner/_work/mako-fast-reads/mako-fast-reads/src/deptran/paxos/commo.cc:125] 2025-12-10 03:35:51.996 | ForwardToLearner: par_id=1, slot=771, n=3, proxies.size=4, batch_idx=0
I [/opt/actions-runner/_work/mako-fast-reads/mako-fast-reads/src/deptran/paxos/commo.cc:151] 2025-12-10 03:35:51.996 | ForwardToLearner: SENDING to learner site_id=7, slot=771
I [/opt/actions-runner/_work/mako-fast-reads/mako-fast-reads/src/deptran/paxos/commo.cc:125] 2025-12-10 03:35:52.012 | ForwardToLearner: par_id=1, slot=772, n=3, proxies.size=4, batch_idx=0
I [/opt/actions-runner/_work/mako-fast-reads/mako-fast-reads/src/deptran/paxos/commo.cc:151] 2025-12-10 03:35:52.012 | ForwardToLearner: SENDING to learner site_id=7, slot=772
I [/opt/actions-runner/_work/mako-fast-reads/mako-fast-reads/src/deptran/paxos/commo.cc:125] 2025-12-10 03:35:52.036 | ForwardToLearner: par_id=0, slot=925, n=3, proxies.size=4, batch_idx=0
I [/opt/actions-runner/_work/mako-fast-reads/mako-fast-reads/src/deptran/paxos/commo.cc:151] 2025-12-10 03:35:52.036 | ForwardToLearner: SENDING to learner site_id=3, slot=925
I [/opt/actions-runner/_work/mako-fast-reads/mako-fast-reads/src/deptran/paxos/commo.cc:125] 2025-12-10 03:35:52.051 | ForwardToLearner: par_id=1, slot=773, n=3, proxies.size=4, batch_idx=0
I [/opt/actions-runner/_work/mako-fast-reads/mako-fast-reads/src/deptran/paxos/commo.cc:151] 2025-12-10 03:35:52.051 | ForwardToLearner: SENDING to learner site_id=7, slot=773
I [/opt/actions-runner/_work/mako-fast-reads/mako-fast-reads/src/deptran/paxos/commo.cc:125] 2025-12-10 03:35:52.093 | ForwardToLearner: par_id=0, slot=926, n=3, proxies.size=4, batch_idx=0
I [/opt/actions-runner/_work/mako-fast-reads/mako-fast-reads/src/deptran/paxos/commo.cc:151] 2025-12-10 03:35:52.093 | ForwardToLearner: SENDING to learner site_id=3, slot=926
I [/opt/actions-runner/_work/mako-fast-reads/mako-fast-reads/src/deptran/paxos/commo.cc:125] 2025-12-10 03:35:52.103 | ForwardToLearner: par_id=1, slot=774, n=3, proxies.size=4, batch_idx=0
I [/opt/actions-runner/_work/mako-fast-reads/mako-fast-reads/src/deptran/paxos/commo.cc:151] 2025-12-10 03:35:52.103 | ForwardToLearner: SENDING to learner site_id=7, slot=774
I [/opt/actions-runner/_work/mako-fast-reads/mako-fast-reads/src/deptran/paxos/commo.cc:125] 2025-12-10 03:35:52.135 | ForwardToLearner: par_id=0, slot=927, n=3, proxies.size=4, batch_idx=0
I [/opt/actions-runner/_work/mako-fast-reads/mako-fast-reads/src/deptran/paxos/commo.cc:151] 2025-12-10 03:35:52.135 | ForwardToLearner: SENDING to learner site_id=3, slot=927
I [/opt/actions-runner/_work/mako-fast-reads/mako-fast-reads/src/deptran/paxos/commo.cc:125] 2025-12-10 03:35:52.144 | ForwardToLearner: par_id=0, slot=928, n=3, proxies.size=4, batch_idx=0
I [/opt/actions-runner/_work/mako-fast-reads/mako-fast-reads/src/deptran/paxos/commo.cc:151] 2025-12-10 03:35:52.144 | ForwardToLearner: SENDING to learner site_id=3, slot=928
I [/opt/actions-runner/_work/mako-fast-reads/mako-fast-reads/src/deptran/paxos/commo.cc:125] 2025-12-10 03:35:52.148 | ForwardToLearner: par_id=0, slot=929, n=3, proxies.size=4, batch_idx=0
I [/opt/actions-runner/_work/mako-fast-reads/mako-fast-reads/src/deptran/paxos/commo.cc:151] 2025-12-10 03:35:52.148 | ForwardToLearner: SENDING to learner site_id=3, slot=929
I [/opt/actions-runner/_work/mako-fast-reads/mako-fast-reads/src/deptran/paxos/commo.cc:125] 2025-12-10 03:35:52.156 | ForwardToLearner: par_id=1, slot=775, n=3, proxies.size=4, batch_idx=0
I [/opt/actions-runner/_work/mako-fast-reads/mako-fast-reads/src/deptran/paxos/commo.cc:151] 2025-12-10 03:35:52.156 | ForwardToLearner: SENDING to learner site_id=7, slot=775
I [/opt/actions-runner/_work/mako-fast-reads/mako-fast-reads/src/deptran/paxos/commo.cc:125] 2025-12-10 03:35:52.180 | ForwardToLearner: par_id=0, slot=930, n=3, proxies.size=4, batch_idx=0
I [/opt/actions-runner/_work/mako-fast-reads/mako-fast-reads/src/deptran/paxos/commo.cc:151] 2025-12-10 03:35:52.180 | ForwardToLearner: SENDING to learner site_id=3, slot=930
I [/opt/actions-runner/_work/mako-fast-reads/mako-fast-reads/src/deptran/paxos/commo.cc:125] 2025-12-10 03:35:52.207 | ForwardToLearner: par_id=1, slot=776, n=3, proxies.size=4, batch_idx=0
I [/opt/actions-runner/_work/mako-fast-reads/mako-fast-reads/src/deptran/paxos/commo.cc:151] 2025-12-10 03:35:52.207 | ForwardToLearner: SENDING to learner site_id=7, slot=776
I [/opt/actions-runner/_work/mako-fast-reads/mako-fast-reads/src/deptran/paxos/commo.cc:125] 2025-12-10 03:35:52.219 | ForwardToLearner: par_id=0, slot=931, n=3, proxies.size=4, batch_idx=0
I [/opt/actions-runner/_work/mako-fast-reads/mako-fast-reads/src/deptran/paxos/commo.cc:151] 2025-12-10 03:35:52.219 | ForwardToLearner: SENDING to le20251110-03:35.52-374072(us) 19466 * wait_for_termination (mako.hh:538):      follower is waiting for being ended: 0/2, noops_cnt:0, replay_batch:1710, wait_time:28s

arner site_id=3, slot=931
I [/opt/actions-runner/_work/mako-fast-reads/mako-fast-reads/src/deptran/paxos/commo.cc:125] 2025-12-10 03:35:52.240 | ForwardToLearner: par_id=1, slot=777, n=3, proxies.size=4, batch_idx=0
I [/opt/actions-runner/_work/mako-fast-reads/mako-fast-reads/src/deptran/paxos/commo.cc:151] 2025-12-10 03:35:52.240 | ForwardToLearner: SENDING to learner site_id=7, slot=777
I [/opt/actions-runner/_work/mako-fast-reads/mako-fast-reads/src/deptran/paxos/commo.cc:125] 2025-12-10 03:35:52.251 | ForwardToLearner: par_id=1, slot=778, n=3, proxies.size=4, batch_idx=0
I [/opt/actions-runner/_work/mako-fast-reads/mako-fast-reads/src/deptran/paxos/commo.cc:151] 2025-12-10 03:35:52.251 | ForwardToLearner: SENDING to learner site_id=7, slot=778
I [/opt/actions-runner/_work/mako-fast-reads/mako-fast-reads/src/deptran/paxos/commo.cc:125] 2025-12-10 03:35:52.276 | ForwardToLearner: par_id=0, slot=932, n=3, proxies.size=4, batch_idx=0
I [/opt/actions-runner/_work/mako-fast-reads/mako-fast-reads/src/deptran/paxos/commo.cc:151] 2025-12-10 03:35:52.276 | ForwardToLearner: SENDING to learner site_id=3, slot=932
I [/opt/actions-runner/_work/mako-fast-reads/mako-fast-reads/src/deptran/paxos/commo.cc:125] 2025-12-10 03:35:52.299 | ForwardToLearner: par_id=1, slot=779, n=3, proxies.size=4, batch_idx=0
I [/opt/actions-runner/_work/mako-fast-reads/mako-fast-reads/src/deptran/paxos/commo.cc:151] 2025-12-10 03:35:52.299 | ForwardToLearner: SENDING to learner site_id=7, slot=779
I [/opt/actions-runner/_work/mako-fast-reads/mako-fast-reads/src/deptran/paxos/commo.cc:125] 2025-12-10 03:35:52.324 | ForwardToLearner: par_id=0, slot=933, n=3, proxies.size=4, batch_idx=0
I [/opt/actions-runner/_work/mako-fast-reads/mako-fast-reads/src/deptran/paxos/commo.cc:151] 2025-12-10 03:35:52.324 | ForwardToLearner: SENDING to learner site_id=3, slot=933
I [/opt/actions-runner/_work/mako-fast-reads/mako-fast-reads/src/deptran/paxos/commo.cc:125] 2025-12-10 03:35:52.353 | ForwardToLearner: par_id=1, slot=780, n=3, proxies.size=4, batch_idx=0
I [/opt/actions-runner/_work/mako-fast-reads/mako-fast-reads/src/deptran/paxos/commo.cc:151] 2025-12-10 03:35:52.353 | ForwardToLearner: SENDING to learner site_id=7, slot=780
I [/opt/actions-runner/_work/mako-fast-reads/mako-fast-reads/src/deptran/paxos/commo.cc:125] 2025-12-10 03:35:52.364 | ForwardToLearner: par_id=0, slot=934, n=3, proxies.size=4, batch_idx=0
I [/opt/actions-runner/_work/mako-fast-reads/mako-fast-reads/src/deptran/paxos/commo.cc:151] 2025-12-10 03:35:52.364 | ForwardToLearner: SENDING to learner site_id=3, slot=934
I [/opt/actions-runner/_work/mako-fast-reads/mako-fast-reads/src/deptran/paxos/commo.cc:125] 2025-12-10 03:35:52.382 | ForwardToLearner: par_id=0, slot=935, n=3, proxies.size=4, batch_idx=0
I [/opt/actions-runner/_work/mako-fast-reads/mako-fast-reads/src/deptran/paxos/commo.cc:151] 2025-12-10 03:35:52.382 | ForwardToLearner: SENDING to learner site_id=3, slot=935
I [/opt/actions-runner/_work/mako-fast-reads/mako-fast-reads/src/deptran/paxos/commo.cc:125] 2025-12-10 03:35:52.403 | ForwardToLearner: par_id=1, slot=781, n=3, proxies.size=4, batch_idx=0
I [/opt/actions-runner/_work/mako-fast-reads/mako-fast-reads/src/deptran/paxos/commo.cc:151] 2025-12-10 03:35:52.403 | ForwardToLearner: SENDING to learner site_id=7, slot=781
I [/opt/actions-runner/_work/mako-fast-reads/mako-fast-reads/src/deptran/paxos/commo.cc:125] 2025-12-10 03:35:52.421 | ForwardToLearner: par_id=0, slot=936, n=3, proxies.size=4, batch_idx=0
I [/opt/actions-runner/_work/mako-fast-reads/mako-fast-reads/src/deptran/paxos/commo.cc:151] 2025-12-10 03:35:52.421 | ForwardToLearner: SENDING to learner site_id=3, slot=936
I [/opt/actions-runner/_work/mako-fast-reads/mako-fast-reads/src/deptran/paxos/commo.cc:125] 2025-12-10 03:35:52.426 | ForwardToLearner: par_id=0, slot=937, n=3, proxies.size=4, batch_idx=0
I [/opt/actions-runner/_work/mako-fast-reads/mako-fast-reads/src/deptran/paxos/commo.cc:151] 2025-12-10 03:35:52.426 | ForwardToLearner: SENDING to learner site_id=3, slot=937
I [/opt/actions-runner/_work/mako-fast-reads/mako-fast-reads/src/deptran/paxos/commo.cc:125] 2025-12-10 03:35:52.463 | ForwardToLearner: par_id=1, slot=782, n=3, proxies.size=4, batch_idx=0
I [/opt/actions-runner/_work/mako-fast-reads/mako-fast-reads/src/deptran/paxos/commo.cc:151] 2025-12-10 03:35:52.463 | ForwardToLearner: SENDING to learner site_id=7, slot=782
I [/opt/actions-runner/_work/mako-fast-reads/mako-fast-reads/src/deptran/paxos/commo.cc:125] 2025-12-10 03:35:52.474 | ForwardToLearner: par_id=0, slot=938, n=3, proxies.size=4, batch_idx=0
I [/opt/actions-runner/_work/mako-fast-reads/mako-fast-reads/src/deptran/paxos/commo.cc:151] 2025-12-10 03:35:52.474 | ForwardToLearner: SENDING to learner site_id=3, slot=938
I [/opt/actions-runner/_work/mako-fast-reads/mako-fast-reads/src/deptran/paxos/commo.cc:125] 2025-12-10 03:35:52.489 | ForwardToLearner: par_id=1, slot=783, n=3, proxies.size=4, batch_idx=0
I [/opt/actions-runner/_work/mako-fast-reads/mako-fast-reads/src/deptran/paxos/commo.cc:151] 2025-12-10 03:35:52.489 | ForwardToLearner: SENDING to learner site_id=7, slot=783
I [/opt/actions-runner/_work/mako-fast-reads/mako-fast-reads/src/deptran/paxos/commo.cc:125] 2025-12-10 03:35:52.507 | ForwardToLearner: par_id=1, slot=784, n=3, proxies.size=4, batch_idx=0
I [/opt/actions-runner/_work/mako-fast-reads/mako-fast-reads/src/deptran/paxos/commo.cc:151] 2025-12-10 03:35:52.507 | ForwardToLearner: SENDING to learner site_id=7, slot=784
I [/opt/actions-runner/_work/mako-fast-reads/mako-fast-reads/src/deptran/paxos/commo.cc:125] 2025-12-10 03:35:52.518 | ForwardToLearner: par_id=0, slot=939, n=3, proxies.size=4, batch_idx=0
I [/opt/actions-runner/_work/mako-fast-reads/mako-fast-reads/src/deptran/paxos/commo.cc:151] 2025-12-10 03:35:52.518 | ForwardToLearner: SENDING to learner site_id=3, slot=939
I [/opt/actions-runner/_work/mako-fast-reads/mako-fast-reads/src/deptran/paxos/commo.cc:125] 2025-12-10 03:35:52.553 | ForwardToLearner: par_id=1, slot=785, n=3, proxies.size=4, batch_idx=0
I [/opt/actions-runner/_work/mako-fast-reads/mako-fast-reads/src/deptran/paxos/commo.cc:151] 2025-12-10 03:35:52.553 | ForwardToLearner: SENDING to learner site_id=7, slot=785
I [/opt/actions-runner/_work/mako-fast-reads/mako-fast-reads/src/deptran/paxos/commo.cc:125] 2025-12-10 03:35:52.565 | ForwardToLearner: par_id=0, slot=940, n=3, proxies.size=4, batch_idx=0
I [/opt/actions-runner/_work/mako-fast-reads/mako-fast-reads/src/deptran/paxos/commo.cc:151] 2025-12-10 03:35:52.565 | ForwardToLearner: SENDING to learner site_id=3, slot=940
I [/opt/actions-runner/_work/mako-fast-reads/mako-fast-reads/src/deptran/paxos/commo.cc:125] 2025-12-10 03:35:52.594 | ForwardToLearner: par_id=1, slot=786, n=3, proxies.size=4, batch_idx=0
I [/opt/actions-runner/_work/mako-fast-reads/mako-fast-reads/src/deptran/paxos/commo.cc:151] 2025-12-10 03:35:52.594 | ForwardToLearner: SENDING to learner site_id=7, slot=786
I [/opt/actions-runner/_work/mako-fast-reads/mako-fast-reads/src/deptran/paxos/commo.cc:125] 2025-12-10 03:35:52.600 | ForwardToLearner: par_id=0, slot=941, n=3, proxies.size=4, batch_idx=0
I [/opt/actions-runner/_work/mako-fast-reads/mako-fast-reads/src/deptran/paxos/commo.cc:151] 2025-12-10 03:35:52.600 | ForwardToLearner: SENDING to learner site_id=3, slot=941
I [/opt/actions-runner/_work/mako-fast-reads/mako-fast-reads/src/deptran/paxos/commo.cc:125] 2025-12-10 03:35:52.615 | ForwardToLearner: par_id=0, slot=942, n=3, proxies.size=4, batch_idx=0
I [/opt/actions-runner/_work/mako-fast-reads/mako-fast-reads/src/deptran/paxos/commo.cc:151] 2025-12-10 03:35:52.615 | ForwardToLearner: SENDING to learner site_id=3, slot=942
I [/opt/actions-runner/_work/mako-fast-reads/mako-fast-reads/src/deptran/paxos/commo.cc:125] 2025-12-10 03:35:52.641 | ForwardToLearner: par_id=1, slot=787, n=3, proxies.size=4, batch_idx=0
I [/opt/actions-runner/_work/mako-fast-reads/mako-fast-reads/src/deptran/paxos/commo.cc:151] 2025-12-10 03:35:52.641 | ForwardToLearner: SENDING to learner site_id=7, slot=787
I [/opt/actions-runner/_work/mako-fast-reads/mako-fast-reads/src/deptran/paxos/commo.cc:125] 2025-12-10 03:35:52.666 | ForwardToLearner: par_id=0, slot=943, n=3, proxies.size=4, batch_idx=0
I [/opt/actions-runner/_work/mako-fast-reads/mako-fast-reads/src/deptran/paxos/commo.cc:151] 2025-12-10 03:35:52.666 | ForwardToLearner: SENDING to learner site_id=3, slot=943
I [/opt/actions-runner/_work/mako-fast-reads/mako-fast-reads/src/deptran/paxos/commo.cc:125] 2025-12-10 03:35:52.677 | ForwardToLearner: par_id=0, slot=944, n=3, proxies.size=4, batch_idx=0
I [/opt/actions-runner/_work/mako-fast-reads/mako-fast-reads/src/deptran/paxos/commo.cc:151] 2025-12-10 03:35:52.677 | ForwardToLearner: SENDING to learner site_id=3, slot=944
I [/opt/actions-runner/_work/mako-fast-reads/mako-fast-reads/src/deptran/paxos/commo.cc:125] 2025-12-10 03:35:52.691 | ForwardToLearner: par_id=1, slot=788, n=3, proxies.size=4, batch_idx=0
I [/opt/actions-runner/_work/mako-fast-reads/mako-fast-reads/src/deptran/paxos/commo.cc:151] 2025-12-10 03:35:52.691 | ForwardToLearner: SENDING to learner site_id=7, slot=788
I [/opt/actions-runner/_work/mako-fast-reads/mako-fast-reads/src/deptran/paxos/commo.cc:125] 2025-12-10 03:35:52.717 | ForwardToLearner: par_id=0, slot=945, n=3, proxies.size=4, batch_idx=0
I [/opt/actions-runner/_work/mako-fast-reads/mako-fast-reads/src/deptran/paxos/commo.cc:151] 2025-12-10 03:35:52.717 | ForwardToLearner: SENDING to learner site_id=3, slot=945
I [/opt/actions-runner/_work/mako-fast-reads/mako-fast-reads/src/deptran/paxos/commo.cc:125] 2025-12-10 03:35:52.735 | ForwardToLearner: par_id=1, slot=789, n=3, proxies.size=4, batch_idx=0
I [/opt/actions-runner/_work/mako-fast-reads/mako-fast-reads/src/deptran/paxos/commo.cc:151] 2025-12-10 03:35:52.735 | ForwardToLearner: SENDING to learner site_id=7, slot=789
I [/opt/actions-runner/_work/mako-fast-reads/mako-fast-reads/src/deptran/paxos/commo.cc:125] 2025-12-10 03:35:52.737 | ForwardToLearner: par_id=1, slot=790, n=3, proxies.size=4, batch_idx=0
I [/opt/actions-runner/_work/mako-fast-reads/mako-fast-reads/src/deptran/paxos/commo.cc:151] 2025-12-10 03:35:52.737 | ForwardToLearner: SENDING to learner site_id=7, slot=790
I [/opt/actions-runner/_work/mako-fast-reads/mako-fast-reads/src/deptran/paxos/commo.cc:125] 2025-12-10 03:35:52.768 | ForwardToLearner: par_id=0, slot=946, n=3, proxies.size=4, batch_idx=0
I [/opt/actions-runner/_work/mako-fast-reads/mako-fast-reads/src/deptran/paxos/commo.cc:151] 2025-12-10 03:35:52.768 | ForwardToLearner: SENDING to learner site_id=3, slot=946
I [/opt/actions-runner/_work/mako-fast-reads/mako-fast-reads/src/deptran/paxos/commo.cc:125] 2025-12-10 03:35:52.780 | ForwardToLearner: par_id=1, slot=791, n=3, proxies.size=4, batch_idx=0
I [/opt/actions-runner/_work/mako-fast-reads/mako-fast-reads/src/deptran/paxos/commo.cc:151] 2025-12-10 03:35:52.780 | ForwardToLearner: SENDING to learner site_id=7, slot=791
I [/opt/actions-runner/_work/mako-fast-reads/mako-fast-reads/src/deptran/paxos/commo.cc:125] 2025-12-10 03:35:52.812 | ForwardToLearner: par_id=0, slot=947, n=3, proxies.size=4, batch_idx=0
I [/opt/actions-runner/_work/mako-fast-reads/mako-fast-reads/src/deptran/paxos/commo.cc:151] 2025-12-10 03:35:52.812 | ForwardToLearner: SENDING to learner site_id=3, slot=947
I [/opt/actions-runner/_work/mako-fast-reads/mako-fast-reads/src/deptran/paxos/commo.cc:125] 2025-12-10 03:35:52.825 | ForwardToLearner: par_id=1, slot=792, n=3, proxies.size=4, batch_idx=0
I [/opt/actions-runner/_work/mako-fast-reads/mako-fast-reads/src/deptran/paxos/commo.cc:151] 2025-12-10 03:35:52.825 | ForwardToLearner: SENDING to learner site_id=7, slot=792
I [/opt/actions-runner/_work/mako-fast-reads/mako-fast-reads/src/deptran/paxos/commo.cc:125] 2025-12-10 03:35:52.825 | ForwardToLearner: par_id=0, slot=948, n=3, proxies.size=4, batch_idx=0
I [/opt/actions-runner/_work/mako-fast-reads/mako-fast-reads/src/deptran/paxos/commo.cc:151] 2025-12-10 03:35:52.825 | ForwardToLearner: SENDING to learner site_id=3, slot=948
I [/opt/actions-runner/_work/mako-fast-reads/mako-fast-reads/src/deptran/paxos/commo.cc:125] 2025-12-10 03:35:52.859 | ForwardToLearner: par_id=0, slot=949, n=3, proxies.size=4, batch_idx=0
I [/opt/actions-runner/_work/mako-fast-reads/mako-fast-reads/src/deptran/paxos/commo.cc:151] 2025-12-10 03:35:52.859 | ForwardToLearner: SENDING to learner site_id=3, slot=949
I [/opt/actions-runner/_work/mako-fast-reads/mako-fast-reads/src/deptran/paxos/commo.cc:125] 2025-12-10 03:35:52.891 | ForwardToLearner: par_id=1, slot=793, n=3, proxies.size=4, batch_idx=0
I [/opt/actions-runner/_work/mako-fast-reads/mako-fast-reads/src/deptran/paxos/commo.cc:151] 2025-12-10 03:35:52.891 | ForwardToLearner: SENDING to learner site_id=7, slot=793
I [/opt/actions-runner/_work/mako-fast-reads/mako-fast-reads/src/deptran/paxos/commo.cc:125] 2025-12-10 03:35:52.913 | ForwardToLearner: par_id=0, slot=950, n=3, proxies.size=4, batch_idx=0
I [/opt/actions-runner/_work/mako-fast-reads/mako-fast-reads/src/deptran/paxos/commo.cc:151] 2025-12-10 03:35:52.913 | ForwardToLearner: SENDING to learner site_id=3, slot=950
I [/opt/actions-runner/_work/mako-fast-reads/mako-fast-reads/src/deptran/paxos/commo.cc:125] 2025-12-10 03:35:52.932 | ForwardToLearner: par_id=0, slot=951, n=3, proxies.size=4, batch_idx=0
I [/opt/actions-runner/_work/mako-fast-reads/mako-fast-reads/src/deptran/paxos/commo.cc:151] 2025-12-10 03:35:52.932 | ForwardToLearner: SENDING to learner site_id=3, slot=951
I [/opt/actions-runner/_work/mako-fast-reads/mako-fast-reads/src/deptran/paxos/commo.cc:125] 2025-12-10 03:35:52.941 | ForwardToLearner: par_id=1, slot=794, n=3, proxies.size=4, batch_idx=0
I [/opt/actions-runner/_work/mako-fast-reads/mako-fast-reads/src/deptran/paxos/commo.cc:151] 2025-12-10 03:35:52.941 | ForwardToLearner: SENDING to learner site_id=7, slot=794
I [/opt/actions-runner/_work/mako-fast-reads/mako-fast-reads/src/deptran/paxos/commo.cc:125] 2025-12-10 03:35:52.962 | ForwardToLearner: par_id=0, slot=952, n=3, proxies.size=4, batch_idx=0
I [/opt/actions-runner/_work/mako-fast-reads/mako-fast-reads/src/deptran/paxos/commo.cc:151] 2025-12-10 03:35:52.962 | ForwardToLearner: SENDING to learner site_id=3, slot=952
I [/opt/actions-runner/_work/mako-fast-reads/mako-fast-reads/src/deptran/paxos/commo.cc:125] 2025-12-10 03:35:52.983 | ForwardToLearner: par_id=1, slot=795, n=3, proxies.size=4, batch_idx=0
I [/opt/actions-runner/_work/mako-fast-reads/mako-fast-reads/src/deptran/paxos/commo.cc:151] 2025-12-10 03:35:52.983 | ForwardToLearner: SENDING to learner site_id=7, slot=795
I [/opt/actions-runner/_work/mako-fast-reads/mako-fast-reads/src/deptran/paxos/commo.cc:125] 2025-12-10 03:35:52.999 | ForwardToLearner: par_id=1, slot=796, n=3, proxies.size=4, batch_idx=0
I [/opt/actions-runner/_work/mako-fast-reads/mako-fast-reads/src/deptran/paxos/commo.cc:151] 2025-12-10 03:35:52.999 | ForwardToLearner: SENDING to learner site_id=7, slot=796
I [/opt/actions-runner/_work/mako-fast-reads/mako-fast-reads/src/deptran/paxos/commo.cc:125] 2025-12-10 03:35:53.004 | ForwardToLearner: par_id=0, slot=953, n=3, proxies.size=4, batch_idx=0
I [/opt/actions-runner/_work/mako-fast-reads/mako-fast-reads/src/deptran/paxos/commo.cc:151] 2025-12-10 03:35:53.004 | ForwardToLearner: SENDING to learner site_id=3, slot=953
I [/opt/actions-runner/_work/mako-fast-reads/mako-fast-reads/src/deptran/paxos/commo.cc:125] 2025-12-10 03:35:53.030 | ForwardToLearner: par_id=1, slot=797, n=3, proxies.size=4, batch_idx=0
I [/opt/actions-runner/_work/mako-fast-reads/mako-fast-reads/src/deptran/paxos/commo.cc:151] 2025-12-10 03:35:53.030 | ForwardToLearner: SENDING to learner site_id=7, slot=797
I [/opt/actions-runner/_work/mako-fast-reads/mako-fast-reads/src/deptran/paxos/commo.cc:125] 2025-12-10 03:35:53.056 | ForwardToLearner: par_id=0, slot=954, n=3, proxies.size=4, batch_idx=0
I [/opt/actions-runner/_work/mako-fast-reads/mako-fast-reads/src/deptran/paxos/commo.cc:151] 2025-12-10 03:35:53.056 | ForwardToLearner: SENDING to learner site_id=3, slot=954
I [/opt/actions-runner/_work/mako-fast-reads/mako-fast-reads/src/deptran/paxos/commo.cc:125] 2025-12-10 03:35:53.066 | ForwardToLearner: par_id=0, slot=955, n=3, proxies.size=4, batch_idx=0
I [/opt/actions-runner/_work/mako-fast-reads/mako-fast-reads/src/deptran/paxos/commo.cc:151] 2025-12-10 03:35:53.066 | ForwardToLearner: SENDING to learner site_id=3, slot=955
I [/opt/actions-runner/_work/mako-fast-reads/mako-fast-reads/src/deptran/paxos/commo.cc:125] 2025-12-10 03:35:53.077 | ForwardToLearner: par_id=1, slot=798, n=3, proxies.size=4, batch_idx=0
I [/opt/actions-runner/_work/mako-fast-reads/mako-fast-reads/src/deptran/paxos/commo.cc:151] 2025-12-10 03:35:53.077 | ForwardToLearner: SENDING to learner site_id=7, slot=798
I [/opt/actions-runner/_work/mako-fast-reads/mako-fast-reads/src/deptran/paxos/commo.cc:125] 2025-12-10 03:35:53.106 | ForwardToLearner: par_id=0, slot=956, n=3, proxies.size=4, batch_idx=0
I [/opt/actions-runner/_work/mako-fast-reads/mako-fast-reads/src/deptran/paxos/commo.cc:151] 2025-12-10 03:35:53.106 | ForwardToLearner: SENDING to learner site_id=3, slot=956
I [/opt/actions-runner/_work/mako-fast-reads/mako-fast-reads/src/deptran/paxos/commo.cc:125] 2025-12-10 03:35:53.127 | ForwardToLearner: par_id=1, slot=799, n=3, proxies.size=4, batch_idx=0
I [/opt/actions-runner/_work/mako-fast-reads/mako-fast-reads/src/deptran/paxos/commo.cc:151] 2025-12-10 03:35:53.127 | ForwardToLearner: SENDING to learner site_id=7, slot=799
I [/opt/actions-runner/_work/mako-fast-reads/mako-fast-reads/src/deptran/paxos/commo.cc:125] 2025-12-10 03:35:53.143 | ForwardToLearner: par_id=0, slot=957, n=3, proxies.size=4, batch_idx=0
I [/opt/actions-runner/_work/mako-fast-reads/mako-fast-reads/src/deptran/paxos/commo.cc:151] 2025-12-10 03:35:53.143 | ForwardToLearner: SENDING to learner site_id=3, slot=957
I [/opt/actions-runner/_work/mako-fast-reads/mako-fast-reads/src/deptran/paxos/commo.cc:125] 2025-12-10 03:35:53.151 | ForwardToLearner: par_id=0, slot=958, n=3, proxies.size=4, batch_idx=0
I [/opt/actions-runner/_work/mako-fast-reads/mako-fast-reads/src/deptran/paxos/commo.cc:151] 2025-12-10 03:35:53.151 | ForwardToLearner: SENDING to learner site_id=3, slot=958
I [/opt/actions-runner/_work/mako-fast-reads/mako-fast-reads/src/deptran/paxos/commo.cc:125] 2025-12-10 03:35:53.176 | ForwardToLearner: par_id=1, slot=800, n=3, proxies.size=4, batch_idx=0
I [/opt/actions-runner/_work/mako-fast-reads/mako-fast-reads/src/deptran/paxos/commo.cc:151] 2025-12-10 03:35:53.176 | ForwardToLearner: SENDING to learner site_id=7, slot=800
I [/opt/actions-runner/_work/mako-fast-reads/mako-fast-reads/src/deptran/paxos/commo.cc:125] 2025-12-10 03:35:53.186 | ForwardToLearner: par_id=0, slot=959, n=3, proxies.size=4, batch_idx=0
I [/opt/actions-runner/_work/mako-fast-reads/mako-fast-reads/src/deptran/paxos/commo.cc:151] 2025-12-10 03:35:53.186 | ForwardToLearner: SENDING to learner site_id=3, slot=959
I [/opt/actions-runner/_work/mako-fast-reads/mako-fast-reads/src/deptran/paxos/commo.cc:125] 2025-12-10 03:35:53.226 | ForwardToLearner: par_id=0, slot=960, n=3, proxies.size=4, batch_idx=0
I [/opt/actions-runner/_work/mako-fast-reads/mako-fast-reads/src/deptran/paxos/commo.cc:151] 2025-12-10 03:35:53.226 | ForwardToLearner: SENDING to learner site_id=3, slot=960
I [/opt/actions-runner/_work/mako-fast-reads/mako-fast-reads/src/deptran/paxos/commo.cc:125] 2025-12-10 03:35:53.227 | ForwardToLearner: par_id=1, slot=801, n=3, proxies.size=4, batch_idx=0
I [/opt/actions-runner/_work/mako-fast-reads/mako-fast-reads/src/deptran/paxos/commo.cc:151] 2025-12-10 03:35:53.227 | ForwardToLearner: SENDING to learner site_id=7, slot=801
I [/opt/actions-runner/_work/mako-fast-reads/mako-fast-reads/src/deptran/paxos/commo.cc:125] 2025-12-10 03:35:53.247 | ForwardToLearner: par_id=1, slot=802, n=3, proxies.size=4, batch_idx=0
I [/opt/actions-runner/_work/mako-fast-reads/mako-fast-reads/src/deptran/paxos/commo.cc:151] 2025-12-10 03:35:53.247 | ForwardToLearner: SENDING to learner site_id=7, slot=802
I [/opt/actions-runner/_work/mako-fast-reads/mako-fast-reads/src/deptran/paxos/commo.cc:125] 2025-12-10 03:35:53.275 | ForwardToLearner: par_id=1, slot=803, n=3, proxies.size=4, batch_idx=0
I [/opt/actions-runner/_work/mako-fast-reads/mako-fast-reads/src/deptran/paxos/commo.cc:151] 2025-12-10 03:35:53.275 | ForwardToLearne20251110-03:35.53-374159(us) 19466 * wait_for_termination (mako.hh:538):      follower is waiting for being ended: 0/2, noops_cnt:0, replay_batch:1766, wait_time:29s

r: SENDING to learner site_id=7, slot=803
I [/opt/actions-runner/_work/mako-fast-reads/mako-fast-reads/src/deptran/paxos/commo.cc:125] 2025-12-10 03:35:53.279 | ForwardToLearner: par_id=0, slot=961, n=3, proxies.size=4, batch_idx=0
I [/opt/actions-runner/_work/mako-fast-reads/mako-fast-reads/src/deptran/paxos/commo.cc:151] 2025-12-10 03:35:53.279 | ForwardToLearner: SENDING to learner site_id=3, slot=961
I [/opt/actions-runner/_work/mako-fast-reads/mako-fast-reads/src/deptran/paxos/commo.cc:125] 2025-12-10 03:35:53.304 | ForwardToLearner: par_id=0, slot=962, n=3, proxies.size=4, batch_idx=0
I [/opt/actions-runner/_work/mako-fast-reads/mako-fast-reads/src/deptran/paxos/commo.cc:151] 2025-12-10 03:35:53.304 | ForwardToLearner: SENDING to learner site_id=3, slot=962
I [/opt/actions-runner/_work/mako-fast-reads/mako-fast-reads/src/deptran/paxos/commo.cc:125] 2025-12-10 03:35:53.318 | ForwardToLearner: par_id=0, slot=963, n=3, proxies.size=4, batch_idx=0
I [/opt/actions-runner/_work/mako-fast-reads/mako-fast-reads/src/deptran/paxos/commo.cc:151] 2025-12-10 03:35:53.318 | ForwardToLearner: SENDING to learner site_id=3, slot=963
I [/opt/actions-runner/_work/mako-fast-reads/mako-fast-reads/src/deptran/paxos/commo.cc:125] 2025-12-10 03:35:53.319 | ForwardToLearner: par_id=1, slot=804, n=3, proxies.size=4, batch_idx=0
I [/opt/actions-runner/_work/mako-fast-reads/mako-fast-reads/src/deptran/paxos/commo.cc:151] 2025-12-10 03:35:53.319 | ForwardToLearner: SENDING to learner site_id=7, slot=804
I [/opt/actions-runner/_work/mako-fast-reads/mako-fast-reads/src/deptran/paxos/commo.cc:125] 2025-12-10 03:35:53.362 | ForwardToLearner: par_id=0, slot=964, n=3, proxies.size=4, batch_idx=0
I [/opt/actions-runner/_work/mako-fast-reads/mako-fast-reads/src/deptran/paxos/commo.cc:151] 2025-12-10 03:35:53.362 | ForwardToLearner: SENDING to learner site_id=3, slot=964
I [/opt/actions-runner/_work/mako-fast-reads/mako-fast-reads/src/deptran/paxos/commo.cc:125] 2025-12-10 03:35:53.364 | ForwardToLearner: par_id=1, slot=805, n=3, proxies.size=4, batch_idx=0
I [/opt/actions-runner/_work/mako-fast-reads/mako-fast-reads/src/deptran/paxos/commo.cc:151] 2025-12-10 03:35:53.364 | ForwardToLearner: SENDING to learner site_id=7, slot=805
I [/opt/actions-runner/_work/mako-fast-reads/mako-fast-reads/src/deptran/paxos/commo.cc:125] 2025-12-10 03:35:53.365 | ForwardToLearner: par_id=0, slot=965, n=3, proxies.size=4, batch_idx=0
I [/opt/actions-runner/_work/mako-fast-reads/mako-fast-reads/src/deptran/paxos/commo.cc:151] 2025-12-10 03:35:53.365 | ForwardToLearner: SENDING to learner site_id=3, slot=965
I [/opt/actions-runner/_work/mako-fast-reads/mako-fast-reads/src/deptran/paxos/commo.cc:125] 2025-12-10 03:35:53.412 | ForwardToLearner: par_id=1, slot=806, n=3, proxies.size=4, batch_idx=0
I [/opt/actions-runner/_work/mako-fast-reads/mako-fast-reads/src/deptran/paxos/commo.cc:151] 2025-12-10 03:35:53.412 | ForwardToLearner: SENDING to learner site_id=7, slot=806
I [/opt/actions-runner/_work/mako-fast-reads/mako-fast-reads/src/deptran/paxos/commo.cc:125] 2025-12-10 03:35:53.423 | ForwardToLearner: par_id=0, slot=966, n=3, proxies.size=4, batch_idx=0
I [/opt/actions-runner/_work/mako-fast-reads/mako-fast-reads/src/deptran/paxos/commo.cc:151] 2025-12-10 03:35:53.423 | ForwardToLearner: SENDING to learner site_id=3, slot=966
I [/opt/actions-runner/_work/mako-fast-reads/mako-fast-reads/src/deptran/paxos/commo.cc:125] 2025-12-10 03:35:53.443 | ForwardToLearner: par_id=1, slot=807, n=3, proxies.size=4, batch_idx=0
I [/opt/actions-runner/_work/mako-fast-reads/mako-fast-reads/src/deptran/paxos/commo.cc:151] 2025-12-10 03:35:53.443 | ForwardToLearner: SENDING to learner site_id=7, slot=807
I [/opt/actions-runner/_work/mako-fast-reads/mako-fast-reads/src/deptran/paxos/commo.cc:125] 2025-12-10 03:35:53.446 | ForwardToLearner: par_id=1, slot=808, n=3, proxies.size=4, batch_idx=0
I [/opt/actions-runner/_work/mako-fast-reads/mako-fast-reads/src/deptran/paxos/commo.cc:151] 2025-12-10 03:35:53.446 | ForwardToLearner: SENDING to learner site_id=7, slot=808
I [/opt/actions-runner/_work/mako-fast-reads/mako-fast-reads/src/deptran/paxos/commo.cc:125] 2025-12-10 03:35:53.471 | ForwardToLearner: par_id=0, slot=967, n=3, proxies.size=4, batch_idx=0
I [/opt/actions-runner/_work/mako-fast-reads/mako-fast-reads/src/deptran/paxos/commo.cc:151] 2025-12-10 03:35:53.471 | ForwardToLearner: SENDING to learner site_id=3, slot=967
I [/opt/actions-runner/_work/mako-fast-reads/mako-fast-reads/src/deptran/paxos/commo.cc:125] 2025-12-10 03:35:53.482 | ForwardToLearner: par_id=1, slot=809, n=3, proxies.size=4, batch_idx=0
I [/opt/actions-runner/_work/mako-fast-reads/mako-fast-reads/src/deptran/paxos/commo.cc:151] 2025-12-10 03:35:53.482 | ForwardToLearner: SENDING to learner site_id=7, slot=809
I [/opt/actions-runner/_work/mako-fast-reads/mako-fast-reads/src/deptran/paxos/commo.cc:125] 2025-12-10 03:35:53.520 | ForwardToLearner: par_id=0, slot=968, n=3, proxies.size=4, batch_idx=0
I [/opt/actions-runner/_work/mako-fast-reads/mako-fast-reads/src/deptran/paxos/commo.cc:151] 2025-12-10 03:35:53.520 | ForwardToLearner: SENDING to learner site_id=3, slot=968
I [/opt/actions-runner/_work/mako-fast-reads/mako-fast-reads/src/deptran/paxos/commo.cc:125] 2025-12-10 03:35:53.522 | ForwardToLearner: par_id=1, slot=810, n=3, proxies.size=4, batch_idx=0
I [/opt/actions-runner/_work/mako-fast-reads/mako-fast-reads/src/deptran/paxos/commo.cc:151] 2025-12-10 03:35:53.522 | ForwardToLearner: SENDING to learner site_id=7, slot=810
I [/opt/actions-runner/_work/mako-fast-reads/mako-fast-reads/src/deptran/paxos/commo.cc:125] 2025-12-10 03:35:53.550 | ForwardToLearner: par_id=0, slot=969, n=3, proxies.size=4, batch_idx=0
I [/opt/actions-runner/_work/mako-fast-reads/mako-fast-reads/src/deptran/paxos/commo.cc:151] 2025-12-10 03:35:53.550 | ForwardToLearner: SENDING to learner site_id=3, slot=969
I [/opt/actions-runner/_work/mako-fast-reads/mako-fast-reads/src/deptran/paxos/commo.cc:125] 2025-12-10 03:35:53.573 | ForwardToLearner: par_id=0, slot=970, n=3, proxies.size=4, batch_idx=0
I [/opt/actions-runner/_work/mako-fast-reads/mako-fast-reads/src/deptran/paxos/commo.cc:151] 2025-12-10 03:35:53.573 | ForwardToLearner: SENDING to learner site_id=3, slot=970
I [/opt/actions-runner/_work/mako-fast-reads/mako-fast-reads/src/deptran/paxos/commo.cc:125] 2025-12-10 03:35:53.584 | ForwardToLearner: par_id=1, slot=811, n=3, proxies.size=4, batch_idx=0
I [/opt/actions-runner/_work/mako-fast-reads/mako-fast-reads/src/deptran/paxos/commo.cc:151] 2025-12-10 03:35:53.584 | ForwardToLearner: SENDING to learner site_id=7, slot=811
I [/opt/actions-runner/_work/mako-fast-reads/mako-fast-reads/src/deptran/paxos/commo.cc:125] 2025-12-10 03:35:53.597 | ForwardToLearner: par_id=0, slot=971, n=3, proxies.size=4, batch_idx=0
I [/opt/actions-runner/_work/mako-fast-reads/mako-fast-reads/src/deptran/paxos/commo.cc:151] 2025-12-10 03:35:53.597 | ForwardToLearner: SENDING to learner site_id=3, slot=971
I [/opt/actions-runner/_work/mako-fast-reads/mako-fast-reads/src/deptran/paxos/commo.cc:125] 2025-12-10 03:35:53.619 | ForwardToLearner: par_id=0, slot=972, n=3, proxies.size=4, batch_idx=0
I [/opt/actions-runner/_work/mako-fast-reads/mako-fast-reads/src/deptran/paxos/commo.cc:151] 2025-12-10 03:35:53.619 | ForwardToLearner: SENDING to learner site_id=3, slot=972
I [/opt/actions-runner/_work/mako-fast-reads/mako-fast-reads/src/deptran/paxos/commo.cc:125] 2025-12-10 03:35:53.631 | ForwardToLearner: par_id=1, slot=812, n=3, proxies.size=4, batch_idx=0
I [/opt/actions-runner/_work/mako-fast-reads/mako-fast-reads/src/deptran/paxos/commo.cc:151] 2025-12-10 03:35:53.632 | ForwardToLearner: SENDING to learner site_id=7, slot=812
I [/opt/actions-runner/_work/mako-fast-reads/mako-fast-reads/src/deptran/paxos/commo.cc:125] 2025-12-10 03:35:53.664 | ForwardToLearner: par_id=0, slot=973, n=3, proxies.size=4, batch_idx=0
I [/opt/actions-runner/_work/mako-fast-reads/mako-fast-reads/src/deptran/paxos/commo.cc:151] 2025-12-10 03:35:53.664 | ForwardToLearner: SENDING to learner site_id=3, slot=973
I [/opt/actions-runner/_work/mako-fast-reads/mako-fast-reads/src/deptran/paxos/commo.cc:125] 2025-12-10 03:35:53.675 | ForwardToLearner: par_id=1, slot=813, n=3, proxies.size=4, batch_idx=0
I [/opt/actions-runner/_work/mako-fast-reads/mako-fast-reads/src/deptran/paxos/commo.cc:151] 2025-12-10 03:35:53.675 | ForwardToLearner: SENDING to learner site_id=7, slot=813
I [/opt/actions-runner/_work/mako-fast-reads/mako-fast-reads/src/deptran/paxos/commo.cc:125] 2025-12-10 03:35:53.690 | ForwardToLearner: par_id=1, slot=814, n=3, proxies.size=4, batch_idx=0
I [/opt/actions-runner/_work/mako-fast-reads/mako-fast-reads/src/deptran/paxos/commo.cc:151] 2025-12-10 03:35:53.690 | ForwardToLearner: SENDING to learner site_id=7, slot=814
I [/opt/actions-runner/_work/mako-fast-reads/mako-fast-reads/src/deptran/paxos/commo.cc:125] 2025-12-10 03:35:53.709 | ForwardToLearner: par_id=0, slot=974, n=3, proxies.size=4, batch_idx=0
I [/opt/actions-runner/_work/mako-fast-reads/mako-fast-reads/src/deptran/paxos/commo.cc:151] 2025-12-10 03:35:53.709 | ForwardToLearner: SENDING to learner site_id=3, slot=974
I [/opt/actions-runner/_work/mako-fast-reads/mako-fast-reads/src/deptran/paxos/commo.cc:125] 2025-12-10 03:35:53.725 | ForwardToLearner: par_id=1, slot=815, n=3, proxies.size=4, batch_idx=0
I [/opt/actions-runner/_work/mako-fast-reads/mako-fast-reads/src/deptran/paxos/commo.cc:151] 2025-12-10 03:35:53.725 | ForwardToLearner: SENDING to learner site_id=7, slot=815
I [/opt/actions-runner/_work/mako-fast-reads/mako-fast-reads/src/deptran/paxos/commo.cc:125] 2025-12-10 03:35:53.753 | ForwardToLearner: par_id=0, slot=975, n=3, proxies.size=4, batch_idx=0
I [/opt/actions-runner/_work/mako-fast-reads/mako-fast-reads/src/deptran/paxos/commo.cc:151] 2025-12-10 03:35:53.753 | ForwardToLearner: SENDING to learner site_id=3, slot=975
I [/opt/actions-runner/_work/mako-fast-reads/mako-fast-reads/src/deptran/paxos/commo.cc:125] 2025-12-10 03:35:53.774 | ForwardToLearner: par_id=1, slot=816, n=3, proxies.size=4, batch_idx=0
I [/opt/actions-runner/_work/mako-fast-reads/mako-fast-reads/src/deptran/paxos/commo.cc:151] 2025-12-10 03:35:53.774 | ForwardToLearner: SENDING to learner site_id=7, slot=816
I [/opt/actions-runner/_work/mako-fast-reads/mako-fast-reads/src/deptran/paxos/commo.cc:125] 2025-12-10 03:35:53.794 | ForwardToLearner: par_id=0, slot=976, n=3, proxies.size=4, batch_idx=0
I [/opt/actions-runner/_work/mako-fast-reads/mako-fast-reads/src/deptran/paxos/commo.cc:151] 2025-12-10 03:35:53.794 | ForwardToLearner: SENDING to learner site_id=3, slot=976
I [/opt/actions-runner/_work/mako-fast-reads/mako-fast-reads/src/deptran/paxos/commo.cc:125] 2025-12-10 03:35:53.798 | ForwardToLearner: par_id=0, slot=977, n=3, proxies.size=4, batch_idx=0
I [/opt/actions-runner/_work/mako-fast-reads/mako-fast-reads/src/deptran/paxos/commo.cc:151] 2025-12-10 03:35:53.798 | ForwardToLearner: SENDING to learner site_id=3, slot=977
I [/opt/actions-runner/_work/mako-fast-reads/mako-fast-reads/src/deptran/paxos/commo.cc:125] 2025-12-10 03:35:53.816 | ForwardToLearner: par_id=1, slot=817, n=3, proxies.size=4, batch_idx=0
I [/opt/actions-runner/_work/mako-fast-reads/mako-fast-reads/src/deptran/paxos/commo.cc:151] 2025-12-10 03:35:53.816 | ForwardToLearner: SENDING to learner site_id=7, slot=817
I [/opt/actions-runner/_work/mako-fast-reads/mako-fast-reads/src/deptran/paxos/commo.cc:125] 2025-12-10 03:35:53.824 | ForwardToLearner: par_id=0, slot=978, n=3, proxies.size=4, batch_idx=0
I [/opt/actions-runner/_work/mako-fast-reads/mako-fast-reads/src/deptran/paxos/commo.cc:151] 2025-12-10 03:35:53.824 | ForwardToLearner: SENDING to learner site_id=3, slot=978
I [/opt/actions-runner/_work/mako-fast-reads/mako-fast-reads/src/deptran/paxos/commo.cc:125] 2025-12-10 03:35:53.847 | ForwardToLearner: par_id=0, slot=979, n=3, proxies.size=4, batch_idx=0
I [/opt/actions-runner/_work/mako-fast-reads/mako-fast-reads/src/deptran/paxos/commo.cc:151] 2025-12-10 03:35:53.847 | ForwardToLearner: SENDING to learner site_id=3, slot=979
I [/opt/actions-runner/_work/mako-fast-reads/mako-fast-reads/src/deptran/paxos/commo.cc:125] 2025-12-10 03:35:53.865 | ForwardToLearner: par_id=1, slot=818, n=3, proxies.size=4, batch_idx=0
I [/opt/actions-runner/_work/mako-fast-reads/mako-fast-reads/src/deptran/paxos/commo.cc:151] 2025-12-10 03:35:53.865 | ForwardToLearner: SENDING to learner site_id=7, slot=818
I [/opt/actions-runner/_work/mako-fast-reads/mako-fast-reads/src/deptran/paxos/commo.cc:125] 2025-12-10 03:35:53.889 | ForwardToLearner: par_id=0, slot=980, n=3, proxies.size=4, batch_idx=0
I [/opt/actions-runner/_work/mako-fast-reads/mako-fast-reads/src/deptran/paxos/commo.cc:151] 2025-12-10 03:35:53.889 | ForwardToLearner: SENDING to learner site_id=3, slot=980
I [/opt/actions-runner/_work/mako-fast-reads/mako-fast-reads/src/deptran/paxos/commo.cc:125] 2025-12-10 03:35:53.909 | ForwardToLearner: par_id=1, slot=819, n=3, proxies.size=4, batch_idx=0
I [/opt/actions-runner/_work/mako-fast-reads/mako-fast-reads/src/deptran/paxos/commo.cc:151] 2025-12-10 03:35:53.909 | ForwardToLearner: SENDING to learner site_id=7, slot=819
I [/opt/actions-runner/_work/mako-fast-reads/mako-fast-reads/src/deptran/paxos/commo.cc:125] 2025-12-10 03:35:53.922 | ForwardToLearner: par_id=0, slot=981, n=3, proxies.size=4, batch_idx=0
I [/opt/actions-runner/_work/mako-fast-reads/mako-fast-reads/src/deptran/paxos/commo.cc:151] 2025-12-10 03:35:53.922 | ForwardToLearner: SENDING to learner site_id=3, slot=981
I [/opt/actions-runner/_work/mako-fast-reads/mako-fast-reads/src/deptran/paxos/commo.cc:125] 2025-12-10 03:35:53.928 | ForwardToLearner: par_id=1, slot=820, n=3, proxies.size=4, batch_idx=0
I [/opt/actions-runner/_work/mako-fast-reads/mako-fast-reads/src/deptran/paxos/commo.cc:151] 2025-12-10 03:35:53.928 | ForwardToLearner: SENDING to learner site_id=7, slot=820
I [/opt/actions-runner/_work/mako-fast-reads/mako-fast-reads/src/deptran/paxos/commo.cc:125] 2025-12-10 03:35:53.953 | ForwardToLearner: par_id=1, slot=821, n=3, proxies.size=4, batch_idx=0
I [/opt/actions-runner/_work/mako-fast-reads/mako-fast-reads/src/deptran/paxos/commo.cc:151] 2025-12-10 03:35:53.953 | ForwardToLearner: SENDING to learner site_id=7, slot=821
I [/opt/actions-runner/_work/mako-fast-reads/mako-fast-reads/src/deptran/paxos/commo.cc:125] 2025-12-10 03:35:53.967 | ForwardToLearner: par_id=0, slot=982, n=3, proxies.size=4, batch_idx=0
I [/opt/actions-runner/_work/mako-fast-reads/mako-fast-reads/src/deptran/paxos/commo.cc:151] 2025-12-10 03:35:53.967 | ForwardToLearner: SENDING to learner site_id=3, slot=982
I [/opt/actions-runner/_work/mako-fast-reads/mako-fast-reads/src/deptran/paxos/commo.cc:125] 2025-12-10 03:35:53.000 | ForwardToLearner: par_id=1, slot=822, n=3, proxies.size=4, batch_idx=0
I [/opt/actions-runner/_work/mako-fast-reads/mako-fast-reads/src/deptran/paxos/commo.cc:151] 2025-12-10 03:35:53.000 | ForwardToLearner: SENDING to learner site_id=7, slot=822
I [/opt/actions-runner/_work/mako-fast-reads/mako-fast-reads/src/deptran/paxos/commo.cc:125] 2025-12-10 03:35:54.004 | ForwardToLearner: par_id=0, slot=983, n=3, proxies.size=4, batch_idx=0
I [/opt/actions-runner/_work/mako-fast-reads/mako-fast-reads/src/deptran/paxos/commo.cc:151] 2025-12-10 03:35:54.004 | ForwardToLearner: SENDING to learner site_id=3, slot=983
I [/opt/actions-runner/_work/mako-fast-reads/mako-fast-reads/src/deptran/paxos/commo.cc:125] 2025-12-10 03:35:54.020 | ForwardToLearner: par_id=0, slot=984, n=3, proxies.size=4, batch_idx=0
I [/opt/actions-runner/_work/mako-fast-reads/mako-fast-reads/src/deptran/paxos/commo.cc:151] 2025-12-10 03:35:54.020 | ForwardToLearner: SENDING to learner site_id=3, slot=984
I [/opt/actions-runner/_work/mako-fast-reads/mako-fast-reads/src/deptran/paxos/commo.cc:125] 2025-12-10 03:35:54.038 | ForwardToLearner: par_id=1, slot=823, n=3, proxies.size=4, batch_idx=0
I [/opt/actions-runner/_work/mako-fast-reads/mako-fast-reads/src/deptran/paxos/commo.cc:151] 2025-12-10 03:35:54.038 | ForwardToLearner: SENDING to learner site_id=7, slot=823
I [/opt/actions-runner/_work/mako-fast-reads/mako-fast-reads/src/deptran/paxos/commo.cc:125] 2025-12-10 03:35:54.060 | ForwardToLearner: par_id=0, slot=985, n=3, proxies.size=4, batch_idx=0
I [/opt/actions-runner/_work/mako-fast-reads/mako-fast-reads/src/deptran/paxos/commo.cc:151] 2025-12-10 03:35:54.060 | ForwardToLearner: SENDING to learner site_id=3, slot=985
I [/opt/actions-runner/_work/mako-fast-reads/mako-fast-reads/src/deptran/paxos/commo.cc:125] 2025-12-10 03:35:54.079 | ForwardToLearner: par_id=0, slot=986, n=3, proxies.size=4, batch_idx=0
I [/opt/actions-runner/_work/mako-fast-reads/mako-fast-reads/src/deptran/paxos/commo.cc:151] 2025-12-10 03:35:54.079 | ForwardToLearner: SENDING to learner site_id=3, slot=986
I [/opt/actions-runner/_work/mako-fast-reads/mako-fast-reads/src/deptran/paxos/commo.cc:125] 2025-12-10 03:35:54.088 | ForwardToLearner: par_id=1, slot=824, n=3, proxies.size=4, batch_idx=0
I [/opt/actions-runner/_work/mako-fast-reads/mako-fast-reads/src/deptran/paxos/commo.cc:151] 2025-12-10 03:35:54.088 | ForwardToLearner: SENDING to learner site_id=7, slot=824
I [/opt/actions-runner/_work/mako-fast-reads/mako-fast-reads/src/deptran/paxos/commo.cc:125] 2025-12-10 03:35:54.098 | ForwardToLearner: par_id=0, slot=987, n=3, proxies.size=4, batch_idx=0
I [/opt/actions-runner/_work/mako-fast-reads/mako-fast-reads/src/deptran/paxos/commo.cc:151] 2025-12-10 03:35:54.098 | ForwardToLearner: SENDING to learner site_id=3, slot=987
I [/opt/actions-runner/_work/mako-fast-reads/mako-fast-reads/src/deptran/paxos/commo.cc:125] 2025-12-10 03:35:54.127 | ForwardToLearner: par_id=1, slot=825, n=3, proxies.size=4, batch_idx=0
I [/opt/actions-runner/_work/mako-fast-reads/mako-fast-reads/src/deptran/paxos/commo.cc:151] 2025-12-10 03:35:54.127 | ForwardToLearner: SENDING to learner site_id=7, slot=825
I [/opt/actions-runner/_work/mako-fast-reads/mako-fast-reads/src/deptran/paxos/commo.cc:125] 2025-12-10 03:35:54.146 | ForwardToLearner: par_id=0, slot=988, n=3, proxies.size=4, batch_idx=0
I [/opt/actions-runner/_work/mako-fast-reads/mako-fast-reads/src/deptran/paxos/commo.cc:151] 2025-12-10 03:35:54.146 | ForwardToLearner: SENDING to learner site_id=3, slot=988
I [/opt/actions-runner/_work/mako-fast-reads/mako-fast-reads/src/deptran/paxos/commo.cc:125] 2025-12-10 03:35:54.162 | ForwardToLearner: par_id=1, slot=826, n=3, proxies.size=4, batch_idx=0
I [/opt/actions-runner/_work/mako-fast-reads/mako-fast-reads/src/deptran/paxos/commo.cc:151] 2025-12-10 03:35:54.162 | ForwardToLearner: SENDING to learner site_id=7, slot=826
I [/opt/actions-runner/_work/mako-fast-reads/mako-fast-reads/src/deptran/paxos/commo.cc:125] 2025-12-10 03:35:54.178 | ForwardToLearner: par_id=1, slot=827, n=3, proxies.size=4, batch_idx=0
I [/opt/actions-runner/_work/mako-fast-reads/mako-fast-reads/src/deptran/paxos/commo.cc:151] 2025-12-10 03:35:54.178 | ForwardToLearner: SENDING to learner site_id=7, slot=827
I [/opt/actions-runner/_work/mako-fast-reads/mako-fast-reads/src/deptran/paxos/commo.cc:125] 2025-12-10 03:35:54.194 | ForwardToLearner: par_id=0, slot=989, n=3, proxies.size=4, batch_idx=0
I [/opt/actions-runner/_work/mako-fast-reads/mako-fast-reads/src/deptran/paxos/commo.cc:151] 2025-12-10 03:35:54.194 | ForwardToLearner: SENDING to learner site_id=3, slot=989
I [/opt/actions-runner/_work/mako-fast-reads/mako-fast-reads/src/deptran/paxos/commo.cc:125] 2025-12-10 03:35:54.226 | ForwardToLearner: par_id=1, slot=828, n=3, proxies.size=4, batch_idx=0
I [/opt/actions-runner/_work/mako-fast-reads/mako-fast-reads/src/deptran/paxos/commo.cc:151] 2025-12-10 03:35:54.226 | ForwardToLearner: SENDING to learner site_id=7, slot=828
I [/opt/actions-runner/_work/mako-fast-reads/mako-fast-reads/src/deptran/paxos/commo.cc:125] 2025-12-10 03:35:54.231 | ForwardToLearner: par_id=0, slot=990, n=3, proxies.size=4, batch_idx=0
I [/opt/actions-runner/_work/mako-fast-reads/mako-fast-reads/src/deptran/paxos/commo.cc:151] 2025-12-10 03:35:54.231 | ForwardToLearner: SENDING to learner site_id=3, slot=990
I [/opt/actions-runner/_work/mako-fast-reads/mako-fast-reads/src/deptran/paxos/commo.cc:125] 2025-12-10 03:35:54.245 | ForwardToLearner: par_id=0, slot=991, n=3, proxies.size=4, batch_idx=0
I [/opt/actions-runner/_work/mako-fast-reads/mako-fast-reads/src/deptran/paxos/commo.cc:151] 2025-12-10 03:35:54.245 |20251110-03:35.54-374225(us) 19466 * wait_for_termination (mako.hh:538):      follower is waiting for being ended: 0/2, noops_cnt:0, replay_batch:1822, wait_time:30s

 ForwardToLearner: SENDING to learner site_id=3, slot=991
I [/opt/actions-runner/_work/mako-fast-reads/mako-fast-reads/src/deptran/paxos/commo.cc:125] 2025-12-10 03:35:54.265 | ForwardToLearner: par_id=1, slot=829, n=3, proxies.size=4, batch_idx=0
I [/opt/actions-runner/_work/mako-fast-reads/mako-fast-reads/src/deptran/paxos/commo.cc:151] 2025-12-10 03:35:54.265 | ForwardToLearner: SENDING to learner site_id=7, slot=829
I [/opt/actions-runner/_work/mako-fast-reads/mako-fast-reads/src/deptran/paxos/commo.cc:125] 2025-12-10 03:35:54.267 | ForwardToLearner: par_id=0, slot=992, n=3, proxies.size=4, batch_idx=0
I [/opt/actions-runner/_work/mako-fast-reads/mako-fast-reads/src/deptran/paxos/commo.cc:151] 2025-12-10 03:35:54.267 | ForwardToLearner: SENDING to learner site_id=3, slot=992
I [/opt/actions-runner/_work/mako-fast-reads/mako-fast-reads/src/deptran/paxos/commo.cc:125] 2025-12-10 03:35:54.277 | ForwardToLearner: par_id=0, slot=993, n=3, proxies.size=4, batch_idx=0
I [/opt/actions-runner/_work/mako-fast-reads/mako-fast-reads/src/deptran/paxos/commo.cc:151] 2025-12-10 03:35:54.277 | ForwardToLearner: SENDING to learner site_id=3, slot=993
I [/opt/actions-runner/_work/mako-fast-reads/mako-fast-reads/src/deptran/paxos/commo.cc:125] 2025-12-10 03:35:54.315 | ForwardToLearner: par_id=1, slot=830, n=3, proxies.size=4, batch_idx=0
I [/opt/actions-runner/_work/mako-fast-reads/mako-fast-reads/src/deptran/paxos/commo.cc:151] 2025-12-10 03:35:54.315 | ForwardToLearner: SENDING to learner site_id=7, slot=830
I [/opt/actions-runner/_work/mako-fast-reads/mako-fast-reads/src/deptran/paxos/commo.cc:125] 2025-12-10 03:35:54.317 | ForwardToLearner: par_id=0, slot=994, n=3, proxies.size=4, batch_idx=0
I [/opt/actions-runner/_work/mako-fast-reads/mako-fast-reads/src/deptran/paxos/commo.cc:151] 2025-12-10 03:35:54.317 | ForwardToLearner: SENDING to learner site_id=3, slot=994
I [/opt/actions-runner/_work/mako-fast-reads/mako-fast-reads/src/deptran/paxos/commo.cc:125] 2025-12-10 03:35:54.359 | ForwardToLearner: par_id=0, slot=995, n=3, proxies.size=4, batch_idx=0
I [/opt/actions-runner/_work/mako-fast-reads/mako-fast-reads/src/deptran/paxos/commo.cc:151] 2025-12-10 03:35:54.360 | ForwardToLearner: SENDING to learner site_id=3, slot=995
I [/opt/actions-runner/_work/mako-fast-reads/mako-fast-reads/src/deptran/paxos/commo.cc:125] 2025-12-10 03:35:54.364 | ForwardToLearner: par_id=1, slot=831, n=3, proxies.size=4, batch_idx=0
I [/opt/actions-runner/_work/mako-fast-reads/mako-fast-reads/src/deptran/paxos/commo.cc:151] 2025-12-10 03:35:54.364 | ForwardToLearner: SENDING to learner site_id=7, slot=831
I [/opt/actions-runner/_work/mako-fast-reads/mako-fast-reads/src/deptran/paxos/commo.cc:125] 2025-12-10 03:35:54.404 | ForwardToLearner: par_id=1, slot=832, n=3, proxies.size=4, batch_idx=0
I [/opt/actions-runner/_work/mako-fast-reads/mako-fast-reads/src/deptran/paxos/commo.cc:151] 2025-12-10 03:35:54.404 | ForwardToLearner: SENDING to learner site_id=7, slot=832
I [/opt/actions-runner/_work/mako-fast-reads/mako-fast-reads/src/deptran/paxos/commo.cc:125] 2025-12-10 03:35:54.410 | ForwardToLearner: par_id=0, slot=996, n=3, proxies.size=4, batch_idx=0
I [/opt/actions-runner/_work/mako-fast-reads/mako-fast-reads/src/deptran/paxos/commo.cc:151] 2025-12-10 03:35:54.410 | ForwardToLearner: SENDING to learner site_id=3, slot=996
I [/opt/actions-runner/_work/mako-fast-reads/mako-fast-reads/src/deptran/paxos/commo.cc:125] 2025-12-10 03:35:54.413 | ForwardToLearner: par_id=1, slot=833, n=3, proxies.size=4, batch_idx=0
I [/opt/actions-runner/_work/mako-fast-reads/mako-fast-reads/src/deptran/paxos/commo.cc:151] 2025-12-10 03:35:54.413 | ForwardToLearner: SENDING to learner site_id=7, slot=833
I [/opt/actions-runner/_work/mako-fast-reads/mako-fast-reads/src/deptran/paxos/commo.cc:125] 2025-12-10 03:35:54.462 | ForwardToLearner: par_id=1, slot=834, n=3, proxies.size=4, batch_idx=0
I [/opt/actions-runner/_work/mako-fast-reads/mako-fast-reads/src/deptran/paxos/commo.cc:151] 2025-12-10 03:35:54.462 | ForwardToLearner: SENDING to learner site_id=7, slot=834
I [/opt/actions-runner/_work/mako-fast-reads/mako-fast-reads/src/deptran/paxos/commo.cc:125] 2025-12-10 03:35:54.464 | ForwardToLearner: par_id=0, slot=997, n=3, proxies.size=4, batch_idx=0
I [/opt/actions-runner/_work/mako-fast-reads/mako-fast-reads/src/deptran/paxos/commo.cc:151] 2025-12-10 03:35:54.464 | ForwardToLearner: SENDING to learner site_id=3, slot=997
I [/opt/actions-runner/_work/mako-fast-reads/mako-fast-reads/src/deptran/paxos/commo.cc:125] 2025-12-10 03:35:54.486 | ForwardToLearner: par_id=0, slot=998, n=3, proxies.size=4, batch_idx=0
I [/opt/actions-runner/_work/mako-fast-reads/mako-fast-reads/src/deptran/paxos/commo.cc:151] 2025-12-10 03:35:54.486 | ForwardToLearner: SENDING to learner site_id=3, slot=998
I [/opt/actions-runner/_work/mako-fast-reads/mako-fast-reads/src/deptran/paxos/commo.cc:125] 2025-12-10 03:35:54.513 | ForwardToLearner: par_id=1, slot=835, n=3, proxies.size=4, batch_idx=0
I [/opt/actions-runner/_work/mako-fast-reads/mako-fast-reads/src/deptran/paxos/commo.cc:151] 2025-12-10 03:35:54.513 | ForwardToLearner: SENDING to learner site_id=7, slot=835
I [/opt/actions-runner/_work/mako-fast-reads/mako-fast-reads/src/deptran/paxos/commo.cc:125] 2025-12-10 03:35:54.514 | ForwardToLearner: par_id=0, slot=999, n=3, proxies.size=4, batch_idx=0
I [/opt/actions-runner/_work/mako-fast-reads/mako-fast-reads/src/deptran/paxos/commo.cc:151] 2025-12-10 03:35:54.514 | ForwardToLearner: SENDING to learner site_id=3, slot=999
I [/opt/actions-runner/_work/mako-fast-reads/mako-fast-reads/src/deptran/paxos/commo.cc:125] 2025-12-10 03:35:54.519 | ForwardToLearner: par_id=0, slot=1000, n=3, proxies.size=4, batch_idx=0
I [/opt/actions-runner/_work/mako-fast-reads/mako-fast-reads/src/deptran/paxos/commo.cc:151] 2025-12-10 03:35:54.519 | ForwardToLearner: SENDING to learner site_id=3, slot=1000
I [/opt/actions-runner/_work/mako-fast-reads/mako-fast-reads/src/deptran/paxos/commo.cc:125] 2025-12-10 03:35:54.558 | ForwardToLearner: par_id=1, slot=836, n=3, proxies.size=4, batch_idx=0
I [/opt/actions-runner/_work/mako-fast-reads/mako-fast-reads/src/deptran/paxos/commo.cc:151] 2025-12-10 03:35:54.558 | ForwardToLearner: SENDING to learner site_id=7, slot=836
I [/opt/actions-runner/_work/mako-fast-reads/mako-fast-reads/src/deptran/paxos/commo.cc:125] 2025-12-10 03:35:54.570 | ForwardToLearner: par_id=0, slot=1001, n=3, proxies.size=4, batch_idx=0
I [/opt/actions-runner/_work/mako-fast-reads/mako-fast-reads/src/deptran/paxos/commo.cc:151] 2025-12-10 03:35:54.570 | ForwardToLearner: SENDING to learner site_id=3, slot=1001
I [/opt/actions-runner/_work/mako-fast-reads/mako-fast-reads/src/deptran/paxos/commo.cc:125] 2025-12-10 03:35:54.605 | ForwardToLearner: par_id=1, slot=837, n=3, proxies.size=4, batch_idx=0
I [/opt/actions-runner/_work/mako-fast-reads/mako-fast-reads/src/deptran/paxos/commo.cc:151] 2025-12-10 03:35:54.605 | ForwardToLearner: SENDING to learner site_id=7, slot=837
I [/opt/actions-runner/_work/mako-fast-reads/mako-fast-reads/src/deptran/paxos/commo.cc:125] 2025-12-10 03:35:54.613 | ForwardToLearner: par_id=0, slot=1002, n=3, proxies.size=4, batch_idx=0
I [/opt/actions-runner/_work/mako-fast-reads/mako-fast-reads/src/deptran/paxos/commo.cc:151] 2025-12-10 03:35:54.613 | ForwardToLearner: SENDING to learner site_id=3, slot=1002
I [/opt/actions-runner/_work/mako-fast-reads/mako-fast-reads/src/deptran/paxos/commo.cc:125] 2025-12-10 03:35:54.648 | ForwardToLearner: par_id=0, slot=1003, n=3, proxies.size=4, batch_idx=0
I [/opt/actions-runner/_work/mako-fast-reads/mako-fast-reads/src/deptran/paxos/commo.cc:151] 2025-12-10 03:35:54.648 | ForwardToLearner: SENDING to learner site_id=3, slot=1003
I [/opt/actions-runner/_work/mako-fast-reads/mako-fast-reads/src/deptran/paxos/commo.cc:125] 2025-12-10 03:35:54.653 | ForwardToLearner: par_id=1, slot=838, n=3, proxies.size=4, batch_idx=0
I [/opt/actions-runner/_work/mako-fast-reads/mako-fast-reads/src/deptran/paxos/commo.cc:151] 2025-12-10 03:35:54.653 | ForwardToLearner: SENDING to learner site_id=7, slot=838
I [/opt/actions-runner/_work/mako-fast-reads/mako-fast-reads/src/deptran/paxos/commo.cc:125] 2025-12-10 03:35:54.701 | ForwardToLearner: par_id=0, slot=1004, n=3, proxies.size=4, batch_idx=0
I [/opt/actions-runner/_work/mako-fast-reads/mako-fast-reads/src/deptran/paxos/commo.cc:151] 2025-12-10 03:35:54.701 | ForwardToLearner: SENDING to learner site_id=3, slot=1004
I [/opt/actions-runner/_work/mako-fast-reads/mako-fast-reads/src/deptran/paxos/commo.cc:125] 2025-12-10 03:35:54.708 | ForwardToLearner: par_id=1, slot=839, n=3, proxies.size=4, batch_idx=0
I [/opt/actions-runner/_work/mako-fast-reads/mako-fast-reads/src/deptran/paxos/commo.cc:151] 2025-12-10 03:35:54.708 | ForwardToLearner: SENDING to learner site_id=7, slot=839
I [/opt/actions-runner/_work/mako-fast-reads/mako-fast-reads/src/deptran/paxos/commo.cc:125] 2025-12-10 03:35:54.723 | ForwardToLearner: par_id=0, slot=1005, n=3, proxies.size=4, batch_idx=0
I [/opt/actions-runner/_work/mako-fast-reads/mako-fast-reads/src/deptran/paxos/commo.cc:151] 2025-12-10 03:35:54.723 | ForwardToLearner: SENDING to learner site_id=3, slot=1005
I [/opt/actions-runner/_work/mako-fast-reads/mako-fast-reads/src/deptran/paxos/commo.cc:125] 2025-12-10 03:35:54.748 | ForwardToLearner: par_id=0, slot=1006, n=3, proxies.size=4, batch_idx=0
I [/opt/actions-runner/_work/mako-fast-reads/mako-fast-reads/src/deptran/paxos/commo.cc:151] 2025-12-10 03:35:54.748 | ForwardToLearner: SENDING to learner site_id=3, slot=1006
I [/opt/actions-runner/_work/mako-fast-reads/mako-fast-reads/src/deptran/paxos/commo.cc:125] 2025-12-10 03:35:54.757 | ForwardToLearner: par_id=1, slot=840, n=3, proxies.size=4, batch_idx=0
I [/opt/actions-runner/_work/mako-fast-reads/mako-fast-reads/src/deptran/paxos/commo.cc:151] 2025-12-10 03:35:54.757 | ForwardToLearner: SENDING to learner site_id=7, slot=840
I [/opt/actions-runner/_work/mako-fast-reads/mako-fast-reads/src/deptran/paxos/commo.cc:125] 2025-12-10 03:35:54.768 | ForwardToLearner: par_id=0, slot=1007, n=3, proxies.size=4, batch_idx=0
I [/opt/actions-runner/_work/mako-fast-reads/mako-fast-reads/src/deptran/paxos/commo.cc:151] 2025-12-10 03:35:54.768 | ForwardToLearner: SENDING to learner site_id=3, slot=1007
I [/opt/actions-runner/_work/mako-fast-reads/mako-fast-reads/src/deptran/paxos/commo.cc:125] 2025-12-10 03:35:54.798 | ForwardToLearner: par_id=0, slot=1008, n=3, proxies.size=4, batch_idx=0
I [/opt/actions-runner/_work/mako-fast-reads/mako-fast-reads/src/deptran/paxos/commo.cc:151] 2025-12-10 03:35:54.798 | ForwardToLearner: SENDING to learner site_id=3, slot=1008
I [/opt/actions-runner/_work/mako-fast-reads/mako-fast-reads/src/deptran/paxos/commo.cc:125] 2025-12-10 03:35:54.806 | ForwardToLearner: par_id=1, slot=841, n=3, proxies.size=4, batch_idx=0
I [/opt/actions-runner/_work/mako-fast-reads/mako-fast-reads/src/deptran/paxos/commo.cc:151] 2025-12-10 03:35:54.806 | ForwardToLearner: SENDING to learner site_id=7, slot=841
I [/opt/actions-runner/_work/mako-fast-reads/mako-fast-reads/src/deptran/paxos/commo.cc:125] 2025-12-10 03:35:54.838 | ForwardToLearner: par_id=0, slot=1009, n=3, proxies.size=4, batch_idx=0
I [/opt/actions-runner/_work/mako-fast-reads/mako-fast-reads/src/deptran/paxos/commo.cc:151] 2025-12-10 03:35:54.838 | ForwardToLearner: SENDING to learner site_id=3, slot=1009
I [/opt/actions-runner/_work/mako-fast-reads/mako-fast-reads/src/deptran/paxos/commo.cc:125] 2025-12-10 03:35:54.846 | ForwardToLearner: par_id=1, slot=842, n=3, proxies.size=4, batch_idx=0
I [/opt/actions-runner/_work/mako-fast-reads/mako-fast-reads/src/deptran/paxos/commo.cc:151] 2025-12-10 03:35:54.846 | ForwardToLearner: SENDING to learner site_id=7, slot=842
I [/opt/actions-runner/_work/mako-fast-reads/mako-fast-reads/src/deptran/paxos/commo.cc:125] 2025-12-10 03:35:54.881 | ForwardToLearner: par_id=0, slot=1010, n=3, proxies.size=4, batch_idx=0
I [/opt/actions-runner/_work/mako-fast-reads/mako-fast-reads/src/deptran/paxos/commo.cc:151] 2025-12-10 03:35:54.881 | ForwardToLearner: SENDING to learner site_id=3, slot=1010
I [/opt/actions-runner/_work/mako-fast-reads/mako-fast-reads/src/deptran/paxos/commo.cc:125] 2025-12-10 03:35:54.889 | ForwardToLearner: par_id=1, slot=843, n=3, proxies.size=4, batch_idx=0
I [/opt/actions-runner/_work/mako-fast-reads/mako-fast-reads/src/deptran/paxos/commo.cc:151] 2025-12-10 03:35:54.889 | ForwardToLearner: SENDING to learner site_id=7, slot=843
I [/opt/actions-runner/_work/mako-fast-reads/mako-fast-reads/src/deptran/paxos/commo.cc:125] 2025-12-10 03:35:54.933 | ForwardToLearner: par_id=0, slot=1011, n=3, proxies.size=4, batch_idx=0
I [/opt/actions-runner/_work/mako-fast-reads/mako-fast-reads/src/deptran/paxos/commo.cc:151] 2025-12-10 03:35:54.933 | ForwardToLearner: SENDING to learner site_id=3, slot=1011
I [/opt/actions-runner/_work/mako-fast-reads/mako-fast-reads/src/deptran/paxos/commo.cc:125] 2025-12-10 03:35:54.934 | ForwardToLearner: par_id=1, slot=844, n=3, proxies.size=4, batch_idx=0
I [/opt/actions-runner/_work/mako-fast-reads/mako-fast-reads/src/deptran/paxos/commo.cc:151] 2025-12-10 03:35:54.934 | ForwardToLearner: SENDING to learner site_id=7, slot=844
I [/opt/actions-runner/_work/mako-fast-reads/mako-fast-reads/src/deptran/paxos/commo.cc:125] 2025-12-10 03:35:54.974 | ForwardToLearner: par_id=0, slot=1012, n=3, proxies.size=4, batch_idx=0
I [/opt/actions-runner/_work/mako-fast-reads/mako-fast-reads/src/deptran/paxos/commo.cc:151] 2025-12-10 03:35:54.974 | ForwardToLearner: SENDING to learner site_id=3, slot=1012
I [/opt/actions-runner/_work/mako-fast-reads/mako-fast-reads/src/deptran/paxos/commo.cc:125] 2025-12-10 03:35:54.979 | ForwardToLearner: par_id=0, slot=1013, n=3, proxies.size=4, batch_idx=0
I [/opt/actions-runner/_work/mako-fast-reads/mako-fast-reads/src/deptran/paxos/commo.cc:151] 2025-12-10 03:35:54.979 | ForwardToLearner: SENDING to learner site_id=3, slot=1013
I [/opt/actions-runner/_work/mako-fast-reads/mako-fast-reads/src/deptran/paxos/commo.cc:125] 2025-12-10 03:35:54.983 | ForwardToLearner: par_id=1, slot=845, n=3, proxies.size=4, batch_idx=0
I [/opt/actions-runner/_work/mako-fast-reads/mako-fast-reads/src/deptran/paxos/commo.cc:151] 2025-12-10 03:35:54.983 | ForwardToLearner: SENDING to learner site_id=7, slot=845
I [/opt/actions-runner/_work/mako-fast-reads/mako-fast-reads/src/deptran/paxos/commo.cc:125] 2025-12-10 03:35:54.991 | ForwardToLearner: par_id=0, slot=1014, n=3, proxies.size=4, batch_idx=0
I [/opt/actions-runner/_work/mako-fast-reads/mako-fast-reads/src/deptran/paxos/commo.cc:151] 2025-12-10 03:35:54.991 | ForwardToLearner: SENDING to learner site_id=3, slot=1014
I [/opt/actions-runner/_work/mako-fast-reads/mako-fast-reads/src/deptran/paxos/commo.cc:125] 2025-12-10 03:35:55.033 | ForwardToLearner: par_id=1, slot=846, n=3, proxies.size=4, batch_idx=0
I [/opt/actions-runner/_work/mako-fast-reads/mako-fast-reads/src/deptran/paxos/commo.cc:151] 2025-12-10 03:35:55.033 | ForwardToLearner: SENDING to learner site_id=7, slot=846
I [/opt/actions-runner/_work/mako-fast-reads/mako-fast-reads/src/deptran/paxos/commo.cc:125] 2025-12-10 03:35:55.040 | ForwardToLearner: par_id=0, slot=1015, n=3, proxies.size=4, batch_idx=0
I [/opt/actions-runner/_work/mako-fast-reads/mako-fast-reads/src/deptran/paxos/commo.cc:151] 2025-12-10 03:35:55.040 | ForwardToLearner: SENDING to learner site_id=3, slot=1015
I [/opt/actions-runner/_work/mako-fast-reads/mako-fast-reads/src/deptran/paxos/commo.cc:125] 2025-12-10 03:35:55.067 | ForwardToLearner: par_id=1, slot=847, n=3, proxies.size=4, batch_idx=0
I [/opt/actions-runner/_work/mako-fast-reads/mako-fast-reads/src/deptran/paxos/commo.cc:151] 2025-12-10 03:35:55.067 | ForwardToLearner: SENDING to learner site_id=7, slot=847
I [/opt/actions-runner/_work/mako-fast-reads/mako-fast-reads/src/deptran/paxos/commo.cc:125] 2025-12-10 03:35:55.093 | ForwardToLearner: par_id=0, slot=1016, n=3, proxies.size=4, batch_idx=0
I [/opt/actions-runner/_work/mako-fast-reads/mako-fast-reads/src/deptran/paxos/commo.cc:151] 2025-12-10 03:35:55.093 | ForwardToLearner: SENDING to learner site_id=3, slot=1016
I [/opt/actions-runner/_work/mako-fast-reads/mako-fast-reads/src/deptran/paxos/commo.cc:125] 2025-12-10 03:35:55.108 | ForwardToLearner: par_id=1, slot=848, n=3, proxies.size=4, batch_idx=0
I [/opt/actions-runner/_work/mako-fast-reads/mako-fast-reads/src/deptran/paxos/commo.cc:151] 2025-12-10 03:35:55.108 | ForwardToLearner: SENDING to learner site_id=7, slot=848
I [/opt/actions-runner/_work/mako-fast-reads/mako-fast-reads/src/deptran/paxos/commo.cc:125] 2025-12-10 03:35:55.143 | ForwardToLearner: par_id=0, slot=1017, n=3, proxies.size=4, batch_idx=0
I [/opt/actions-runner/_work/mako-fast-reads/mako-fast-reads/src/deptran/paxos/commo.cc:151] 2025-12-10 03:35:55.143 | ForwardToLearner: SENDING to learner site_id=3, slot=1017
I [/opt/actions-runner/_work/mako-fast-reads/mako-fast-reads/src/deptran/paxos/commo.cc:125] 2025-12-10 03:35:55.153 | ForwardToLearner: par_id=1, slot=849, n=3, proxies.size=4, batch_idx=0
I [/opt/actions-runner/_work/mako-fast-reads/mako-fast-reads/src/deptran/paxos/commo.cc:151] 2025-12-10 03:35:55.153 | ForwardToLearner: SENDING to learner site_id=7, slot=849
I [/opt/actions-runner/_work/mako-fast-reads/mako-fast-reads/src/deptran/paxos/commo.cc:125] 2025-12-10 03:35:55.186 | ForwardToLearner: par_id=0, slot=1018, n=3, proxies.size=4, batch_idx=0
I [/opt/actions-runner/_work/mako-fast-reads/mako-fast-reads/src/deptran/paxos/commo.cc:151] 2025-12-10 03:35:55.186 | ForwardToLearner: SENDING to learner site_id=3, slot=1018
I [/opt/actions-runner/_work/mako-fast-reads/mako-fast-reads/src/deptran/paxos/commo.cc:125] 2025-12-10 03:35:55.196 | ForwardToLearner: par_id=0, slot=1019, n=3, proxies.size=4, batch_idx=0
I [/opt/actions-runner/_work/mako-fast-reads/mako-fast-reads/src/deptran/paxos/commo.cc:151] 2025-12-10 03:35:55.196 | ForwardToLearner: SENDING to learner site_id=3, slot=1019
I [/opt/actions-runner/_work/mako-fast-reads/mako-fast-reads/src/deptran/paxos/commo.cc:125] 2025-12-10 03:35:55.197 | ForwardToLearner: par_id=1, slot=850, n=3, proxies.size=4, batch_idx=0
I [/opt/actions-runner/_work/mako-fast-reads/mako-fast-reads/src/deptran/paxos/commo.cc:151] 2025-12-10 03:35:55.198 | ForwardToLearner: SENDING to learner site_id=7, slot=850
I [/opt/actions-runner/_work/mako-fast-reads/mako-fast-reads/src/deptran/paxos/commo.cc:125] 2025-12-10 03:35:55.224 | ForwardToLearner: par_id=0, slot=1020, n=3, proxies.size=4, batch_idx=0
I [/opt/actions-runner/_work/mako-fast-reads/mako-fast-reads/src/deptran/paxos/commo.cc:151] 2025-12-10 03:35:55.224 | ForwardToLearner: SENDING to learner site_id=3, slot=1020
I [/opt/actions-runner/_work/mako-fast-reads/mako-fast-reads/src/deptran/paxos/commo.cc:125] 2025-12-10 03:35:55.239 | ForwardToLearner: par_id=0, slot=1021, n=3, proxies.size=4, batch_idx=0
I [/opt/actions-runner/_work/mako-fast-reads/mako-fast-reads/src/deptran/paxos/commo.cc:151] 2025-12-10 03:35:55.239 | ForwardToLearner: SENDING to learner site_id=3, slot=1021
I [/opt/actions-runner/_work/mako-fast-reads/mako-fast-reads/src/deptran/paxos/commo.cc:125] 2025-12-10 03:35:55.245 | ForwardToLearner: par_id=1, slot=851, n=3, proxies.size=4, batch_idx=0
I [/opt/actions-runner/_work/mako-fast-reads/mako-fast-reads/src/deptran/paxos/commo.cc:151] 2025-12-10 03:35:55.245 | ForwardToLearner: SENDING to learner site_id=7, slot=851
I [/opt/actions-runner/_work/mako-fast-reads/mako-fast-reads/src/deptran/paxos/commo.cc:125] 2025-12-10 03:35:55.287 | ForwardToLearner: par_id=0, slot=1022, n=3, proxies.size=4, batch_idx=0
I [/opt/actions-runner/_work/mako-fast-reads/mako-fast-reads/src/deptran/paxos/commo.cc:151] 2025-12-10 03:35:55.287 | ForwardToLearner: SENDING to learner site_id=3, slot=1022
I [/opt/actions-runner/_work/mako-fast-reads/mako-fast-reads/src/deptran/paxos/commo.cc:125] 2025-12-10 03:35:55.288 | ForwardToLearner: par_id=1, slot=852, n=3, proxies.size=4, batch_idx=0
I [/opt/actions-runner/_work/mako-fast-reads/mako-fast-reads/src/deptran/paxos/commo.cc:151] 2025-12-10 03:35:55.288 | ForwardToLearner: SENDING to learner site_id=7, slot=852
I [/opt/actions-runner/_work/mako-fast-reads/mako-fast-reads/src/deptran/paxos/commo.cc:125] 2025-12-10 03:35:55.328 | ForwardToLearner: par_id=0, slot=1023, n=3, proxies.size=4, batch_idx=0
I [/opt/actions-runner/_work/mako-fast-reads/mako-fast-20251110-03:35.55-374311(us) 19466 * wait_for_termination (mako.hh:538):      follower is waiting for being ended: 0/2, noops_cnt:0, replay_batch:1873, wait_time:31s

reads/src/deptran/paxos/commo.cc:151] 2025-12-10 03:35:55.328 | ForwardToLearner: SENDING to learner site_id=3, slot=1023
I [/opt/actions-runner/_work/mako-fast-reads/mako-fast-reads/src/deptran/paxos/commo.cc:125] 2025-12-10 03:35:55.332 | ForwardToLearner: par_id=1, slot=853, n=3, proxies.size=4, batch_idx=0
I [/opt/actions-runner/_work/mako-fast-reads/mako-fast-reads/src/deptran/paxos/commo.cc:151] 2025-12-10 03:35:55.332 | ForwardToLearner: SENDING to learner site_id=7, slot=853
I [/opt/actions-runner/_work/mako-fast-reads/mako-fast-reads/src/deptran/paxos/commo.cc:125] 2025-12-10 03:35:55.372 | ForwardToLearner: par_id=1, slot=854, n=3, proxies.size=4, batch_idx=0
I [/opt/actions-runner/_work/mako-fast-reads/mako-fast-reads/src/deptran/paxos/commo.cc:151] 2025-12-10 03:35:55.372 | ForwardToLearner: SENDING to learner site_id=7, slot=854
I [/opt/actions-runner/_work/mako-fast-reads/mako-fast-reads/src/deptran/paxos/commo.cc:125] 2025-12-10 03:35:55.382 | ForwardToLearner: par_id=0, slot=1024, n=3, proxies.size=4, batch_idx=0
I [/opt/actions-runner/_work/mako-fast-reads/mako-fast-reads/src/deptran/paxos/commo.cc:151] 2025-12-10 03:35:55.382 | ForwardToLearner: SENDING to learner site_id=3, slot=1024
I [/opt/actions-runner/_work/mako-fast-reads/mako-fast-reads/src/deptran/paxos/commo.cc:125] 2025-12-10 03:35:55.416 | ForwardToLearner: par_id=1, slot=855, n=3, proxies.size=4, batch_idx=0
I [/opt/actions-runner/_work/mako-fast-reads/mako-fast-reads/src/deptran/paxos/commo.cc:151] 2025-12-10 03:35:55.416 | ForwardToLearner: SENDING to learner site_id=7, slot=855
I [/opt/actions-runner/_work/mako-fast-reads/mako-fast-reads/src/deptran/paxos/commo.cc:125] 2025-12-10 03:35:55.416 | ForwardToLearner: par_id=0, slot=1025, n=3, proxies.size=4, batch_idx=0
I [/opt/actions-runner/_work/mako-fast-reads/mako-fast-reads/src/deptran/paxos/commo.cc:151] 2025-12-10 03:35:55.416 | ForwardToLearner: SENDING to learner site_id=3, slot=1025
I [/opt/actions-runner/_work/mako-fast-reads/mako-fast-reads/src/deptran/paxos/commo.cc:125] 2025-12-10 03:35:55.428 | ForwardToLearner: par_id=0, slot=1026, n=3, proxies.size=4, batch_idx=0
I [/opt/actions-runner/_work/mako-fast-reads/mako-fast-reads/src/deptran/paxos/commo.cc:151] 2025-12-10 03:35:55.428 | ForwardToLearner: SENDING to learner site_id=3, slot=1026
I [/opt/actions-runner/_work/mako-fast-reads/mako-fast-reads/src/deptran/paxos/commo.cc:125] 2025-12-10 03:35:55.460 | ForwardToLearner: par_id=1, slot=856, n=3, proxies.size=4, batch_idx=0
I [/opt/actions-runner/_work/mako-fast-reads/mako-fast-reads/src/deptran/paxos/commo.cc:151] 2025-12-10 03:35:55.460 | ForwardToLearner: SENDING to learner site_id=7, slot=856
I [/opt/actions-runner/_work/mako-fast-reads/mako-fast-reads/src/deptran/paxos/commo.cc:125] 2025-12-10 03:35:55.473 | ForwardToLearner: par_id=0, slot=1027, n=3, proxies.size=4, batch_idx=0
I [/opt/actions-runner/_work/mako-fast-reads/mako-fast-reads/src/deptran/paxos/commo.cc:151] 2025-12-10 03:35:55.473 | ForwardToLearner: SENDING to learner site_id=3, slot=1027
I [/opt/actions-runner/_work/mako-fast-reads/mako-fast-reads/src/deptran/paxos/commo.cc:125] 2025-12-10 03:35:55.476 | ForwardToLearner: par_id=0, slot=1028, n=3, proxies.size=4, batch_idx=0
I [/opt/actions-runner/_work/mako-fast-reads/mako-fast-reads/src/deptran/paxos/commo.cc:151] 2025-12-10 03:35:55.476 | ForwardToLearner: SENDING to learner site_id=3, slot=1028
I [/opt/actions-runner/_work/mako-fast-reads/mako-fast-reads/src/deptran/paxos/commo.cc:125] 2025-12-10 03:35:55.501 | ForwardToLearner: par_id=1, slot=857, n=3, proxies.size=4, batch_idx=0
I [/opt/actions-runner/_work/mako-fast-reads/mako-fast-reads/src/deptran/paxos/commo.cc:151] 2025-12-10 03:35:55.501 | ForwardToLearner: SENDING to learner site_id=7, slot=857
I [/opt/actions-runner/_work/mako-fast-reads/mako-fast-reads/src/deptran/paxos/commo.cc:125] 2025-12-10 03:35:55.524 | ForwardToLearner: par_id=0, slot=1029, n=3, proxies.size=4, batch_idx=0
I [/opt/actions-runner/_work/mako-fast-reads/mako-fast-reads/src/deptran/paxos/commo.cc:151] 2025-12-10 03:35:55.524 | ForwardToLearner: SENDING to learner site_id=3, slot=1029
I [/opt/actions-runner/_work/mako-fast-reads/mako-fast-reads/src/deptran/paxos/commo.cc:125] 2025-12-10 03:35:55.547 | ForwardToLearner: par_id=1, slot=858, n=3, proxies.size=4, batch_idx=0
I [/opt/actions-runner/_work/mako-fast-reads/mako-fast-reads/src/deptran/paxos/commo.cc:151] 2025-12-10 03:35:55.547 | ForwardToLearner: SENDING to learner site_id=7, slot=858
I [/opt/actions-runner/_work/mako-fast-reads/mako-fast-reads/src/deptran/paxos/commo.cc:125] 2025-12-10 03:35:55.571 | ForwardToLearner: par_id=0, slot=1030, n=3, proxies.size=4, batch_idx=0
I [/opt/actions-runner/_work/mako-fast-reads/mako-fast-reads/src/deptran/paxos/commo.cc:151] 2025-12-10 03:35:55.571 | ForwardToLearner: SENDING to learner site_id=3, slot=1030
I [/opt/actions-runner/_work/mako-fast-reads/mako-fast-reads/src/deptran/paxos/commo.cc:125] 2025-12-10 03:35:55.591 | ForwardToLearner: par_id=1, slot=859, n=3, proxies.size=4, batch_idx=0
I [/opt/actions-runner/_work/mako-fast-reads/mako-fast-reads/src/deptran/paxos/commo.cc:151] 2025-12-10 03:35:55.591 | ForwardToLearner: SENDING to learner site_id=7, slot=859
I [/opt/actions-runner/_work/mako-fast-reads/mako-fast-reads/src/deptran/paxos/commo.cc:125] 2025-12-10 03:35:55.623 | ForwardToLearner: par_id=0, slot=1031, n=3, proxies.size=4, batch_idx=0
I [/opt/actions-runner/_work/mako-fast-reads/mako-fast-reads/src/deptran/paxos/commo.cc:151] 2025-12-10 03:35:55.623 | ForwardToLearner: SENDING to learner site_id=3, slot=1031
I [/opt/actions-runner/_work/mako-fast-reads/mako-fast-reads/src/deptran/paxos/commo.cc:125] 2025-12-10 03:35:55.631 | ForwardToLearner: par_id=1, slot=860, n=3, proxies.size=4, batch_idx=0
I [/opt/actions-runner/_work/mako-fast-reads/mako-fast-reads/src/deptran/paxos/commo.cc:151] 2025-12-10 03:35:55.631 | ForwardToLearner: SENDING to learner site_id=7, slot=860
I [/opt/actions-runner/_work/mako-fast-reads/mako-fast-reads/src/deptran/paxos/commo.cc:125] 2025-12-10 03:35:55.667 | ForwardToLearner: par_id=0, slot=1032, n=3, proxies.size=4, batch_idx=0
I [/opt/actions-runner/_work/mako-fast-reads/mako-fast-reads/src/deptran/paxos/commo.cc:151] 2025-12-10 03:35:55.667 | ForwardToLearner: SENDING to learner site_id=3, slot=1032
I [/opt/actions-runner/_work/mako-fast-reads/mako-fast-reads/src/deptran/paxos/commo.cc:125] 2025-12-10 03:35:55.669 | ForwardToLearner: par_id=0, slot=1033, n=3, proxies.size=4, batch_idx=0
I [/opt/actions-runner/_work/mako-fast-reads/mako-fast-reads/src/deptran/paxos/commo.cc:151] 2025-12-10 03:35:55.669 | ForwardToLearner: SENDING to learner site_id=3, slot=1033
I [/opt/actions-runner/_work/mako-fast-reads/mako-fast-reads/src/deptran/paxos/commo.cc:125] 2025-12-10 03:35:55.682 | ForwardToLearner: par_id=1, slot=861, n=3, proxies.size=4, batch_idx=0
I [/opt/actions-runner/_work/mako-fast-reads/mako-fast-reads/src/deptran/paxos/commo.cc:151] 2025-12-10 03:35:55.682 | ForwardToLearner: SENDING to learner site_id=7, slot=861
I [/opt/actions-runner/_work/mako-fast-reads/mako-fast-reads/src/deptran/paxos/commo.cc:125] 2025-12-10 03:35:55.704 | ForwardToLearner: par_id=0, slot=1034, n=3, proxies.size=4, batch_idx=0
I [/opt/actions-runner/_work/mako-fast-reads/mako-fast-reads/src/deptran/paxos/commo.cc:151] 2025-12-10 03:35:55.704 | ForwardToLearner: SENDING to learner site_id=3, slot=1034
I [/opt/actions-runner/_work/mako-fast-reads/mako-fast-reads/src/deptran/paxos/commo.cc:125] 2025-12-10 03:35:55.704 | ForwardToLearner: par_id=0, slot=1035, n=3, proxies.size=4, batch_idx=0
I [/opt/actions-runner/_work/mako-fast-reads/mako-fast-reads/src/deptran/paxos/commo.cc:151] 2025-12-10 03:35:55.704 | ForwardToLearner: SENDING to learner site_id=3, slot=1035
I [/opt/actions-runner/_work/mako-fast-reads/mako-fast-reads/src/deptran/paxos/commo.cc:125] 2025-12-10 03:35:55.728 | ForwardToLearner: par_id=1, slot=862, n=3, proxies.size=4, batch_idx=0
I [/opt/actions-runner/_work/mako-fast-reads/mako-fast-reads/src/deptran/paxos/commo.cc:151] 2025-12-10 03:35:55.728 | ForwardToLearner: SENDING to learner site_id=7, slot=862
I [/opt/actions-runner/_work/mako-fast-reads/mako-fast-reads/src/deptran/paxos/commo.cc:125] 2025-12-10 03:35:55.743 | ForwardToLearner: par_id=0, slot=1036, n=3, proxies.size=4, batch_idx=0
I [/opt/actions-runner/_work/mako-fast-reads/mako-fast-reads/src/deptran/paxos/commo.cc:151] 2025-12-10 03:35:55.743 | ForwardToLearner: SENDING to learner site_id=3, slot=1036
I [/opt/actions-runner/_work/mako-fast-reads/mako-fast-reads/src/deptran/paxos/commo.cc:125] 2025-12-10 03:35:55.776 | ForwardToLearner: par_id=1, slot=863, n=3, proxies.size=4, batch_idx=0
I [/opt/actions-runner/_work/mako-fast-reads/mako-fast-reads/src/deptran/paxos/commo.cc:151] 2025-12-10 03:35:55.776 | ForwardToLearner: SENDING to learner site_id=7, slot=863
I [/opt/actions-runner/_work/mako-fast-reads/mako-fast-reads/src/deptran/paxos/commo.cc:125] 2025-12-10 03:35:55.797 | ForwardToLearner: par_id=0, slot=1037, n=3, proxies.size=4, batch_idx=0
I [/opt/actions-runner/_work/mako-fast-reads/mako-fast-reads/src/deptran/paxos/commo.cc:151] 2025-12-10 03:35:55.797 | ForwardToLearner: SENDING to learner site_id=3, slot=1037
I [/opt/actions-runner/_work/mako-fast-reads/mako-fast-reads/src/deptran/paxos/commo.cc:125] 2025-12-10 03:35:55.826 | ForwardToLearner: par_id=1, slot=864, n=3, proxies.size=4, batch_idx=0
I [/opt/actions-runner/_work/mako-fast-reads/mako-fast-reads/src/deptran/paxos/commo.cc:151] 2025-12-10 03:35:55.826 | ForwardToLearner: SENDING to learner site_id=7, slot=864
I [/opt/actions-runner/_work/mako-fast-reads/mako-fast-reads/src/deptran/paxos/commo.cc:125] 2025-12-10 03:35:55.845 | ForwardToLearner: par_id=0, slot=1038, n=3, proxies.size=4, batch_idx=0
I [/opt/actions-runner/_work/mako-fast-reads/mako-fast-reads/src/deptran/paxos/commo.cc:151] 2025-12-10 03:35:55.845 | ForwardToLearner: SENDING to learner site_id=3, slot=1038
I [/opt/actions-runner/_work/mako-fast-reads/mako-fast-reads/src/deptran/paxos/commo.cc:125] 2025-12-10 03:35:55.876 | ForwardToLearner: par_id=1, slot=865, n=3, proxies.size=4, batch_idx=0
I [/opt/actions-runner/_work/mako-fast-reads/mako-fast-reads/src/deptran/paxos/commo.cc:151] 2025-12-10 03:35:55.876 | ForwardToLearner: SENDING to learner site_id=7, slot=865
I [/opt/actions-runner/_work/mako-fast-reads/mako-fast-reads/src/deptran/paxos/commo.cc:125] 2025-12-10 03:35:55.889 | ForwardToLearner: par_id=0, slot=1039, n=3, proxies.size=4, batch_idx=0
I [/opt/actions-runner/_work/mako-fast-reads/mako-fast-reads/src/deptran/paxos/commo.cc:151] 2025-12-10 03:35:55.889 | ForwardToLearner: SENDING to learner site_id=3, slot=1039
I [/opt/actions-runner/_work/mako-fast-reads/mako-fast-reads/src/deptran/paxos/commo.cc:125] 2025-12-10 03:35:55.901 | ForwardToLearner: par_id=0, slot=1040, n=3, proxies.size=4, batch_idx=0
I [/opt/actions-runner/_work/mako-fast-reads/mako-fast-reads/src/deptran/paxos/commo.cc:151] 2025-12-10 03:35:55.901 | ForwardToLearner: SENDING to learner site_id=3, slot=1040
I [/opt/actions-runner/_work/mako-fast-reads/mako-fast-reads/src/deptran/paxos/commo.cc:125] 2025-12-10 03:35:55.923 | ForwardToLearner: par_id=0, slot=1041, n=3, proxies.size=4, batch_idx=0
I [/opt/actions-runner/_work/mako-fast-reads/mako-fast-reads/src/deptran/paxos/commo.cc:151] 2025-12-10 03:35:55.923 | ForwardToLearner: SENDING to learner site_id=3, slot=1041
I [/opt/actions-runner/_work/mako-fast-reads/mako-fast-reads/src/deptran/paxos/commo.cc:125] 2025-12-10 03:35:55.925 | ForwardToLearner: par_id=1, slot=866, n=3, proxies.size=4, batch_idx=0
I [/opt/actions-runner/_work/mako-fast-reads/mako-fast-reads/src/deptran/paxos/commo.cc:151] 2025-12-10 03:35:55.925 | ForwardToLearner: SENDING to learner site_id=7, slot=866
I [/opt/actions-runner/_work/mako-fast-reads/mako-fast-reads/src/deptran/paxos/commo.cc:125] 2025-12-10 03:35:55.931 | ForwardToLearner: par_id=0, slot=1042, n=3, proxies.size=4, batch_idx=0
I [/opt/actions-runner/_work/mako-fast-reads/mako-fast-reads/src/deptran/paxos/commo.cc:151] 2025-12-10 03:35:55.931 | ForwardToLearner: SENDING to learner site_id=3, slot=1042
I [/opt/actions-runner/_work/mako-fast-reads/mako-fast-reads/src/deptran/paxos/commo.cc:125] 2025-12-10 03:35:55.969 | ForwardToLearner: par_id=0, slot=1043, n=3, proxies.size=4, batch_idx=0
I [/opt/actions-runner/_work/mako-fast-reads/mako-fast-reads/src/deptran/paxos/commo.cc:151] 2025-12-10 03:35:55.969 | ForwardToLearner: SENDING to learner site_id=3, slot=1043
I [/opt/actions-runner/_work/mako-fast-reads/mako-fast-reads/src/deptran/paxos/commo.cc:125] 2025-12-10 03:35:55.978 | ForwardToLearner: par_id=1, slot=867, n=3, proxies.size=4, batch_idx=0
I [/opt/actions-runner/_work/mako-fast-reads/mako-fast-reads/src/deptran/paxos/commo.cc:151] 2025-12-10 03:35:55.978 | ForwardToLearner: SENDING to learner site_id=7, slot=867
I [/opt/actions-runner/_work/mako-fast-reads/mako-fast-reads/src/deptran/paxos/commo.cc:125] 2025-12-10 03:35:56.013 | ForwardToLearner: par_id=0, slot=1044, n=3, proxies.size=4, batch_idx=0
I [/opt/actions-runner/_work/mako-fast-reads/mako-fast-reads/src/deptran/paxos/commo.cc:151] 2025-12-10 03:35:56.013 | ForwardToLearner: SENDING to learner site_id=3, slot=1044
I [/opt/actions-runner/_work/mako-fast-reads/mako-fast-reads/src/deptran/paxos/commo.cc:125] 2025-12-10 03:35:56.024 | ForwardToLearner: par_id=1, slot=868, n=3, proxies.size=4, batch_idx=0
I [/opt/actions-runner/_work/mako-fast-reads/mako-fast-reads/src/deptran/paxos/commo.cc:151] 2025-12-10 03:35:56.024 | ForwardToLearner: SENDING to learner site_id=7, slot=868
I [/opt/actions-runner/_work/mako-fast-reads/mako-fast-reads/src/deptran/paxos/commo.cc:125] 2025-12-10 03:35:56.060 | ForwardToLearner: par_id=0, slot=1045, n=3, proxies.size=4, batch_idx=0
I [/opt/actions-runner/_work/mako-fast-reads/mako-fast-reads/src/deptran/paxos/commo.cc:151] 2025-12-10 03:35:56.060 | ForwardToLearner: SENDING to learner site_id=3, slot=1045
I [/opt/actions-runner/_work/mako-fast-reads/mako-fast-reads/src/deptran/paxos/commo.cc:125] 2025-12-10 03:35:56.062 | ForwardToLearner: par_id=1, slot=869, n=3, proxies.size=4, batch_idx=0
I [/opt/actions-runner/_work/mako-fast-reads/mako-fast-reads/src/deptran/paxos/commo.cc:151] 2025-12-10 03:35:56.062 | ForwardToLearner: SENDING to learner site_id=7, slot=869
I [/opt/actions-runner/_work/mako-fast-reads/mako-fast-reads/src/deptran/paxos/commo.cc:125] 2025-12-10 03:35:56.107 | ForwardToLearner: par_id=0, slot=1046, n=3, proxies.size=4, batch_idx=0
I [/opt/actions-runner/_work/mako-fast-reads/mako-fast-reads/src/deptran/paxos/commo.cc:151] 2025-12-10 03:35:56.107 | ForwardToLearner: SENDING to learner site_id=3, slot=1046
I [/opt/actions-runner/_work/mako-fast-reads/mako-fast-reads/src/deptran/paxos/commo.cc:125] 2025-12-10 03:35:56.111 | ForwardToLearner: par_id=1, slot=870, n=3, proxies.size=4, batch_idx=0
I [/opt/actions-runner/_work/mako-fast-reads/mako-fast-reads/src/deptran/paxos/commo.cc:151] 2025-12-10 03:35:56.111 | ForwardToLearner: SENDING to learner site_id=7, slot=870
I [/opt/actions-runner/_work/mako-fast-reads/mako-fast-reads/src/deptran/paxos/commo.cc:125] 2025-12-10 03:35:56.144 | ForwardToLearner: par_id=0, slot=1047, n=3, proxies.size=4, batch_idx=0
I [/opt/actions-runner/_work/mako-fast-reads/mako-fast-reads/src/deptran/paxos/commo.cc:151] 2025-12-10 03:35:56.144 | ForwardToLearner: SENDING to learner site_id=3, slot=1047
I [/opt/actions-runner/_work/mako-fast-reads/mako-fast-reads/src/deptran/paxos/commo.cc:125] 2025-12-10 03:35:56.147 | ForwardToLearner: par_id=0, slot=1048, n=3, proxies.size=4, batch_idx=0
I [/opt/actions-runner/_work/mako-fast-reads/mako-fast-reads/src/deptran/paxos/commo.cc:151] 2025-12-10 03:35:56.147 | ForwardToLearner: SENDING to learner site_id=3, slot=1048
I [/opt/actions-runner/_work/mako-fast-reads/mako-fast-reads/src/deptran/paxos/commo.cc:125] 2025-12-10 03:35:56.171 | ForwardToLearner: par_id=1, slot=871, n=3, proxies.size=4, batch_idx=0
I [/opt/actions-runner/_work/mako-fast-reads/mako-fast-reads/src/deptran/paxos/commo.cc:151] 2025-12-10 03:35:56.171 | ForwardToLearner: SENDING to learner site_id=7, slot=871
I [/opt/actions-runner/_work/mako-fast-reads/mako-fast-reads/src/deptran/paxos/commo.cc:125] 2025-12-10 03:320251110-03:35.56-374398(us) 19466 * wait_for_termination (mako.hh:538):      follower is waiting for being ended: 0/2, noops_cnt:0, replay_batch:1922, wait_time:32s

5:56.193 | ForwardToLearner: par_id=0, slot=1049, n=3, proxies.size=4, batch_idx=0
I [/opt/actions-runner/_work/mako-fast-reads/mako-fast-reads/src/deptran/paxos/commo.cc:151] 2025-12-10 03:35:56.193 | ForwardToLearner: SENDING to learner site_id=3, slot=1049
I [/opt/actions-runner/_work/mako-fast-reads/mako-fast-reads/src/deptran/paxos/commo.cc:125] 2025-12-10 03:35:56.213 | ForwardToLearner: par_id=1, slot=872, n=3, proxies.size=4, batch_idx=0
I [/opt/actions-runner/_work/mako-fast-reads/mako-fast-reads/src/deptran/paxos/commo.cc:151] 2025-12-10 03:35:56.213 | ForwardToLearner: SENDING to learner site_id=7, slot=872
I [/opt/actions-runner/_work/mako-fast-reads/mako-fast-reads/src/deptran/paxos/commo.cc:125] 2025-12-10 03:35:56.238 | ForwardToLearner: par_id=0, slot=1050, n=3, proxies.size=4, batch_idx=0
I [/opt/actions-runner/_work/mako-fast-reads/mako-fast-reads/src/deptran/paxos/commo.cc:151] 2025-12-10 03:35:56.238 | ForwardToLearner: SENDING to learner site_id=3, slot=1050
I [/opt/actions-runner/_work/mako-fast-reads/mako-fast-reads/src/deptran/paxos/commo.cc:125] 2025-12-10 03:35:56.257 | ForwardToLearner: par_id=1, slot=873, n=3, proxies.size=4, batch_idx=0
I [/opt/actions-runner/_work/mako-fast-reads/mako-fast-reads/src/deptran/paxos/commo.cc:151] 2025-12-10 03:35:56.257 | ForwardToLearner: SENDING to learner site_id=7, slot=873
I [/opt/actions-runner/_work/mako-fast-reads/mako-fast-reads/src/deptran/paxos/commo.cc:125] 2025-12-10 03:35:56.280 | ForwardToLearner: par_id=0, slot=1051, n=3, proxies.size=4, batch_idx=0
I [/opt/actions-runner/_work/mako-fast-reads/mako-fast-reads/src/deptran/paxos/commo.cc:151] 2025-12-10 03:35:56.280 | ForwardToLearner: SENDING to learner site_id=3, slot=1051
I [/opt/actions-runner/_work/mako-fast-reads/mako-fast-reads/src/deptran/paxos/commo.cc:125] 2025-12-10 03:35:56.303 | ForwardToLearner: par_id=1, slot=874, n=3, proxies.size=4, batch_idx=0
I [/opt/actions-runner/_work/mako-fast-reads/mako-fast-reads/src/deptran/paxos/commo.cc:151] 2025-12-10 03:35:56.303 | ForwardToLearner: SENDING to learner site_id=7, slot=874
I [/opt/actions-runner/_work/mako-fast-reads/mako-fast-reads/src/deptran/paxos/commo.cc:125] 2025-12-10 03:35:56.333 | ForwardToLearner: par_id=0, slot=1052, n=3, proxies.size=4, batch_idx=0
I [/opt/actions-runner/_work/mako-fast-reads/mako-fast-reads/src/deptran/paxos/commo.cc:151] 2025-12-10 03:35:56.333 | ForwardToLearner: SENDING to learner site_id=3, slot=1052
I [/opt/actions-runner/_work/mako-fast-reads/mako-fast-reads/src/deptran/paxos/commo.cc:125] 2025-12-10 03:35:57.335 | ForwardToLearner: par_id=0, slot=1053, n=3, proxies.size=4, batch_idx=0
I [/opt/actions-runner/_work/mako-fast-reads/mako-fast-reads/src/deptran/paxos/commo.cc:151] 2025-12-10 03:35:57.335 | ForwardToLearner: SENDING to learner site_id=3, slot=1053
I [/opt/actions-runner/_work/mako-fast-reads/mako-fast-reads/src/deptran/paxos/commo.cc:125] 2025-12-10 03:35:57.335 | ForwardToLearner: par_id=1, slot=875, n=3, proxies.size=4, batch_idx=0
I [/opt/actions-runner/_work/mako-fast-reads/mako-fast-reads/src/deptran/paxos/commo.cc:151] 2025-12-10 03:35:57.335 | ForwardToLearner: SENDING to learner site_id=7, slot=875
I [/opt/actions-runner/_work/mako-fast-reads/mako-fast-reads/src/deptran/paxos/commo.cc:125] 2025-12-10 03:35:57.346 | ForwardToLearner: par_id=0, slot=1054, n=3, proxies.size=4, batch_idx=0
I [/opt/actions-runner/_work/mako-fast-reads/mako-fast-reads/src/deptran/paxos/commo.cc:151] 2025-12-10 03:35:57.346 | ForwardToLearner: SENDING to learner site_id=3, slot=1054
I [/opt/actions-runner/_work/mako-fast-reads/mako-fast-reads/src/deptran/paxos/commo.cc:125] 2025-12-10 03:35:57.346 | ForwardToLearner: par_id=0, slot=1055, n=3, proxies.size=4, batch_idx=0
I [/opt/actions-runner/_work/mako-fast-reads/mako-fast-reads/src/deptran/paxos/commo.cc:151] 2025-12-10 03:35:57.346 | ForwardToLearner: SENDING to learner site_id=3, slot=1055
I [/opt/actions-runner/_work/mako-fast-reads/mako-fast-reads/src/deptran/paxos/commo.cc:125] 2025-12-10 03:35:57.356 | ForwardToLearner: par_id=1, slot=876, n=3, pr20251110-03:35.57-356542(us) 19466 ! operator()      (mako.hh:233):      Recieved a zero length log
20251110-03:35.57-358440(us) 19466 ! operator()      (mako.hh:233):      Recieved a zero length log
20251110-03:35.57-374482(us) 19466 * wait_for_termination (mako.hh:538):      follower is waiting for being ended: 2/2, noops_cnt:0, replay_batch:1930, wait_time:33s

oxies.size=4, batch_idx=0
I [/opt/actions-runner/_work/mako-fast-reads/mako-fast-reads/src/deptran/paxos/commo.cc:151] 2025-12-10 03:35:57.356 | ForwardToLearner: SENDING to learner site_id=7, slot=876
I [/opt/actions-runner/_work/mako-fast-reads/mako-fast-reads/src/deptran/paxos/commo.cc:125] 2025-12-10 03:35:57.356 | ForwardToLearner: par_id=0, slot=1056, n=3, proxies.size=4, batch_idx=0
I [/opt/actions-runner/_work/mako-fast-reads/mako-fast-reads/src/deptran/paxos/commo.cc:151] 2025-12-10 03:35:57.356 | ForwardToLearner: SENDING to learner site_id=3, slot=1056
I [/opt/actions-runner/_work/mako-fast-reads/mako-fast-reads/src/deptran/paxos_worker.cc:140] 2025-12-10 03:35:57.356 | Recieved a zero length log
I [/opt/actions-runner/_work/mako-fast-reads/mako-fast-reads/src/deptran/paxos/commo.cc:125] 2025-12-10 03:35:57.358 | ForwardToLearner: par_id=1, slot=877, n=3, proxies.size=4, batch_idx=0
I [/opt/actions-runner/_work/mako-fast-reads/mako-fast-reads/src/deptran/paxos/commo.cc:151] 2025-12-10 03:35:57.358 | ForwardToLearner: SENDING to learner site_id=7, slot=877
I [/opt/actions-runner/_work/mako-fast-reads/mako-fast-reads/src/deptran/paxos/commo.cc:125] 2025-12-10 03:35:57.358 | ForwardToLearner: par_id=1, slot=878, n=3, proxies.size=4, batch_idx=0
I [/opt/actions-runner/_work/mako-fast-reads/mako-fast-reads/src/deptran/paxos/commo.cc:151] 2025-12-10 03:35:57.358 | ForwardToLearner: SENDING to learner site_id=7, slot=878
I [/opt/actions-runner/_work/mako-fast-reads/mako-fast-reads/src/deptran/paxos_worker.cc:140] 2025-12-10 03:35:57.358 | Recieved a zero length log
I [/opt/actions-runner/_work/mako-fast-reads/mako-fast-reads/src/deptran/paxos_main_helper.cc:999] 2025-12-10 03:35:59.374 | shutdown Server Control Service after task finish total submit 0
I [/opt/actions-runner/_work/mako-fast-reads/mako-fast-reads/src/deptran/benchmark_control_rpc.cc:43] 2025-12-10 03:35:59.374 | Shutdown Server Control Service
I [/opt/actions-runner/_work/mako-fast-reads/mako-fast-reads/src/deptran/benchmark_control_rpc.cc:43] 2025-12-10 03:35:59.374 | Shutdown Server Control Service
I [/opt/actions-runner/_work/mako-fast-reads/mako-fast-reads/src/deptran/paxos_main_helper.cc:311] 2025-12-10 03:35:59.374 | all server workers have shut down.
I [/opt/actions-runner/_work/mako-fast-reads/mako-fast-reads/src/deptran/paxos_worker.cc:288] 2025-12-10 03:35:59.474 | site s201 deleting services, num: 1 0 0 0
I [/opt/actions-runner/_work/mako-fast-reads/mako-fast-reads/src/deptran/paxos/server.h:47] 2025-12-10 03:35:59.525 | site par 0, loc 1: prepare 0, accept 1056, commit 1056
I [/opt/actions-runner/_work/mako-fast-reads/mako-fast-reads/src/deptran/paxos_worker.cc:288] 2025-12-10 03:35:59.531 | site s202 deleting services, num: 1 0 0 0
I [/opt/actions-runner/_work/mako-fast-reads/mako-fast-reads/src/deptran/paxos/server.h:47] 2025-12-10 03:35:59.581 | site par 1, loc 1: prepare 0, accept 878, commit 878
I [/opt/actions-runner/_work/mako-fast-reads/mako-fast-reads/src/deptran/paxos_worker.cc:649] 2025-12-10 03:35:59.634 | Ending worker with n_tot 0 and n_current 0
I [/opt/actions-runner/_work/mako-fast-reads/mako-fast-reads/src/deptran/paxos_worker.cc:649] 2025-12-10 03:35:59.657 | Ending worker with n_tot 0 and n_current 0
I [/opt/actions-runner/_work/mako-fast-reads/mako-fast-reads/src/deptran/paxos_main_helper.cc:332] 2025-12-10 03:35:59.671 | exit process.
