=========================================
Configuration:
=========================================
  Number of shards:  3
  Shard index:       2
  Number of threads: 2
  Cluster:           localhost
  Micro benchmark:   disabled
  Replicated mode:   enabled
=========================================
20251110-03:35.20-57272(us) 19435 * ParseOldFormat  (configuration.cc:66): Using old configuration format
I [/opt/actions-runner/_work/mako-fast-reads/mako-fast-reads/src/deptran/paxos_main_helper.cc:78] 2025-12-10 03:35:20.057 | PWD : /opt/actions-runner/_work/mako-fast-reads/mako-fast-reads
I [/opt/actions-runner/_work/mako-fast-reads/mako-fast-reads/src/deptran/paxos_main_helper.cc:276] 2025-12-10 03:35:20.057 | starting process 19435
I [/opt/actions-runner/_work/mako-fast-reads/mako-fast-reads/src/deptran/config.cc:290] 2025-12-10 03:35:20.057 | LoadYML: config/1leader_2followers/paxos2_shardidx2.yml
I [/opt/actions-runner/_work/mako-fast-reads/mako-fast-reads/src/deptran/config.cc:290] 2025-12-10 03:35:20.058 | LoadYML: config/occ_paxos.yml
I [/opt/actions-runner/_work/mako-fast-reads/mako-fast-reads/src/deptran/paxos_main_helper.cc:285] 2025-12-10 03:35:20.058 | server_infos, number of sites: 2, proc_name: localhost
I [/opt/actions-runner/_work/mako-fast-reads/mako-fast-reads/src/deptran/paxos_main_helper.cc:291] 2025-12-10 03:35:20.064 | parition id of each Paxos group is 1, site-name: s102, site-id: 4
I [/opt/actions-runner/_work/mako-fast-reads/mako-fast-reads/src/deptran/paxos_main_helper.cc:291] 2025-12-10 03:35:20.070 | parition id of each Paxos group is 0, site-name: s101, site-id: 0
I [/opt/actions-runner/_work/mako-fast-reads/mako-fast-reads/src/deptran/paxos_main_helper.cc:297] 2025-12-10 03:35:20.070 | running machine-id: 0
I [/opt/actions-runner/_work/mako-fast-reads/mako-fast-reads/src/deptran/paxos_main_helper.cc:92] 2025-12-10 03:35:20.070 | launching site: 0, bind address 0.0.0.0:19001
I [/opt/actions-runner/_work/mako-fast-reads/mako-fast-reads/src/deptran/paxos_main_helper.cc:106] 2025-12-10 03:35:20.070 | waiting for server setup threads.
I [/opt/actions-runner/_work/mako-fast-reads/mako-fast-reads/src/deptran/paxos_main_helper.cc:92] 2025-12-10 03:35:20.070 | launching site: 4, bind address 0.0.0.0:19002
I [/opt/actions-runner/_work/mako-fast-reads/mako-fast-reads/src/deptran/paxos_worker.cc:198] 2025-12-10 03:35:20.070 | [service]loc_id: 0, name: s101, proc: localhost, id: 0
I [/opt/actions-runner/_work/mako-fast-reads/mako-fast-reads/src/deptran/paxos_worker.cc:198] 2025-12-10 03:35:20.070 | [service]loc_id: 0, name: s102, proc: localhost, id: 4
starting server at 0.0.0.0:19001
starting server at 0.0.0.0:19002
I [/opt/actions-runner/_work/mako-fast-reads/mako-fast-reads/src/deptran/paxos_worker.cc:221] 2025-12-10 03:35:20.070 | Server s101 ready at 0.0.0.0:19001
I [/opt/actions-runner/_work/mako-fast-reads/mako-fast-reads/src/deptran/paxos_worker.cc:221] 2025-12-10 03:35:20.070 | Server s102 ready at 0.0.0.0:19002
I [/opt/actions-runner/_work/mako-fast-reads/mako-fast-reads/src/deptran/communicator.cc:14] 2025-12-10 03:35:20.070 | setup paxos communicator
I [/opt/actions-runner/_work/mako-fast-reads/mako-fast-reads/src/deptran/communicator.cc:14] 2025-12-10 03:35:20.070 | setup paxos communicator
I [/opt/actions-runner/_work/mako-fast-reads/mako-fast-reads/src/deptran/communicator.cc:175] 2025-12-10 03:35:20.070 | connect to site: 127.0.0.1:19001 (attempt 0)
I [/opt/actions-runner/_work/mako-fast-reads/mako-fast-reads/src/deptran/communicator.cc:175] 2025-12-10 03:35:20.070 | connect to site: 127.0.0.1:19001 (attempt 0)
I [/opt/actions-runner/_work/mako-fast-reads/mako-fast-reads/src/deptran/communicator.cc:175] 2025-12-10 03:35:20.070 | connect to site: 127.0.0.1:19101 (attempt 0)
I [/opt/actions-runner/_work/mako-fast-reads/mako-fast-reads/src/deptran/communicator.cc:175] 2025-12-10 03:35:20.070 | connect to site: 127.0.0.1:19101 (attempt 0)
E [/opt/actions-runner/_work/mako-fast-reads/mako-fast-reads/src/rrr/rpc/client.cpp:194] 2025-12-10 03:35:20.070 | rrr::Client: connect(127.0.0.1:19101): Connection refused
E [/opt/actions-runner/_work/mako-fast-reads/mako-fast-reads/src/rrr/rpc/client.cpp:194] 2025-12-10 03:35:20.070 | rrr::Client: connect(127.0.0.1:19101): Connection refused
I [/opt/actions-runner/_work/mako-fast-reads/mako-fast-reads/src/deptran/communicator.cc:175] 2025-12-10 03:35:21.070 | connect to site: 127.0.0.1:19101 (attempt 1)
I [/opt/actions-runner/_work/mako-fast-reads/mako-fast-reads/src/deptran/communicator.cc:175] 2025-12-10 03:35:21.070 | connect to site: 127.0.0.1:19101 (attempt 1)
I [/opt/actions-runner/_work/mako-fast-reads/mako-fast-reads/src/deptran/communicator.cc:175] 2025-12-10 03:35:21.070 | connect to site: 127.0.0.1:19201 (attempt 0)
I [/opt/actions-runner/_work/mako-fast-reads/mako-fast-reads/src/deptran/communicator.cc:175] 2025-12-10 03:35:21.070 | connect to site: 127.0.0.1:19201 (attempt 0)
I [/opt/actions-runner/_work/mako-fast-reads/mako-fast-reads/src/deptran/communicator.cc:175] 2025-12-10 03:35:21.070 | connect to site: 127.0.0.1:19301 (attempt 0)
I [/opt/actions-runner/_work/mako-fast-reads/mako-fast-reads/src/deptran/communicator.cc:175] 2025-12-10 03:35:21.070 | connect to site: 127.0.0.1:19301 (attempt 0)
I [/opt/actions-runner/_work/mako-fast-reads/mako-fast-reads/src/deptran/communicator.cc:175] 2025-12-10 03:35:21.070 | connect to site: 127.0.0.1:19002 (attempt 0)
I [/opt/actions-runner/_work/mako-fast-reads/mako-fast-reads/src/deptran/communicator.cc:175] 2025-12-10 03:35:21.070 | connect to site: 127.0.0.1:19102 (attempt 0)
I [/opt/actions-runner/_work/mako-fast-reads/mako-fast-reads/src/deptran/communicator.cc:175] 2025-12-10 03:35:21.070 | connect to site: 127.0.0.1:19202 (attempt 0)
I [/opt/actions-runner/_work/mako-fast-reads/mako-fast-reads/src/deptran/communicator.cc:175] 2025-12-10 03:35:21.070 | connect to site: 127.0.0.1:19002 (attempt 0)
I [/opt/actions-runner/_work/mako-fast-reads/mako-fast-reads/src/deptran/communicator.cc:175] 2025-12-10 03:35:21.070 | connect to site: 127.0.0.1:19302 (attempt 0)
I [/opt/actions-runner/_work/mako-fast-reads/mako-fast-reads/src/deptran/communicator.cc:175] 2025-12-10 03:35:21.070 | connect to site: 127.0.0.1:19102 (attempt 0)
I [/opt/actions-runner/_work/mako-fast-reads/mako-fast-reads/src/deptran/paxos_main_helper.cc:103] 2025-12-10 03:35:21.070 | site 0 launched!
I [/opt/actions-runner/_work/mako-fast-reads/mako-fast-reads/src/deptran/communicator.cc:175] 2025-12-10 03:35:21.070 | connect to site: 127.0.0.1:19202 (attempt 0)
I [/opt/actions-runner/_work/mako-fast-reads/mako-fast-reads/src/deptran/communicator.cc:175] 2025-12-10 03:35:21.071 | connect to site: 127.0.0.1:19302 (attempt 0)
I [/opt/actions-runner/_work/mako-fast-rDisk persistence disabled by DISABLE_DISK flag
eads/mako-fast-reads/src/deptran/paxos_main_helper.cc:103] 2025-12-10 03:35:21.071 | site 4 launched!
I [/opt/actions-runner/_work/mako-fast-reads/mako-fast-reads/src/deptran/paxos_main_helper.cc:110] 2025-12-10 03:35:21.071 | done waiting for server setup threads.
I [/opt/actions-runner/_work/mako-fast-reads/mako-fast-reads/src/deptran/paxos_worker.cc:255] 2025-12-10 03:35:21.071 | heartbeat setup for s101 on 0.0.0.0:29001
I [/opt/actions-runner/_work/mako-fast-reads/mako-fast-reads/src/deptran/paxos_worker.cc:255] 2025-12-10 03:35:21.071 | heartbeat setup for s102 on 0.0.0.0:29002
I [/opt/actions-runner/_work/mako-fast-reads/mako-fast-reads/src/deptran/paxos_main_helper.cc:117] 2025-12-10 03:35:21.071 | server workers' communicators setup
allocator::Initialize()
  hugepgsize: 2097152
  use MADV_WILLNEED: 1
  mmap() region [0x79e6e3a00000, 0x79e723c00000)
cpu0 owns [0x79e6e3a00000, 0x79e703a00000)
cpu1 owns [0x79e703a00000, 0x79e723a00000)
Database Benchmark:
  pid: 19435
settings:
  num-cpus    : 32
  num-threads : 2
  shardIndex  : 2
  paxos_proc_name  : localhost
  nshards     : 3
  is_micro    : 0
  is_replicated : 1
  var-encode  : yes
  allocator   : jemalloc
system properties:
  tuple_prefetch          : no
  btree_node_prefetch     : yes
tpcc settings:
  cross_partition_transactions : 1
  read_only_snapshots          : 1
  partition_locks              : 0
  separate_tree_per_partition  : 1
  new_order_remote_item_pct    : 1
  new_order_fast_id_gen        : 1
  uniform_item_dist            : 0
  order_status_scan_hack       : 0
  workload_mix                 : [10, 10, 0, 40, 40]
new table is createded with name: customer_0, table-id: 401, on shard-server id:2
new table is createded with name: customer_1, table-id: 402, on shard-server id:2
new table is createded with name: customer_name_idx_0, table-id: 403, on shard-server id:2
new table is createded with name: customer_name_idx_1, table-id: 404, on shard-server id:2
new table is createded with name: district_0, table-id: 405, on shard-server id:2
new table is createded with name: district_1, table-id: 406, on shard-server id:2
new table is createded with name: history_0, table-id: 407, on shard-server id:2
new table is createded with name: history_1, table-id: 408, on shard-server id:2
new table is createded with name: new_order_0, table-id: 409, on shard-server id:2
new table is createded with name: new_order_1, table-id: 410, on shard-server id:2
new table is createded with name: oorder_0, table-id: 411, on shard-server id:2
new table is createded with name: oorder_1, table-id: 412, on shard-server id:2
new table is createded with name: oorder_c_id_idx_0, table-id: 413, on shard-server id:2
new table is createded with name: oorder_c_id_idx_1, table-id: 414, on shard-server id:2
new table is createded with name: order_line_0, table-id: 415, on shard-server id:2
new table is createded with name: order_line_1, table-id: 416, on shard-server id:2
new table is createded with name: stock_0, table-id: 417, on shard-server id:2
new table is createded with name: stock_1, table-id: 418, on shard-server id:2
new table is createded with name: stock_data_0, table-id: 419, on shard-server id:2
new table is createded with name: stock_data_1, table-id: 420, on shard-server id:2
new table is createded with name: warehouse_0, table-id: 421, on shard-server id:2
new table is createded with name: warehouse_1, table-id: 422, on shard-server id:2
new table is createded with name: item, table-id: 423, on shard-server id:2
new table is createded with name: customer_remote_1, table-id: 1, on shard-server id:0
new table is createded with name: customer_remote_2, table-id: 2, on shard-server id:0
new table is createded with name: customer_remote_3, table-id: 201, on shard-server id:1
new table is createded with name: customer_remote_4, table-id: 202, on shard-server id:1
new table is createded with name: customer_name_idx_remote_1, table-id: 3, on shard-server id:0
new table is createded with name: customer_name_idx_remote_2, table-id: 4, on shard-server id:0
new table is createded with name: customer_name_idx_remote_3, table-id: 203, on shard-server id:1
new table is createded with name: customer_name_idx_remote_4, table-id: 204, on shard-server id:1
new table is createded with name: district_remote_1, table-id: 5, on shard-server id:0
new table is createded with name: district_remote_2, table-id: 6, on shard-server id:0
new table is createded with name: district_remote_3, table-id: 205, on shard-server id:1
new table is createded with name: district_remote_4, table-id: 206, on shard-server id:1
new table is createded with name: history_remote_1, table-id: 7, on shard-server id:0
new table is createded with name: history_remote_2, table-id: 8, on shard-server id:0
new table is createded with name: history_remote_3, table-id: 207, on shard-server id:1
new table is createded with name: history_remote_4, table-id: 208, on shard-server id:1
new table is createded with name: new_order_remote_1, table-id: 9, on shard-server id:0
new table is createded with name: new_order_remote_2, table-id: 10, on shard-server id:0
new table is createded with name: new_order_remote_3, table-id: 209, on shard-server id:1
new table is createded with name: new_order_remote_4, table-id: 210, on shard-server id:1
new table is createded with name: oorder_remote_1, table-id: 11, on shard-server id:0
new table is createded with name: oorder_remote_2, table-id: 12, on shard-server id:0
new table is createded with name: oorder_remote_3, table-id: 211, on shard-server id:1
new table is createded with name: oorder_remote_4, table-id: 212, on shard-server id:1
new table is createded with name: oorder_c_id_idx_remote_1, table-id: 13, on shard-server id:0
new table is createded with name: oorder_c_id_idx_remote_2, table-id: 14, on shard-server id:0
new table is createded with name: oorder_c_id_idx_remote_3, table-id: 213, on shard-server id:1
new table is createded with name: oorder_c_id_idx_remote_4, table-id: 214, on shard-server id:1
new table is createded with name: order_line_remote_1, table-id: 15, on shard-server id:0
new table is createded with name: order_line_remote_2, table-id: 16, on shard-server id:0
new table is createded with name: order_line_remote_3, table-id: 215, on shard-server id:1
new table is createded with name: order_line_remote_4, table-id: 216, on shard-server id:1
new table is createded with name: stock_remote_1, table-id: 17, on shard-server id:0
new table is createded with name: stock_remote_2, table-id: 18, on shard-server id:0
new table is createded with name: stock_remote_3, table-id: 217, on shard-server id:1
new table is createded with name: stock_remote_4, table-id: 218, on shard-server id:1
new table is createded with name: stock_data_remote_1, table-id: 19, on shard-server id:0
new table is createded with name: stock_data_remote_2, table-id: 20, on shard-server id:0
new table is createded with name: stock_data_remote_3, table-id: 219, on shard-server id:1
new table is createded with name: stock_data_remote_4, table-id: 220, on shard-server id:1
new table is createded with name: warehouse_remote_1, table-id: 21, on shard-server id:0
new table is createded with name: warehouse_remote_2, table-id: 22, on shard-server id:0
new table is createded with name: warehouse_remote_3, table-id: 221, on shard-server id:1
new table is createded with name: warehouse_remote_4, table-id: 222, on shard-server id:1
new table is createded with name: item_remote_1, table-id: 23, on shard-server id:0
new table is createded with name: item_remote_2, table-id: 24, on shard-server id:0
new table is createded with name: item_remote_3, table-id: 223, on shard-server id:1
new table is createded with name: item_remote_4, table-id: 224, on shard-server id:1
20251110-03:35.24-72535(us) 19435 * ParseOldFormat  (configuration.cc:66): Using old configuration format
[TRANSPORT] Using default: rrr
20251110-03:35.24-72670(us) 19435 * ParseOldFormat  (configuration.cc:66): Using old configuration format
20251110-03:35.24-72714(us) 19435 * Initialize      (rrr_rpc_backend.cc:58): RrrRpcBackend::Initialize: poll_thread_worker_ created, is_some=1
20251110-03:35.24-72743(us) 19435 * Initialize      (rrr_rpc_backend.cc:88): RrrRpcBackend initialized on 127.0.0.1:31207 (listening on 0.0.0.0:31207)
20251110-03:35.24-72748(us) 19435 * FastTransport   (fasttransport.cc:116): FastTransport initialized with rrr/rpc backend on 127.0.0.1:31207
[TRANSPORT] Using default: rrr
20251110-03:35.24-72758(us) 19435 * RunEventLoop    (rrr_rpc_backend.cc:518): RrrRpcBackend::RunEventLoop: Starting event loop
20251110-03:35.24-72817(us) 19435 * Initialize      (rrr_rpc_backend.cc:58): RrrRpcBackend::Initialize: poll_thread_worker_ created, is_some=1
20251110-03:35.24-72848(us) 19435 * Initialize      (rrr_rpc_backend.cc:88): RrrRpcBackend initialized on 127.0.0.1:31208 (listening on 0.0.0.0:31208)
20251110-03:35.24-72857(us) 19435 * FastTransport   (fasttransport.cc:116): FastTransport initialized with rrr/rpc backend on 127.0.0.1:31208
20251110-03:35.24-72869(us) 19435 * RunEventLoop    (rrr_rpc_backend.cc:518): RrrRpcBackend::RunEventLoop: Starting event loop
20251110-03:35.24-73396(us) 19435 * ParseOldFormat  (configuration.cc:66): Using old configuration format
20251110-03:35.24-73485(us) 19435 * ParseOldFormat  (configuration.cc:66): Using old configuration format
20251110-03:35.24-73569(us) 19435 * ParseOldFormat  (configuration.cc:66): Using old configuration format
20251110-03:35.24-73608(us) 19435 * ParseOldFormat  (configuration.cc:66): Using old configuration format
20251110-03:35.24-73676(us) 19435 * ParseOldFormat  (configuration.cc:66): Using old configuration format
20251110-03:35.24-73760(us) 19435 * ParseOldFormat  (configuration.cc:66): Using old configuration format
20251110-03:35.24-73849(us) 19435 * ParseOldFormat  (configuration.cc:66): Using old configuration format
20251110-03:35.24-73892(us) 19435 * ParseOldFormat  (configuration.cc:66): Using old configuration format
20251110-03:35.24-75508(us) 19435 ! run             (bench.cc:357):     # of loaders size:6
start worker:2452
[INFO] finished loading warehouse
[INFO]   * average warehouse record length: 97 bytes
[INFO] finished loading item
[INFO]   * average item record length: 84.1739 bytes
PinToWarehouseId(): coreid=2 pinned to whse=1 (partid=0)
PinToWarehouseId(): coreid=3 pinned to whse=1 (partid=0)
PinToWarehouseId(): coreid=3 pinned to whse=2 (partid=1)
[INFO] finished loading district
[INFO]   * average district record length: 99 bytes
PinToWarehouseId(): coreid=2 pinned to whse=2 (partid=1)
[INFO] finished loading stock
[INFO]   * average stock record length: 8 bytes
PinToWarehouseId(): coreid=5 pinned to whse=1 (partid=0)
num batches: 30
PinToWarehouseId(): coreid=4 pinned to whse=1 (partid=0)
PinToWarehouseId(): coreid=5 pinned to whse=2 (partid=1)
[INFO] finished loading order
[INFO]   * average order_line record length: 11.1187 bytes
[INFO]   * average oorder record length: 7.7038 bytes
[INFO]   * average new_order record length: 12 bytes
PinToWarehouseId(): coreid=4 pinned to whse=2 (partid=1)
[INFO] finished loading customer
[INFO]   * average customer record length: 153.862 bytes 
timed region dataloading took 2038.01 ms
DB size: 1393.2 MB
[0, 0, 0] txns persisted in loading phase
20251110-03:35.26-113604(us) 19435 ! run             (bench.cc:410):     # of nthreads:2
starting benchmark...
--------------Finish loading data and wait for others completing load phase ------------
tpcc: worker id 32 => warehouses [1, 2)
tpcc: worker id 33 => warehouses [2, 3)
No JEMALLOC_NO_RENAME
No JEMALLOC_NO_RENAME
20251110-03:35.26-115268(us) 19435 * ParseOldFormat  (configuration.cc:66): Using old configuration format
20251110-03:35.26-115287(us) 19435 * ParseOldFormat  (configuration.cc:66): Using old configuration format
20251110-03:35.26-115539(us) 19435 * ParseOldFormat  (configuration.cc:66): Using old configuration format
20251110-03:35.26-115557(us) 19435 * ParseOldFormat  (configuration.cc:66): Using old configuration format
[TRANSPORT] Using default: rrr
[TRANSPORT] Using default: rrr
20251110-03:35.26-115688(us) 19435 * Initialize      (rrr_rpc_backend.cc:58): RrrRpcBackend::Initialize: poll_thread_worker_ created, is_some=1
20251110-03:35.26-115714(us) 19435 * Initialize      (rrr_rpc_backend.cc:88): RrrRpcBackend initialized on 127.0.0.1:31200 (listening on 0.0.0.0:31200)
20251110-03:35.26-115723(us) 19435 * FastTransport   (fasttransport.cc:116): FastTransport initialized with rrr/rpc backend on 127.0.0.1:31200
20251110-03:35.26-115735(us) 19435 * Initialize      (rrr_rpc_backend.cc:58): RrrRpcBackend::Initialize: poll_thread_worker_ created, is_some=1
20251110-03:35.26-115765(us) 19435 * Initialize      (rrr_rpc_backend.cc:88): RrrRpcBackend initialized on 127.0.0.1:31201 (listening on 0.0.0.0:31201)
20251110-03:35.26-115770(us) 19435 * FastTransport   (fasttransport.cc:116): FastTransport initialized with rrr/rpc backend on 127.0.0.1:31201
20251110-03:35.26-115937(us) 19435 * ParseOldFormat  (configuration.cc:66): Using old configuration format
20251110-03:35.26-115998(us) 19435 * ParseOldFormat  (configuration.cc:66): Using old configuration format
20251110-03:35.26-116103(us) 19435 ! run             (bench.cc:461):     start the running time, runTime:30
20251110-03:35.26-116123(us) 19435 ! run             (bench.cc:473):     runtime time left:30000 ms, bool:1
we can start a advancer
start the advancer thread...
20251110-03:35.26-338777(us) 19435 ! txn_stock_level (tpcc.cc:3398):     ERROR warehouse_id:2, cid:16103, maxbytes:2
20251110-03:35.26-338942(us) 19435 ! txn_stock_level (tpcc.cc:3398):     ERROR warehouse_id:2, cid:16103, maxbytes:2
20251110-03:35.26-339811(us) 19435 ! txn_stock_level (tpcc.cc:3398):     ERROR warehouse_id:2, cid:16103, maxbytes:2
20251110-03:35.26-339897(us) 19435 ! txn_stock_level (tpcc.cc:3398):     ERROR warehouse_id:2, cid:16103, maxbytes:2
20251110-03:35.26-340156(us) 19435 ! txn_stock_level (tpcc.cc:3398):     ERROR warehouse_id:2, cid:16103, maxbytes:2
20251110-03:35.26-340435(us) 19435 ! txn_stock_level (tpcc.cc:3398):     ERROR warehouse_id:2, cid:16103, maxbytes:2
20251110-03:35.26-351854(us) 19435 ! txn_stock_level (tpcc.cc:3398):     ERROR warehouse_id:2, cid:65254, maxbytes:2
20251110-03:35.26-351899(us) 19435 ! txn_stock_level (tpcc.cc:3398):     ERROR warehouse_id:2, cid:65254, maxbytes:2
20251110-03:35.26-460542(us) 19435 ! txn_stock_level (tpcc.cc:3398):     ERROR warehouse_id:2, cid:16103, maxbytes:2
20251110-03:35.26-460624(us) 19435 ! txn_stock_level (tpcc.cc:3398):     ERROR warehouse_id:2, cid:16103, maxbytes:2
20251110-03:35.26-460795(us) 19435 ! txn_stock_level (tpcc.cc:3398):     ERROR warehouse_id:2, cid:16103, maxbytes:2
20251110-03:35.26-460869(us) 19435 ! txn_stock_level (tpcc.cc:3398):     ERROR warehouse_id:2, cid:16103, maxbytes:2
20251110-03:35.26-521008(us) 19435 ! txn_stock_level (tpcc.cc:3398):     ERROR warehouse_id:2, cid:39719, maxbytes:2
20251110-03:35.26-521088(us) 19435 ! txn_stock_level (tpcc.cc:3398):     ERROR warehouse_id:2, cid:39719, maxbytes:2
20251110-03:35.26-521115(us) 19435 ! txn_stock_level (tpcc.cc:3398):     ERROR warehouse_id:2, cid:39719, maxbytes:2
20251110-03:35.26-521156(us) 19435 ! txn_stock_level (tpcc.cc:3398):     ERROR warehouse_id:2, cid:39719, maxbytes:2
20251110-03:35.26-521163(us) 19435 ! txn_stock_level (tpcc.cc:3398):     ERROR warehouse_id:2, cid:39719, maxbytes:2
20251110-03:35.26-521182(us) 19435 ! txn_stock_level (tpcc.cc:3398):     ERROR warehouse_id:2, cid:39719, maxbytes:2
20251110-03:35.26-522197(us) 19435 ! txn_stock_level (tpcc.cc:3398):     ERROR warehouse_id:2, cid:39719, maxbytes:2
20251110-03:35.26-613145(us) 19435 ! txn_stock_level (tpcc.cc:3398):     ERROR warehouse_id:1, cid:15974, maxbytes:2
20251110-03:35.26-614143(us) 19435 ! txn_stock_level (tpcc.cc:3398):     ERROR warehouse_id:1, cid:15974, maxbytes:2
20251110-03:35.26-618099(us) 19435 ! txn_stock_level (tpcc.cc:3398):     ERROR warehouse_id:1, cid:15974, maxbytes:2
20251110-03:35.26-618142(us) 19435 ! txn_stock_level (tpcc.cc:3398):     ERROR warehouse_id:1, cid:15974, maxbytes:2
20251110-03:35.26-618219(us) 19435 ! txn_stock_level (tpcc.cc:3398):     ERROR warehouse_id:1, cid:15974, maxbytes:2
20251110-03:35.26-682232(us) 19435 ! txn_stock_level (tpcc.cc:3398):     ERROR warehouse_id:1, cid:96741, maxbytes:2
20251110-03:35.26-682354(us) 19435 ! txn_stock_level (tpcc.cc:3398):     ERROR warehouse_id:1, cid:96741, maxbytes:2
20251110-03:35.26-683278(us) 19435 ! txn_stock_level (tpcc.cc:3398):     ERROR warehouse_id:1, cid:96741, maxbytes:2
20251110-03:35.26-686854(us) 19435 ! txn_stock_level (tpcc.cc:3398):     ERROR warehouse_id:1, cid:96741, maxbytes:2
20251110-03:35.26-686950(us) 19435 ! txn_stock_level (tpcc.cc:3398):     ERROR warehouse_id:1, cid:96741, maxbytes:2
20251110-03:35.26-687028(us) 19435 ! txn_stock_level (tpcc.cc:3398):     ERROR warehouse_id:1, cid:96741, maxbytes:2
20251110-03:35.26-687377(us) 19435 ! txn_stock_level (tpcc.cc:3398):     ERROR warehouse_id:1, cid:96741, maxbytes:2
20251110-03:35.26-687515(us) 19435 ! txn_stock_level (tpcc.cc:3398):     ERROR warehouse_id:1, cid:96741, maxbytes:2
20251110-03:35.26-687768(us) 19435 ! txn_stock_level (tpcc.cc:3398):     ERROR warehouse_id:1, cid:96741, maxbytes:2
20251110-03:35.26-687820(us) 19435 ! txn_stock_level (tpcc.cc:3398):     ERROR warehouse_id:1, cid:96741, maxbytes:2
20251110-03:35.26-687978(us) 19435 ! txn_stock_level (tpcc.cc:3398):     ERROR warehouse_id:1, cid:96741, maxbytes:2
20251110-03:35.26-688037(us) 19435 ! txn_stock_level (tpcc.cc:3398):     ERROR warehouse_id:1, cid:96741, maxbytes:2
20251110-03:35.26-688116(us) 19435 ! txn_stock_level (tpcc.cc:3398):     ERROR warehouse_id:1, cid:96741, maxbytes:2
20251110-03:35.26-688203(us) 19435 ! txn_stock_level (tpcc.cc:3398):     ERROR warehouse_id:1, cid:96741, maxbytes:2
20251110-03:35.26-688257(us) 19435 ! txn_stock_level (tpcc.cc:3398):     ERROR warehouse_id:1, cid:96741, maxbytes:2
20251110-03:35.26-785828(us) 19435 ! txn_stock_level (tpcc.cc:3398):     ERROR warehouse_id:1, cid:32391, maxbytes:2
20251110-03:35.26-785926(us) 19435 ! txn_stock_level (tpcc.cc:3398):     ERROR warehouse_id:1, cid:32391, maxbytes:2
20251110-03:35.26-787731(us) 19435 ! txn_stock_level (tpcc.cc:3398):     ERROR warehouse_id:1, cid:32391, maxbytes:2
20251110-03:35.26-787949(us) 19435 ! txn_stock_level (tpcc.cc:3398):     ERROR warehouse_id:1, cid:32391, maxbytes:2
20251110-03:35.26-788234(us) 19435 ! txn_stock_level (tpcc.cc:3398):     ERROR warehouse_id:1, cid:32391, maxbytes:2
20251110-03:35.26-788286(us) 19435 ! txn_stock_level (tpcc.cc:3398):     ERROR warehouse_id:1, cid:32391, maxbytes:2
20251110-03:35.26-789275(us) 19435 ! txn_stock_level (tpcc.cc:3398):     ERROR warehouse_id:1, cid:32391, maxbytes:2
20251110-03:35.26-789349(us) 19435 ! txn_stock_level (tpcc.cc:3398):     ERROR warehouse_id:1, cid:32391, maxbytes:2
20251110-03:35.27-22419(us) 19435 ! txn_stock_level (tpcc.cc:3398):     ERROR warehouse_id:1, cid:24279, maxbytes:2
20251110-03:35.27-22671(us) 19435 ! txn_stock_level (tpcc.cc:3398):     ERROR warehouse_id:1, cid:24279, maxbytes:2
20251110-03:35.27-22901(us) 19435 ! txn_stock_level (tpcc.cc:3398):     ERROR warehouse_id:1, cid:24279, maxbytes:2
20251110-03:35.27-22939(us) 19435 ! txn_stock_level (tpcc.cc:3398):     ERROR warehouse_id:1, cid:24279, maxbytes:2
20251110-03:35.27-23004(us) 19435 ! txn_stock_level (tpcc.cc:3398):     ERROR warehouse_id:1, cid:24279, maxbytes:2
20251110-03:35.27-23051(us) 19435 ! txn_stock_level (tpcc.cc:3398):     ERROR warehouse_id:1, cid:24279, maxbytes:2
20251110-03:35.27-24313(us) 19435 ! txn_stock_level (tpcc.cc:3398):     ERROR warehouse_id:1, cid:24279, maxbytes:2
20251110-03:35.27-24410(us) 19435 ! txn_stock_level (tpcc.cc:3398):     ERROR warehouse_id:1, cid:24279, maxbytes:2
20251110-03:35.27-24431(us) 19435 ! txn_stock_level (tpcc.cc:3398):     ERROR warehouse_id:1, cid:24279, maxbytes:2
20251110-03:35.27-24516(us) 19435 ! txn_stock_level (tpcc.cc:3398):     ERROR warehouse_id:1, cid:24279, maxbytes:2
20251110-03:35.27-24868(us) 19435 ! txn_stock_level (tpcc.cc:3398):     ERROR warehouse_id:1, cid:24279, maxbytes:2
20251110-03:35.27-25157(us) 19435 ! txn_stock_level (tpcc.cc:3398):     ERROR warehouse_id:1, cid:24279, maxbytes:2
20251110-03:35.27-25340(us) 19435 ! txn_stock_level (tpcc.cc:3398):     ERROR warehouse_id:1, cid:24279, maxbytes:2
20251110-03:35.27-25404(us) 19435 ! txn_stock_level (tpcc.cc:3398):     ERROR warehouse_id:1, cid:24279, maxbytes:2
20251110-03:35.27-25495(us) 19435 ! txn_stock_level (tpcc.cc:3398):     ERROR warehouse_id:1, cid:24279, maxbytes:2
20251110-03:35.27-25611(us) 19435 ! txn_stock_level (tpcc.cc:3398):     ERROR warehouse_id:1, cid:24279, maxbytes:2
20251110-03:35.27-25652(us) 19435 ! txn_stock_level (tpcc.cc:3398):     ERROR warehouse_id:1, cid:24279, maxbytes:2
20251110-03:35.27-27810(us) 19435 ! txn_stock_level (tpcc.cc:3398):     ERROR warehouse_id:1, cid:89831, maxbytes:2
20251110-03:35.27-43449(us) 19435 ! txn_stock_level (tpcc.cc:3398):     ERROR warehouse_id:2, cid:89575, maxbytes:2
20251110-03:35.27-43491(us) 19435 ! txn_stock_level (tpcc.cc:3398):     ERROR warehouse_id:2, cid:89575, maxbytes:2
20251110-03:35.27-45534(us) 19435 ! txn_stock_level (tpcc.cc:3398):     ERROR warehouse_id:2, cid:89575, maxbytes:2
20251110-03:35.27-45745(us) 19435 ! txn_stock_level (tpcc.cc:3398):     ERROR warehouse_id:2, cid:89575, maxbytes:2
20251110-03:35.27-45818(us) 19435 ! txn_stock_level (tpcc.cc:3398):     ERROR warehouse_id:2, cid:89575, maxbytes:2
20251110-03:35.27-46790(us) 19435 ! txn_stock_level (tpcc.cc:3398):     ERROR warehouse_id:2, cid:89575, maxbytes:2
20251110-03:35.27-46946(us) 19435 ! txn_stock_level (tpcc.cc:3398):     ERROR warehouse_id:2, cid:89575, maxbytes:2
20251110-03:35.27-48757(us) 19435 ! txn_stock_level (tpcc.cc:3398):     ERROR warehouse_id:2, cid:89575, maxbytes:2
20251110-03:35.27-48805(us) 19435 ! txn_stock_level (tpcc.cc:3398):     ERROR warehouse_id:2, cid:89575, maxbytes:2
20251110-03:35.27-49043(us) 19435 ! txn_stock_level (tpcc.cc:3398):     ERROR warehouse_id:2, cid:89575, maxbytes:2
20251110-03:35.27-49505(us) 19435 ! txn_stock_level (tpcc.cc:3398):     ERROR warehouse_id:2, cid:89575, maxbytes:2
20251110-03:35.27-49715(us) 19435 ! txn_stock_level (tpcc.cc:3398):     ERROR warehouse_id:2, cid:89575, maxbytes:2
20251110-03:35.27-49918(us) 19435 ! txn_stock_level (tpcc.cc:3398):     ERROR warehouse_id:2, cid:89575, maxbytes:2
20251110-03:35.27-51810(us) 19435 ! txn_stock_level (tpcc.cc:3398):     ERROR warehouse_id:2, cid:89575, maxbytes:2
20251110-03:35.27-51910(us) 19435 ! txn_stock_level (tpcc.cc:3398):     ERROR warehouse_id:2, cid:89575, maxbytes:2
20251110-03:35.27-51944(us) 19435 ! txn_stock_level (tpcc.cc:3398):     ERROR warehouse_id:2, cid:89575, maxbytes:2
20251110-03:35.27-51980(us) 19435 ! txn_stock_level (tpcc.cc:3398):     ERROR warehouse_id:2, cid:89575, maxbytes:2
20251110-03:35.27-54724(us) 19435 ! txn_stock_level (tpcc.cc:3398):     ERROR warehouse_id:2, cid:89575, maxbytes:2
20251110-03:35.27-55744(us) 19435 ! txn_stock_level (tpcc.cc:3398):     ERROR warehouse_id:2, cid:89575, maxbytes:2
20251110-03:35.27-55949(us) 19435 ! txn_stock_level (tpcc.cc:3398):     ERROR warehouse_id:2, cid:89575, maxbytes:2
20251110-03:35.27-56823(us) 19435 ! txn_stock_level (tpcc.cc:3398):     ERROR warehouse_id:2, cid:89575, maxbytes:2
20251110-03:35.27-56910(us) 19435 ! txn_stock_level (tpcc.cc:3398):     ERROR warehouse_id:2, cid:89575, maxbytes:2
20251110-03:35.27-57037(us) 19435 ! txn_stock_level (tpcc.cc:3398):     ERROR warehouse_id:2, cid:89575, maxbytes:2
20251110-03:35.27-72400(us) 19435 ! txn_stock_level (tpcc.cc:3398):     ERROR warehouse_id:2, cid:89799, maxbytes:2
20251110-03:35.27-72618(us) 19435 ! txn_stock_level (tpcc.cc:3398):     ERROR warehouse_id:2, cid:89799, maxbytes:2
20251110-03:35.27-72647(us) 19435 ! txn_stock_level (tpcc.cc:3398):     ERROR warehouse_id:2, cid:89799, maxbytes:2
20251110-03:35.27-72700(us) 19435 ! txn_stock_level (tpcc.cc:3398):     ERROR warehouse_id:2, cid:89799, maxbytes:2
20251110-03:35.27-73798(us) 19435 ! txn_stock_level (tpcc.cc:3398):     ERROR warehouse_id:2, cid:89799, maxbytes:2
20251110-03:35.27-73853(us) 19435 ! txn_stock_level (tpcc.cc:3398):     ERROR warehouse_id:2, cid:89799, maxbytes:2
20251110-03:35.27-75010(us) 19435 ! txn_stock_level (tpcc.cc:3398):     ERROR warehouse_id:2, cid:89799, maxbytes:2
20251110-03:35.27-79224(us) 19435 ! txn_stock_level (tpcc.cc:3398):     ERROR warehouse_id:2, cid:89799, maxbytes:2
20251110-03:35.27-79248(us) 19435 ! txn_stock_level (tpcc.cc:3398):     ERROR warehouse_id:2, cid:89799, maxbytes:2
20251110-03:35.27-79516(us) 19435 ! txn_stock_level (tpcc.cc:3398):     ERROR warehouse_id:2, cid:89799, maxbytes:2
20251110-03:35.27-79676(us) 19435 ! txn_stock_level (tpcc.cc:3398):     ERROR warehouse_id:2, cid:89799, maxbytes:2
20251110-03:35.27-80178(us) 19435 ! txn_stock_level (tpcc.cc:3398):     ERROR warehouse_id:2, cid:89799, maxbytes:2
20251110-03:35.27-80248(us) 19435 ! txn_stock_level (tpcc.cc:3398):     ERROR warehouse_id:2, cid:89799, maxbytes:2
20251110-03:35.27-80258(us) 19435 ! txn_stock_level (tpcc.cc:3398):     ERROR warehouse_id:2, cid:89799, maxbytes:2
20251110-03:35.27-81311(us) 19435 ! txn_stock_level (tpcc.cc:3398):     ERROR warehouse_id:2, cid:89799, maxbytes:2
20251110-03:35.27-81454(us) 19435 ! txn_stock_level (tpcc.cc:3398):     ERROR warehouse_id:2, cid:89799, maxbytes:2
20251110-03:35.27-82261(us) 19435 ! txn_stock_level (tpcc.cc:3398):     ERROR warehouse_id:2, cid:89799, maxbytes:2
20251110-03:35.27-83472(us) 19435 ! txn_stock_level (tpcc.cc:3398):     ERROR warehouse_id:2, cid:89799, maxbytes:2
20251110-03:35.27-83547(us) 19435 ! txn_stock_level (tpcc.cc:3398):     ERROR warehouse_id:2, cid:89799, maxbytes:2
20251110-03:35.27-83689(us) 19435 ! txn_stock_level (tpcc.cc:3398):     ERROR warehouse_id:2, cid:89799, maxbytes:2
20251110-03:35.27-83702(us) 19435 ! txn_stock_level (tpcc.cc:3398):     ERROR warehouse_id:2, cid:89799, maxbytes:2
20251110-03:35.27-83710(us) 19435 ! txn_stock_level (tpcc.cc:3398):     ERROR warehouse_id:2, cid:89799, maxbytes:2
20251110-03:35.27-84817(us) 19435 ! txn_stock_level (tpcc.cc:3398):     ERROR warehouse_id:2, cid:89799, maxbytes:2
20251110-03:35.27-84845(us) 19435 ! txn_stock_level (tpcc.cc:3398):     ERROR warehouse_id:2, cid:89799, maxbytes:2
20251110-03:35.27-84955(us) 19435 ! txn_stock_level (tpcc.cc:3398):     ERROR warehouse_id:2, cid:89799, maxbytes:2
20251110-03:35.27-87786(us) 19435 ! txn_stock_level (tpcc.cc:3398):     ERROR warehouse_id:2, cid:89799, maxbytes:2
20251110-03:35.27-87844(us) 19435 ! txn_stock_level (tpcc.cc:3398):     ERROR warehouse_id:2, cid:89799, maxbytes:2
20251110-03:35.27-90009(us) 19435 ! txn_stock_level (tpcc.cc:3398):     ERROR warehouse_id:2, cid:89799, maxbytes:2
20251110-03:35.27-121716(us) 19435 ! run             (bench.cc:473):     runtime time left:29000 ms, bool:1
20251110-03:35.27-174383(us) 19435 ! txn_stock_level (tpcc.cc:3398):     ERROR warehouse_id:1, cid:16103, maxbytes:2
20251110-03:35.27-175523(us) 19435 ! txn_stock_level (tpcc.cc:3398):     ERROR warehouse_id:1, cid:16103, maxbytes:2
20251110-03:35.27-178607(us) 19435 ! txn_stock_level (tpcc.cc:3398):     ERROR warehouse_id:1, cid:16103, maxbytes:2
20251110-03:35.27-179676(us) 19435 ! txn_stock_level (tpcc.cc:3398):     ERROR warehouse_id:1, cid:16103, maxbytes:2
20251110-03:35.27-179905(us) 19435 ! txn_stock_level (tpcc.cc:3398):     ERROR warehouse_id:1, cid:16103, maxbytes:2
20251110-03:35.27-179947(us) 19435 ! txn_stock_level (tpcc.cc:3398):     ERROR warehouse_id:1, cid:16103, maxbytes:2
20251110-03:35.27-179977(us) 19435 ! txn_stock_level (tpcc.cc:3398):     ERROR warehouse_id:1, cid:16103, maxbytes:2
20251110-03:35.27-180015(us) 19435 ! txn_stock_level (tpcc.cc:3398):     ERROR warehouse_id:1, cid:16103, maxbytes:2
20251110-03:35.27-182964(us) 19435 ! txn_stock_level (tpcc.cc:3398):     ERROR warehouse_id:1, cid:16103, maxbytes:2
20251110-03:35.27-184071(us) 19435 ! txn_stock_level (tpcc.cc:3398):     ERROR warehouse_id:1, cid:16103, maxbytes:2
20251110-03:35.27-184105(us) 19435 ! txn_stock_level (tpcc.cc:3398):     ERROR warehouse_id:1, cid:16103, maxbytes:2
20251110-03:35.27-184219(us) 19435 ! txn_stock_level (tpcc.cc:3398):     ERROR warehouse_id:1, cid:16103, maxbytes:2
20251110-03:35.27-184348(us) 19435 ! txn_stock_level (tpcc.cc:3398):     ERROR warehouse_id:1, cid:16103, maxbytes:2
20251110-03:35.27-213526(us) 19435 ! txn_stock_level (tpcc.cc:3398):     ERROR warehouse_id:1, cid:72935, maxbytes:2
20251110-03:35.27-213555(us) 19435 ! txn_stock_level (tpcc.cc:3398):     ERROR warehouse_id:1, cid:72935, maxbytes:2
20251110-03:35.27-213658(us) 19435 ! txn_stock_level (tpcc.cc:3398):     ERROR warehouse_id:1, cid:72935, maxbytes:2
20251110-03:35.27-214845(us) 19435 ! txn_stock_level (tpcc.cc:3398):     ERROR warehouse_id:1, cid:72935, maxbytes:2
20251110-03:35.27-215107(us) 19435 ! txn_stock_level (tpcc.cc:3398):     ERROR warehouse_id:1, cid:77479, maxbytes:2
20251110-03:35.27-215119(us) 19435 ! txn_stock_level (tpcc.cc:3398):     ERROR warehouse_id:1, cid:72935, maxbytes:2
20251110-03:35.27-216107(us) 19435 ! txn_stock_level (tpcc.cc:3398):     ERROR warehouse_id:1, cid:72935, maxbytes:2
20251110-03:35.27-216190(us) 19435 ! txn_stock_level (tpcc.cc:3398):     ERROR warehouse_id:1, cid:77479, maxbytes:2
20251110-03:35.27-216204(us) 19435 ! txn_stock_level (tpcc.cc:3398):     ERROR warehouse_id:1, cid:72935, maxbytes:2
20251110-03:35.27-216286(us) 19435 ! txn_stock_level (tpcc.cc:3398):     ERROR warehouse_id:1, cid:77479, maxbytes:2
20251110-03:35.27-216335(us) 19435 ! txn_stock_level (tpcc.cc:3398):     ERROR warehouse_id:1, cid:77479, maxbytes:2
20251110-03:35.27-216364(us) 19435 ! txn_stock_level (tpcc.cc:3398):     ERROR warehouse_id:1, cid:77479, maxbytes:2
20251110-03:35.27-216388(us) 19435 ! txn_stock_level (tpcc.cc:3398):     ERROR warehouse_id:1, cid:77479, maxbytes:2
20251110-03:35.27-216401(us) 19435 ! txn_stock_level (tpcc.cc:3398):     ERROR warehouse_id:1, cid:77479, maxbytes:2
20251110-03:35.27-217205(us) 19435 ! txn_stock_level (tpcc.cc:3398):     ERROR warehouse_id:1, cid:77479, maxbytes:2
20251110-03:35.27-217290(us) 19435 ! txn_stock_level (tpcc.cc:3398):     ERROR warehouse_id:1, cid:72935, maxbytes:2
20251110-03:35.27-217409(us) 19435 ! txn_stock_level (tpcc.cc:3398):     ERROR warehouse_id:1, cid:72935, maxbytes:2
20251110-03:35.27-218518(us) 19435 ! txn_stock_level (tpcc.cc:3398):     ERROR warehouse_id:1, cid:77479, maxbytes:2
20251110-03:35.27-220272(us) 19435 ! txn_stock_level (tpcc.cc:3398):     ERROR warehouse_id:2, cid:68071, maxbytes:2
20251110-03:35.27-220303(us) 19435 ! txn_stock_level (tpcc.cc:3398):     ERROR warehouse_id:2, cid:68071, maxbytes:2
20251110-03:35.27-220669(us) 19435 ! txn_stock_level (tpcc.cc:3398):     ERROR warehouse_id:1, cid:77479, maxbytes:2
20251110-03:35.27-220727(us) 19435 ! txn_stock_level (tpcc.cc:3398):     ERROR warehouse_id:1, cid:72935, maxbytes:2
20251110-03:35.27-221618(us) 19435 ! txn_stock_level (tpcc.cc:3398):     ERROR warehouse_id:1, cid:77479, maxbytes:2
20251110-03:35.27-221645(us) 19435 ! txn_stock_level (tpcc.cc:3398):     ERROR warehouse_id:1, cid:77479, maxbytes:2
20251110-03:35.27-221761(us) 19435 ! txn_stock_level (tpcc.cc:3398):     ERROR warehouse_id:1, cid:77479, maxbytes:2
20251110-03:35.27-221807(us) 19435 ! txn_stock_level (tpcc.cc:3398):     ERROR warehouse_id:1, cid:72935, maxbytes:2
20251110-03:35.27-221850(us) 19435 ! txn_stock_level (tpcc.cc:3398):     ERROR warehouse_id:1, cid:72935, maxbytes:2
20251110-03:35.27-221966(us) 19435 ! txn_stock_level (tpcc.cc:3398):     ERROR warehouse_id:1, cid:77479, maxbytes:2
20251110-03:35.27-222877(us) 19435 ! txn_stock_level (tpcc.cc:3398):     ERROR warehouse_id:1, cid:77479, maxbytes:2
20251110-03:35.27-249753(us) 19435 ! txn_stock_level (tpcc.cc:3398):     ERROR warehouse_id:1, cid:4167, maxbytes:2
20251110-03:35.27-250689(us) 19435 ! txn_stock_level (tpcc.cc:3398):     ERROR warehouse_id:1, cid:4167, maxbytes:2
20251110-03:35.27-250724(us) 19435 ! txn_stock_level (tpcc.cc:3398):     ERROR warehouse_id:1, cid:4167, maxbytes:2
20251110-03:35.27-250949(us) 19435 ! txn_stock_level (tpcc.cc:3398):     ERROR warehouse_id:1, cid:4167, maxbytes:2
20251110-03:35.27-251186(us) 19435 ! txn_stock_level (tpcc.cc:3398):     ERROR warehouse_id:1, cid:4167, maxbytes:2
20251110-03:35.27-252670(us) 19435 ! txn_stock_level (tpcc.cc:3398):     ERROR warehouse_id:1, cid:4167, maxbytes:2
20251110-03:35.27-253663(us) 19435 ! txn_stock_level (tpcc.cc:3398):     ERROR warehouse_id:1, cid:4167, maxbytes:2
20251110-03:35.27-255796(us) 19435 ! txn_stock_level (tpcc.cc:3398):     ERROR warehouse_id:1, cid:4167, maxbytes:2
20251110-03:35.27-256682(us) 19435 ! txn_stock_level (tpcc.cc:3398):     ERROR warehouse_id:1, cid:4167, maxbytes:2
20251110-03:35.27-256744(us) 19435 ! txn_stock_level (tpcc.cc:3398):     ERROR warehouse_id:1, cid:4167, maxbytes:2
20251110-03:35.27-257849(us) 19435 ! txn_stock_level (tpcc.cc:3398):     ERROR warehouse_id:1, cid:4167, maxbytes:2
20251110-03:35.27-257890(us) 19435 ! txn_stock_level (tpcc.cc:3398):     ERROR warehouse_id:1, cid:4167, maxbytes:2
20251110-03:35.27-259993(us) 19435 ! txn_stock_level (tpcc.cc:3398):     ERROR warehouse_id:1, cid:4167, maxbytes:2
20251110-03:35.27-260041(us) 19435 ! txn_stock_level (tpcc.cc:3398):     ERROR warehouse_id:1, cid:4167, maxbytes:2
20251110-03:35.27-344699(us) 19435 ! txn_stock_level (tpcc.cc:3398):     ERROR warehouse_id:1, cid:24037, maxbytes:2
20251110-03:35.27-344731(us) 19435 ! txn_stock_level (tpcc.cc:3398):     ERROR warehouse_id:1, cid:24037, maxbytes:2
20251110-03:35.27-353617(us) 19435 ! txn_stock_level (tpcc.cc:3398):     ERROR warehouse_id:1, cid:61151, maxbytes:2
20251110-03:35.27-354666(us) 19435 ! txn_stock_level (tpcc.cc:3398):     ERROR warehouse_id:1, cid:61151, maxbytes:2
20251110-03:35.27-354833(us) 19435 ! txn_stock_level (tpcc.cc:3398):     ERROR warehouse_id:1, cid:61151, maxbytes:2
20251110-03:35.27-354925(us) 19435 ! txn_stock_level (tpcc.cc:3398):     ERROR warehouse_id:1, cid:61151, maxbytes:2
20251110-03:35.27-354987(us) 19435 ! txn_stock_level (tpcc.cc:3398):     ERROR warehouse_id:1, cid:61151, maxbytes:2
20251110-03:35.27-355308(us) 19435 ! txn_stock_level (tpcc.cc:3398):     ERROR warehouse_id:1, cid:61151, maxbytes:2
20251110-03:35.27-355322(us) 19435 ! txn_stock_level (tpcc.cc:3398):     ERROR warehouse_id:1, cid:61151, maxbytes:2
20251110-03:35.27-356575(us) 19435 ! txn_stock_level (tpcc.cc:3398):     ERROR warehouse_id:1, cid:61151, maxbytes:2
20251110-03:35.27-356631(us) 19435 ! txn_stock_level (tpcc.cc:3398):     ERROR warehouse_id:1, cid:61151, maxbytes:2
20251110-03:35.27-449900(us) 19435 ! txn_stock_level (tpcc.cc:3398):     ERROR warehouse_id:1, cid:32479, maxbytes:2
20251110-03:35.27-449999(us) 19435 ! txn_stock_level (tpcc.cc:3398):     ERROR warehouse_id:1, cid:32479, maxbytes:2
20251110-03:35.27-450104(us) 19435 ! txn_stock_level (tpcc.cc:3398):     ERROR warehouse_id:1, cid:32479, maxbytes:2
20251110-03:35.27-450142(us) 19435 ! txn_stock_level (tpcc.cc:3398):     ERROR warehouse_id:1, cid:32479, maxbytes:2
20251110-03:35.27-450151(us) 19435 ! txn_stock_level (tpcc.cc:3398):     ERROR warehouse_id:1, cid:32479, maxbytes:2
20251110-03:35.27-450200(us) 19435 ! txn_stock_level (tpcc.cc:3398):     ERROR warehouse_id:1, cid:32479, maxbytes:2
20251110-03:35.27-567224(us) 19435 ! txn_stock_level (tpcc.cc:3398):     ERROR warehouse_id:1, cid:64743, maxbytes:2
20251110-03:35.27-567252(us) 19435 ! txn_stock_level (tpcc.cc:3398):     ERROR warehouse_id:1, cid:64743, maxbytes:2
20251110-03:35.27-567321(us) 19435 ! txn_stock_level (tpcc.cc:3398):     ERROR warehouse_id:1, cid:64743, maxbytes:2
20251110-03:35.27-568262(us) 19435 ! txn_stock_level (tpcc.cc:3398):     ERROR warehouse_id:1, cid:64743, maxbytes:2
20251110-03:35.27-577861(us) 19435 ! txn_stock_level (tpcc.cc:3398):     ERROR warehouse_id:1, cid:56803, maxbytes:2
20251110-03:35.27-808654(us) 19435 ! txn_stock_level (tpcc.cc:3398):     ERROR warehouse_id:1, cid:40423, maxbytes:2
20251110-03:35.27-808688(us) 19435 ! txn_stock_level (tpcc.cc:3398):     ERROR warehouse_id:1, cid:40423, maxbytes:2
20251110-03:35.27-808718(us) 19435 ! txn_stock_level (tpcc.cc:3398):     ERROR warehouse_id:1, cid:40423, maxbytes:2
20251110-03:35.27-808803(us) 19435 ! txn_stock_level (tpcc.cc:3398):     ERROR warehouse_id:1, cid:40423, maxbytes:2
20251110-03:35.27-810030(us) 19435 ! txn_stock_level (tpcc.cc:3398):     ERROR warehouse_id:1, cid:40423, maxbytes:2
20251110-03:35.27-810067(us) 19435 ! txn_stock_level (tpcc.cc:3398):     ERROR warehouse_id:1, cid:40423, maxbytes:2
20251110-03:35.27-810082(us) 19435 ! txn_stock_level (tpcc.cc:3398):     ERROR warehouse_id:1, cid:40423, maxbytes:2
20251110-03:35.27-811305(us) 19435 ! txn_stock_level (tpcc.cc:3398):     ERROR warehouse_id:1, cid:6213, maxbytes:2
20251110-03:35.27-812133(us) 19435 ! txn_stock_level (tpcc.cc:3398):     ERROR warehouse_id:1, cid:6213, maxbytes:2
20251110-03:35.27-812200(us) 19435 ! txn_stock_level (tpcc.cc:3398):     ERROR warehouse_id:1, cid:6213, maxbytes:2
20251110-03:35.27-812228(us) 19435 ! txn_stock_level (tpcc.cc:3398):     ERROR warehouse_id:1, cid:6213, maxbytes:2
20251110-03:35.27-813265(us) 19435 ! txn_stock_level (tpcc.cc:3398):     ERROR warehouse_id:1, cid:6213, maxbytes:2
20251110-03:35.27-813337(us) 19435 ! txn_stock_level (tpcc.cc:3398):     ERROR warehouse_id:1, cid:6213, maxbytes:2
20251110-03:35.27-813400(us) 19435 ! txn_stock_level (tpcc.cc:3398):     ERROR warehouse_id:1, cid:6213, maxbytes:2
20251110-03:35.27-813514(us) 19435 ! txn_stock_level (tpcc.cc:3398):     ERROR warehouse_id:1, cid:6213, maxbytes:2
20251110-03:35.27-813531(us) 19435 ! txn_stock_level (tpcc.cc:3398):     ERROR warehouse_id:1, cid:6213, maxbytes:2
20251110-03:35.27-813570(us) 19435 ! txn_stock_level (tpcc.cc:3398):     ERROR warehouse_id:1, cid:40423, maxbytes:2
20251110-03:35.27-815808(us) 19435 ! txn_stock_level (tpcc.cc:3398):     ERROR warehouse_id:1, cid:6213, maxbytes:2
20251110-03:35.27-815844(us) 19435 ! txn_stock_level (tpcc.cc:3398):     ERROR warehouse_id:1, cid:6213, maxbytes:2
20251110-03:35.27-815873(us) 19435 ! txn_stock_level (tpcc.cc:3398):     ERROR warehouse_id:1, cid:6213, maxbytes:2
20251110-03:35.27-816026(us) 19435 ! txn_stock_level (tpcc.cc:3398):     ERROR warehouse_id:1, cid:6213, maxbytes:2
20251110-03:35.27-816097(us) 19435 ! txn_stock_level (tpcc.cc:3398):     ERROR warehouse_id:1, cid:6213, maxbytes:2
20251110-03:35.27-825879(us) 19435 ! txn_stock_level (tpcc.cc:3398):     ERROR warehouse_id:2, cid:65254, maxbytes:2
20251110-03:35.27-826771(us) 19435 ! txn_stock_level (tpcc.cc:3398):     ERROR warehouse_id:2, cid:65254, maxbytes:2
20251110-03:35.27-826845(us) 19435 ! txn_stock_level (tpcc.cc:3398):     ERROR warehouse_id:2, cid:65254, maxbytes:2
20251110-03:35.27-827879(us) 19435 ! txn_stock_level (tpcc.cc:3398):     ERROR warehouse_id:2, cid:65254, maxbytes:2
20251110-03:35.27-829076(us) 19435 ! txn_stock_level (tpcc.cc:3398):     ERROR warehouse_id:2, cid:65254, maxbytes:2
20251110-03:35.27-830157(us) 19435 ! txn_stock_level (tpcc.cc:3398):     ERROR warehouse_id:2, cid:65254, maxbytes:2
20251110-03:35.27-831134(us) 19435 ! txn_stock_level (tpcc.cc:3398):     ERROR warehouse_id:2, cid:65254, maxbytes:2
20251110-03:35.27-832407(us) 19435 ! txn_stock_level (tpcc.cc:3398):     ERROR warehouse_id:2, cid:65254, maxbytes:2
20251110-03:35.27-832464(us) 19435 ! txn_stock_level (tpcc.cc:3398):     ERROR warehouse_id:2, cid:65254, maxbytes:2
20251110-03:35.27-833539(us) 19435 ! txn_stock_level (tpcc.cc:3398):     ERROR warehouse_id:2, cid:65254, maxbytes:2
20251110-03:35.27-833658(us) 19435 ! txn_stock_level (tpcc.cc:3398):     ERROR warehouse_id:2, cid:65254, maxbytes:2
20251110-03:35.27-833723(us) 19435 ! txn_stock_level (tpcc.cc:3398):     ERROR warehouse_id:2, cid:65254, maxbytes:2
20251110-03:35.27-833844(us) 19435 ! txn_stock_level (tpcc.cc:3398):     ERROR warehouse_id:2, cid:65254, maxbytes:2
20251110-03:35.27-835884(us) 19435 ! txn_stock_level (tpcc.cc:3398):     ERROR warehouse_id:2, cid:80341, maxbytes:2
20251110-03:35.27-836827(us) 19435 ! txn_stock_level (tpcc.cc:3398):     ERROR warehouse_id:2, cid:65254, maxbytes:2
20251110-03:35.27-837978(us) 19435 ! txn_stock_level (tpcc.cc:3398):     ERROR warehouse_id:2, cid:65254, maxbytes:2
20251110-03:35.27-839789(us) 19435 ! txn_stock_level (tpcc.cc:3398):     ERROR warehouse_id:2, cid:65254, maxbytes:2
20251110-03:35.27-839817(us) 19435 ! txn_stock_level (tpcc.cc:3398):     ERROR warehouse_id:2, cid:65254, maxbytes:2
20251110-03:35.27-840777(us) 19435 ! txn_stock_level (tpcc.cc:3398):     ERROR warehouse_id:2, cid:80341, maxbytes:2
20251110-03:35.27-841807(us) 19435 ! txn_stock_level (tpcc.cc:3398):     ERROR warehouse_id:2, cid:80341, maxbytes:2
20251110-03:35.27-842825(us) 19435 ! txn_stock_level (tpcc.cc:3398):     ERROR warehouse_id:2, cid:65254, maxbytes:2
20251110-03:35.27-842874(us) 19435 ! txn_stock_level (tpcc.cc:3398):     ERROR warehouse_id:2, cid:65254, maxbytes:2
20251110-03:35.27-842959(us) 19435 ! txn_stock_level (tpcc.cc:3398):     ERROR warehouse_id:2, cid:65254, maxbytes:2
20251110-03:35.27-843029(us) 19435 ! txn_stock_level (tpcc.cc:3398):     ERROR warehouse_id:2, cid:65254, maxbytes:2
20251110-03:35.27-843146(us) 19435 ! txn_stock_level (tpcc.cc:3398):     ERROR warehouse_id:2, cid:80341, maxbytes:2
20251110-03:35.27-843229(us) 19435 ! txn_stock_level (tpcc.cc:3398):     ERROR warehouse_id:2, cid:80341, maxbytes:2
20251110-03:35.27-843369(us) 19435 ! txn_stock_level (tpcc.cc:3398):     ERROR warehouse_id:2, cid:80341, maxbytes:2
20251110-03:35.27-843532(us) 19435 ! txn_stock_level (tpcc.cc:3398):     ERROR warehouse_id:2, cid:65254, maxbytes:2
20251110-03:35.27-843865(us) 19435 ! txn_stock_level (tpcc.cc:3398):     ERROR warehouse_id:2, cid:65254, maxbytes:2
20251110-03:35.27-843992(us) 19435 ! txn_stock_level (tpcc.cc:3398):     ERROR warehouse_id:2, cid:65254, maxbytes:2
20251110-03:35.27-844019(us) 19435 ! txn_stock_level (tpcc.cc:3398):     ERROR warehouse_id:2, cid:65254, maxbytes:2
20251110-03:35.27-844115(us) 19435 ! txn_stock_level (tpcc.cc:3398):     ERROR warehouse_id:2, cid:65254, maxbytes:2
20251110-03:35.27-845507(us) 19435 ! txn_stock_level (tpcc.cc:3398):     ERROR warehouse_id:2, cid:65254, maxbytes:2
20251110-03:35.27-845749(us) 19435 ! txn_stock_level (tpcc.cc:3398):     ERROR warehouse_id:2, cid:65254, maxbytes:2
20251110-03:35.27-845963(us) 19435 ! txn_stock_level (tpcc.cc:3398):     ERROR warehouse_id:2, cid:65254, maxbytes:2
20251110-03:35.27-846104(us) 19435 ! txn_stock_level (tpcc.cc:3398):     ERROR warehouse_id:2, cid:65254, maxbytes:2
20251110-03:35.27-846248(us) 19435 ! txn_stock_level (tpcc.cc:3398):     ERROR warehouse_id:2, cid:65254, maxbytes:2
20251110-03:35.27-847628(us) 19435 ! txn_stock_level (tpcc.cc:3398):     ERROR warehouse_id:1, cid:88802, maxbytes:2
20251110-03:35.27-848863(us) 19435 ! txn_stock_level (tpcc.cc:3398):     ERROR warehouse_id:2, cid:65254, maxbytes:2
20251110-03:35.27-848915(us) 19435 ! txn_stock_level (tpcc.cc:3398):     ERROR warehouse_id:2, cid:65254, maxbytes:2
20251110-03:35.27-849200(us) 19435 ! txn_stock_level (tpcc.cc:3398):     ERROR warehouse_id:2, cid:65254, maxbytes:2
20251110-03:35.27-849401(us) 19435 ! txn_stock_level (tpcc.cc:3398):     ERROR warehouse_id:2, cid:65254, maxbytes:2
20251110-03:35.27-849414(us) 19435 ! txn_stock_level (tpcc.cc:3398):     ERROR warehouse_id:1, cid:88802, maxbytes:2
20251110-03:35.27-849450(us) 19435 ! txn_stock_level (tpcc.cc:3398):     ERROR warehouse_id:1, cid:88802, maxbytes:2
20251110-03:35.27-850457(us) 19435 ! txn_stock_level (tpcc.cc:3398):     ERROR warehouse_id:2, cid:65254, maxbytes:2
20251110-03:35.27-850521(us) 19435 ! txn_stock_level (tpcc.cc:3398):     ERROR warehouse_id:2, cid:65254, maxbytes:2
20251110-03:35.27-850551(us) 19435 ! txn_stock_level (tpcc.cc:3398):     ERROR warehouse_id:2, cid:65254, maxbytes:2
20251110-03:35.27-850656(us) 19435 ! txn_stock_level (tpcc.cc:3398):     ERROR warehouse_id:2, cid:79591, maxbytes:2
20251110-03:35.27-850668(us) 19435 ! txn_stock_level (tpcc.cc:3398):     ERROR warehouse_id:2, cid:79591, maxbytes:2
20251110-03:35.27-851809(us) 19435 ! txn_stock_level (tpcc.cc:3398):     ERROR warehouse_id:2, cid:65254, maxbytes:2
20251110-03:35.27-853070(us) 19435 ! txn_stock_level (tpcc.cc:3398):     ERROR warehouse_id:2, cid:65254, maxbytes:2
20251110-03:35.27-853195(us) 19435 ! txn_stock_level (tpcc.cc:3398):     ERROR warehouse_id:2, cid:24291, maxbytes:2
20251110-03:35.27-853281(us) 19435 ! txn_stock_level (tpcc.cc:3398):     ERROR warehouse_id:2, cid:24291, maxbytes:2
20251110-03:35.27-887984(us) 19435 ! txn_stock_level (tpcc.cc:3398):     ERROR warehouse_id:2, cid:30822, maxbytes:2
20251110-03:35.27-888018(us) 19435 ! txn_stock_level (tpcc.cc:3398):     ERROR warehouse_id:2, cid:30822, maxbytes:2
20251110-03:35.27-890080(us) 19435 ! txn_stock_level (tpcc.cc:3398):     ERROR warehouse_id:2, cid:30822, maxbytes:2
20251110-03:35.27-891347(us) 19435 ! txn_stock_level (tpcc.cc:3398):     ERROR warehouse_id:2, cid:30822, maxbytes:2
20251110-03:35.27-892747(us) 19435 ! txn_stock_level (tpcc.cc:3398):     ERROR warehouse_id:2, cid:30822, maxbytes:2
20251110-03:35.27-892773(us) 19435 ! txn_stock_level (tpcc.cc:3398):     ERROR warehouse_id:2, cid:30822, maxbytes:2
20251110-03:35.28-22420(us) 19435 ! txn_stock_level (tpcc.cc:3398):     ERROR warehouse_id:1, cid:39651, maxbytes:2
20251110-03:35.28-23557(us) 19435 ! txn_stock_level (tpcc.cc:3398):     ERROR warehouse_id:1, cid:39651, maxbytes:2
20251110-03:35.28-34548(us) 19435 ! txn_stock_level (tpcc.cc:3398):     ERROR warehouse_id:2, cid:89446, maxbytes:2
20251110-03:35.28-35068(us) 19435 ! txn_stock_level (tpcc.cc:3398):     ERROR warehouse_id:2, cid:89446, maxbytes:2
20251110-03:35.28-35153(us) 19435 ! txn_stock_level (tpcc.cc:3398):     ERROR warehouse_id:2, cid:89446, maxbytes:2
20251110-03:35.28-35256(us) 19435 ! txn_stock_level (tpcc.cc:3398):     ERROR warehouse_id:2, cid:89446, maxbytes:2
20251110-03:35.28-35385(us) 19435 ! txn_stock_level (tpcc.cc:3398):     ERROR warehouse_id:2, cid:89446, maxbytes:2
20251110-03:35.28-35406(us) 19435 ! txn_stock_level (tpcc.cc:3398):     ERROR warehouse_id:2, cid:89446, maxbytes:2
20251110-03:35.28-35428(us) 19435 ! txn_stock_level (tpcc.cc:3398):     ERROR warehouse_id:2, cid:89446, maxbytes:2
20251110-03:35.28-35504(us) 19435 ! txn_stock_level (tpcc.cc:3398):     ERROR warehouse_id:2, cid:89446, maxbytes:2
20251110-03:35.28-35559(us) 19435 ! txn_stock_level (tpcc.cc:3398):     ERROR warehouse_id:2, cid:89446, maxbytes:2
20251110-03:35.28-35740(us) 19435 ! txn_stock_level (tpcc.cc:3398):     ERROR warehouse_id:2, cid:89446, maxbytes:2
20251110-03:35.28-35755(us) 19435 ! txn_stock_level (tpcc.cc:3398):     ERROR warehouse_id:2, cid:89446, maxbytes:2
20251110-03:35.28-35864(us) 19435 ! txn_stock_level (tpcc.cc:3398):     ERROR warehouse_id:2, cid:89446, maxbytes:2
20251110-03:35.28-37239(us) 19435 ! txn_stock_level (tpcc.cc:3398):     ERROR warehouse_id:2, cid:89446, maxbytes:2
20251110-03:35.28-37981(us) 19435 ! txn_stock_level (tpcc.cc:3398):     ERROR warehouse_id:2, cid:89446, maxbytes:2
20251110-03:35.28-38229(us) 19435 ! txn_stock_level (tpcc.cc:3398):     ERROR warehouse_id:2, cid:89446, maxbytes:2
20251110-03:35.28-38376(us) 19435 ! txn_stock_level (tpcc.cc:3398):     ERROR warehouse_id:2, cid:89446, maxbytes:2
20251110-03:35.28-38393(us) 19435 ! txn_stock_level (tpcc.cc:3398):     ERROR warehouse_id:2, cid:89446, maxbytes:2
20251110-03:35.28-40319(us) 19435 ! txn_stock_level (tpcc.cc:3398):     ERROR warehouse_id:2, cid:89446, maxbytes:2
20251110-03:35.28-40551(us) 19435 ! txn_stock_level (tpcc.cc:3398):     ERROR warehouse_id:2, cid:89446, maxbytes:2
20251110-03:35.28-40642(us) 19435 ! txn_stock_level (tpcc.cc:3398):     ERROR warehouse_id:2, cid:89446, maxbytes:2
20251110-03:35.28-40672(us) 19435 ! txn_stock_level (tpcc.cc:3398):     ERROR warehouse_id:2, cid:89446, maxbytes:2
20251110-03:35.28-44211(us) 19435 ! txn_stock_level (tpcc.cc:3398):     ERROR warehouse_id:2, cid:89446, maxbytes:2
20251110-03:35.28-44359(us) 19435 ! txn_stock_level (tpcc.cc:3398):     ERROR warehouse_id:2, cid:89446, maxbytes:2
20251110-03:35.28-47483(us) 19435 ! txn_stock_level (tpcc.cc:3398):     ERROR warehouse_id:1, cid:4167, maxbytes:2
20251110-03:35.28-48426(us) 19435 ! txn_stock_level (tpcc.cc:3398):     ERROR warehouse_id:1, cid:4167, maxbytes:2
20251110-03:35.28-48545(us) 19435 ! txn_stock_level (tpcc.cc:3398):     ERROR warehouse_id:1, cid:4167, maxbytes:2
20251110-03:35.28-48695(us) 19435 ! txn_stock_level (tpcc.cc:3398):     ERROR warehouse_id:1, cid:4167, maxbytes:2
20251110-03:35.28-49655(us) 19435 ! txn_stock_level (tpcc.cc:3398):     ERROR warehouse_id:1, cid:4167, maxbytes:2
20251110-03:35.28-53658(us) 19435 ! txn_stock_level (tpcc.cc:3398):     ERROR warehouse_id:2, cid:32359, maxbytes:2
20251110-03:35.28-53738(us) 19435 ! txn_stock_level (tpcc.cc:3398):     ERROR warehouse_id:2, cid:32359, maxbytes:2
20251110-03:35.28-53817(us) 19435 ! txn_stock_level (tpcc.cc:3398):     ERROR warehouse_id:2, cid:32359, maxbytes:2
20251110-03:35.28-127430(us) 19435 ! run             (bench.cc:473):     runtime time left:28000 ms, bool:1
20251110-03:35.28-231141(us) 19435 ! txn_stock_level (tpcc.cc:3398):     ERROR warehouse_id:1, cid:32487, maxbytes:2
20251110-03:35.28-231336(us) 19435 ! txn_stock_level (tpcc.cc:3398):     ERROR warehouse_id:1, cid:32487, maxbytes:2
20251110-03:35.28-233451(us) 19435 ! txn_stock_level (tpcc.cc:3398):     ERROR warehouse_id:1, cid:32487, maxbytes:2
20251110-03:35.28-366082(us) 19435 ! txn_stock_level (tpcc.cc:3398):     ERROR warehouse_id:2, cid:63207, maxbytes:2
20251110-03:35.28-381759(us) 19435 ! txn_stock_level (tpcc.cc:3398):     ERROR warehouse_id:2, cid:13030, maxbytes:2
20251110-03:35.28-381910(us) 19435 ! txn_stock_level (tpcc.cc:3398):     ERROR warehouse_id:2, cid:13030, maxbytes:2
20251110-03:35.28-389071(us) 19435 ! txn_stock_level (tpcc.cc:3398):     ERROR warehouse_id:2, cid:89815, maxbytes:2
20251110-03:35.28-499264(us) 19435 ! txn_stock_level (tpcc.cc:3398):     ERROR warehouse_id:1, cid:24230, maxbytes:2
20251110-03:35.28-501570(us) 19435 ! txn_stock_level (tpcc.cc:3398):     ERROR warehouse_id:1, cid:24230, maxbytes:2
20251110-03:35.28-501771(us) 19435 ! txn_stock_level (tpcc.cc:3398):     ERROR warehouse_id:1, cid:24230, maxbytes:2
20251110-03:35.28-502685(us) 19435 ! txn_stock_level (tpcc.cc:3398):     ERROR warehouse_id:1, cid:24230, maxbytes:2
20251110-03:35.28-502736(us) 19435 ! txn_stock_level (tpcc.cc:3398):     ERROR warehouse_id:1, cid:24230, maxbytes:2
20251110-03:35.28-502944(us) 19435 ! txn_stock_level (tpcc.cc:3398):     ERROR warehouse_id:1, cid:24230, maxbytes:2
20251110-03:35.28-502988(us) 19435 ! txn_stock_level (tpcc.cc:3398):     ERROR warehouse_id:1, cid:24230, maxbytes:2
20251110-03:35.28-502997(us) 19435 ! txn_stock_level (tpcc.cc:3398):     ERROR warehouse_id:1, cid:24230, maxbytes:2
20251110-03:35.28-503022(us) 19435 ! txn_stock_level (tpcc.cc:3398):     ERROR warehouse_id:1, cid:24230, maxbytes:2
20251110-03:35.28-503138(us) 19435 ! txn_stock_level (tpcc.cc:3398):     ERROR warehouse_id:1, cid:24230, maxbytes:2
20251110-03:35.28-503156(us) 19435 ! txn_stock_level (tpcc.cc:3398):     ERROR warehouse_id:1, cid:24230, maxbytes:2
20251110-03:35.28-503208(us) 19435 ! txn_stock_level (tpcc.cc:3398):     ERROR warehouse_id:1, cid:24230, maxbytes:2
20251110-03:35.28-505365(us) 19435 ! txn_stock_level (tpcc.cc:3398):     ERROR warehouse_id:1, cid:24230, maxbytes:2
20251110-03:35.28-506567(us) 19435 ! txn_stock_level (tpcc.cc:3398):     ERROR warehouse_id:1, cid:24230, maxbytes:2
20251110-03:35.28-506733(us) 19435 ! txn_stock_level (tpcc.cc:3398):     ERROR warehouse_id:1, cid:24230, maxbytes:2
20251110-03:35.28-507064(us) 19435 ! txn_stock_level (tpcc.cc:3398):     ERROR warehouse_id:1, cid:24230, maxbytes:2
20251110-03:35.28-507116(us) 19435 ! txn_stock_level (tpcc.cc:3398):     ERROR warehouse_id:1, cid:24230, maxbytes:2
20251110-03:35.28-507292(us) 19435 ! txn_stock_level (tpcc.cc:3398):     ERROR warehouse_id:1, cid:24230, maxbytes:2
20251110-03:35.28-507414(us) 19435 ! txn_stock_level (tpcc.cc:3398):     ERROR warehouse_id:1, cid:24230, maxbytes:2
20251110-03:35.28-507517(us) 19435 ! txn_stock_level (tpcc.cc:3398):     ERROR warehouse_id:1, cid:24230, maxbytes:2
20251110-03:35.28-507695(us) 19435 ! txn_stock_level (tpcc.cc:3398):     ERROR warehouse_id:1, cid:24230, maxbytes:2
20251110-03:35.28-510726(us) 19435 ! txn_stock_level (tpcc.cc:3398):     ERROR warehouse_id:1, cid:24230, maxbytes:2
20251110-03:35.28-524889(us) 19435 ! txn_stock_level (tpcc.cc:3398):     ERROR warehouse_id:2, cid:40679, maxbytes:2
20251110-03:35.28-524936(us) 19435 ! txn_stock_level (tpcc.cc:3398):     ERROR warehouse_id:2, cid:40679, maxbytes:2
20251110-03:35.28-525250(us) 19435 ! txn_stock_level (tpcc.cc:3398):     ERROR warehouse_id:2, cid:40679, maxbytes:2
20251110-03:35.28-525271(us) 19435 ! txn_stock_level (tpcc.cc:3398):     ERROR warehouse_id:2, cid:40679, maxbytes:2
20251110-03:35.28-525348(us) 19435 ! txn_stock_level (tpcc.cc:3398):     ERROR warehouse_id:2, cid:40679, maxbytes:2
20251110-03:35.28-525376(us) 19435 ! txn_stock_level (tpcc.cc:3398):     ERROR warehouse_id:2, cid:40679, maxbytes:2
20251110-03:35.28-571895(us) 19435 ! txn_stock_level (tpcc.cc:3398):     ERROR warehouse_id:1, cid:72343, maxbytes:2
20251110-03:35.28-571959(us) 19435 ! txn_stock_level (tpcc.cc:3398):     ERROR warehouse_id:1, cid:72343, maxbytes:2
20251110-03:35.28-571979(us) 19435 ! txn_stock_level (tpcc.cc:3398):     ERROR warehouse_id:1, cid:72343, maxbytes:2
20251110-03:35.28-572014(us) 19435 ! txn_stock_level (tpcc.cc:3398):     ERROR warehouse_id:1, cid:72343, maxbytes:2
20251110-03:35.28-573296(us) 19435 ! txn_stock_level (tpcc.cc:3398):     ERROR warehouse_id:1, cid:72343, maxbytes:2
20251110-03:35.28-573456(us) 19435 ! txn_stock_level (tpcc.cc:3398):     ERROR warehouse_id:1, cid:72343, maxbytes:2
20251110-03:35.28-573500(us) 19435 ! txn_stock_level (tpcc.cc:3398):     ERROR warehouse_id:1, cid:72343, maxbytes:2
20251110-03:35.28-573669(us) 19435 ! txn_stock_level (tpcc.cc:3398):     ERROR warehouse_id:1, cid:72343, maxbytes:2
20251110-03:35.28-573738(us) 19435 ! txn_stock_level (tpcc.cc:3398):     ERROR warehouse_id:1, cid:72343, maxbytes:2
20251110-03:35.28-574050(us) 19435 ! txn_stock_level (tpcc.cc:3398):     ERROR warehouse_id:1, cid:72343, maxbytes:2
20251110-03:35.28-574270(us) 19435 ! txn_stock_level (tpcc.cc:3398):     ERROR warehouse_id:1, cid:72343, maxbytes:2
20251110-03:35.28-574313(us) 19435 ! txn_stock_level (tpcc.cc:3398):     ERROR warehouse_id:1, cid:72343, maxbytes:2
20251110-03:35.28-574523(us) 19435 ! txn_stock_level (tpcc.cc:3398):     ERROR warehouse_id:1, cid:72343, maxbytes:2
20251110-03:35.28-574551(us) 19435 ! txn_stock_level (tpcc.cc:3398):     ERROR warehouse_id:1, cid:72343, maxbytes:2
20251110-03:35.28-574611(us) 19435 ! txn_stock_level (tpcc.cc:3398):     ERROR warehouse_id:1, cid:72343, maxbytes:2
20251110-03:35.28-575758(us) 19435 ! txn_stock_level (tpcc.cc:3398):     ERROR warehouse_id:1, cid:72343, maxbytes:2
20251110-03:35.28-576750(us) 19435 ! txn_stock_level (tpcc.cc:3398):     ERROR warehouse_id:1, cid:72343, maxbytes:2
20251110-03:35.28-576830(us) 19435 ! txn_stock_level (tpcc.cc:3398):     ERROR warehouse_id:1, cid:72343, maxbytes:2
20251110-03:35.28-577978(us) 19435 ! txn_stock_level (tpcc.cc:3398):     ERROR warehouse_id:1, cid:72343, maxbytes:2
20251110-03:35.28-578079(us) 19435 ! txn_stock_level (tpcc.cc:3398):     ERROR warehouse_id:1, cid:72343, maxbytes:2
20251110-03:35.28-698535(us) 19435 ! txn_stock_level (tpcc.cc:3398):     ERROR warehouse_id:2, cid:40679, maxbytes:2
20251110-03:35.28-698572(us) 19435 ! txn_stock_level (tpcc.cc:3398):     ERROR warehouse_id:2, cid:40679, maxbytes:2
20251110-03:35.28-698678(us) 19435 ! txn_stock_level (tpcc.cc:3398):     ERROR warehouse_id:2, cid:40679, maxbytes:2
20251110-03:35.28-884028(us) 19435 ! txn_stock_level (tpcc.cc:3398):     ERROR warehouse_id:1, cid:65239, maxbytes:2
20251110-03:35.28-884094(us) 19435 ! txn_stock_level (tpcc.cc:3398):     ERROR warehouse_id:1, cid:65239, maxbytes:2
20251110-03:35.28-884187(us) 19435 ! txn_stock_level (tpcc.cc:3398):     ERROR warehouse_id:1, cid:65239, maxbytes:2
20251110-03:35.28-886495(us) 19435 ! txn_stock_level (tpcc.cc:3398):     ERROR warehouse_id:1, cid:65239, maxbytes:2
20251110-03:35.28-886756(us) 19435 ! txn_stock_level (tpcc.cc:3398):     ERROR warehouse_id:1, cid:65239, maxbytes:2
20251110-03:35.28-887796(us) 19435 ! txn_stock_level (tpcc.cc:3398):     ERROR warehouse_id:1, cid:65239, maxbytes:2
20251110-03:35.28-887871(us) 19435 ! txn_stock_level (tpcc.cc:3398):     ERROR warehouse_id:1, cid:65239, maxbytes:2
20251110-03:35.28-888891(us) 19435 ! txn_stock_level (tpcc.cc:3398):     ERROR warehouse_id:1, cid:65239, maxbytes:2
20251110-03:35.28-890170(us) 19435 ! txn_stock_level (tpcc.cc:3398):     ERROR warehouse_id:1, cid:65239, maxbytes:2
20251110-03:35.28-890370(us) 19435 ! txn_stock_level (tpcc.cc:3398):     ERROR warehouse_id:1, cid:65239, maxbytes:2
20251110-03:35.28-890386(us) 19435 ! txn_stock_level (tpcc.cc:3398):     ERROR warehouse_id:1, cid:65239, maxbytes:2
20251110-03:35.28-890396(us) 19435 ! txn_stock_level (tpcc.cc:3398):     ERROR warehouse_id:1, cid:65239, maxbytes:2
20251110-03:35.28-890635(us) 19435 ! txn_stock_level (tpcc.cc:3398):     ERROR warehouse_id:1, cid:65239, maxbytes:2
20251110-03:35.28-890668(us) 19435 ! txn_stock_level (tpcc.cc:3398):     ERROR warehouse_id:1, cid:65239, maxbytes:2
20251110-03:35.28-891595(us) 19435 ! txn_stock_level (tpcc.cc:3398):     ERROR warehouse_id:1, cid:65239, maxbytes:2
20251110-03:35.28-892469(us) 19435 ! txn_stock_level (tpcc.cc:3398):     ERROR warehouse_id:1, cid:65239, maxbytes:2
20251110-03:35.28-892674(us) 19435 ! txn_stock_level (tpcc.cc:3398):     ERROR warehouse_id:1, cid:65239, maxbytes:2
20251110-03:35.29-12869(us) 19435 ! txn_stock_level (tpcc.cc:3398):     ERROR warehouse_id:1, cid:38471, maxbytes:2
20251110-03:35.29-15979(us) 19435 ! txn_stock_level (tpcc.cc:3398):     ERROR warehouse_id:1, cid:38471, maxbytes:2
20251110-03:35.29-16053(us) 19435 ! txn_stock_level (tpcc.cc:3398):     ERROR warehouse_id:1, cid:38471, maxbytes:2
20251110-03:35.29-16067(us) 19435 ! txn_stock_level (tpcc.cc:3398):     ERROR warehouse_id:1, cid:38471, maxbytes:2
20251110-03:35.29-16931(us) 19435 ! txn_stock_level (tpcc.cc:3398):     ERROR warehouse_id:1, cid:38471, maxbytes:2
20251110-03:35.29-19637(us) 19435 ! txn_stock_level (tpcc.cc:3398):     ERROR warehouse_id:1, cid:38471, maxbytes:2
20251110-03:35.29-132881(us) 19435 ! run             (bench.cc:473):     runtime time left:27000 ms, bool:1
20251110-03:35.29-133625(us) 19435 ! txn_stock_level (tpcc.cc:3398):     ERROR warehouse_id:2, cid:15847, maxbytes:2
20251110-03:35.29-134576(us) 19435 ! txn_stock_level (tpcc.cc:3398):     ERROR warehouse_id:2, cid:15847, maxbytes:2
20251110-03:35.29-134745(us) 19435 ! txn_stock_level (tpcc.cc:3398):     ERROR warehouse_id:2, cid:15847, maxbytes:2
20251110-03:35.29-134917(us) 19435 ! txn_stock_level (tpcc.cc:3398):     ERROR warehouse_id:2, cid:15847, maxbytes:2
20251110-03:35.29-135003(us) 19435 ! txn_stock_level (tpcc.cc:3398):     ERROR warehouse_id:2, cid:15847, maxbytes:2
20251110-03:35.29-157357(us) 19435 ! txn_stock_level (tpcc.cc:3398):     ERROR warehouse_id:2, cid:81619, maxbytes:2
20251110-03:35.29-157497(us) 19435 ! txn_stock_level (tpcc.cc:3398):     ERROR warehouse_id:2, cid:81619, maxbytes:2
20251110-03:35.29-157534(us) 19435 ! txn_stock_level (tpcc.cc:3398):     ERROR warehouse_id:2, cid:81619, maxbytes:2
20251110-03:35.29-157569(us) 19435 ! txn_stock_level (tpcc.cc:3398):     ERROR warehouse_id:2, cid:81619, maxbytes:2
20251110-03:35.29-157768(us) 19435 ! txn_stock_level (tpcc.cc:3398):     ERROR warehouse_id:2, cid:81619, maxbytes:2
20251110-03:35.29-157967(us) 19435 ! txn_stock_level (tpcc.cc:3398):     ERROR warehouse_id:2, cid:81619, maxbytes:2
20251110-03:35.29-157982(us) 19435 ! txn_stock_level (tpcc.cc:3398):     ERROR warehouse_id:2, cid:81619, maxbytes:2
20251110-03:35.29-160129(us) 19435 ! txn_stock_level (tpcc.cc:3398):     ERROR warehouse_id:2, cid:81619, maxbytes:2
20251110-03:35.29-160182(us) 19435 ! txn_stock_level (tpcc.cc:3398):     ERROR warehouse_id:2, cid:81619, maxbytes:2
20251110-03:35.29-343057(us) 19435 ! txn_stock_level (tpcc.cc:3398):     ERROR warehouse_id:1, cid:88807, maxbytes:2
20251110-03:35.29-343225(us) 19435 ! txn_stock_level (tpcc.cc:3398):     ERROR warehouse_id:1, cid:88807, maxbytes:2
20251110-03:35.29-344161(us) 19435 ! txn_stock_level (tpcc.cc:3398):     ERROR warehouse_id:1, cid:88807, maxbytes:2
20251110-03:35.29-344251(us) 19435 ! txn_stock_level (tpcc.cc:3398):     ERROR warehouse_id:1, cid:88807, maxbytes:2
20251110-03:35.29-345954(us) 19435 ! txn_stock_level (tpcc.cc:3398):     ERROR warehouse_id:1, cid:88807, maxbytes:2
20251110-03:35.29-345973(us) 19435 ! txn_stock_level (tpcc.cc:3398):     ERROR warehouse_id:1, cid:88807, maxbytes:2
20251110-03:35.29-510258(us) 19435 ! txn_stock_level (tpcc.cc:3398):     ERROR warehouse_id:2, cid:73446, maxbytes:2
20251110-03:35.29-512859(us) 19435 ! txn_stock_level (tpcc.cc:3398):     ERROR warehouse_id:1, cid:62053, maxbytes:2
20251110-03:35.29-512969(us) 19435 ! txn_stock_level (tpcc.cc:3398):     ERROR warehouse_id:1, cid:62053, maxbytes:2
20251110-03:35.29-513146(us) 19435 ! txn_stock_level (tpcc.cc:3398):     ERROR warehouse_id:1, cid:62053, maxbytes:2
20251110-03:35.29-570643(us) 19435 ! txn_stock_level (tpcc.cc:3398):     ERROR warehouse_id:2, cid:48871, maxbytes:2
20251110-03:35.29-720715(us) 19435 ! txn_stock_level (tpcc.cc:3398):     ERROR warehouse_id:2, cid:16101, maxbytes:2
20251110-03:35.29-720932(us) 19435 ! txn_stock_level (tpcc.cc:3398):     ERROR warehouse_id:2, cid:16101, maxbytes:2
20251110-03:35.29-721159(us) 19435 ! txn_stock_level (tpcc.cc:3398):     ERROR warehouse_id:2, cid:16101, maxbytes:2
20251110-03:35.29-722059(us) 19435 ! txn_stock_level (tpcc.cc:3398):     ERROR warehouse_id:2, cid:16101, maxbytes:2
20251110-03:35.29-722227(us) 19435 ! txn_stock_level (tpcc.cc:3398):     ERROR warehouse_id:2, cid:16101, maxbytes:2
20251110-03:35.29-722465(us) 19435 ! txn_stock_level (tpcc.cc:3398):     ERROR warehouse_id:2, cid:16101, maxbytes:2
20251110-03:35.29-723561(us) 19435 ! txn_stock_level (tpcc.cc:3398):     ERROR warehouse_id:2, cid:16101, maxbytes:2
20251110-03:35.29-723966(us) 19435 ! txn_stock_level (tpcc.cc:3398):     ERROR warehouse_id:2, cid:16101, maxbytes:2
20251110-03:35.29-724039(us) 19435 ! txn_stock_level (tpcc.cc:3398):     ERROR warehouse_id:2, cid:16101, maxbytes:2
20251110-03:35.29-724055(us) 19435 ! txn_stock_level (tpcc.cc:3398):     ERROR warehouse_id:2, cid:16101, maxbytes:2
20251110-03:35.29-724074(us) 19435 ! txn_stock_level (tpcc.cc:3398):     ERROR warehouse_id:2, cid:16101, maxbytes:2
20251110-03:35.29-725161(us) 19435 ! txn_stock_level (tpcc.cc:3398):     ERROR warehouse_id:2, cid:16101, maxbytes:2
20251110-03:35.29-725194(us) 19435 ! txn_stock_level (tpcc.cc:3398):     ERROR warehouse_id:2, cid:16101, maxbytes:2
20251110-03:35.29-759549(us) 19435 ! txn_stock_level (tpcc.cc:3398):     ERROR warehouse_id:1, cid:15079, maxbytes:2
20251110-03:35.29-760519(us) 19435 ! txn_stock_level (tpcc.cc:3398):     ERROR warehouse_id:1, cid:15079, maxbytes:2
20251110-03:35.29-760662(us) 19435 ! txn_stock_level (tpcc.cc:3398):     ERROR warehouse_id:1, cid:15079, maxbytes:2
20251110-03:35.29-761969(us) 19435 ! txn_stock_level (tpcc.cc:3398):     ERROR warehouse_id:1, cid:15079, maxbytes:2
20251110-03:35.29-762349(us) 19435 ! txn_stock_level (tpcc.cc:3398):     ERROR warehouse_id:1, cid:15079, maxbytes:2
20251110-03:35.29-762498(us) 19435 ! txn_stock_level (tpcc.cc:3398):     ERROR warehouse_id:1, cid:15079, maxbytes:2
20251110-03:35.29-762548(us) 19435 ! txn_stock_level (tpcc.cc:3398):     ERROR warehouse_id:1, cid:15079, maxbytes:2
20251110-03:35.29-763306(us) 19435 ! txn_stock_level (tpcc.cc:3398):     ERROR warehouse_id:1, cid:15079, maxbytes:2
20251110-03:35.29-763328(us) 19435 ! txn_stock_level (tpcc.cc:3398):     ERROR warehouse_id:1, cid:15079, maxbytes:2
20251110-03:35.29-763342(us) 19435 ! txn_stock_level (tpcc.cc:3398):     ERROR warehouse_id:1, cid:15079, maxbytes:2
20251110-03:35.29-763513(us) 19435 ! txn_stock_level (tpcc.cc:3398):     ERROR warehouse_id:1, cid:15079, maxbytes:2
20251110-03:35.29-763555(us) 19435 ! txn_stock_level (tpcc.cc:3398):     ERROR warehouse_id:1, cid:15079, maxbytes:2
20251110-03:35.29-763575(us) 19435 ! txn_stock_level (tpcc.cc:3398):     ERROR warehouse_id:1, cid:15079, maxbytes:2
20251110-03:35.29-763682(us) 19435 ! txn_stock_level (tpcc.cc:3398):     ERROR warehouse_id:1, cid:15079, maxbytes:2
20251110-03:35.29-763692(us) 19435 ! txn_stock_level (tpcc.cc:3398):     ERROR warehouse_id:1, cid:15079, maxbytes:2
20251110-03:35.29-763752(us) 19435 ! txn_stock_level (tpcc.cc:3398):     ERROR warehouse_id:1, cid:15079, maxbytes:2
20251110-03:35.29-763878(us) 19435 ! txn_stock_level (tpcc.cc:3398):     ERROR warehouse_id:1, cid:15079, maxbytes:2
20251110-03:35.29-763964(us) 19435 ! txn_stock_level (tpcc.cc:3398):     ERROR warehouse_id:1, cid:15079, maxbytes:2
20251110-03:35.29-764053(us) 19435 ! txn_stock_level (tpcc.cc:3398):     ERROR warehouse_id:1, cid:15079, maxbytes:2
20251110-03:35.29-764066(us) 19435 ! txn_stock_level (tpcc.cc:3398):     ERROR warehouse_id:1, cid:15079, maxbytes:2
20251110-03:35.29-764409(us) 19435 ! txn_stock_level (tpcc.cc:3398):     ERROR warehouse_id:1, cid:15079, maxbytes:2
20251110-03:35.29-764420(us) 19435 ! txn_stock_level (tpcc.cc:3398):     ERROR warehouse_id:1, cid:15079, maxbytes:2
20251110-03:35.29-847880(us) 19435 ! txn_stock_level (tpcc.cc:3398):     ERROR warehouse_id:2, cid:96869, maxbytes:2
20251110-03:35.29-847999(us) 19435 ! txn_stock_level (tpcc.cc:3398):     ERROR warehouse_id:2, cid:96869, maxbytes:2
20251110-03:35.29-848161(us) 19435 ! txn_stock_level (tpcc.cc:3398):     ERROR warehouse_id:2, cid:96869, maxbytes:2
20251110-03:35.29-848247(us) 19435 ! txn_stock_level (tpcc.cc:3398):     ERROR warehouse_id:2, cid:96869, maxbytes:2
20251110-03:35.29-848301(us) 19435 ! txn_stock_level (tpcc.cc:3398):     ERROR warehouse_id:2, cid:96869, maxbytes:2
20251110-03:35.29-848394(us) 19435 ! txn_stock_level (tpcc.cc:3398):     ERROR warehouse_id:2, cid:96869, maxbytes:2
20251110-03:35.29-848415(us) 19435 ! txn_stock_level (tpcc.cc:3398):     ERROR warehouse_id:2, cid:96869, maxbytes:2
20251110-03:35.29-849320(us) 19435 ! txn_stock_level (tpcc.cc:3398):     ERROR warehouse_id:2, cid:96869, maxbytes:2
20251110-03:35.29-850415(us) 19435 ! txn_stock_level (tpcc.cc:3398):     ERROR warehouse_id:2, cid:96869, maxbytes:2
20251110-03:35.29-852264(us) 19435 ! txn_stock_level (tpcc.cc:3398):     ERROR warehouse_id:2, cid:96869, maxbytes:2
20251110-03:35.29-852363(us) 19435 ! txn_stock_level (tpcc.cc:3398):     ERROR warehouse_id:2, cid:96869, maxbytes:2
20251110-03:35.29-852392(us) 19435 ! txn_stock_level (tpcc.cc:3398):     ERROR warehouse_id:2, cid:96869, maxbytes:2
20251110-03:35.29-853396(us) 19435 ! txn_stock_level (tpcc.cc:3398):     ERROR warehouse_id:2, cid:96869, maxbytes:2
20251110-03:35.29-853459(us) 19435 ! txn_stock_level (tpcc.cc:3398):     ERROR warehouse_id:2, cid:96869, maxbytes:2
20251110-03:35.29-853507(us) 19435 ! txn_stock_level (tpcc.cc:3398):     ERROR warehouse_id:2, cid:96869, maxbytes:2
20251110-03:35.29-854621(us) 19435 ! txn_stock_level (tpcc.cc:3398):     ERROR warehouse_id:2, cid:96869, maxbytes:2
20251110-03:35.29-856341(us) 19435 ! txn_stock_level (tpcc.cc:3398):     ERROR warehouse_id:2, cid:96869, maxbytes:2
20251110-03:35.29-856653(us) 19435 ! txn_stock_level (tpcc.cc:3398):     ERROR warehouse_id:2, cid:96869, maxbytes:2
20251110-03:35.29-878499(us) 19435 ! txn_stock_level (tpcc.cc:3398):     ERROR warehouse_id:1, cid:73189, maxbytes:2
20251110-03:35.29-930381(us) 19435 ! txn_stock_level (tpcc.cc:3398):     ERROR warehouse_id:1, cid:16091, maxbytes:2
20251110-03:35.29-930517(us) 19435 ! txn_stock_level (tpcc.cc:3398):     ERROR warehouse_id:1, cid:16091, maxbytes:2
20251110-03:35.29-930548(us) 19435 ! txn_stock_level (tpcc.cc:3398):     ERROR warehouse_id:1, cid:16091, maxbytes:2
20251110-03:35.29-930557(us) 19435 ! txn_stock_level (tpcc.cc:3398):     ERROR warehouse_id:1, cid:16091, maxbytes:2
20251110-03:35.29-930573(us) 19435 ! txn_stock_level (tpcc.cc:3398):     ERROR warehouse_id:1, cid:16091, maxbytes:2
20251110-03:35.29-930756(us) 19435 ! txn_stock_level (tpcc.cc:3398):     ERROR warehouse_id:1, cid:16091, maxbytes:2
20251110-03:35.29-930807(us) 19435 ! txn_stock_level (tpcc.cc:3398):     ERROR warehouse_id:1, cid:16091, maxbytes:2
20251110-03:35.29-930996(us) 19435 ! txn_stock_level (tpcc.cc:3398):     ERROR warehouse_id:1, cid:16091, maxbytes:2
20251110-03:35.29-931037(us) 19435 ! txn_stock_level (tpcc.cc:3398):     ERROR warehouse_id:1, cid:16091, maxbytes:2
20251110-03:35.29-931079(us) 19435 ! txn_stock_level (tpcc.cc:3398):     ERROR warehouse_id:1, cid:16091, maxbytes:2
20251110-03:35.29-931896(us) 19435 ! txn_stock_level (tpcc.cc:3398):     ERROR warehouse_id:1, cid:16091, maxbytes:2
20251110-03:35.29-933824(us) 19435 ! txn_stock_level (tpcc.cc:3398):     ERROR warehouse_id:1, cid:16091, maxbytes:2
20251110-03:35.29-933919(us) 19435 ! txn_stock_level (tpcc.cc:3398):     ERROR warehouse_id:1, cid:16091, maxbytes:2
20251110-03:35.29-934144(us) 19435 ! txn_stock_level (tpcc.cc:3398):     ERROR warehouse_id:1, cid:16091, maxbytes:2
20251110-03:35.30-138596(us) 19435 ! run             (bench.cc:473):     runtime time left:26000 ms, bool:1
20251110-03:35.30-349059(us) 19435 ! txn_stock_level (tpcc.cc:3398):     ERROR warehouse_id:2, cid:32487, maxbytes:2
20251110-03:35.30-349569(us) 19435 ! txn_stock_level (tpcc.cc:3398):     ERROR warehouse_id:2, cid:32487, maxbytes:2
20251110-03:35.30-424353(us) 19435 ! txn_stock_level (tpcc.cc:3398):     ERROR warehouse_id:1, cid:15967, maxbytes:2
20251110-03:35.30-424519(us) 19435 ! txn_stock_level (tpcc.cc:3398):     ERROR warehouse_id:1, cid:15967, maxbytes:2
20251110-03:35.30-426506(us) 19435 ! txn_stock_level (tpcc.cc:3398):     ERROR warehouse_id:1, cid:15967, maxbytes:2
20251110-03:35.30-428542(us) 19435 ! txn_stock_level (tpcc.cc:3398):     ERROR warehouse_id:1, cid:15967, maxbytes:2
20251110-03:35.30-429552(us) 19435 ! txn_stock_level (tpcc.cc:3398):     ERROR warehouse_id:1, cid:15967, maxbytes:2
20251110-03:35.30-429723(us) 19435 ! txn_stock_level (tpcc.cc:3398):     ERROR warehouse_id:1, cid:15967, maxbytes:2
20251110-03:35.30-431235(us) 19435 ! txn_stock_level (tpcc.cc:3398):     ERROR warehouse_id:1, cid:15967, maxbytes:2
20251110-03:35.30-431273(us) 19435 ! txn_stock_level (tpcc.cc:3398):     ERROR warehouse_id:1, cid:15967, maxbytes:2
20251110-03:35.30-431308(us) 19435 ! txn_stock_level (tpcc.cc:3398):     ERROR warehouse_id:1, cid:15967, maxbytes:2
20251110-03:35.30-431443(us) 19435 ! txn_stock_level (tpcc.cc:3398):     ERROR warehouse_id:1, cid:15967, maxbytes:2
20251110-03:35.30-445995(us) 19435 ! txn_stock_level (tpcc.cc:3398):     ERROR warehouse_id:1, cid:56935, maxbytes:2
20251110-03:35.30-446384(us) 19435 ! txn_stock_level (tpcc.cc:3398):     ERROR warehouse_id:1, cid:56935, maxbytes:2
20251110-03:35.30-448761(us) 19435 ! txn_stock_level (tpcc.cc:3398):     ERROR warehouse_id:1, cid:56935, maxbytes:2
20251110-03:35.30-449843(us) 19435 ! txn_stock_level (tpcc.cc:3398):     ERROR warehouse_id:1, cid:56935, maxbytes:2
20251110-03:35.30-449867(us) 19435 ! txn_stock_level (tpcc.cc:3398):     ERROR warehouse_id:1, cid:56935, maxbytes:2
20251110-03:35.30-449899(us) 19435 ! txn_stock_level (tpcc.cc:3398):     ERROR warehouse_id:1, cid:56935, maxbytes:2
20251110-03:35.30-450674(us) 19435 ! txn_stock_level (tpcc.cc:3398):     ERROR warehouse_id:1, cid:56935, maxbytes:2
20251110-03:35.30-451155(us) 19435 ! txn_stock_level (tpcc.cc:3398):     ERROR warehouse_id:1, cid:56935, maxbytes:2
20251110-03:35.30-451197(us) 19435 ! txn_stock_level (tpcc.cc:3398):     ERROR warehouse_id:1, cid:56935, maxbytes:2
20251110-03:35.30-451279(us) 19435 ! txn_stock_level (tpcc.cc:3398):     ERROR warehouse_id:1, cid:56935, maxbytes:2
20251110-03:35.30-451639(us) 19435 ! txn_stock_level (tpcc.cc:3398):     ERROR warehouse_id:1, cid:56935, maxbytes:2
20251110-03:35.30-451682(us) 19435 ! txn_stock_level (tpcc.cc:3398):     ERROR warehouse_id:1, cid:56935, maxbytes:2
20251110-03:35.30-451731(us) 19435 ! txn_stock_level (tpcc.cc:3398):     ERROR warehouse_id:1, cid:56935, maxbytes:2
20251110-03:35.30-452703(us) 19435 ! txn_stock_level (tpcc.cc:3398):     ERROR warehouse_id:1, cid:56935, maxbytes:2
20251110-03:35.30-452933(us) 19435 ! txn_stock_level (tpcc.cc:3398):     ERROR warehouse_id:1, cid:56935, maxbytes:2
20251110-03:35.30-453782(us) 19435 ! txn_stock_level (tpcc.cc:3398):     ERROR warehouse_id:1, cid:56935, maxbytes:2
20251110-03:35.30-453813(us) 19435 ! txn_stock_level (tpcc.cc:3398):     ERROR warehouse_id:1, cid:56935, maxbytes:2
20251110-03:35.30-453912(us) 19435 ! txn_stock_level (tpcc.cc:3398):     ERROR warehouse_id:1, cid:56935, maxbytes:2
20251110-03:35.30-454017(us) 19435 ! txn_stock_level (tpcc.cc:3398):     ERROR warehouse_id:1, cid:56935, maxbytes:2
20251110-03:35.30-533741(us) 19435 ! txn_stock_level (tpcc.cc:3398):     ERROR warehouse_id:2, cid:23271, maxbytes:2
20251110-03:35.30-533834(us) 19435 ! txn_stock_level (tpcc.cc:3398):     ERROR warehouse_id:2, cid:23271, maxbytes:2
20251110-03:35.30-533844(us) 19435 ! txn_stock_level (tpcc.cc:3398):     ERROR warehouse_id:2, cid:23271, maxbytes:2
20251110-03:35.30-533937(us) 19435 ! txn_stock_level (tpcc.cc:3398):     ERROR warehouse_id:2, cid:23271, maxbytes:2
20251110-03:35.30-536693(us) 19435 ! txn_stock_level (tpcc.cc:3398):     ERROR warehouse_id:2, cid:23271, maxbytes:2
20251110-03:35.30-536837(us) 19435 ! txn_stock_level (tpcc.cc:3398):     ERROR warehouse_id:2, cid:23271, maxbytes:2
20251110-03:35.30-537848(us) 19435 ! txn_stock_level (tpcc.cc:3398):     ERROR warehouse_id:2, cid:23271, maxbytes:2
20251110-03:35.30-538211(us) 19435 ! txn_stock_level (tpcc.cc:3398):     ERROR warehouse_id:2, cid:23271, maxbytes:2
20251110-03:35.30-595256(us) 19435 ! txn_stock_level (tpcc.cc:3398):     ERROR warehouse_id:1, cid:65190, maxbytes:2
20251110-03:35.30-595319(us) 19435 ! txn_stock_level (tpcc.cc:3398):     ERROR warehouse_id:1, cid:65190, maxbytes:2
20251110-03:35.30-597373(us) 19435 ! txn_stock_level (tpcc.cc:3398):     ERROR warehouse_id:1, cid:65190, maxbytes:2
20251110-03:35.30-597522(us) 19435 ! txn_stock_level (tpcc.cc:3398):     ERROR warehouse_id:1, cid:65190, maxbytes:2
20251110-03:35.30-597731(us) 19435 ! txn_stock_level (tpcc.cc:3398):     ERROR warehouse_id:1, cid:65190, maxbytes:2
20251110-03:35.30-597870(us) 19435 ! txn_stock_level (tpcc.cc:3398):     ERROR warehouse_id:1, cid:65190, maxbytes:2
20251110-03:35.30-597886(us) 19435 ! txn_stock_level (tpcc.cc:3398):     ERROR warehouse_id:1, cid:65190, maxbytes:2
20251110-03:35.30-599868(us) 19435 ! txn_stock_level (tpcc.cc:3398):     ERROR warehouse_id:1, cid:65190, maxbytes:2
20251110-03:35.30-601017(us) 19435 ! txn_stock_level (tpcc.cc:3398):     ERROR warehouse_id:1, cid:65190, maxbytes:2
20251110-03:35.30-618898(us) 19435 ! txn_stock_level (tpcc.cc:3398):     ERROR warehouse_id:1, cid:31911, maxbytes:2
20251110-03:35.30-621848(us) 19435 ! txn_stock_level (tpcc.cc:3398):     ERROR warehouse_id:1, cid:31911, maxbytes:2
20251110-03:35.30-651903(us) 19435 ! txn_stock_level (tpcc.cc:3398):     ERROR warehouse_id:1, cid:73447, maxbytes:2
20251110-03:35.30-666453(us) 19435 ! txn_stock_level (tpcc.cc:3398):     ERROR warehouse_id:1, cid:44775, maxbytes:2
20251110-03:35.30-668623(us) 19435 ! txn_stock_level (tpcc.cc:3398):     ERROR warehouse_id:1, cid:44775, maxbytes:2
20251110-03:35.30-670711(us) 19435 ! txn_stock_level (tpcc.cc:3398):     ERROR warehouse_id:1, cid:44775, maxbytes:2
20251110-03:35.30-671100(us) 19435 ! txn_stock_level (tpcc.cc:3398):     ERROR warehouse_id:1, cid:44775, maxbytes:2
20251110-03:35.30-672337(us) 19435 ! txn_stock_level (tpcc.cc:3398):     ERROR warehouse_id:1, cid:44775, maxbytes:2
20251110-03:35.30-672500(us) 19435 ! txn_stock_level (tpcc.cc:3398):     ERROR warehouse_id:1, cid:44775, maxbytes:2
20251110-03:35.30-672528(us) 19435 ! txn_stock_level (tpcc.cc:3398):     ERROR warehouse_id:1, cid:44775, maxbytes:2
20251110-03:35.30-672606(us) 19435 ! txn_stock_level (tpcc.cc:3398):     ERROR warehouse_id:1, cid:44775, maxbytes:2
20251110-03:35.30-672741(us) 19435 ! txn_stock_level (tpcc.cc:3398):     ERROR warehouse_id:1, cid:44775, maxbytes:2
20251110-03:35.30-672757(us) 19435 ! txn_stock_level (tpcc.cc:3398):     ERROR warehouse_id:1, cid:44775, maxbytes:2
20251110-03:35.30-672803(us) 19435 ! txn_stock_level (tpcc.cc:3398):     ERROR warehouse_id:1, cid:44775, maxbytes:2
20251110-03:35.30-673842(us) 19435 ! txn_stock_level (tpcc.cc:3398):     ERROR warehouse_id:1, cid:44775, maxbytes:2
20251110-03:35.30-673942(us) 19435 ! txn_stock_level (tpcc.cc:3398):     ERROR warehouse_id:1, cid:44775, maxbytes:2
20251110-03:35.30-674006(us) 19435 ! txn_stock_level (tpcc.cc:3398):     ERROR warehouse_id:1, cid:44775, maxbytes:2
20251110-03:35.30-674041(us) 19435 ! txn_stock_level (tpcc.cc:3398):     ERROR warehouse_id:1, cid:44775, maxbytes:2
20251110-03:35.30-674149(us) 19435 ! txn_stock_level (tpcc.cc:3398):     ERROR warehouse_id:1, cid:44775, maxbytes:2
20251110-03:35.30-675045(us) 19435 ! txn_stock_level (tpcc.cc:3398):     ERROR warehouse_id:1, cid:44775, maxbytes:2
20251110-03:35.30-675134(us) 19435 ! txn_stock_level (tpcc.cc:3398):     ERROR warehouse_id:1, cid:44775, maxbytes:2
20251110-03:35.30-675197(us) 19435 ! txn_stock_level (tpcc.cc:3398):     ERROR warehouse_id:1, cid:44775, maxbytes:2
20251110-03:35.30-675388(us) 19435 ! txn_stock_level (tpcc.cc:3398):     ERROR warehouse_id:1, cid:44775, maxbytes:2
20251110-03:35.30-675507(us) 19435 ! txn_stock_level (tpcc.cc:3398):     ERROR warehouse_id:1, cid:44775, maxbytes:2
20251110-03:35.30-675562(us) 19435 ! txn_stock_level (tpcc.cc:3398):     ERROR warehouse_id:1, cid:44775, maxbytes:2
20251110-03:35.30-710153(us) 19435 ! txn_stock_level (tpcc.cc:3398):     ERROR warehouse_id:2, cid:12519, maxbytes:2
20251110-03:35.30-799986(us) 19435 ! txn_stock_level (tpcc.cc:3398):     ERROR warehouse_id:2, cid:6215, maxbytes:2
20251110-03:35.30-812069(us) 19435 ! txn_stock_level (tpcc.cc:3398):     ERROR warehouse_id:1, cid:73442, maxbytes:2
20251110-03:35.30-815398(us) 19435 ! txn_stock_level (tpcc.cc:3398):     ERROR warehouse_id:1, cid:73442, maxbytes:2
20251110-03:35.30-816681(us) 19435 ! txn_stock_level (tpcc.cc:3398):     ERROR warehouse_id:1, cid:73442, maxbytes:2
20251110-03:35.30-816772(us) 19435 ! txn_stock_level (tpcc.cc:3398):     ERROR warehouse_id:1, cid:73442, maxbytes:2
20251110-03:35.30-816837(us) 19435 ! txn_stock_level (tpcc.cc:3398):     ERROR warehouse_id:1, cid:73442, maxbytes:2
20251110-03:35.30-816912(us) 19435 ! txn_stock_level (tpcc.cc:3398):     ERROR warehouse_id:1, cid:73442, maxbytes:2
20251110-03:35.30-816931(us) 19435 ! txn_stock_level (tpcc.cc:3398):     ERROR warehouse_id:1, cid:73442, maxbytes:2
20251110-03:35.30-816981(us) 19435 ! txn_stock_level (tpcc.cc:3398):     ERROR warehouse_id:1, cid:73442, maxbytes:2
20251110-03:35.30-817063(us) 19435 ! txn_stock_level (tpcc.cc:3398):     ERROR warehouse_id:1, cid:73442, maxbytes:2
20251110-03:35.30-817276(us) 19435 ! txn_stock_level (tpcc.cc:3398):     ERROR warehouse_id:1, cid:73442, maxbytes:2
20251110-03:35.30-817352(us) 19435 ! txn_stock_level (tpcc.cc:3398):     ERROR warehouse_id:1, cid:73442, maxbytes:2
20251110-03:35.30-817422(us) 19435 ! txn_stock_level (tpcc.cc:3398):     ERROR warehouse_id:1, cid:73442, maxbytes:2
20251110-03:35.30-819381(us) 19435 ! txn_stock_level (tpcc.cc:3398):     ERROR warehouse_id:1, cid:73442, maxbytes:2
20251110-03:35.30-819431(us) 19435 ! txn_stock_level (tpcc.cc:3398):     ERROR warehouse_id:1, cid:73442, maxbytes:2
20251110-03:35.30-819510(us) 19435 ! txn_stock_level (tpcc.cc:3398):     ERROR warehouse_id:1, cid:73442, maxbytes:2
20251110-03:35.30-820494(us) 19435 ! txn_stock_level (tpcc.cc:3398):     ERROR warehouse_id:1, cid:73442, maxbytes:2
20251110-03:35.30-820545(us) 19435 ! txn_stock_level (tpcc.cc:3398):     ERROR warehouse_id:1, cid:73442, maxbytes:2
20251110-03:35.30-822702(us) 19435 ! txn_stock_level (tpcc.cc:3398):     ERROR warehouse_id:1, cid:73442, maxbytes:2
20251110-03:35.30-823924(us) 19435 ! txn_stock_level (tpcc.cc:3398):     ERROR warehouse_id:1, cid:73442, maxbytes:2
20251110-03:35.30-951253(us) 19435 ! txn_stock_level (tpcc.cc:3398):     ERROR warehouse_id:1, cid:89831, maxbytes:2
20251110-03:35.30-951285(us) 19435 ! txn_stock_level (tpcc.cc:3398):     ERROR warehouse_id:1, cid:89831, maxbytes:2
20251110-03:35.30-951350(us) 19435 ! txn_stock_level (tpcc.cc:3398):     ERROR warehouse_id:1, cid:89831, maxbytes:2
20251110-03:35.30-951413(us) 19435 ! txn_stock_level (tpcc.cc:3398):     ERROR warehouse_id:1, cid:89831, maxbytes:2
20251110-03:35.30-954482(us) 19435 ! txn_stock_level (tpcc.cc:3398):     ERROR warehouse_id:1, cid:89831, maxbytes:2
20251110-03:35.30-955838(us) 19435 ! txn_stock_level (tpcc.cc:3398):     ERROR warehouse_id:1, cid:89831, maxbytes:2
20251110-03:35.31-16495(us) 19435 ! txn_stock_level (tpcc.cc:3398):     ERROR warehouse_id:2, cid:57057, maxbytes:2
20251110-03:35.31-16763(us) 19435 ! txn_stock_level (tpcc.cc:3398):     ERROR warehouse_id:2, cid:57057, maxbytes:2
20251110-03:35.31-20429(us) 19435 ! txn_stock_level (tpcc.cc:3398):     ERROR warehouse_id:2, cid:73055, maxbytes:2
20251110-03:35.31-20564(us) 19435 ! txn_stock_level (tpcc.cc:3398):     ERROR warehouse_id:2, cid:73055, maxbytes:2
20251110-03:35.31-20627(us) 19435 ! txn_stock_level (tpcc.cc:3398):     ERROR warehouse_id:2, cid:73055, maxbytes:2
20251110-03:35.31-22271(us) 19435 ! txn_stock_level (tpcc.cc:3398):     ERROR warehouse_id:2, cid:57057, maxbytes:2
20251110-03:35.31-24357(us) 19435 ! txn_stock_level (tpcc.cc:3398):     ERROR warehouse_id:2, cid:73055, maxbytes:2
20251110-03:35.31-24457(us) 19435 ! txn_stock_level (tpcc.cc:3398):     ERROR warehouse_id:2, cid:73055, maxbytes:2
20251110-03:35.31-25419(us) 19435 ! txn_stock_level (tpcc.cc:3398):     ERROR warehouse_id:2, cid:73055, maxbytes:2
20251110-03:35.31-25461(us) 19435 ! txn_stock_level (tpcc.cc:3398):     ERROR warehouse_id:2, cid:57057, maxbytes:2
20251110-03:35.31-25577(us) 19435 ! txn_stock_level (tpcc.cc:3398):     ERROR warehouse_id:2, cid:57057, maxbytes:2
20251110-03:35.31-25633(us) 19435 ! txn_stock_level (tpcc.cc:3398):     ERROR warehouse_id:2, cid:57057, maxbytes:2
20251110-03:35.31-25651(us) 19435 ! txn_stock_level (tpcc.cc:3398):     ERROR warehouse_id:2, cid:57057, maxbytes:2
20251110-03:35.31-25819(us) 19435 ! txn_stock_level (tpcc.cc:3398):     ERROR warehouse_id:2, cid:73055, maxbytes:2
20251110-03:35.31-25870(us) 19435 ! txn_stock_level (tpcc.cc:3398):     ERROR warehouse_id:2, cid:73055, maxbytes:2
20251110-03:35.31-25887(us) 19435 ! txn_stock_level (tpcc.cc:3398):     ERROR warehouse_id:2, cid:57057, maxbytes:2
20251110-03:35.31-25963(us) 19435 ! txn_stock_level (tpcc.cc:3398):     ERROR warehouse_id:2, cid:73055, maxbytes:2
20251110-03:35.31-25997(us) 19435 ! txn_stock_level (tpcc.cc:3398):     ERROR warehouse_id:2, cid:73055, maxbytes:2
20251110-03:35.31-28110(us) 19435 ! txn_stock_level (tpcc.cc:3398):     ERROR warehouse_id:2, cid:73055, maxbytes:2
20251110-03:35.31-28291(us) 19435 ! txn_stock_level (tpcc.cc:3398):     ERROR warehouse_id:2, cid:73055, maxbytes:2
20251110-03:35.31-29092(us) 19435 ! txn_stock_level (tpcc.cc:3398):     ERROR warehouse_id:2, cid:73055, maxbytes:2
20251110-03:35.31-30403(us) 19435 ! txn_stock_level (tpcc.cc:3398):     ERROR warehouse_id:2, cid:73055, maxbytes:2
20251110-03:35.31-30422(us) 19435 ! txn_stock_level (tpcc.cc:3398):     ERROR warehouse_id:2, cid:73055, maxbytes:2
20251110-03:35.31-30618(us) 19435 ! txn_stock_level (tpcc.cc:3398):     ERROR warehouse_id:2, cid:73055, maxbytes:2
20251110-03:35.31-30686(us) 19435 ! txn_stock_level (tpcc.cc:3398):     ERROR warehouse_id:2, cid:73055, maxbytes:2
20251110-03:35.31-30769(us) 19435 ! txn_stock_level (tpcc.cc:3398):     ERROR warehouse_id:2, cid:73055, maxbytes:2
20251110-03:35.31-132657(us) 19435 ! txn_stock_level (tpcc.cc:3398):     ERROR warehouse_id:1, cid:32487, maxbytes:2
20251110-03:35.31-132720(us) 19435 ! txn_stock_level (tpcc.cc:3398):     ERROR warehouse_id:1, cid:32487, maxbytes:2
20251110-03:35.31-132869(us) 19435 ! txn_stock_level (tpcc.cc:3398):     ERROR warehouse_id:1, cid:32487, maxbytes:2
20251110-03:35.31-132932(us) 19435 ! txn_stock_level (tpcc.cc:3398):     ERROR warehouse_id:1, cid:32487, maxbytes:2
20251110-03:35.31-132974(us) 19435 ! txn_stock_level (tpcc.cc:3398):     ERROR warehouse_id:1, cid:32487, maxbytes:2
20251110-03:35.31-133955(us) 19435 ! txn_stock_level (tpcc.cc:3398):     ERROR warehouse_id:1, cid:32487, maxbytes:2
20251110-03:35.31-142225(us) 19435 ! txn_stock_level (tpcc.cc:3398):     ERROR warehouse_id:1, cid:48839, maxbytes:2
20251110-03:35.31-143210(us) 19435 ! txn_stock_level (tpcc.cc:3398):     ERROR warehouse_id:1, cid:48839, maxbytes:2
20251110-03:35.31-143334(us) 19435 ! txn_stock_level (tpcc.cc:3398):     ERROR warehouse_id:1, cid:48839, maxbytes:2
20251110-03:35.31-143384(us) 19435 ! txn_stock_level (tpcc.cc:3398):     ERROR warehouse_id:1, cid:48839, maxbytes:2
20251110-03:35.31-143517(us) 19435 ! txn_stock_level (tpcc.cc:3398):     ERROR warehouse_id:1, cid:48839, maxbytes:2
20251110-03:35.31-143654(us) 19435 ! txn_stock_level (tpcc.cc:3398):     ERROR warehouse_id:1, cid:48839, maxbytes:2
20251110-03:35.31-144264(us) 19435 ! run             (bench.cc:473):     runtime time left:25000 ms, bool:1
20251110-03:35.31-144670(us) 19435 ! txn_stock_level (tpcc.cc:3398):     ERROR warehouse_id:1, cid:48839, maxbytes:2
20251110-03:35.31-144733(us) 19435 ! txn_stock_level (tpcc.cc:3398):     ERROR warehouse_id:1, cid:48839, maxbytes:2
20251110-03:35.31-144857(us) 19435 ! txn_stock_level (tpcc.cc:3398):     ERROR warehouse_id:1, cid:48839, maxbytes:2
20251110-03:35.31-145832(us) 19435 ! txn_stock_level (tpcc.cc:3398):     ERROR warehouse_id:1, cid:48839, maxbytes:2
20251110-03:35.31-148021(us) 19435 ! txn_stock_level (tpcc.cc:3398):     ERROR warehouse_id:1, cid:48839, maxbytes:2
20251110-03:35.31-149651(us) 19435 ! txn_stock_level (tpcc.cc:3398):     ERROR warehouse_id:1, cid:48839, maxbytes:2
20251110-03:35.31-151527(us) 19435 ! txn_stock_level (tpcc.cc:3398):     ERROR warehouse_id:1, cid:48839, maxbytes:2
20251110-03:35.31-151651(us) 19435 ! txn_stock_level (tpcc.cc:3398):     ERROR warehouse_id:1, cid:48839, maxbytes:2
20251110-03:35.31-152669(us) 19435 ! txn_stock_level (tpcc.cc:3398):     ERROR warehouse_id:1, cid:48839, maxbytes:2
20251110-03:35.31-276357(us) 19435 ! txn_stock_level (tpcc.cc:3398):     ERROR warehouse_id:1, cid:69095, maxbytes:2
20251110-03:35.31-276429(us) 19435 ! txn_stock_level (tpcc.cc:3398):     ERROR warehouse_id:1, cid:69095, maxbytes:2
20251110-03:35.31-277634(us) 19435 ! txn_stock_level (tpcc.cc:3398):     ERROR warehouse_id:1, cid:69095, maxbytes:2
20251110-03:35.31-277701(us) 19435 ! txn_stock_level (tpcc.cc:3398):     ERROR warehouse_id:1, cid:69095, maxbytes:2
20251110-03:35.31-278765(us) 19435 ! txn_stock_level (tpcc.cc:3398):     ERROR warehouse_id:1, cid:69095, maxbytes:2
20251110-03:35.31-278925(us) 19435 ! txn_stock_level (tpcc.cc:3398):     ERROR warehouse_id:1, cid:69095, maxbytes:2
20251110-03:35.31-281306(us) 19435 ! txn_stock_level (tpcc.cc:3398):     ERROR warehouse_id:1, cid:32487, maxbytes:2
20251110-03:35.31-282984(us) 19435 ! txn_stock_level (tpcc.cc:3398):     ERROR warehouse_id:1, cid:32487, maxbytes:2
20251110-03:35.31-283090(us) 19435 ! txn_stock_level (tpcc.cc:3398):     ERROR warehouse_id:1, cid:32487, maxbytes:2
20251110-03:35.31-283178(us) 19435 ! txn_stock_level (tpcc.cc:3398):     ERROR warehouse_id:1, cid:32487, maxbytes:2
20251110-03:35.31-286050(us) 19435 ! txn_stock_level (tpcc.cc:3398):     ERROR warehouse_id:2, cid:6087, maxbytes:2
20251110-03:35.31-286219(us) 19435 ! txn_stock_level (tpcc.cc:3398):     ERROR warehouse_id:2, cid:6087, maxbytes:2
20251110-03:35.31-286283(us) 19435 ! txn_stock_level (tpcc.cc:3398):     ERROR warehouse_id:2, cid:6087, maxbytes:2
20251110-03:35.31-286636(us) 19435 ! txn_stock_level (tpcc.cc:3398):     ERROR warehouse_id:2, cid:6087, maxbytes:2
20251110-03:35.31-286666(us) 19435 ! txn_stock_level (tpcc.cc:3398):     ERROR warehouse_id:2, cid:6087, maxbytes:2
20251110-03:35.31-287035(us) 19435 ! txn_stock_level (tpcc.cc:3398):     ERROR warehouse_id:2, cid:6087, maxbytes:2
20251110-03:35.31-287498(us) 19435 ! txn_stock_level (tpcc.cc:3398):     ERROR warehouse_id:2, cid:6087, maxbytes:2
20251110-03:35.31-288526(us) 19435 ! txn_stock_level (tpcc.cc:3398):     ERROR warehouse_id:2, cid:6087, maxbytes:2
20251110-03:35.31-290202(us) 19435 ! txn_stock_level (tpcc.cc:3398):     ERROR warehouse_id:2, cid:6087, maxbytes:2
20251110-03:35.31-290243(us) 19435 ! txn_stock_level (tpcc.cc:3398):     ERROR warehouse_id:2, cid:6087, maxbytes:2
20251110-03:35.31-290454(us) 19435 ! txn_stock_level (tpcc.cc:3398):     ERROR warehouse_id:2, cid:6087, maxbytes:2
20251110-03:35.31-292629(us) 19435 ! txn_stock_level (tpcc.cc:3398):     ERROR warehouse_id:2, cid:6087, maxbytes:2
20251110-03:35.31-293696(us) 19435 ! txn_stock_level (tpcc.cc:3398):     ERROR warehouse_id:2, cid:6087, maxbytes:2
20251110-03:35.31-293751(us) 19435 ! txn_stock_level (tpcc.cc:3398):     ERROR warehouse_id:2, cid:6087, maxbytes:2
20251110-03:35.31-296863(us) 19435 ! txn_stock_level (tpcc.cc:3398):     ERROR warehouse_id:2, cid:6087, maxbytes:2
20251110-03:35.31-297040(us) 19435 ! txn_stock_level (tpcc.cc:3398):     ERROR warehouse_id:2, cid:6087, maxbytes:2
20251110-03:35.31-299106(us) 19435 ! txn_stock_level (tpcc.cc:3398):     ERROR warehouse_id:2, cid:6087, maxbytes:2
20251110-03:35.31-299197(us) 19435 ! txn_stock_level (tpcc.cc:3398):     ERROR warehouse_id:2, cid:6087, maxbytes:2
20251110-03:35.31-299242(us) 19435 ! txn_stock_level (tpcc.cc:3398):     ERROR warehouse_id:2, cid:6087, maxbytes:2
20251110-03:35.31-300222(us) 19435 ! txn_stock_level (tpcc.cc:3398):     ERROR warehouse_id:2, cid:6087, maxbytes:2
20251110-03:35.31-300257(us) 19435 ! txn_stock_level (tpcc.cc:3398):     ERROR warehouse_id:2, cid:6087, maxbytes:2
20251110-03:35.31-302619(us) 19435 ! txn_stock_level (tpcc.cc:3398):     ERROR warehouse_id:2, cid:6087, maxbytes:2
20251110-03:35.31-302645(us) 19435 ! txn_stock_level (tpcc.cc:3398):     ERROR warehouse_id:2, cid:6087, maxbytes:2
20251110-03:35.31-305989(us) 19435 ! txn_stock_level (tpcc.cc:3398):     ERROR warehouse_id:1, cid:73439, maxbytes:2
20251110-03:35.31-306956(us) 19435 ! txn_stock_level (tpcc.cc:3398):     ERROR warehouse_id:1, cid:73439, maxbytes:2
20251110-03:35.31-307092(us) 19435 ! txn_stock_level (tpcc.cc:3398):     ERROR warehouse_id:1, cid:73439, maxbytes:2
20251110-03:35.31-307446(us) 19435 ! txn_stock_level (tpcc.cc:3398):     ERROR warehouse_id:1, cid:73439, maxbytes:2
20251110-03:35.31-482496(us) 19435 ! txn_stock_level (tpcc.cc:3398):     ERROR warehouse_id:2, cid:32479, maxbytes:2
20251110-03:35.31-483837(us) 19435 ! txn_stock_level (tpcc.cc:3398):     ERROR warehouse_id:2, cid:32479, maxbytes:2
20251110-03:35.31-488994(us) 19435 ! txn_stock_level (tpcc.cc:3398):     ERROR warehouse_id:2, cid:32479, maxbytes:2
20251110-03:35.31-489014(us) 19435 ! txn_stock_level (tpcc.cc:3398):     ERROR warehouse_id:2, cid:32479, maxbytes:2
20251110-03:35.31-525910(us) 19435 ! txn_stock_level (tpcc.cc:3398):     ERROR warehouse_id:2, cid:57063, maxbytes:2
20251110-03:35.31-525956(us) 19435 ! txn_stock_level (tpcc.cc:3398):     ERROR warehouse_id:2, cid:57063, maxbytes:2
20251110-03:35.31-528166(us) 19435 ! txn_stock_level (tpcc.cc:3398):     ERROR warehouse_id:2, cid:57063, maxbytes:2
20251110-03:35.31-528318(us) 19435 ! txn_stock_level (tpcc.cc:3398):     ERROR warehouse_id:2, cid:57063, maxbytes:2
20251110-03:35.31-528480(us) 19435 ! txn_stock_level (tpcc.cc:3398):     ERROR warehouse_id:2, cid:57063, maxbytes:2
20251110-03:35.31-528850(us) 19435 ! txn_stock_level (tpcc.cc:3398):     ERROR warehouse_id:2, cid:57063, maxbytes:2
20251110-03:35.31-529001(us) 19435 ! txn_stock_level (tpcc.cc:3398):     ERROR warehouse_id:2, cid:57063, maxbytes:2
20251110-03:35.31-529043(us) 19435 ! txn_stock_level (tpcc.cc:3398):     ERROR warehouse_id:2, cid:57063, maxbytes:2
20251110-03:35.31-529145(us) 19435 ! txn_stock_level (tpcc.cc:3398):     ERROR warehouse_id:2, cid:57063, maxbytes:2
20251110-03:35.31-529239(us) 19435 ! txn_stock_level (tpcc.cc:3398):     ERROR warehouse_id:2, cid:57063, maxbytes:2
20251110-03:35.31-529458(us) 19435 ! txn_stock_level (tpcc.cc:3398):     ERROR warehouse_id:2, cid:57063, maxbytes:2
20251110-03:35.31-529677(us) 19435 ! txn_stock_level (tpcc.cc:3398):     ERROR warehouse_id:2, cid:57063, maxbytes:2
20251110-03:35.31-531715(us) 19435 ! txn_stock_level (tpcc.cc:3398):     ERROR warehouse_id:2, cid:57063, maxbytes:2
20251110-03:35.31-531814(us) 19435 ! txn_stock_level (tpcc.cc:3398):     ERROR warehouse_id:2, cid:57063, maxbytes:2
20251110-03:35.31-531825(us) 19435 ! txn_stock_level (tpcc.cc:3398):     ERROR warehouse_id:2, cid:57063, maxbytes:2
20251110-03:35.31-532167(us) 19435 ! txn_stock_level (tpcc.cc:3398):     ERROR warehouse_id:2, cid:57063, maxbytes:2
20251110-03:35.31-534131(us) 19435 ! txn_stock_level (tpcc.cc:3398):     ERROR warehouse_id:2, cid:57063, maxbytes:2
20251110-03:35.31-534267(us) 19435 ! txn_stock_level (tpcc.cc:3398):     ERROR warehouse_id:2, cid:57063, maxbytes:2
20251110-03:35.31-535274(us) 19435 ! txn_stock_level (tpcc.cc:3398):     ERROR warehouse_id:2, cid:57063, maxbytes:2
20251110-03:35.31-604148(us) 19435 ! txn_stock_level (tpcc.cc:3398):     ERROR warehouse_id:2, cid:85735, maxbytes:2
20251110-03:35.31-604383(us) 19435 ! txn_stock_level (tpcc.cc:3398):     ERROR warehouse_id:2, cid:85735, maxbytes:2
20251110-03:35.31-604454(us) 19435 ! txn_stock_level (tpcc.cc:3398):     ERROR warehouse_id:2, cid:85735, maxbytes:2
20251110-03:35.31-604469(us) 19435 ! txn_stock_level (tpcc.cc:3398):     ERROR warehouse_id:2, cid:85735, maxbytes:2
20251110-03:35.31-604480(us) 19435 ! txn_stock_level (tpcc.cc:3398):     ERROR warehouse_id:2, cid:85735, maxbytes:2
20251110-03:35.31-604488(us) 19435 ! txn_stock_level (tpcc.cc:3398):     ERROR warehouse_id:2, cid:85735, maxbytes:2
20251110-03:35.31-777851(us) 19435 ! txn_stock_level (tpcc.cc:3398):     ERROR warehouse_id:2, cid:87717, maxbytes:2
20251110-03:35.31-778065(us) 19435 ! txn_stock_level (tpcc.cc:3398):     ERROR warehouse_id:2, cid:87717, maxbytes:2
20251110-03:35.31-778091(us) 19435 ! txn_stock_level (tpcc.cc:3398):     ERROR warehouse_id:2, cid:87717, maxbytes:2
20251110-03:35.31-779348(us) 19435 ! txn_stock_level (tpcc.cc:3398):     ERROR warehouse_id:2, cid:87717, maxbytes:2
20251110-03:35.31-779460(us) 19435 ! txn_stock_level (tpcc.cc:3398):     ERROR warehouse_id:2, cid:87717, maxbytes:2
20251110-03:35.31-779647(us) 19435 ! txn_stock_level (tpcc.cc:3398):     ERROR warehouse_id:2, cid:87717, maxbytes:2
20251110-03:35.31-779832(us) 19435 ! txn_stock_level (tpcc.cc:3398):     ERROR warehouse_id:2, cid:87717, maxbytes:2
20251110-03:35.31-780847(us) 19435 ! txn_stock_level (tpcc.cc:3398):     ERROR warehouse_id:2, cid:87717, maxbytes:2
20251110-03:35.31-781082(us) 19435 ! txn_stock_level (tpcc.cc:3398):     ERROR warehouse_id:2, cid:89829, maxbytes:2
20251110-03:35.31-781104(us) 19435 ! txn_stock_level (tpcc.cc:3398):     ERROR warehouse_id:2, cid:87717, maxbytes:2
20251110-03:35.31-781167(us) 19435 ! txn_stock_level (tpcc.cc:3398):     ERROR warehouse_id:2, cid:87717, maxbytes:2
20251110-03:35.31-781182(us) 19435 ! txn_stock_level (tpcc.cc:3398):     ERROR warehouse_id:2, cid:87717, maxbytes:2
20251110-03:35.31-781225(us) 19435 ! txn_stock_level (tpcc.cc:3398):     ERROR warehouse_id:2, cid:89829, maxbytes:2
20251110-03:35.31-781253(us) 19435 ! txn_stock_level (tpcc.cc:3398):     ERROR warehouse_id:2, cid:89829, maxbytes:2
20251110-03:35.31-782291(us) 19435 ! txn_stock_level (tpcc.cc:3398):     ERROR warehouse_id:2, cid:89829, maxbytes:2
20251110-03:35.31-782404(us) 19435 ! txn_stock_level (tpcc.cc:3398):     ERROR warehouse_id:2, cid:89829, maxbytes:2
20251110-03:35.31-782641(us) 19435 ! txn_stock_level (tpcc.cc:3398):     ERROR warehouse_id:2, cid:89829, maxbytes:2
20251110-03:35.31-782667(us) 19435 ! txn_stock_level (tpcc.cc:3398):     ERROR warehouse_id:2, cid:89829, maxbytes:2
20251110-03:35.31-782725(us) 19435 ! txn_stock_level (tpcc.cc:3398):     ERROR warehouse_id:2, cid:87717, maxbytes:2
20251110-03:35.31-782807(us) 19435 ! txn_stock_level (tpcc.cc:3398):     ERROR warehouse_id:2, cid:87717, maxbytes:2
20251110-03:35.31-782896(us) 19435 ! txn_stock_level (tpcc.cc:3398):     ERROR warehouse_id:2, cid:87717, maxbytes:2
20251110-03:35.31-782910(us) 19435 ! txn_stock_level (tpcc.cc:3398):     ERROR warehouse_id:2, cid:87717, maxbytes:2
20251110-03:35.31-783036(us) 19435 ! txn_stock_level (tpcc.cc:3398):     ERROR warehouse_id:2, cid:87717, maxbytes:2
20251110-03:35.31-783258(us) 19435 ! txn_stock_level (tpcc.cc:3398):     ERROR warehouse_id:2, cid:87717, maxbytes:2
20251110-03:35.31-783418(us) 19435 ! txn_stock_level (tpcc.cc:3398):     ERROR warehouse_id:2, cid:87717, maxbytes:2
20251110-03:35.31-783485(us) 19435 ! txn_stock_level (tpcc.cc:3398):     ERROR warehouse_id:2, cid:87717, maxbytes:2
20251110-03:35.31-783501(us) 19435 ! txn_stock_level (tpcc.cc:3398):     ERROR warehouse_id:2, cid:87717, maxbytes:2
20251110-03:35.31-785485(us) 19435 ! txn_stock_level (tpcc.cc:3398):     ERROR warehouse_id:2, cid:87717, maxbytes:2
20251110-03:35.31-786442(us) 19435 ! txn_stock_level (tpcc.cc:3398):     ERROR warehouse_id:2, cid:87717, maxbytes:2
20251110-03:35.31-786633(us) 19435 ! txn_stock_level (tpcc.cc:3398):     ERROR warehouse_id:2, cid:87717, maxbytes:2
20251110-03:35.31-786656(us) 19435 ! txn_stock_level (tpcc.cc:3398):     ERROR warehouse_id:2, cid:87717, maxbytes:2
20251110-03:35.31-786939(us) 19435 ! txn_stock_level (tpcc.cc:3398):     ERROR warehouse_id:2, cid:87717, maxbytes:2
20251110-03:35.31-786980(us) 19435 ! txn_stock_level (tpcc.cc:3398):     ERROR warehouse_id:2, cid:87717, maxbytes:2
20251110-03:35.31-787033(us) 19435 ! txn_stock_level (tpcc.cc:3398):     ERROR warehouse_id:2, cid:87717, maxbytes:2
20251110-03:35.31-787045(us) 19435 ! txn_stock_level (tpcc.cc:3398):     ERROR warehouse_id:2, cid:87717, maxbytes:2
20251110-03:35.31-822236(us) 19435 ! txn_stock_level (tpcc.cc:3398):     ERROR warehouse_id:2, cid:73191, maxbytes:2
20251110-03:35.31-822332(us) 19435 ! txn_stock_level (tpcc.cc:3398):     ERROR warehouse_id:2, cid:73191, maxbytes:2
20251110-03:35.31-822439(us) 19435 ! txn_stock_level (tpcc.cc:3398):     ERROR warehouse_id:2, cid:73191, maxbytes:2
20251110-03:35.31-822484(us) 19435 ! txn_stock_level (tpcc.cc:3398):     ERROR warehouse_id:2, cid:73191, maxbytes:2
20251110-03:35.31-823674(us) 19435 ! txn_stock_level (tpcc.cc:3398):     ERROR warehouse_id:2, cid:73191, maxbytes:2
20251110-03:35.31-823783(us) 19435 ! txn_stock_level (tpcc.cc:3398):     ERROR warehouse_id:2, cid:73191, maxbytes:2
20251110-03:35.31-823891(us) 19435 ! txn_stock_level (tpcc.cc:3398):     ERROR warehouse_id:2, cid:73191, maxbytes:2
20251110-03:35.31-823916(us) 19435 ! txn_stock_level (tpcc.cc:3398):     ERROR warehouse_id:2, cid:73191, maxbytes:2
20251110-03:35.31-823968(us) 19435 ! txn_stock_level (tpcc.cc:3398):     ERROR warehouse_id:2, cid:73191, maxbytes:2
20251110-03:35.31-823982(us) 19435 ! txn_stock_level (tpcc.cc:3398):     ERROR warehouse_id:2, cid:73191, maxbytes:2
20251110-03:35.31-825016(us) 19435 ! txn_stock_level (tpcc.cc:3398):     ERROR warehouse_id:2, cid:73191, maxbytes:2
20251110-03:35.31-825255(us) 19435 ! txn_stock_level (tpcc.cc:3398):     ERROR warehouse_id:2, cid:73191, maxbytes:2
20251110-03:35.31-825312(us) 19435 ! txn_stock_level (tpcc.cc:3398):     ERROR warehouse_id:2, cid:73191, maxbytes:2
20251110-03:35.31-826388(us) 19435 ! txn_stock_level (tpcc.cc:3398):     ERROR warehouse_id:2, cid:73191, maxbytes:2
20251110-03:35.31-827270(us) 19435 ! txn_stock_level (tpcc.cc:3398):     ERROR warehouse_id:2, cid:73191, maxbytes:2
20251110-03:35.31-828265(us) 19435 ! txn_stock_level (tpcc.cc:3398):     ERROR warehouse_id:2, cid:73191, maxbytes:2
20251110-03:35.31-828475(us) 19435 ! txn_stock_level (tpcc.cc:3398):     ERROR warehouse_id:2, cid:73191, maxbytes:2
20251110-03:35.31-828502(us) 19435 ! txn_stock_level (tpcc.cc:3398):     ERROR warehouse_id:2, cid:73191, maxbytes:2
20251110-03:35.31-828515(us) 19435 ! txn_stock_level (tpcc.cc:3398):     ERROR warehouse_id:2, cid:73191, maxbytes:2
20251110-03:35.31-828535(us) 19435 ! txn_stock_level (tpcc.cc:3398):     ERROR warehouse_id:2, cid:73191, maxbytes:2
20251110-03:35.31-828884(us) 19435 ! txn_stock_level (tpcc.cc:3398):     ERROR warehouse_id:2, cid:73191, maxbytes:2
20251110-03:35.31-828935(us) 19435 ! txn_stock_level (tpcc.cc:3398):     ERROR warehouse_id:2, cid:73191, maxbytes:2
20251110-03:35.31-832399(us) 19435 ! txn_stock_level (tpcc.cc:3398):     ERROR warehouse_id:2, cid:73191, maxbytes:2
20251110-03:35.31-832496(us) 19435 ! txn_stock_level (tpcc.cc:3398):     ERROR warehouse_id:2, cid:73191, maxbytes:2
20251110-03:35.31-832678(us) 19435 ! txn_stock_level (tpcc.cc:3398):     ERROR warehouse_id:2, cid:73191, maxbytes:2
20251110-03:35.31-832783(us) 19435 ! txn_stock_level (tpcc.cc:3398):     ERROR warehouse_id:2, cid:73191, maxbytes:2
20251110-03:35.31-832796(us) 19435 ! txn_stock_level (tpcc.cc:3398):     ERROR warehouse_id:2, cid:73191, maxbytes:2
20251110-03:35.31-832964(us) 19435 ! txn_stock_level (tpcc.cc:3398):     ERROR warehouse_id:2, cid:73191, maxbytes:2
20251110-03:35.31-833061(us) 19435 ! txn_stock_level (tpcc.cc:3398):     ERROR warehouse_id:2, cid:73191, maxbytes:2
20251110-03:35.31-833154(us) 19435 ! txn_stock_level (tpcc.cc:3398):     ERROR warehouse_id:2, cid:73191, maxbytes:2
20251110-03:35.31-834193(us) 19435 ! txn_stock_level (tpcc.cc:3398):     ERROR warehouse_id:2, cid:73191, maxbytes:2
20251110-03:35.31-834275(us) 19435 ! txn_stock_level (tpcc.cc:3398):     ERROR warehouse_id:2, cid:73191, maxbytes:2
20251110-03:35.31-834388(us) 19435 ! txn_stock_level (tpcc.cc:3398):     ERROR warehouse_id:2, cid:73191, maxbytes:2
20251110-03:35.31-834571(us) 19435 ! txn_stock_level (tpcc.cc:3398):     ERROR warehouse_id:2, cid:73191, maxbytes:2
20251110-03:35.31-834606(us) 19435 ! txn_stock_level (tpcc.cc:3398):     ERROR warehouse_id:2, cid:73191, maxbytes:2
20251110-03:35.31-834676(us) 19435 ! txn_stock_level (tpcc.cc:3398):     ERROR warehouse_id:2, cid:73191, maxbytes:2
20251110-03:35.31-834973(us) 19435 ! txn_stock_level (tpcc.cc:3398):     ERROR warehouse_id:2, cid:73191, maxbytes:2
20251110-03:35.31-835141(us) 19435 ! txn_stock_level (tpcc.cc:3398):     ERROR warehouse_id:2, cid:73191, maxbytes:2
20251110-03:35.31-836903(us) 19435 ! txn_stock_level (tpcc.cc:3398):     ERROR warehouse_id:2, cid:98023, maxbytes:2
20251110-03:35.31-837007(us) 19435 ! txn_stock_level (tpcc.cc:3398):     ERROR warehouse_id:2, cid:98023, maxbytes:2
20251110-03:35.31-838124(us) 19435 ! txn_stock_level (tpcc.cc:3398):     ERROR warehouse_id:2, cid:73191, maxbytes:2
20251110-03:35.31-838146(us) 19435 ! txn_stock_level (tpcc.cc:3398):     ERROR warehouse_id:2, cid:98023, maxbytes:2
20251110-03:35.31-839103(us) 19435 ! txn_stock_level (tpcc.cc:3398):     ERROR warehouse_id:2, cid:98023, maxbytes:2
20251110-03:35.31-839139(us) 19435 ! txn_stock_level (tpcc.cc:3398):     ERROR warehouse_id:2, cid:98023, maxbytes:2
20251110-03:35.31-839159(us) 19435 ! txn_stock_level (tpcc.cc:3398):     ERROR warehouse_id:2, cid:98023, maxbytes:2
20251110-03:35.31-839291(us) 19435 ! txn_stock_level (tpcc.cc:3398):     ERROR warehouse_id:2, cid:98023, maxbytes:2
20251110-03:35.31-840144(us) 19435 ! txn_stock_level (tpcc.cc:3398):     ERROR warehouse_id:2, cid:73191, maxbytes:2
20251110-03:35.31-840394(us) 19435 ! txn_stock_level (tpcc.cc:3398):     ERROR warehouse_id:2, cid:73191, maxbytes:2
20251110-03:35.31-840439(us) 19435 ! txn_stock_level (tpcc.cc:3398):     ERROR warehouse_id:2, cid:98023, maxbytes:2
20251110-03:35.31-840577(us) 19435 ! txn_stock_level (tpcc.cc:3398):     ERROR warehouse_id:2, cid:98023, maxbytes:2
20251110-03:35.31-840808(us) 19435 ! txn_stock_level (tpcc.cc:3398):     ERROR warehouse_id:2, cid:56039, maxbytes:2
20251110-03:35.31-840905(us) 19435 ! txn_stock_level (tpcc.cc:3398):     ERROR warehouse_id:2, cid:98023, maxbytes:2
20251110-03:35.31-841016(us) 19435 ! txn_stock_level (tpcc.cc:3398):     ERROR warehouse_id:2, cid:56039, maxbytes:2
20251110-03:35.31-841038(us) 19435 ! txn_stock_level (tpcc.cc:3398):     ERROR warehouse_id:2, cid:98023, maxbytes:2
20251110-03:35.31-930085(us) 19435 ! txn_stock_level (tpcc.cc:3398):     ERROR warehouse_id:1, cid:65191, maxbytes:2
20251110-03:35.31-930131(us) 19435 ! txn_stock_level (tpcc.cc:3398):     ERROR warehouse_id:1, cid:65191, maxbytes:2
20251110-03:35.31-931524(us) 19435 ! txn_stock_level (tpcc.cc:3398):     ERROR warehouse_id:1, cid:65191, maxbytes:2
20251110-03:35.31-931643(us) 19435 ! txn_stock_level (tpcc.cc:3398):     ERROR warehouse_id:1, cid:65191, maxbytes:2
20251110-03:35.31-932807(us) 19435 ! txn_stock_level (tpcc.cc:3398):     ERROR warehouse_id:1, cid:65191, maxbytes:2
20251110-03:35.31-933973(us) 19435 ! txn_stock_level (tpcc.cc:3398):     ERROR warehouse_id:1, cid:65191, maxbytes:2
20251110-03:35.31-933989(us) 19435 ! txn_stock_level (tpcc.cc:3398):     ERROR warehouse_id:1, cid:65191, maxbytes:2
20251110-03:35.31-934019(us) 19435 ! txn_stock_level (tpcc.cc:3398):     ERROR warehouse_id:1, cid:65191, maxbytes:2
20251110-03:35.32-57174(us) 19435 ! txn_stock_level (tpcc.cc:3398):     ERROR warehouse_id:2, cid:48359, maxbytes:2
20251110-03:35.32-57263(us) 19435 ! txn_stock_level (tpcc.cc:3398):     ERROR warehouse_id:2, cid:48359, maxbytes:2
20251110-03:35.32-58214(us) 19435 ! txn_stock_level (tpcc.cc:3398):     ERROR warehouse_id:2, cid:48359, maxbytes:2
20251110-03:35.32-59318(us) 19435 ! txn_stock_level (tpcc.cc:3398):     ERROR warehouse_id:2, cid:48359, maxbytes:2
20251110-03:35.32-59441(us) 19435 ! txn_stock_level (tpcc.cc:3398):     ERROR warehouse_id:2, cid:48359, maxbytes:2
20251110-03:35.32-59471(us) 19435 ! txn_stock_level (tpcc.cc:3398):     ERROR warehouse_id:2, cid:48359, maxbytes:2
20251110-03:35.32-61638(us) 19435 ! txn_stock_level (tpcc.cc:3398):     ERROR warehouse_id:2, cid:48359, maxbytes:2
20251110-03:35.32-63483(us) 19435 ! txn_stock_level (tpcc.cc:3398):     ERROR warehouse_id:2, cid:40645, maxbytes:2
20251110-03:35.32-63600(us) 19435 ! txn_stock_level (tpcc.cc:3398):     ERROR warehouse_id:2, cid:48359, maxbytes:2
20251110-03:35.32-64464(us) 19435 ! txn_stock_level (tpcc.cc:3398):     ERROR warehouse_id:2, cid:40645, maxbytes:2
20251110-03:35.32-64572(us) 19435 ! txn_stock_level (tpcc.cc:3398):     ERROR warehouse_id:2, cid:40645, maxbytes:2
20251110-03:35.32-64616(us) 19435 ! txn_stock_level (tpcc.cc:3398):     ERROR warehouse_id:2, cid:48359, maxbytes:2
20251110-03:35.32-64663(us) 19435 ! txn_stock_level (tpcc.cc:3398):     ERROR warehouse_id:2, cid:40645, maxbytes:2
20251110-03:35.32-64771(us) 19435 ! txn_stock_level (tpcc.cc:3398):     ERROR warehouse_id:2, cid:40645, maxbytes:2
20251110-03:35.32-64804(us) 19435 ! txn_stock_level (tpcc.cc:3398):     ERROR warehouse_id:2, cid:48359, maxbytes:2
20251110-03:35.32-64885(us) 19435 ! txn_stock_level (tpcc.cc:3398):     ERROR warehouse_id:2, cid:40645, maxbytes:2
20251110-03:35.32-64940(us) 19435 ! txn_stock_level (tpcc.cc:3398):     ERROR warehouse_id:2, cid:40645, maxbytes:2
20251110-03:35.32-64953(us) 19435 ! txn_stock_level (tpcc.cc:3398):     ERROR warehouse_id:2, cid:48359, maxbytes:2
20251110-03:35.32-65012(us) 19435 ! txn_stock_level (tpcc.cc:3398):     ERROR warehouse_id:2, cid:48359, maxbytes:2
20251110-03:35.32-66327(us) 19435 ! txn_stock_level (tpcc.cc:3398):     ERROR warehouse_id:2, cid:40645, maxbytes:2
20251110-03:35.32-70402(us) 19435 ! txn_stock_level (tpcc.cc:3398):     ERROR warehouse_id:2, cid:64231, maxbytes:2
20251110-03:35.32-71378(us) 19435 ! txn_stock_level (tpcc.cc:3398):     ERROR warehouse_id:2, cid:64231, maxbytes:2
20251110-03:35.32-88502(us) 19435 ! txn_stock_level (tpcc.cc:3398):     ERROR warehouse_id:2, cid:48789, maxbytes:2
20251110-03:35.32-149976(us) 19435 ! run             (bench.cc:473):     runtime time left:24000 ms, bool:1
20251110-03:35.32-206131(us) 19435 ! txn_stock_level (tpcc.cc:3398):     ERROR warehouse_id:2, cid:85727, maxbytes:2
20251110-03:35.32-207032(us) 19435 ! txn_stock_level (tpcc.cc:3398):     ERROR warehouse_id:2, cid:85727, maxbytes:2
20251110-03:35.32-207989(us) 19435 ! txn_stock_level (tpcc.cc:3398):     ERROR warehouse_id:2, cid:85727, maxbytes:2
20251110-03:35.32-208028(us) 19435 ! txn_stock_level (tpcc.cc:3398):     ERROR warehouse_id:2, cid:85727, maxbytes:2
20251110-03:35.32-208035(us) 19435 ! txn_stock_level (tpcc.cc:3398):     ERROR warehouse_id:2, cid:85727, maxbytes:2
20251110-03:35.32-208088(us) 19435 ! txn_stock_level (tpcc.cc:3398):     ERROR warehouse_id:2, cid:85727, maxbytes:2
20251110-03:35.32-212034(us) 19435 ! txn_stock_level (tpcc.cc:3398):     ERROR warehouse_id:2, cid:85727, maxbytes:2
20251110-03:35.32-212219(us) 19435 ! txn_stock_level (tpcc.cc:3398):     ERROR warehouse_id:2, cid:85727, maxbytes:2
20251110-03:35.32-212368(us) 19435 ! txn_stock_level (tpcc.cc:3398):     ERROR warehouse_id:2, cid:85727, maxbytes:2
20251110-03:35.32-213327(us) 19435 ! txn_stock_level (tpcc.cc:3398):     ERROR warehouse_id:2, cid:85727, maxbytes:2
20251110-03:35.32-213429(us) 19435 ! txn_stock_level (tpcc.cc:3398):     ERROR warehouse_id:2, cid:85727, maxbytes:2
20251110-03:35.32-214337(us) 19435 ! txn_stock_level (tpcc.cc:3398):     ERROR warehouse_id:2, cid:85727, maxbytes:2
20251110-03:35.32-214388(us) 19435 ! txn_stock_level (tpcc.cc:3398):     ERROR warehouse_id:2, cid:85727, maxbytes:2
20251110-03:35.32-214639(us) 19435 ! txn_stock_level (tpcc.cc:3398):     ERROR warehouse_id:2, cid:85727, maxbytes:2
20251110-03:35.32-228379(us) 19435 ! txn_stock_level (tpcc.cc:3398):     ERROR warehouse_id:1, cid:32356, maxbytes:2
20251110-03:35.32-228508(us) 19435 ! txn_stock_level (tpcc.cc:3398):     ERROR warehouse_id:1, cid:32356, maxbytes:2
20251110-03:35.32-228565(us) 19435 ! txn_stock_level (tpcc.cc:3398):     ERROR warehouse_id:1, cid:32356, maxbytes:2
20251110-03:35.32-228767(us) 19435 ! txn_stock_level (tpcc.cc:3398):     ERROR warehouse_id:1, cid:32356, maxbytes:2
20251110-03:35.32-229848(us) 19435 ! txn_stock_level (tpcc.cc:3398):     ERROR warehouse_id:1, cid:32356, maxbytes:2
20251110-03:35.32-229888(us) 19435 ! txn_stock_level (tpcc.cc:3398):     ERROR warehouse_id:1, cid:32356, maxbytes:2
20251110-03:35.32-229953(us) 19435 ! txn_stock_level (tpcc.cc:3398):     ERROR warehouse_id:1, cid:32356, maxbytes:2
20251110-03:35.32-231243(us) 19435 ! txn_stock_level (tpcc.cc:3398):     ERROR warehouse_id:1, cid:32356, maxbytes:2
20251110-03:35.32-232211(us) 19435 ! txn_stock_level (tpcc.cc:3398):     ERROR warehouse_id:1, cid:32356, maxbytes:2
20251110-03:35.32-233519(us) 19435 ! txn_stock_level (tpcc.cc:3398):     ERROR warehouse_id:1, cid:32356, maxbytes:2
20251110-03:35.32-233686(us) 19435 ! txn_stock_level (tpcc.cc:3398):     ERROR warehouse_id:1, cid:32356, maxbytes:2
20251110-03:35.32-234815(us) 19435 ! txn_stock_level (tpcc.cc:3398):     ERROR warehouse_id:1, cid:32356, maxbytes:2
20251110-03:35.32-234912(us) 19435 ! txn_stock_level (tpcc.cc:3398):     ERROR warehouse_id:1, cid:32356, maxbytes:2
20251110-03:35.32-234980(us) 19435 ! txn_stock_level (tpcc.cc:3398):     ERROR warehouse_id:1, cid:32356, maxbytes:2
20251110-03:35.32-235980(us) 19435 ! txn_stock_level (tpcc.cc:3398):     ERROR warehouse_id:1, cid:32356, maxbytes:2
20251110-03:35.32-236166(us) 19435 ! txn_stock_level (tpcc.cc:3398):     ERROR warehouse_id:1, cid:32356, maxbytes:2
20251110-03:35.32-238346(us) 19435 ! txn_stock_level (tpcc.cc:3398):     ERROR warehouse_id:1, cid:32356, maxbytes:2
20251110-03:35.32-283786(us) 19435 ! txn_stock_level (tpcc.cc:3398):     ERROR warehouse_id:1, cid:15063, maxbytes:2
20251110-03:35.32-330872(us) 19435 ! txn_stock_level (tpcc.cc:3398):     ERROR warehouse_id:2, cid:73447, maxbytes:2
20251110-03:35.32-404704(us) 19435 ! txn_stock_level (tpcc.cc:3398):     ERROR warehouse_id:2, cid:64999, maxbytes:2
20251110-03:35.32-405894(us) 19435 ! txn_stock_level (tpcc.cc:3398):     ERROR warehouse_id:2, cid:64999, maxbytes:2
20251110-03:35.32-407087(us) 19435 ! txn_stock_level (tpcc.cc:3398):     ERROR warehouse_id:2, cid:64999, maxbytes:2
20251110-03:35.32-407139(us) 19435 ! txn_stock_level (tpcc.cc:3398):     ERROR warehouse_id:2, cid:64999, maxbytes:2
20251110-03:35.32-407300(us) 19435 ! txn_stock_level (tpcc.cc:3398):     ERROR warehouse_id:2, cid:64999, maxbytes:2
20251110-03:35.32-407352(us) 19435 ! txn_stock_level (tpcc.cc:3398):     ERROR warehouse_id:2, cid:64999, maxbytes:2
20251110-03:35.32-408540(us) 19435 ! txn_stock_level (tpcc.cc:3398):     ERROR warehouse_id:2, cid:64999, maxbytes:2
20251110-03:35.32-408562(us) 19435 ! txn_stock_level (tpcc.cc:3398):     ERROR warehouse_id:2, cid:64999, maxbytes:2
20251110-03:35.32-409542(us) 19435 ! txn_stock_level (tpcc.cc:3398):     ERROR warehouse_id:2, cid:64999, maxbytes:2
20251110-03:35.32-564858(us) 19435 ! txn_stock_level (tpcc.cc:3398):     ERROR warehouse_id:2, cid:48359, maxbytes:2
20251110-03:35.32-565781(us) 19435 ! txn_stock_level (tpcc.cc:3398):     ERROR warehouse_id:2, cid:48359, maxbytes:2
20251110-03:35.32-565850(us) 19435 ! txn_stock_level (tpcc.cc:3398):     ERROR warehouse_id:2, cid:48359, maxbytes:2
20251110-03:35.32-565949(us) 19435 ! txn_stock_level (tpcc.cc:3398):     ERROR warehouse_id:2, cid:48359, maxbytes:2
20251110-03:35.32-567236(us) 19435 ! txn_stock_level (tpcc.cc:3398):     ERROR warehouse_id:2, cid:48359, maxbytes:2
20251110-03:35.32-567397(us) 19435 ! txn_stock_level (tpcc.cc:3398):     ERROR warehouse_id:2, cid:48359, maxbytes:2
20251110-03:35.32-567416(us) 19435 ! txn_stock_level (tpcc.cc:3398):     ERROR warehouse_id:2, cid:48359, maxbytes:2
20251110-03:35.32-567470(us) 19435 ! txn_stock_level (tpcc.cc:3398):     ERROR warehouse_id:2, cid:48359, maxbytes:2
20251110-03:35.32-567612(us) 19435 ! txn_stock_level (tpcc.cc:3398):     ERROR warehouse_id:2, cid:48359, maxbytes:2
20251110-03:35.32-567708(us) 19435 ! txn_stock_level (tpcc.cc:3398):     ERROR warehouse_id:2, cid:48359, maxbytes:2
20251110-03:35.32-568898(us) 19435 ! txn_stock_level (tpcc.cc:3398):     ERROR warehouse_id:2, cid:48359, maxbytes:2
20251110-03:35.32-569093(us) 19435 ! txn_stock_level (tpcc.cc:3398):     ERROR warehouse_id:2, cid:48359, maxbytes:2
20251110-03:35.32-569466(us) 19435 ! txn_stock_level (tpcc.cc:3398):     ERROR warehouse_id:2, cid:48359, maxbytes:2
20251110-03:35.32-569539(us) 19435 ! txn_stock_level (tpcc.cc:3398):     ERROR warehouse_id:2, cid:48359, maxbytes:2
20251110-03:35.32-569600(us) 19435 ! txn_stock_level (tpcc.cc:3398):     ERROR warehouse_id:2, cid:48359, maxbytes:2
20251110-03:35.32-571770(us) 19435 ! txn_stock_level (tpcc.cc:3398):     ERROR warehouse_id:2, cid:48359, maxbytes:2
20251110-03:35.32-572039(us) 19435 ! txn_stock_level (tpcc.cc:3398):     ERROR warehouse_id:2, cid:48359, maxbytes:2
20251110-03:35.32-572258(us) 19435 ! txn_stock_level (tpcc.cc:3398):     ERROR warehouse_id:2, cid:48359, maxbytes:2
20251110-03:35.32-572379(us) 19435 ! txn_stock_level (tpcc.cc:3398):     ERROR warehouse_id:2, cid:48359, maxbytes:2
20251110-03:35.32-572404(us) 19435 ! txn_stock_level (tpcc.cc:3398):     ERROR warehouse_id:2, cid:48359, maxbytes:2
20251110-03:35.32-572500(us) 19435 ! txn_stock_level (tpcc.cc:3398):     ERROR warehouse_id:2, cid:48359, maxbytes:2
20251110-03:35.32-572749(us) 19435 ! txn_stock_level (tpcc.cc:3398):     ERROR warehouse_id:2, cid:48359, maxbytes:2
20251110-03:35.32-575941(us) 19435 ! txn_stock_level (tpcc.cc:3398):     ERROR warehouse_id:2, cid:48359, maxbytes:2
20251110-03:35.32-576032(us) 19435 ! txn_stock_level (tpcc.cc:3398):     ERROR warehouse_id:2, cid:48359, maxbytes:2
20251110-03:35.32-576265(us) 19435 ! txn_stock_level (tpcc.cc:3398):     ERROR warehouse_id:2, cid:48359, maxbytes:2
20251110-03:35.32-577276(us) 19435 ! txn_stock_level (tpcc.cc:3398):     ERROR warehouse_id:2, cid:48359, maxbytes:2
20251110-03:35.32-577307(us) 19435 ! txn_stock_level (tpcc.cc:3398):     ERROR warehouse_id:2, cid:48359, maxbytes:2
20251110-03:35.32-578522(us) 19435 ! txn_stock_level (tpcc.cc:3398):     ERROR warehouse_id:2, cid:48359, maxbytes:2
20251110-03:35.32-578598(us) 19435 ! txn_stock_level (tpcc.cc:3398):     ERROR warehouse_id:2, cid:48359, maxbytes:2
20251110-03:35.32-579618(us) 19435 ! txn_stock_level (tpcc.cc:3398):     ERROR warehouse_id:2, cid:48359, maxbytes:2
20251110-03:35.32-579694(us) 19435 ! txn_stock_level (tpcc.cc:3398):     ERROR warehouse_id:2, cid:48359, maxbytes:2
20251110-03:35.32-579802(us) 19435 ! txn_stock_level (tpcc.cc:3398):     ERROR warehouse_id:2, cid:48359, maxbytes:2
20251110-03:35.32-581799(us) 19435 ! txn_stock_level (tpcc.cc:3398):     ERROR warehouse_id:2, cid:48359, maxbytes:2
20251110-03:35.32-582757(us) 19435 ! txn_stock_level (tpcc.cc:3398):     ERROR warehouse_id:2, cid:48359, maxbytes:2
20251110-03:35.32-582787(us) 19435 ! txn_stock_level (tpcc.cc:3398):     ERROR warehouse_id:2, cid:48359, maxbytes:2
20251110-03:35.32-582799(us) 19435 ! txn_stock_level (tpcc.cc:3398):     ERROR warehouse_id:2, cid:48359, maxbytes:2
20251110-03:35.32-582949(us) 19435 ! txn_stock_level (tpcc.cc:3398):     ERROR warehouse_id:2, cid:48359, maxbytes:2
20251110-03:35.32-582997(us) 19435 ! txn_stock_level (tpcc.cc:3398):     ERROR warehouse_id:2, cid:48359, maxbytes:2
20251110-03:35.32-583054(us) 19435 ! txn_stock_level (tpcc.cc:3398):     ERROR warehouse_id:2, cid:48359, maxbytes:2
20251110-03:35.32-584113(us) 19435 ! txn_stock_level (tpcc.cc:3398):     ERROR warehouse_id:2, cid:48359, maxbytes:2
20251110-03:35.32-584152(us) 19435 ! txn_stock_level (tpcc.cc:3398):     ERROR warehouse_id:2, cid:48359, maxbytes:2
20251110-03:35.32-586166(us) 19435 ! txn_stock_level (tpcc.cc:3398):     ERROR warehouse_id:2, cid:48359, maxbytes:2
20251110-03:35.32-586226(us) 19435 ! txn_stock_level (tpcc.cc:3398):     ERROR warehouse_id:2, cid:48359, maxbytes:2
20251110-03:35.32-594033(us) 19435 ! txn_stock_level (tpcc.cc:3398):     ERROR warehouse_id:2, cid:56327, maxbytes:2
20251110-03:35.32-594334(us) 19435 ! txn_stock_level (tpcc.cc:3398):     ERROR warehouse_id:2, cid:56327, maxbytes:2
20251110-03:35.32-594417(us) 19435 ! txn_stock_level (tpcc.cc:3398):     ERROR warehouse_id:2, cid:56327, maxbytes:2
20251110-03:35.32-594470(us) 19435 ! txn_stock_level (tpcc.cc:3398):     ERROR warehouse_id:2, cid:56327, maxbytes:2
20251110-03:35.32-594527(us) 19435 ! txn_stock_level (tpcc.cc:3398):     ERROR warehouse_id:2, cid:56327, maxbytes:2
20251110-03:35.32-594638(us) 19435 ! txn_stock_level (tpcc.cc:3398):     ERROR warehouse_id:2, cid:56327, maxbytes:2
20251110-03:35.32-594674(us) 19435 ! txn_stock_level (tpcc.cc:3398):     ERROR warehouse_id:2, cid:56327, maxbytes:2
20251110-03:35.32-594689(us) 19435 ! txn_stock_level (tpcc.cc:3398):     ERROR warehouse_id:2, cid:56327, maxbytes:2
20251110-03:35.32-594806(us) 19435 ! txn_stock_level (tpcc.cc:3398):     ERROR warehouse_id:2, cid:56327, maxbytes:2
20251110-03:35.32-594826(us) 19435 ! txn_stock_level (tpcc.cc:3398):     ERROR warehouse_id:2, cid:56327, maxbytes:2
20251110-03:35.32-594943(us) 19435 ! txn_stock_level (tpcc.cc:3398):     ERROR warehouse_id:2, cid:56327, maxbytes:2
20251110-03:35.32-613434(us) 19435 ! txn_stock_level (tpcc.cc:3398):     ERROR warehouse_id:2, cid:16097, maxbytes:2
20251110-03:35.32-613479(us) 19435 ! txn_stock_level (tpcc.cc:3398):     ERROR warehouse_id:2, cid:16097, maxbytes:2
20251110-03:35.32-613660(us) 19435 ! txn_stock_level (tpcc.cc:3398):     ERROR warehouse_id:2, cid:16097, maxbytes:2
20251110-03:35.32-613677(us) 19435 ! txn_stock_level (tpcc.cc:3398):     ERROR warehouse_id:2, cid:16097, maxbytes:2
20251110-03:35.32-614983(us) 19435 ! txn_stock_level (tpcc.cc:3398):     ERROR warehouse_id:2, cid:16097, maxbytes:2
20251110-03:35.32-615010(us) 19435 ! txn_stock_level (tpcc.cc:3398):     ERROR warehouse_id:2, cid:16097, maxbytes:2
20251110-03:35.32-615051(us) 19435 ! txn_stock_level (tpcc.cc:3398):     ERROR warehouse_id:2, cid:16097, maxbytes:2
20251110-03:35.32-615237(us) 19435 ! txn_stock_level (tpcc.cc:3398):     ERROR warehouse_id:2, cid:16097, maxbytes:2
20251110-03:35.32-615317(us) 19435 ! txn_stock_level (tpcc.cc:3398):     ERROR warehouse_id:2, cid:16097, maxbytes:2
20251110-03:35.32-615393(us) 19435 ! txn_stock_level (tpcc.cc:3398):     ERROR warehouse_id:2, cid:16097, maxbytes:2
20251110-03:35.32-616341(us) 19435 ! txn_stock_level (tpcc.cc:3398):     ERROR warehouse_id:2, cid:16097, maxbytes:2
20251110-03:35.32-617421(us) 19435 ! txn_stock_level (tpcc.cc:3398):     ERROR warehouse_id:2, cid:16097, maxbytes:2
20251110-03:35.32-617439(us) 19435 ! txn_stock_level (tpcc.cc:3398):     ERROR warehouse_id:2, cid:16097, maxbytes:2
20251110-03:35.32-617486(us) 19435 ! txn_stock_level (tpcc.cc:3398):     ERROR warehouse_id:2, cid:16097, maxbytes:2
20251110-03:35.32-618063(us) 19435 ! txn_stock_level (tpcc.cc:3398):     ERROR warehouse_id:2, cid:16097, maxbytes:2
20251110-03:35.32-618095(us) 19435 ! txn_stock_level (tpcc.cc:3398):     ERROR warehouse_id:2, cid:16097, maxbytes:2
20251110-03:35.32-618105(us) 19435 ! txn_stock_level (tpcc.cc:3398):     ERROR warehouse_id:2, cid:16097, maxbytes:2
20251110-03:35.32-618198(us) 19435 ! txn_stock_level (tpcc.cc:3398):     ERROR warehouse_id:2, cid:16097, maxbytes:2
20251110-03:35.32-618247(us) 19435 ! txn_stock_level (tpcc.cc:3398):     ERROR warehouse_id:2, cid:16097, maxbytes:2
20251110-03:35.32-618260(us) 19435 ! txn_stock_level (tpcc.cc:3398):     ERROR warehouse_id:2, cid:16097, maxbytes:2
20251110-03:35.32-619626(us) 19435 ! txn_stock_level (tpcc.cc:3398):     ERROR warehouse_id:2, cid:16097, maxbytes:2
20251110-03:35.32-619798(us) 19435 ! txn_stock_level (tpcc.cc:3398):     ERROR warehouse_id:2, cid:16097, maxbytes:2
20251110-03:35.32-619845(us) 19435 ! txn_stock_level (tpcc.cc:3398):     ERROR warehouse_id:2, cid:16097, maxbytes:2
20251110-03:35.32-621196(us) 19435 ! txn_stock_level (tpcc.cc:3398):     ERROR warehouse_id:2, cid:16097, maxbytes:2
20251110-03:35.32-621393(us) 19435 ! txn_stock_level (tpcc.cc:3398):     ERROR warehouse_id:2, cid:16097, maxbytes:2
20251110-03:35.32-621404(us) 19435 ! txn_stock_level (tpcc.cc:3398):     ERROR warehouse_id:2, cid:16097, maxbytes:2
20251110-03:35.32-624146(us) 19435 ! txn_stock_level (tpcc.cc:3398):     ERROR warehouse_id:2, cid:16097, maxbytes:2
20251110-03:35.32-624170(us) 19435 ! txn_stock_level (tpcc.cc:3398):     ERROR warehouse_id:2, cid:16097, maxbytes:2
20251110-03:35.32-624385(us) 19435 ! txn_stock_level (tpcc.cc:3398):     ERROR warehouse_id:2, cid:16097, maxbytes:2
20251110-03:35.32-626135(us) 19435 ! txn_stock_level (tpcc.cc:3398):     ERROR warehouse_id:2, cid:16097, maxbytes:2
20251110-03:35.32-626190(us) 19435 ! txn_stock_level (tpcc.cc:3398):     ERROR warehouse_id:2, cid:16097, maxbytes:2
20251110-03:35.32-626335(us) 19435 ! txn_stock_level (tpcc.cc:3398):     ERROR warehouse_id:2, cid:16097, maxbytes:2
20251110-03:35.32-936663(us) 19435 ! txn_stock_level (tpcc.cc:3398):     ERROR warehouse_id:1, cid:32487, maxbytes:2
20251110-03:35.32-936775(us) 19435 ! txn_stock_level (tpcc.cc:3398):     ERROR warehouse_id:1, cid:32487, maxbytes:2
20251110-03:35.32-937527(us) 19435 ! txn_stock_level (tpcc.cc:3398):     ERROR warehouse_id:1, cid:32487, maxbytes:2
20251110-03:35.32-937598(us) 19435 ! txn_stock_level (tpcc.cc:3398):     ERROR warehouse_id:1, cid:32487, maxbytes:2
20251110-03:35.32-937644(us) 19435 ! txn_stock_level (tpcc.cc:3398):     ERROR warehouse_id:1, cid:32487, maxbytes:2
20251110-03:35.32-937675(us) 19435 ! txn_stock_level (tpcc.cc:3398):     ERROR warehouse_id:1, cid:32487, maxbytes:2
20251110-03:35.32-938695(us) 19435 ! txn_stock_level (tpcc.cc:3398):     ERROR warehouse_id:1, cid:32487, maxbytes:2
20251110-03:35.32-938754(us) 19435 ! txn_stock_level (tpcc.cc:3398):     ERROR warehouse_id:1, cid:32487, maxbytes:2
20251110-03:35.32-946960(us) 19435 ! txn_stock_level (tpcc.cc:3398):     ERROR warehouse_id:1, cid:47847, maxbytes:2
20251110-03:35.32-947041(us) 19435 ! txn_stock_level (tpcc.cc:3398):     ERROR warehouse_id:1, cid:47847, maxbytes:2
20251110-03:35.32-947106(us) 19435 ! txn_stock_level (tpcc.cc:3398):     ERROR warehouse_id:1, cid:47847, maxbytes:2
20251110-03:35.32-947120(us) 19435 ! txn_stock_level (tpcc.cc:3398):     ERROR warehouse_id:1, cid:47847, maxbytes:2
20251110-03:35.32-948044(us) 19435 ! txn_stock_level (tpcc.cc:3398):     ERROR warehouse_id:1, cid:47847, maxbytes:2
20251110-03:35.32-950346(us) 19435 ! txn_stock_level (tpcc.cc:3398):     ERROR warehouse_id:1, cid:47847, maxbytes:2
20251110-03:35.32-950716(us) 19435 ! txn_stock_level (tpcc.cc:3398):     ERROR warehouse_id:1, cid:47847, maxbytes:2
20251110-03:35.33-131707(us) 19435 ! txn_stock_level (tpcc.cc:3398):     ERROR warehouse_id:1, cid:97989, maxbytes:2
20251110-03:35.33-131938(us) 19435 ! txn_stock_level (tpcc.cc:3398):     ERROR warehouse_id:1, cid:97989, maxbytes:2
20251110-03:35.33-133558(us) 19435 ! txn_stock_level (tpcc.cc:3398):     ERROR warehouse_id:1, cid:97989, maxbytes:2
20251110-03:35.33-133685(us) 19435 ! txn_stock_level (tpcc.cc:3398):     ERROR warehouse_id:1, cid:97989, maxbytes:2
20251110-03:35.33-133794(us) 19435 ! txn_stock_level (tpcc.cc:3398):     ERROR warehouse_id:1, cid:97989, maxbytes:2
20251110-03:35.33-134833(us) 19435 ! txn_stock_level (tpcc.cc:3398):     ERROR warehouse_id:1, cid:97989, maxbytes:2
20251110-03:35.33-134943(us) 19435 ! txn_stock_level (tpcc.cc:3398):     ERROR warehouse_id:1, cid:97989, maxbytes:2
20251110-03:35.33-135029(us) 19435 ! txn_stock_level (tpcc.cc:3398):     ERROR warehouse_id:1, cid:97989, maxbytes:2
20251110-03:35.33-135114(us) 19435 ! txn_stock_level (tpcc.cc:3398):     ERROR warehouse_id:1, cid:97989, maxbytes:2
20251110-03:35.33-135156(us) 19435 ! txn_stock_level (tpcc.cc:3398):     ERROR warehouse_id:1, cid:97989, maxbytes:2
20251110-03:35.33-136987(us) 19435 ! txn_stock_level (tpcc.cc:3398):     ERROR warehouse_id:1, cid:97989, maxbytes:2
20251110-03:35.33-138056(us) 19435 ! txn_stock_level (tpcc.cc:3398):     ERROR warehouse_id:1, cid:97989, maxbytes:2
20251110-03:35.33-139055(us) 19435 ! txn_stock_level (tpcc.cc:3398):     ERROR warehouse_id:1, cid:97989, maxbytes:2
20251110-03:35.33-139114(us) 19435 ! txn_stock_level (tpcc.cc:3398):     ERROR warehouse_id:1, cid:97989, maxbytes:2
20251110-03:35.33-139247(us) 19435 ! txn_stock_level (tpcc.cc:3398):     ERROR warehouse_id:1, cid:97989, maxbytes:2
20251110-03:35.33-140318(us) 19435 ! txn_stock_level (tpcc.cc:3398):     ERROR warehouse_id:1, cid:97989, maxbytes:2
20251110-03:35.33-141306(us) 19435 ! txn_stock_level (tpcc.cc:3398):     ERROR warehouse_id:1, cid:97989, maxbytes:2
20251110-03:35.33-141431(us) 19435 ! txn_stock_level (tpcc.cc:3398):     ERROR warehouse_id:1, cid:97989, maxbytes:2
20251110-03:35.33-141511(us) 19435 ! txn_stock_level (tpcc.cc:3398):     ERROR warehouse_id:1, cid:97989, maxbytes:2
20251110-03:35.33-141526(us) 19435 ! txn_stock_level (tpcc.cc:3398):     ERROR warehouse_id:1, cid:97989, maxbytes:2
20251110-03:35.33-141547(us) 19435 ! txn_stock_level (tpcc.cc:3398):     ERROR warehouse_id:1, cid:97989, maxbytes:2
20251110-03:35.33-141607(us) 19435 ! txn_stock_level (tpcc.cc:3398):     ERROR warehouse_id:1, cid:97989, maxbytes:2
20251110-03:35.33-141936(us) 19435 ! txn_stock_level (tpcc.cc:3398):     ERROR warehouse_id:1, cid:97989, maxbytes:2
20251110-03:35.33-141979(us) 19435 ! txn_stock_level (tpcc.cc:3398):     ERROR warehouse_id:1, cid:97989, maxbytes:2
20251110-03:35.33-142044(us) 19435 ! txn_stock_level (tpcc.cc:3398):     ERROR warehouse_id:1, cid:97989, maxbytes:2
20251110-03:35.33-142108(us) 19435 ! txn_stock_level (tpcc.cc:3398):     ERROR warehouse_id:1, cid:97989, maxbytes:2
20251110-03:35.33-142282(us) 19435 ! txn_stock_level (tpcc.cc:3398):     ERROR warehouse_id:1, cid:97989, maxbytes:2
20251110-03:35.33-142363(us) 19435 ! txn_stock_level (tpcc.cc:3398):     ERROR warehouse_id:1, cid:97989, maxbytes:2
20251110-03:35.33-142451(us) 19435 ! txn_stock_level (tpcc.cc:3398):     ERROR warehouse_id:1, cid:97989, maxbytes:2
20251110-03:35.33-142620(us) 19435 ! txn_stock_level (tpcc.cc:3398):     ERROR warehouse_id:1, cid:97989, maxbytes:2
20251110-03:35.33-142730(us) 19435 ! txn_stock_level (tpcc.cc:3398):     ERROR warehouse_id:1, cid:97989, maxbytes:2
20251110-03:35.33-144042(us) 19435 ! txn_stock_level (tpcc.cc:3398):     ERROR warehouse_id:1, cid:97989, maxbytes:2
20251110-03:35.33-144094(us) 19435 ! txn_stock_level (tpcc.cc:3398):     ERROR warehouse_id:1, cid:97989, maxbytes:2
20251110-03:35.33-145818(us) 19435 ! txn_stock_level (tpcc.cc:3398):     ERROR warehouse_id:1, cid:97989, maxbytes:2
20251110-03:35.33-147941(us) 19435 ! txn_stock_level (tpcc.cc:3398):     ERROR warehouse_id:1, cid:97989, maxbytes:2
20251110-03:35.33-147963(us) 19435 ! txn_stock_level (tpcc.cc:3398):     ERROR warehouse_id:1, cid:97989, maxbytes:2
20251110-03:35.33-148020(us) 19435 ! txn_stock_level (tpcc.cc:3398):     ERROR warehouse_id:1, cid:97989, maxbytes:2
20251110-03:35.33-148107(us) 19435 ! txn_stock_level (tpcc.cc:3398):     ERROR warehouse_id:1, cid:97989, maxbytes:2
20251110-03:35.33-148234(us) 19435 ! txn_stock_level (tpcc.cc:3398):     ERROR warehouse_id:1, cid:97989, maxbytes:2
20251110-03:35.33-148245(us) 19435 ! txn_stock_level (tpcc.cc:3398):     ERROR warehouse_id:1, cid:97989, maxbytes:2
20251110-03:35.33-148366(us) 19435 ! txn_stock_level (tpcc.cc:3398):     ERROR warehouse_id:1, cid:97989, maxbytes:2
20251110-03:35.33-148401(us) 19435 ! txn_stock_level (tpcc.cc:3398):     ERROR warehouse_id:1, cid:97989, maxbytes:2
20251110-03:35.33-148510(us) 19435 ! txn_stock_level (tpcc.cc:3398):     ERROR warehouse_id:1, cid:97989, maxbytes:2
20251110-03:35.33-148541(us) 19435 ! txn_stock_level (tpcc.cc:3398):     ERROR warehouse_id:1, cid:97989, maxbytes:2
20251110-03:35.33-148550(us) 19435 ! txn_stock_level (tpcc.cc:3398):     ERROR warehouse_id:1, cid:97989, maxbytes:2
20251110-03:35.33-148629(us) 19435 ! txn_stock_level (tpcc.cc:3398):     ERROR warehouse_id:1, cid:97989, maxbytes:2
20251110-03:35.33-149705(us) 19435 ! txn_stock_level (tpcc.cc:3398):     ERROR warehouse_id:1, cid:97989, maxbytes:2
20251110-03:35.33-149746(us) 19435 ! txn_stock_level (tpcc.cc:3398):     ERROR warehouse_id:1, cid:97989, maxbytes:2
20251110-03:35.33-150705(us) 19435 ! txn_stock_level (tpcc.cc:3398):     ERROR warehouse_id:1, cid:97989, maxbytes:2
20251110-03:35.33-150802(us) 19435 ! txn_stock_level (tpcc.cc:3398):     ERROR warehouse_id:1, cid:97989, maxbytes:2
20251110-03:35.33-150970(us) 19435 ! txn_stock_level (tpcc.cc:3398):     ERROR warehouse_id:1, cid:65253, maxbytes:2
20251110-03:35.33-150985(us) 19435 ! txn_stock_level (tpcc.cc:3398):     ERROR warehouse_id:1, cid:65253, maxbytes:2
20251110-03:35.33-152324(us) 19435 ! txn_stock_level (tpcc.cc:3398):     ERROR warehouse_id:1, cid:97989, maxbytes:2
20251110-03:35.33-152356(us) 19435 ! txn_stock_level (tpcc.cc:3398):     ERROR warehouse_id:1, cid:97989, maxbytes:2
20251110-03:35.33-152551(us) 19435 ! txn_stock_level (tpcc.cc:3398):     ERROR warehouse_id:1, cid:97989, maxbytes:2
20251110-03:35.33-152864(us) 19435 ! txn_stock_level (tpcc.cc:3398):     ERROR warehouse_id:1, cid:97989, maxbytes:2
20251110-03:35.33-152879(us) 19435 ! txn_stock_level (tpcc.cc:3398):     ERROR warehouse_id:1, cid:97989, maxbytes:2
20251110-03:35.33-152896(us) 19435 ! txn_stock_level (tpcc.cc:3398):     ERROR warehouse_id:1, cid:97989, maxbytes:2
20251110-03:35.33-152925(us) 19435 ! txn_stock_level (tpcc.cc:3398):     ERROR warehouse_id:1, cid:97989, maxbytes:2
20251110-03:35.33-153030(us) 19435 ! txn_stock_level (tpcc.cc:3398):     ERROR warehouse_id:1, cid:97989, maxbytes:2
20251110-03:35.33-153182(us) 19435 ! txn_stock_level (tpcc.cc:3398):     ERROR warehouse_id:1, cid:97989, maxbytes:2
20251110-03:35.33-154264(us) 19435 ! txn_stock_level (tpcc.cc:3398):     ERROR warehouse_id:1, cid:97989, maxbytes:2
20251110-03:35.33-154378(us) 19435 ! txn_stock_level (tpcc.cc:3398):     ERROR warehouse_id:1, cid:97989, maxbytes:2
20251110-03:35.33-155430(us) 19435 ! txn_stock_level (tpcc.cc:3398):     ERROR warehouse_id:1, cid:97989, maxbytes:2
20251110-03:35.33-155607(us) 19435 ! run             (bench.cc:473):     runtime time left:23000 ms, bool:1
20251110-03:35.33-242874(us) 19435 ! txn_stock_level (tpcc.cc:3398):     ERROR warehouse_id:2, cid:5959, maxbytes:2
20251110-03:35.33-242938(us) 19435 ! txn_stock_level (tpcc.cc:3398):     ERROR warehouse_id:2, cid:5959, maxbytes:2
20251110-03:35.33-242988(us) 19435 ! txn_stock_level (tpcc.cc:3398):     ERROR warehouse_id:2, cid:5959, maxbytes:2
20251110-03:35.33-243002(us) 19435 ! txn_stock_level (tpcc.cc:3398):     ERROR warehouse_id:2, cid:5959, maxbytes:2
20251110-03:35.33-243047(us) 19435 ! txn_stock_level (tpcc.cc:3398):     ERROR warehouse_id:2, cid:5959, maxbytes:2
20251110-03:35.33-244174(us) 19435 ! txn_stock_level (tpcc.cc:3398):     ERROR warehouse_id:2, cid:5959, maxbytes:2
20251110-03:35.33-533511(us) 19435 ! txn_stock_level (tpcc.cc:3398):     ERROR warehouse_id:1, cid:63203, maxbytes:2
20251110-03:35.33-533559(us) 19435 ! txn_stock_level (tpcc.cc:3398):     ERROR warehouse_id:1, cid:63203, maxbytes:2
20251110-03:35.33-534520(us) 19435 ! txn_stock_level (tpcc.cc:3398):     ERROR warehouse_id:1, cid:63203, maxbytes:2
20251110-03:35.33-534546(us) 19435 ! txn_stock_level (tpcc.cc:3398):     ERROR warehouse_id:1, cid:63203, maxbytes:2
20251110-03:35.33-534595(us) 19435 ! txn_stock_level (tpcc.cc:3398):     ERROR warehouse_id:1, cid:63203, maxbytes:2
20251110-03:35.33-534718(us) 19435 ! txn_stock_level (tpcc.cc:3398):     ERROR warehouse_id:1, cid:63203, maxbytes:2
20251110-03:35.33-534828(us) 19435 ! txn_stock_level (tpcc.cc:3398):     ERROR warehouse_id:1, cid:63203, maxbytes:2
20251110-03:35.33-535764(us) 19435 ! txn_stock_level (tpcc.cc:3398):     ERROR warehouse_id:1, cid:63203, maxbytes:2
20251110-03:35.33-535785(us) 19435 ! txn_stock_level (tpcc.cc:3398):     ERROR warehouse_id:1, cid:63203, maxbytes:2
20251110-03:35.33-535925(us) 19435 ! txn_stock_level (tpcc.cc:3398):     ERROR warehouse_id:1, cid:63203, maxbytes:2
20251110-03:35.33-558889(us) 19435 ! txn_stock_level (tpcc.cc:3398):     ERROR warehouse_id:1, cid:31975, maxbytes:2
20251110-03:35.33-559800(us) 19435 ! txn_stock_level (tpcc.cc:3398):     ERROR warehouse_id:1, cid:31975, maxbytes:2
20251110-03:35.33-559894(us) 19435 ! txn_stock_level (tpcc.cc:3398):     ERROR warehouse_id:1, cid:31975, maxbytes:2
20251110-03:35.33-559966(us) 19435 ! txn_stock_level (tpcc.cc:3398):     ERROR warehouse_id:1, cid:31975, maxbytes:2
20251110-03:35.33-560954(us) 19435 ! txn_stock_level (tpcc.cc:3398):     ERROR warehouse_id:1, cid:31975, maxbytes:2
20251110-03:35.33-562000(us) 19435 ! txn_stock_level (tpcc.cc:3398):     ERROR warehouse_id:1, cid:31975, maxbytes:2
20251110-03:35.33-562030(us) 19435 ! txn_stock_level (tpcc.cc:3398):     ERROR warehouse_id:1, cid:31975, maxbytes:2
20251110-03:35.33-562907(us) 19435 ! txn_stock_level (tpcc.cc:3398):     ERROR warehouse_id:1, cid:31975, maxbytes:2
20251110-03:35.33-562987(us) 19435 ! txn_stock_level (tpcc.cc:3398):     ERROR warehouse_id:1, cid:31975, maxbytes:2
20251110-03:35.33-563060(us) 19435 ! txn_stock_level (tpcc.cc:3398):     ERROR warehouse_id:1, cid:31975, maxbytes:2
20251110-03:35.33-563223(us) 19435 ! txn_stock_level (tpcc.cc:3398):     ERROR warehouse_id:1, cid:31975, maxbytes:2
20251110-03:35.33-563375(us) 19435 ! txn_stock_level (tpcc.cc:3398):     ERROR warehouse_id:1, cid:31975, maxbytes:2
20251110-03:35.33-563539(us) 19435 ! txn_stock_level (tpcc.cc:3398):     ERROR warehouse_id:1, cid:31975, maxbytes:2
20251110-03:35.33-563571(us) 19435 ! txn_stock_level (tpcc.cc:3398):     ERROR warehouse_id:1, cid:31975, maxbytes:2
20251110-03:35.33-563617(us) 19435 ! txn_stock_level (tpcc.cc:3398):     ERROR warehouse_id:1, cid:31975, maxbytes:2
20251110-03:35.33-563745(us) 19435 ! txn_stock_level (tpcc.cc:3398):     ERROR warehouse_id:1, cid:31975, maxbytes:2
20251110-03:35.33-565036(us) 19435 ! txn_stock_level (tpcc.cc:3398):     ERROR warehouse_id:1, cid:31975, maxbytes:2
20251110-03:35.33-565201(us) 19435 ! txn_stock_level (tpcc.cc:3398):     ERROR warehouse_id:1, cid:31975, maxbytes:2
20251110-03:35.33-566995(us) 19435 ! txn_stock_level (tpcc.cc:3398):     ERROR warehouse_id:1, cid:31975, maxbytes:2
20251110-03:35.33-567242(us) 19435 ! txn_stock_level (tpcc.cc:3398):     ERROR warehouse_id:1, cid:31975, maxbytes:2
20251110-03:35.33-567320(us) 19435 ! txn_stock_level (tpcc.cc:3398):     ERROR warehouse_id:1, cid:31975, maxbytes:2
20251110-03:35.33-567377(us) 19435 ! txn_stock_level (tpcc.cc:3398):     ERROR warehouse_id:1, cid:31975, maxbytes:2
20251110-03:35.33-567647(us) 19435 ! txn_stock_level (tpcc.cc:3398):     ERROR warehouse_id:1, cid:31975, maxbytes:2
20251110-03:35.33-567826(us) 19435 ! txn_stock_level (tpcc.cc:3398):     ERROR warehouse_id:1, cid:31975, maxbytes:2
20251110-03:35.33-568955(us) 19435 ! txn_stock_level (tpcc.cc:3398):     ERROR warehouse_id:1, cid:31975, maxbytes:2
20251110-03:35.33-570877(us) 19435 ! txn_stock_level (tpcc.cc:3398):     ERROR warehouse_id:1, cid:31975, maxbytes:2
20251110-03:35.33-612994(us) 19435 ! txn_stock_level (tpcc.cc:3398):     ERROR warehouse_id:1, cid:69159, maxbytes:2
20251110-03:35.33-613074(us) 19435 ! txn_stock_level (tpcc.cc:3398):     ERROR warehouse_id:1, cid:69159, maxbytes:2
20251110-03:35.33-613206(us) 19435 ! txn_stock_level (tpcc.cc:3398):     ERROR warehouse_id:1, cid:69159, maxbytes:2
20251110-03:35.33-613300(us) 19435 ! txn_stock_level (tpcc.cc:3398):     ERROR warehouse_id:1, cid:69159, maxbytes:2
20251110-03:35.33-614158(us) 19435 ! txn_stock_level (tpcc.cc:3398):     ERROR warehouse_id:1, cid:69159, maxbytes:2
20251110-03:35.33-614209(us) 19435 ! txn_stock_level (tpcc.cc:3398):     ERROR warehouse_id:1, cid:69159, maxbytes:2
20251110-03:35.33-614281(us) 19435 ! txn_stock_level (tpcc.cc:3398):     ERROR warehouse_id:1, cid:69159, maxbytes:2
20251110-03:35.33-615659(us) 19435 ! txn_stock_level (tpcc.cc:3398):     ERROR warehouse_id:1, cid:69159, maxbytes:2
20251110-03:35.33-615755(us) 19435 ! txn_stock_level (tpcc.cc:3398):     ERROR warehouse_id:1, cid:69159, maxbytes:2
20251110-03:35.33-615839(us) 19435 ! txn_stock_level (tpcc.cc:3398):     ERROR warehouse_id:1, cid:69159, maxbytes:2
20251110-03:35.33-615909(us) 19435 ! txn_stock_level (tpcc.cc:3398):     ERROR warehouse_id:1, cid:69159, maxbytes:2
20251110-03:35.33-615926(us) 19435 ! txn_stock_level (tpcc.cc:3398):     ERROR warehouse_id:1, cid:69159, maxbytes:2
20251110-03:35.33-615992(us) 19435 ! txn_stock_level (tpcc.cc:3398):     ERROR warehouse_id:1, cid:69159, maxbytes:2
20251110-03:35.33-616180(us) 19435 ! txn_stock_level (tpcc.cc:3398):     ERROR warehouse_id:1, cid:69159, maxbytes:2
20251110-03:35.33-616277(us) 19435 ! txn_stock_level (tpcc.cc:3398):     ERROR warehouse_id:1, cid:69159, maxbytes:2
20251110-03:35.33-616327(us) 19435 ! txn_stock_level (tpcc.cc:3398):     ERROR warehouse_id:1, cid:69159, maxbytes:2
20251110-03:35.33-616431(us) 19435 ! txn_stock_level (tpcc.cc:3398):     ERROR warehouse_id:1, cid:69159, maxbytes:2
20251110-03:35.33-617466(us) 19435 ! txn_stock_level (tpcc.cc:3398):     ERROR warehouse_id:1, cid:69159, maxbytes:2
20251110-03:35.33-617732(us) 19435 ! txn_stock_level (tpcc.cc:3398):     ERROR warehouse_id:1, cid:69159, maxbytes:2
20251110-03:35.33-617747(us) 19435 ! txn_stock_level (tpcc.cc:3398):     ERROR warehouse_id:1, cid:69159, maxbytes:2
20251110-03:35.33-657948(us) 19435 ! txn_stock_level (tpcc.cc:3398):     ERROR warehouse_id:2, cid:40679, maxbytes:2
20251110-03:35.33-658068(us) 19435 ! txn_stock_level (tpcc.cc:3398):     ERROR warehouse_id:2, cid:40679, maxbytes:2
20251110-03:35.33-658081(us) 19435 ! txn_stock_level (tpcc.cc:3398):     ERROR warehouse_id:2, cid:40679, maxbytes:2
20251110-03:35.33-658344(us) 19435 ! txn_stock_level (tpcc.cc:3398):     ERROR warehouse_id:2, cid:40679, maxbytes:2
20251110-03:35.33-714289(us) 19435 ! txn_stock_level (tpcc.cc:3398):     ERROR warehouse_id:1, cid:64999, maxbytes:2
20251110-03:35.33-715243(us) 19435 ! txn_stock_level (tpcc.cc:3398):     ERROR warehouse_id:1, cid:64999, maxbytes:2
20251110-03:35.33-716141(us) 19435 ! txn_stock_level (tpcc.cc:3398):     ERROR warehouse_id:1, cid:64999, maxbytes:2
20251110-03:35.33-716304(us) 19435 ! txn_stock_level (tpcc.cc:3398):     ERROR warehouse_id:1, cid:64999, maxbytes:2
20251110-03:35.33-717547(us) 19435 ! txn_stock_level (tpcc.cc:3398):     ERROR warehouse_id:1, cid:73447, maxbytes:2
20251110-03:35.33-719547(us) 19435 ! txn_stock_level (tpcc.cc:3398):     ERROR warehouse_id:1, cid:73447, maxbytes:2
20251110-03:35.33-719692(us) 19435 ! txn_stock_level (tpcc.cc:3398):     ERROR warehouse_id:1, cid:73447, maxbytes:2
20251110-03:35.33-720245(us) 19435 ! txn_stock_level (tpcc.cc:3398):     ERROR warehouse_id:1, cid:73447, maxbytes:2
20251110-03:35.33-952624(us) 19435 ! txn_stock_level (tpcc.cc:3398):     ERROR warehouse_id:2, cid:65255, maxbytes:2
20251110-03:35.33-954805(us) 19435 ! txn_stock_level (tpcc.cc:3398):     ERROR warehouse_id:2, cid:65255, maxbytes:2
20251110-03:35.33-955710(us) 19435 ! txn_stock_level (tpcc.cc:3398):     ERROR warehouse_id:2, cid:65255, maxbytes:2
20251110-03:35.33-956829(us) 19435 ! txn_stock_level (tpcc.cc:3398):     ERROR warehouse_id:2, cid:65255, maxbytes:2
20251110-03:35.33-956961(us) 19435 ! txn_stock_level (tpcc.cc:3398):     ERROR warehouse_id:2, cid:65255, maxbytes:2
20251110-03:35.34-58083(us) 19435 ! txn_stock_level (tpcc.cc:3398):     ERROR warehouse_id:1, cid:40679, maxbytes:2
20251110-03:35.34-58170(us) 19435 ! txn_stock_level (tpcc.cc:3398):     ERROR warehouse_id:1, cid:40679, maxbytes:2
20251110-03:35.34-161302(us) 19435 ! run             (bench.cc:473):     runtime time left:22000 ms, bool:1
20251110-03:35.34-194672(us) 19435 ! txn_stock_level (tpcc.cc:3398):     ERROR warehouse_id:1, cid:48805, maxbytes:2
20251110-03:35.34-194730(us) 19435 ! txn_stock_level (tpcc.cc:3398):     ERROR warehouse_id:1, cid:48805, maxbytes:2
20251110-03:35.34-196769(us) 19435 ! txn_stock_level (tpcc.cc:3398):     ERROR warehouse_id:1, cid:48805, maxbytes:2
20251110-03:35.34-196907(us) 19435 ! txn_stock_level (tpcc.cc:3398):     ERROR warehouse_id:1, cid:48805, maxbytes:2
20251110-03:35.34-197296(us) 19435 ! txn_stock_level (tpcc.cc:3398):     ERROR warehouse_id:1, cid:48805, maxbytes:2
20251110-03:35.34-197339(us) 19435 ! txn_stock_level (tpcc.cc:3398):     ERROR warehouse_id:1, cid:48805, maxbytes:2
20251110-03:35.34-199952(us) 19435 ! txn_stock_level (tpcc.cc:3398):     ERROR warehouse_id:1, cid:48805, maxbytes:2
20251110-03:35.34-199994(us) 19435 ! txn_stock_level (tpcc.cc:3398):     ERROR warehouse_id:1, cid:48805, maxbytes:2
20251110-03:35.34-200114(us) 19435 ! txn_stock_level (tpcc.cc:3398):     ERROR warehouse_id:1, cid:48805, maxbytes:2
20251110-03:35.34-201513(us) 19435 ! txn_stock_level (tpcc.cc:3398):     ERROR warehouse_id:1, cid:48805, maxbytes:2
20251110-03:35.34-201820(us) 19435 ! txn_stock_level (tpcc.cc:3398):     ERROR warehouse_id:1, cid:48805, maxbytes:2
20251110-03:35.34-202786(us) 19435 ! txn_stock_level (tpcc.cc:3398):     ERROR warehouse_id:1, cid:48805, maxbytes:2
20251110-03:35.34-202883(us) 19435 ! txn_stock_level (tpcc.cc:3398):     ERROR warehouse_id:1, cid:48805, maxbytes:2
20251110-03:35.34-205203(us) 19435 ! txn_stock_level (tpcc.cc:3398):     ERROR warehouse_id:1, cid:48805, maxbytes:2
20251110-03:35.34-205327(us) 19435 ! txn_stock_level (tpcc.cc:3398):     ERROR warehouse_id:1, cid:48805, maxbytes:2
20251110-03:35.34-205453(us) 19435 ! txn_stock_level (tpcc.cc:3398):     ERROR warehouse_id:1, cid:48805, maxbytes:2
20251110-03:35.34-205475(us) 19435 ! txn_stock_level (tpcc.cc:3398):     ERROR warehouse_id:1, cid:48805, maxbytes:2
20251110-03:35.34-206481(us) 19435 ! txn_stock_level (tpcc.cc:3398):     ERROR warehouse_id:1, cid:48805, maxbytes:2
20251110-03:35.34-206775(us) 19435 ! txn_stock_level (tpcc.cc:3398):     ERROR warehouse_id:1, cid:48805, maxbytes:2
20251110-03:35.34-207918(us) 19435 ! txn_stock_level (tpcc.cc:3398):     ERROR warehouse_id:1, cid:48805, maxbytes:2
20251110-03:35.34-209034(us) 19435 ! txn_stock_level (tpcc.cc:3398):     ERROR warehouse_id:1, cid:81636, maxbytes:2
20251110-03:35.34-209173(us) 19435 ! txn_stock_level (tpcc.cc:3398):     ERROR warehouse_id:1, cid:81636, maxbytes:2
20251110-03:35.34-212879(us) 19435 ! txn_stock_level (tpcc.cc:3398):     ERROR warehouse_id:1, cid:81636, maxbytes:2
20251110-03:35.34-440621(us) 19435 ! txn_stock_level (tpcc.cc:3398):     ERROR warehouse_id:1, cid:32487, maxbytes:2
20251110-03:35.34-440681(us) 19435 ! txn_stock_level (tpcc.cc:3398):     ERROR warehouse_id:1, cid:32487, maxbytes:2
20251110-03:35.34-440768(us) 19435 ! txn_stock_level (tpcc.cc:3398):     ERROR warehouse_id:1, cid:32487, maxbytes:2
20251110-03:35.34-440965(us) 19435 ! txn_stock_level (tpcc.cc:3398):     ERROR warehouse_id:1, cid:32487, maxbytes:2
20251110-03:35.34-440980(us) 19435 ! txn_stock_level (tpcc.cc:3398):     ERROR warehouse_id:1, cid:32487, maxbytes:2
20251110-03:35.34-441008(us) 19435 ! txn_stock_level (tpcc.cc:3398):     ERROR warehouse_id:1, cid:32487, maxbytes:2
20251110-03:35.34-441047(us) 19435 ! txn_stock_level (tpcc.cc:3398):     ERROR warehouse_id:1, cid:32487, maxbytes:2
20251110-03:35.34-441095(us) 19435 ! txn_stock_level (tpcc.cc:3398):     ERROR warehouse_id:1, cid:32487, maxbytes:2
20251110-03:35.34-559043(us) 19435 ! txn_stock_level (tpcc.cc:3398):     ERROR warehouse_id:2, cid:23143, maxbytes:2
20251110-03:35.34-559091(us) 19435 ! txn_stock_level (tpcc.cc:3398):     ERROR warehouse_id:2, cid:23143, maxbytes:2
20251110-03:35.34-560348(us) 19435 ! txn_stock_level (tpcc.cc:3398):     ERROR warehouse_id:2, cid:23143, maxbytes:2
20251110-03:35.34-561413(us) 19435 ! txn_stock_level (tpcc.cc:3398):     ERROR warehouse_id:2, cid:23143, maxbytes:2
20251110-03:35.34-561594(us) 19435 ! txn_stock_level (tpcc.cc:3398):     ERROR warehouse_id:2, cid:23143, maxbytes:2
20251110-03:35.34-562503(us) 19435 ! txn_stock_level (tpcc.cc:3398):     ERROR warehouse_id:2, cid:23143, maxbytes:2
20251110-03:35.34-562654(us) 19435 ! txn_stock_level (tpcc.cc:3398):     ERROR warehouse_id:2, cid:23143, maxbytes:2
20251110-03:35.34-562904(us) 19435 ! txn_stock_level (tpcc.cc:3398):     ERROR warehouse_id:2, cid:23143, maxbytes:2
20251110-03:35.34-562930(us) 19435 ! txn_stock_level (tpcc.cc:3398):     ERROR warehouse_id:2, cid:23143, maxbytes:2
20251110-03:35.34-564749(us) 19435 ! txn_stock_level (tpcc.cc:3398):     ERROR warehouse_id:2, cid:23143, maxbytes:2
20251110-03:35.34-565892(us) 19435 ! txn_stock_level (tpcc.cc:3398):     ERROR warehouse_id:2, cid:23143, maxbytes:2
20251110-03:35.34-565927(us) 19435 ! txn_stock_level (tpcc.cc:3398):     ERROR warehouse_id:1, cid:40615, maxbytes:2
20251110-03:35.34-565962(us) 19435 ! txn_stock_level (tpcc.cc:3398):     ERROR warehouse_id:2, cid:23143, maxbytes:2
20251110-03:35.34-566004(us) 19435 ! txn_stock_level (tpcc.cc:3398):     ERROR warehouse_id:1, cid:40615, maxbytes:2
20251110-03:35.34-566174(us) 19435 ! txn_stock_level (tpcc.cc:3398):     ERROR warehouse_id:1, cid:40615, maxbytes:2
20251110-03:35.34-566185(us) 19435 ! txn_stock_level (tpcc.cc:3398):     ERROR warehouse_id:1, cid:40615, maxbytes:2
20251110-03:35.34-566264(us) 19435 ! txn_stock_level (tpcc.cc:3398):     ERROR warehouse_id:1, cid:40615, maxbytes:2
20251110-03:35.34-566286(us) 19435 ! txn_stock_level (tpcc.cc:3398):     ERROR warehouse_id:1, cid:40615, maxbytes:2
20251110-03:35.34-566411(us) 19435 ! txn_stock_level (tpcc.cc:3398):     ERROR warehouse_id:1, cid:40615, maxbytes:2
20251110-03:35.34-566449(us) 19435 ! txn_stock_level (tpcc.cc:3398):     ERROR warehouse_id:1, cid:40615, maxbytes:2
20251110-03:35.34-566455(us) 19435 ! txn_stock_level (tpcc.cc:3398):     ERROR warehouse_id:1, cid:40615, maxbytes:2
20251110-03:35.34-566477(us) 19435 ! txn_stock_level (tpcc.cc:3398):     ERROR warehouse_id:1, cid:40615, maxbytes:2
20251110-03:35.34-566821(us) 19435 ! txn_stock_level (tpcc.cc:3398):     ERROR warehouse_id:1, cid:40615, maxbytes:2
20251110-03:35.34-566852(us) 19435 ! txn_stock_level (tpcc.cc:3398):     ERROR warehouse_id:1, cid:40615, maxbytes:2
20251110-03:35.34-567763(us) 19435 ! txn_stock_level (tpcc.cc:3398):     ERROR warehouse_id:2, cid:23143, maxbytes:2
20251110-03:35.34-567789(us) 19435 ! txn_stock_level (tpcc.cc:3398):     ERROR warehouse_id:1, cid:40615, maxbytes:2
20251110-03:35.34-567965(us) 19435 ! txn_stock_level (tpcc.cc:3398):     ERROR warehouse_id:2, cid:23143, maxbytes:2
20251110-03:35.34-568913(us) 19435 ! txn_stock_level (tpcc.cc:3398):     ERROR warehouse_id:1, cid:40615, maxbytes:2
20251110-03:35.34-569004(us) 19435 ! txn_stock_level (tpcc.cc:3398):     ERROR warehouse_id:1, cid:40615, maxbytes:2
20251110-03:35.34-569128(us) 19435 ! txn_stock_level (tpcc.cc:3398):     ERROR warehouse_id:1, cid:40615, maxbytes:2
20251110-03:35.34-569186(us) 19435 ! txn_stock_level (tpcc.cc:3398):     ERROR warehouse_id:1, cid:40615, maxbytes:2
20251110-03:35.34-574138(us) 19435 ! txn_stock_level (tpcc.cc:3398):     ERROR warehouse_id:1, cid:73447, maxbytes:2
20251110-03:35.34-574852(us) 19435 ! txn_stock_level (tpcc.cc:3398):     ERROR warehouse_id:1, cid:73447, maxbytes:2
20251110-03:35.34-609382(us) 19435 ! txn_stock_level (tpcc.cc:3398):     ERROR warehouse_id:2, cid:64231, maxbytes:2
20251110-03:35.34-609538(us) 19435 ! txn_stock_level (tpcc.cc:3398):     ERROR warehouse_id:2, cid:64231, maxbytes:2
20251110-03:35.34-613546(us) 19435 ! txn_stock_level (tpcc.cc:3398):     ERROR warehouse_id:2, cid:64231, maxbytes:2
20251110-03:35.34-613602(us) 19435 ! txn_stock_level (tpcc.cc:3398):     ERROR warehouse_id:2, cid:64231, maxbytes:2
20251110-03:35.34-615520(us) 19435 ! txn_stock_level (tpcc.cc:3398):     ERROR warehouse_id:2, cid:64231, maxbytes:2
20251110-03:35.34-615613(us) 19435 ! txn_stock_level (tpcc.cc:3398):     ERROR warehouse_id:2, cid:64231, maxbytes:2
20251110-03:35.34-617930(us) 19435 ! txn_stock_level (tpcc.cc:3398):     ERROR warehouse_id:2, cid:64231, maxbytes:2
20251110-03:35.34-618269(us) 19435 ! txn_stock_level (tpcc.cc:3398):     ERROR warehouse_id:2, cid:64231, maxbytes:2
20251110-03:35.34-618379(us) 19435 ! txn_stock_level (tpcc.cc:3398):     ERROR warehouse_id:2, cid:64231, maxbytes:2
20251110-03:35.34-618430(us) 19435 ! txn_stock_level (tpcc.cc:3398):     ERROR warehouse_id:2, cid:64231, maxbytes:2
20251110-03:35.34-618443(us) 19435 ! txn_stock_level (tpcc.cc:3398):     ERROR warehouse_id:2, cid:64231, maxbytes:2
20251110-03:35.34-619264(us) 19435 ! txn_stock_level (tpcc.cc:3398):     ERROR warehouse_id:2, cid:64231, maxbytes:2
20251110-03:35.34-715925(us) 19435 ! txn_stock_level (tpcc.cc:3398):     ERROR warehouse_id:1, cid:47847, maxbytes:2
20251110-03:35.34-716060(us) 19435 ! txn_stock_level (tpcc.cc:3398):     ERROR warehouse_id:1, cid:47847, maxbytes:2
20251110-03:35.34-716144(us) 19435 ! txn_stock_level (tpcc.cc:3398):     ERROR warehouse_id:1, cid:47847, maxbytes:2
20251110-03:35.34-717404(us) 19435 ! txn_stock_level (tpcc.cc:3398):     ERROR warehouse_id:1, cid:20052, maxbytes:2
20251110-03:35.34-717428(us) 19435 ! txn_stock_level (tpcc.cc:3398):     ERROR warehouse_id:1, cid:20052, maxbytes:2
20251110-03:35.34-717460(us) 19435 ! txn_stock_level (tpcc.cc:3398):     ERROR warehouse_id:1, cid:47847, maxbytes:2
20251110-03:35.34-717500(us) 19435 ! txn_stock_level (tpcc.cc:3398):     ERROR warehouse_id:1, cid:47847, maxbytes:2
20251110-03:35.34-717529(us) 19435 ! txn_stock_level (tpcc.cc:3398):     ERROR warehouse_id:1, cid:20052, maxbytes:2
20251110-03:35.34-717574(us) 19435 ! txn_stock_level (tpcc.cc:3398):     ERROR warehouse_id:1, cid:47847, maxbytes:2
20251110-03:35.34-717664(us) 19435 ! txn_stock_level (tpcc.cc:3398):     ERROR warehouse_id:1, cid:47847, maxbytes:2
20251110-03:35.34-717682(us) 19435 ! txn_stock_level (tpcc.cc:3398):     ERROR warehouse_id:1, cid:20052, maxbytes:2
20251110-03:35.34-717779(us) 19435 ! txn_stock_level (tpcc.cc:3398):     ERROR warehouse_id:1, cid:47847, maxbytes:2
20251110-03:35.34-717826(us) 19435 ! txn_stock_level (tpcc.cc:3398):     ERROR warehouse_id:1, cid:20052, maxbytes:2
20251110-03:35.34-719788(us) 19435 ! txn_stock_level (tpcc.cc:3398):     ERROR warehouse_id:1, cid:20052, maxbytes:2
20251110-03:35.34-719820(us) 19435 ! txn_stock_level (tpcc.cc:3398):     ERROR warehouse_id:1, cid:20052, maxbytes:2
20251110-03:35.34-850866(us) 19435 ! txn_stock_level (tpcc.cc:3398):     ERROR warehouse_id:2, cid:48869, maxbytes:2
20251110-03:35.34-850929(us) 19435 ! txn_stock_level (tpcc.cc:3398):     ERROR warehouse_id:2, cid:48869, maxbytes:2
20251110-03:35.34-851965(us) 19435 ! txn_stock_level (tpcc.cc:3398):     ERROR warehouse_id:2, cid:48869, maxbytes:2
20251110-03:35.34-853074(us) 19435 ! txn_stock_level (tpcc.cc:3398):     ERROR warehouse_id:2, cid:48869, maxbytes:2
20251110-03:35.34-853268(us) 19435 ! txn_stock_level (tpcc.cc:3398):     ERROR warehouse_id:2, cid:48869, maxbytes:2
20251110-03:35.34-853309(us) 19435 ! txn_stock_level (tpcc.cc:3398):     ERROR warehouse_id:2, cid:48869, maxbytes:2
20251110-03:35.34-853330(us) 19435 ! txn_stock_level (tpcc.cc:3398):     ERROR warehouse_id:2, cid:48869, maxbytes:2
20251110-03:35.34-853393(us) 19435 ! txn_stock_level (tpcc.cc:3398):     ERROR warehouse_id:2, cid:48869, maxbytes:2
20251110-03:35.34-854350(us) 19435 ! txn_stock_level (tpcc.cc:3398):     ERROR warehouse_id:2, cid:48869, maxbytes:2
20251110-03:35.34-854465(us) 19435 ! txn_stock_level (tpcc.cc:3398):     ERROR warehouse_id:2, cid:48869, maxbytes:2
20251110-03:35.34-854535(us) 19435 ! txn_stock_level (tpcc.cc:3398):     ERROR warehouse_id:2, cid:48869, maxbytes:2
20251110-03:35.34-858170(us) 19435 ! txn_stock_level (tpcc.cc:3398):     ERROR warehouse_id:2, cid:48869, maxbytes:2
20251110-03:35.34-858244(us) 19435 ! txn_stock_level (tpcc.cc:3398):     ERROR warehouse_id:2, cid:48869, maxbytes:2
20251110-03:35.34-859432(us) 19435 ! txn_stock_level (tpcc.cc:3398):     ERROR warehouse_id:2, cid:48869, maxbytes:2
20251110-03:35.34-859919(us) 19435 ! txn_stock_level (tpcc.cc:3398):     ERROR warehouse_id:2, cid:48869, maxbytes:2
20251110-03:35.34-860007(us) 19435 ! txn_stock_level (tpcc.cc:3398):     ERROR warehouse_id:2, cid:48869, maxbytes:2
20251110-03:35.34-860292(us) 19435 ! txn_stock_level (tpcc.cc:3398):     ERROR warehouse_id:2, cid:48869, maxbytes:2
20251110-03:35.34-861533(us) 19435 ! txn_stock_level (tpcc.cc:3398):     ERROR warehouse_id:2, cid:48869, maxbytes:2
20251110-03:35.34-861617(us) 19435 ! txn_stock_level (tpcc.cc:3398):     ERROR warehouse_id:2, cid:48869, maxbytes:2
20251110-03:35.34-862740(us) 19435 ! txn_stock_level (tpcc.cc:3398):     ERROR warehouse_id:2, cid:48869, maxbytes:2
20251110-03:35.34-863670(us) 19435 ! txn_stock_level (tpcc.cc:3398):     ERROR warehouse_id:2, cid:48869, maxbytes:2
20251110-03:35.34-863700(us) 19435 ! txn_stock_level (tpcc.cc:3398):     ERROR warehouse_id:2, cid:48869, maxbytes:2
20251110-03:35.34-865039(us) 19435 ! txn_stock_level (tpcc.cc:3398):     ERROR warehouse_id:2, cid:48869, maxbytes:2
20251110-03:35.34-865114(us) 19435 ! txn_stock_level (tpcc.cc:3398):     ERROR warehouse_id:2, cid:48869, maxbytes:2
20251110-03:35.34-865183(us) 19435 ! txn_stock_level (tpcc.cc:3398):     ERROR warehouse_id:2, cid:48869, maxbytes:2
20251110-03:35.34-865984(us) 19435 ! txn_stock_level (tpcc.cc:3398):     ERROR warehouse_id:2, cid:48869, maxbytes:2
20251110-03:35.34-866018(us) 19435 ! txn_stock_level (tpcc.cc:3398):     ERROR warehouse_id:2, cid:48869, maxbytes:2
20251110-03:35.34-866262(us) 19435 ! txn_stock_level (tpcc.cc:3398):     ERROR warehouse_id:2, cid:48869, maxbytes:2
20251110-03:35.34-867617(us) 19435 ! txn_stock_level (tpcc.cc:3398):     ERROR warehouse_id:2, cid:48869, maxbytes:2
20251110-03:35.34-867641(us) 19435 ! txn_stock_level (tpcc.cc:3398):     ERROR warehouse_id:2, cid:48869, maxbytes:2
20251110-03:35.34-867701(us) 19435 ! txn_stock_level (tpcc.cc:3398):     ERROR warehouse_id:2, cid:48869, maxbytes:2
20251110-03:35.34-870786(us) 19435 ! txn_stock_level (tpcc.cc:3398):     ERROR warehouse_id:2, cid:48869, maxbytes:2
20251110-03:35.34-870988(us) 19435 ! txn_stock_level (tpcc.cc:3398):     ERROR warehouse_id:2, cid:48869, maxbytes:2
20251110-03:35.34-871180(us) 19435 ! txn_stock_level (tpcc.cc:3398):     ERROR warehouse_id:2, cid:48869, maxbytes:2
20251110-03:35.34-871198(us) 19435 ! txn_stock_level (tpcc.cc:3398):     ERROR warehouse_id:2, cid:48869, maxbytes:2
20251110-03:35.34-873323(us) 19435 ! txn_stock_level (tpcc.cc:3398):     ERROR warehouse_id:2, cid:48869, maxbytes:2
20251110-03:35.34-873410(us) 19435 ! txn_stock_level (tpcc.cc:3398):     ERROR warehouse_id:2, cid:48869, maxbytes:2
20251110-03:35.34-875303(us) 19435 ! txn_stock_level (tpcc.cc:3398):     ERROR warehouse_id:2, cid:48869, maxbytes:2
20251110-03:35.34-876943(us) 19435 ! txn_stock_level (tpcc.cc:3398):     ERROR warehouse_id:2, cid:48869, maxbytes:2
20251110-03:35.34-877023(us) 19435 ! txn_stock_level (tpcc.cc:3398):     ERROR warehouse_id:2, cid:48869, maxbytes:2
20251110-03:35.34-878092(us) 19435 ! txn_stock_level (tpcc.cc:3398):     ERROR warehouse_id:2, cid:48869, maxbytes:2
20251110-03:35.34-879737(us) 19435 ! txn_stock_level (tpcc.cc:3398):     ERROR warehouse_id:2, cid:48869, maxbytes:2
20251110-03:35.34-880632(us) 19435 ! txn_stock_level (tpcc.cc:3398):     ERROR warehouse_id:2, cid:48869, maxbytes:2
20251110-03:35.34-880662(us) 19435 ! txn_stock_level (tpcc.cc:3398):     ERROR warehouse_id:2, cid:48869, maxbytes:2
20251110-03:35.34-880686(us) 19435 ! txn_stock_level (tpcc.cc:3398):     ERROR warehouse_id:2, cid:48869, maxbytes:2
20251110-03:35.34-880974(us) 19435 ! txn_stock_level (tpcc.cc:3398):     ERROR warehouse_id:2, cid:48869, maxbytes:2
20251110-03:35.34-881053(us) 19435 ! txn_stock_level (tpcc.cc:3398):     ERROR warehouse_id:2, cid:48869, maxbytes:2
20251110-03:35.34-881129(us) 19435 ! txn_stock_level (tpcc.cc:3398):     ERROR warehouse_id:2, cid:48869, maxbytes:2
20251110-03:35.34-883024(us) 19435 ! txn_stock_level (tpcc.cc:3398):     ERROR warehouse_id:2, cid:48869, maxbytes:2
20251110-03:35.34-883081(us) 19435 ! txn_stock_level (tpcc.cc:3398):     ERROR warehouse_id:2, cid:48869, maxbytes:2
20251110-03:35.34-883102(us) 19435 ! txn_stock_level (tpcc.cc:3398):     ERROR warehouse_id:2, cid:48869, maxbytes:2
20251110-03:35.34-883446(us) 19435 ! txn_stock_level (tpcc.cc:3398):     ERROR warehouse_id:2, cid:48869, maxbytes:2
20251110-03:35.34-883607(us) 19435 ! txn_stock_level (tpcc.cc:3398):     ERROR warehouse_id:2, cid:48869, maxbytes:2
20251110-03:35.34-883637(us) 19435 ! txn_stock_level (tpcc.cc:3398):     ERROR warehouse_id:2, cid:48869, maxbytes:2
20251110-03:35.34-883648(us) 19435 ! txn_stock_level (tpcc.cc:3398):     ERROR warehouse_id:2, cid:48869, maxbytes:2
20251110-03:35.34-883682(us) 19435 ! txn_stock_level (tpcc.cc:3398):     ERROR warehouse_id:2, cid:48869, maxbytes:2
20251110-03:35.34-883742(us) 19435 ! txn_stock_level (tpcc.cc:3398):     ERROR warehouse_id:2, cid:48869, maxbytes:2
20251110-03:35.34-883955(us) 19435 ! txn_stock_level (tpcc.cc:3398):     ERROR warehouse_id:2, cid:48869, maxbytes:2
20251110-03:35.34-884818(us) 19435 ! txn_stock_level (tpcc.cc:3398):     ERROR warehouse_id:2, cid:48869, maxbytes:2
20251110-03:35.34-884857(us) 19435 ! txn_stock_level (tpcc.cc:3398):     ERROR warehouse_id:2, cid:48869, maxbytes:2
20251110-03:35.34-902654(us) 19435 ! txn_stock_level (tpcc.cc:3398):     ERROR warehouse_id:2, cid:6087, maxbytes:2
20251110-03:35.34-902735(us) 19435 ! txn_stock_level (tpcc.cc:3398):     ERROR warehouse_id:2, cid:6087, maxbytes:2
20251110-03:35.34-902798(us) 19435 ! txn_stock_level (tpcc.cc:3398):     ERROR warehouse_id:2, cid:6087, maxbytes:2
20251110-03:35.34-902857(us) 19435 ! txn_stock_level (tpcc.cc:3398):     ERROR warehouse_id:2, cid:6087, maxbytes:2
20251110-03:35.34-902865(us) 19435 ! txn_stock_level (tpcc.cc:3398):     ERROR warehouse_id:2, cid:6087, maxbytes:2
20251110-03:35.34-902883(us) 19435 ! txn_stock_level (tpcc.cc:3398):     ERROR warehouse_id:2, cid:6087, maxbytes:2
20251110-03:35.34-902919(us) 19435 ! txn_stock_level (tpcc.cc:3398):     ERROR warehouse_id:2, cid:6087, maxbytes:2
20251110-03:35.34-903151(us) 19435 ! txn_stock_level (tpcc.cc:3398):     ERROR warehouse_id:2, cid:6087, maxbytes:2
20251110-03:35.34-903265(us) 19435 ! txn_stock_level (tpcc.cc:3398):     ERROR warehouse_id:2, cid:6087, maxbytes:2
20251110-03:35.34-903405(us) 19435 ! txn_stock_level (tpcc.cc:3398):     ERROR warehouse_id:2, cid:6087, maxbytes:2
20251110-03:35.34-903516(us) 19435 ! txn_stock_level (tpcc.cc:3398):     ERROR warehouse_id:2, cid:6087, maxbytes:2
20251110-03:35.34-903800(us) 19435 ! txn_stock_level (tpcc.cc:3398):     ERROR warehouse_id:2, cid:6087, maxbytes:2
20251110-03:35.34-903822(us) 19435 ! txn_stock_level (tpcc.cc:3398):     ERROR warehouse_id:2, cid:6087, maxbytes:2
20251110-03:35.34-903906(us) 19435 ! txn_stock_level (tpcc.cc:3398):     ERROR warehouse_id:2, cid:6087, maxbytes:2
20251110-03:35.34-903928(us) 19435 ! txn_stock_level (tpcc.cc:3398):     ERROR warehouse_id:2, cid:6087, maxbytes:2
20251110-03:35.34-903939(us) 19435 ! txn_stock_level (tpcc.cc:3398):     ERROR warehouse_id:2, cid:6087, maxbytes:2
20251110-03:35.34-957638(us) 19435 ! txn_stock_level (tpcc.cc:3398):     ERROR warehouse_id:2, cid:59063, maxbytes:2
20251110-03:35.34-959753(us) 19435 ! txn_stock_level (tpcc.cc:3398):     ERROR warehouse_id:2, cid:59063, maxbytes:2
20251110-03:35.34-960439(us) 19435 ! txn_stock_level (tpcc.cc:3398):     ERROR warehouse_id:2, cid:59063, maxbytes:2
20251110-03:35.34-960488(us) 19435 ! txn_stock_level (tpcc.cc:3398):     ERROR warehouse_id:2, cid:59063, maxbytes:2
20251110-03:35.34-960567(us) 19435 ! txn_stock_level (tpcc.cc:3398):     ERROR warehouse_id:2, cid:59063, maxbytes:2
20251110-03:35.34-961719(us) 19435 ! txn_stock_level (tpcc.cc:3398):     ERROR warehouse_id:2, cid:59063, maxbytes:2
20251110-03:35.34-962616(us) 19435 ! txn_stock_level (tpcc.cc:3398):     ERROR warehouse_id:2, cid:59063, maxbytes:2
20251110-03:35.34-962713(us) 19435 ! txn_stock_level (tpcc.cc:3398):     ERROR warehouse_id:2, cid:59063, maxbytes:2
20251110-03:35.34-962737(us) 19435 ! txn_stock_level (tpcc.cc:3398):     ERROR warehouse_id:2, cid:59063, maxbytes:2
20251110-03:35.34-962853(us) 19435 ! txn_stock_level (tpcc.cc:3398):     ERROR warehouse_id:2, cid:59063, maxbytes:2
20251110-03:35.34-962873(us) 19435 ! txn_stock_level (tpcc.cc:3398):     ERROR warehouse_id:2, cid:59063, maxbytes:2
20251110-03:35.34-965945(us) 19435 ! txn_stock_level (tpcc.cc:3398):     ERROR warehouse_id:2, cid:59063, maxbytes:2
20251110-03:35.34-965977(us) 19435 ! txn_stock_level (tpcc.cc:3398):     ERROR warehouse_id:2, cid:59063, maxbytes:2
20251110-03:35.34-966176(us) 19435 ! txn_stock_level (tpcc.cc:3398):     ERROR warehouse_id:2, cid:59063, maxbytes:2
20251110-03:35.34-967128(us) 19435 ! txn_stock_level (tpcc.cc:3398):     ERROR warehouse_id:2, cid:59063, maxbytes:2
20251110-03:35.34-968127(us) 19435 ! txn_stock_level (tpcc.cc:3398):     ERROR warehouse_id:2, cid:59063, maxbytes:2
20251110-03:35.34-968174(us) 19435 ! txn_stock_level (tpcc.cc:3398):     ERROR warehouse_id:2, cid:59063, maxbytes:2
20251110-03:35.34-968223(us) 19435 ! txn_stock_level (tpcc.cc:3398):     ERROR warehouse_id:2, cid:59063, maxbytes:2
20251110-03:35.34-969132(us) 19435 ! txn_stock_level (tpcc.cc:3398):     ERROR warehouse_id:2, cid:59063, maxbytes:2
20251110-03:35.34-970121(us) 19435 ! txn_stock_level (tpcc.cc:3398):     ERROR warehouse_id:2, cid:59063, maxbytes:2
20251110-03:35.34-970416(us) 19435 ! txn_stock_level (tpcc.cc:3398):     ERROR warehouse_id:2, cid:59063, maxbytes:2
20251110-03:35.34-970635(us) 19435 ! txn_stock_level (tpcc.cc:3398):     ERROR warehouse_id:2, cid:59063, maxbytes:2
20251110-03:35.34-970862(us) 19435 ! txn_stock_level (tpcc.cc:3398):     ERROR warehouse_id:2, cid:59063, maxbytes:2
20251110-03:35.34-970942(us) 19435 ! txn_stock_level (tpcc.cc:3398):     ERROR warehouse_id:2, cid:59063, maxbytes:2
20251110-03:35.34-971933(us) 19435 ! txn_stock_level (tpcc.cc:3398):     ERROR warehouse_id:2, cid:59063, maxbytes:2
20251110-03:35.34-972021(us) 19435 ! txn_stock_level (tpcc.cc:3398):     ERROR warehouse_id:2, cid:59063, maxbytes:2
20251110-03:35.34-972085(us) 19435 ! txn_stock_level (tpcc.cc:3398):     ERROR warehouse_id:2, cid:59063, maxbytes:2
20251110-03:35.34-972366(us) 19435 ! txn_stock_level (tpcc.cc:3398):     ERROR warehouse_id:2, cid:59063, maxbytes:2
20251110-03:35.34-973152(us) 19435 ! txn_stock_level (tpcc.cc:3398):     ERROR warehouse_id:2, cid:59063, maxbytes:2
20251110-03:35.34-973970(us) 19435 ! txn_stock_level (tpcc.cc:3398):     ERROR warehouse_id:1, cid:56807, maxbytes:2
20251110-03:35.34-974036(us) 19435 ! txn_stock_level (tpcc.cc:3398):     ERROR warehouse_id:1, cid:56807, maxbytes:2
20251110-03:35.34-974050(us) 19435 ! txn_stock_level (tpcc.cc:3398):     ERROR warehouse_id:1, cid:56807, maxbytes:2
20251110-03:35.34-974144(us) 19435 ! txn_stock_level (tpcc.cc:3398):     ERROR warehouse_id:2, cid:59063, maxbytes:2
20251110-03:35.34-975258(us) 19435 ! txn_stock_level (tpcc.cc:3398):     ERROR warehouse_id:2, cid:59063, maxbytes:2
20251110-03:35.34-975283(us) 19435 ! txn_stock_level (tpcc.cc:3398):     ERROR warehouse_id:1, cid:56807, maxbytes:2
20251110-03:35.34-975332(us) 19435 ! txn_stock_level (tpcc.cc:3398):     ERROR warehouse_id:1, cid:56807, maxbytes:2
20251110-03:35.34-975385(us) 19435 ! txn_stock_level (tpcc.cc:3398):     ERROR warehouse_id:1, cid:56807, maxbytes:2
20251110-03:35.34-975729(us) 19435 ! txn_stock_level (tpcc.cc:3398):     ERROR warehouse_id:1, cid:56807, maxbytes:2
20251110-03:35.34-975747(us) 19435 ! txn_stock_level (tpcc.cc:3398):     ERROR warehouse_id:1, cid:56807, maxbytes:2
20251110-03:35.34-975767(us) 19435 ! txn_stock_level (tpcc.cc:3398):     ERROR warehouse_id:1, cid:56807, maxbytes:2
20251110-03:35.34-975790(us) 19435 ! txn_stock_level (tpcc.cc:3398):     ERROR warehouse_id:1, cid:56807, maxbytes:2
20251110-03:35.34-976877(us) 19435 ! txn_stock_level (tpcc.cc:3398):     ERROR warehouse_id:1, cid:56807, maxbytes:2
20251110-03:35.34-976947(us) 19435 ! txn_stock_level (tpcc.cc:3398):     ERROR warehouse_id:1, cid:56807, maxbytes:2
20251110-03:35.34-976976(us) 19435 ! txn_stock_level (tpcc.cc:3398):     ERROR warehouse_id:1, cid:56807, maxbytes:2
20251110-03:35.34-977296(us) 19435 ! txn_stock_level (tpcc.cc:3398):     ERROR warehouse_id:2, cid:59063, maxbytes:2
20251110-03:35.34-977388(us) 19435 ! txn_stock_level (tpcc.cc:3398):     ERROR warehouse_id:1, cid:56807, maxbytes:2
20251110-03:35.34-979997(us) 19435 ! txn_stock_level (tpcc.cc:3398):     ERROR warehouse_id:1, cid:56807, maxbytes:2
20251110-03:35.34-986249(us) 19435 ! txn_stock_level (tpcc.cc:3398):     ERROR warehouse_id:2, cid:68967, maxbytes:2
20251110-03:35.34-986506(us) 19435 ! txn_stock_level (tpcc.cc:3398):     ERROR warehouse_id:2, cid:68967, maxbytes:2
20251110-03:35.34-986558(us) 19435 ! txn_stock_level (tpcc.cc:3398):     ERROR warehouse_id:2, cid:68967, maxbytes:2
20251110-03:35.34-986682(us) 19435 ! txn_stock_level (tpcc.cc:3398):     ERROR warehouse_id:2, cid:68967, maxbytes:2
20251110-03:35.34-986721(us) 19435 ! txn_stock_level (tpcc.cc:3398):     ERROR warehouse_id:2, cid:68967, maxbytes:2
20251110-03:35.34-986796(us) 19435 ! txn_stock_level (tpcc.cc:3398):     ERROR warehouse_id:2, cid:68967, maxbytes:2
20251110-03:35.34-986865(us) 19435 ! txn_stock_level (tpcc.cc:3398):     ERROR warehouse_id:2, cid:68967, maxbytes:2
20251110-03:35.34-988620(us) 19435 ! txn_stock_level (tpcc.cc:3398):     ERROR warehouse_id:2, cid:68967, maxbytes:2
20251110-03:35.34-988658(us) 19435 ! txn_stock_level (tpcc.cc:3398):     ERROR warehouse_id:2, cid:68967, maxbytes:2
20251110-03:35.34-988795(us) 19435 ! txn_stock_level (tpcc.cc:3398):     ERROR warehouse_id:2, cid:68967, maxbytes:2
20251110-03:35.34-988807(us) 19435 ! txn_stock_level (tpcc.cc:3398):     ERROR warehouse_id:2, cid:68967, maxbytes:2
20251110-03:35.35-28932(us) 19435 ! txn_stock_level (tpcc.cc:3398):     ERROR warehouse_id:1, cid:56871, maxbytes:2
20251110-03:35.35-28986(us) 19435 ! txn_stock_level (tpcc.cc:3398):     ERROR warehouse_id:1, cid:56871, maxbytes:2
20251110-03:35.35-29341(us) 19435 ! txn_stock_level (tpcc.cc:3398):     ERROR warehouse_id:1, cid:56871, maxbytes:2
20251110-03:35.35-29484(us) 19435 ! txn_stock_level (tpcc.cc:3398):     ERROR warehouse_id:1, cid:56871, maxbytes:2
20251110-03:35.35-29555(us) 19435 ! txn_stock_level (tpcc.cc:3398):     ERROR warehouse_id:1, cid:56871, maxbytes:2
20251110-03:35.35-31873(us) 19435 ! txn_stock_level (tpcc.cc:3398):     ERROR warehouse_id:1, cid:56871, maxbytes:2
20251110-03:35.35-32723(us) 19435 ! txn_stock_level (tpcc.cc:3398):     ERROR warehouse_id:1, cid:56871, maxbytes:2
20251110-03:35.35-33637(us) 19435 ! txn_stock_level (tpcc.cc:3398):     ERROR warehouse_id:1, cid:56871, maxbytes:2
20251110-03:35.35-35683(us) 19435 ! txn_stock_level (tpcc.cc:3398):     ERROR warehouse_id:1, cid:56871, maxbytes:2
20251110-03:35.35-36854(us) 19435 ! txn_stock_level (tpcc.cc:3398):     ERROR warehouse_id:1, cid:56871, maxbytes:2
20251110-03:35.35-37973(us) 19435 ! txn_stock_level (tpcc.cc:3398):     ERROR warehouse_id:1, cid:56871, maxbytes:2
20251110-03:35.35-39187(us) 19435 ! txn_stock_level (tpcc.cc:3398):     ERROR warehouse_id:1, cid:56871, maxbytes:2
20251110-03:35.35-40221(us) 19435 ! txn_stock_level (tpcc.cc:3398):     ERROR warehouse_id:1, cid:56871, maxbytes:2
20251110-03:35.35-41332(us) 19435 ! txn_stock_level (tpcc.cc:3398):     ERROR warehouse_id:1, cid:56871, maxbytes:2
20251110-03:35.35-41394(us) 19435 ! txn_stock_level (tpcc.cc:3398):     ERROR warehouse_id:1, cid:56871, maxbytes:2
20251110-03:35.35-41597(us) 19435 ! txn_stock_level (tpcc.cc:3398):     ERROR warehouse_id:1, cid:56871, maxbytes:2
20251110-03:35.35-41734(us) 19435 ! txn_stock_level (tpcc.cc:3398):     ERROR warehouse_id:1, cid:56871, maxbytes:2
20251110-03:35.35-41988(us) 19435 ! txn_stock_level (tpcc.cc:3398):     ERROR warehouse_id:1, cid:56871, maxbytes:2
20251110-03:35.35-42205(us) 19435 ! txn_stock_level (tpcc.cc:3398):     ERROR warehouse_id:1, cid:56871, maxbytes:2
20251110-03:35.35-42274(us) 19435 ! txn_stock_level (tpcc.cc:3398):     ERROR warehouse_id:1, cid:56871, maxbytes:2
20251110-03:35.35-42339(us) 19435 ! txn_stock_level (tpcc.cc:3398):     ERROR warehouse_id:1, cid:56871, maxbytes:2
20251110-03:35.35-42355(us) 19435 ! txn_stock_level (tpcc.cc:3398):     ERROR warehouse_id:1, cid:56871, maxbytes:2
20251110-03:35.35-42456(us) 19435 ! txn_stock_level (tpcc.cc:3398):     ERROR warehouse_id:1, cid:56871, maxbytes:2
20251110-03:35.35-42469(us) 19435 ! txn_stock_level (tpcc.cc:3398):     ERROR warehouse_id:1, cid:56871, maxbytes:2
20251110-03:35.35-42498(us) 19435 ! txn_stock_level (tpcc.cc:3398):     ERROR warehouse_id:1, cid:56871, maxbytes:2
20251110-03:35.35-43370(us) 19435 ! txn_stock_level (tpcc.cc:3398):     ERROR warehouse_id:1, cid:56871, maxbytes:2
20251110-03:35.35-43512(us) 19435 ! txn_stock_level (tpcc.cc:3398):     ERROR warehouse_id:1, cid:56871, maxbytes:2
20251110-03:35.35-44403(us) 19435 ! txn_stock_level (tpcc.cc:3398):     ERROR warehouse_id:1, cid:56871, maxbytes:2
20251110-03:35.35-44434(us) 19435 ! txn_stock_level (tpcc.cc:3398):     ERROR warehouse_id:1, cid:56871, maxbytes:2
20251110-03:35.35-45310(us) 19435 ! txn_stock_level (tpcc.cc:3398):     ERROR warehouse_id:1, cid:56871, maxbytes:2
20251110-03:35.35-45360(us) 19435 ! txn_stock_level (tpcc.cc:3398):     ERROR warehouse_id:1, cid:56871, maxbytes:2
20251110-03:35.35-45444(us) 19435 ! txn_stock_level (tpcc.cc:3398):     ERROR warehouse_id:1, cid:56871, maxbytes:2
20251110-03:35.35-45455(us) 19435 ! txn_stock_level (tpcc.cc:3398):     ERROR warehouse_id:1, cid:56871, maxbytes:2
20251110-03:35.35-45557(us) 19435 ! txn_stock_level (tpcc.cc:3398):     ERROR warehouse_id:1, cid:56871, maxbytes:2
20251110-03:35.35-45741(us) 19435 ! txn_stock_level (tpcc.cc:3398):     ERROR warehouse_id:1, cid:56871, maxbytes:2
20251110-03:35.35-45919(us) 19435 ! txn_stock_level (tpcc.cc:3398):     ERROR warehouse_id:1, cid:56871, maxbytes:2
20251110-03:35.35-48177(us) 19435 ! txn_stock_level (tpcc.cc:3398):     ERROR warehouse_id:1, cid:56871, maxbytes:2
20251110-03:35.35-48417(us) 19435 ! txn_stock_level (tpcc.cc:3398):     ERROR warehouse_id:1, cid:56871, maxbytes:2
20251110-03:35.35-48437(us) 19435 ! txn_stock_level (tpcc.cc:3398):     ERROR warehouse_id:1, cid:56871, maxbytes:2
20251110-03:35.35-50891(us) 19435 ! txn_stock_level (tpcc.cc:3398):     ERROR warehouse_id:1, cid:56871, maxbytes:2
20251110-03:35.35-51091(us) 19435 ! txn_stock_level (tpcc.cc:3398):     ERROR warehouse_id:1, cid:56871, maxbytes:2
20251110-03:35.35-51172(us) 19435 ! txn_stock_level (tpcc.cc:3398):     ERROR warehouse_id:1, cid:84965, maxbytes:2
20251110-03:35.35-51229(us) 19435 ! txn_stock_level (tpcc.cc:3398):     ERROR warehouse_id:1, cid:84965, maxbytes:2
20251110-03:35.35-53743(us) 19435 ! txn_stock_level (tpcc.cc:3398):     ERROR warehouse_id:1, cid:84965, maxbytes:2
20251110-03:35.35-82305(us) 19435 ! txn_stock_level (tpcc.cc:3398):     ERROR warehouse_id:2, cid:14055, maxbytes:2
20251110-03:35.35-82368(us) 19435 ! txn_stock_level (tpcc.cc:3398):     ERROR warehouse_id:2, cid:14055, maxbytes:2
20251110-03:35.35-166869(us) 19435 ! run             (bench.cc:473):     runtime time left:21000 ms, bool:1
20251110-03:35.35-257899(us) 19435 ! txn_stock_level (tpcc.cc:3398):     ERROR warehouse_id:2, cid:24283, maxbytes:2
20251110-03:35.35-258748(us) 19435 ! txn_stock_level (tpcc.cc:3398):     ERROR warehouse_id:2, cid:24283, maxbytes:2
20251110-03:35.35-258946(us) 19435 ! txn_stock_level (tpcc.cc:3398):     ERROR warehouse_id:2, cid:24283, maxbytes:2
20251110-03:35.35-260017(us) 19435 ! txn_stock_level (tpcc.cc:3398):     ERROR warehouse_id:2, cid:24283, maxbytes:2
20251110-03:35.35-261017(us) 19435 ! txn_stock_level (tpcc.cc:3398):     ERROR warehouse_id:2, cid:24283, maxbytes:2
20251110-03:35.35-261131(us) 19435 ! txn_stock_level (tpcc.cc:3398):     ERROR warehouse_id:2, cid:24283, maxbytes:2
20251110-03:35.35-261171(us) 19435 ! txn_stock_level (tpcc.cc:3398):     ERROR warehouse_id:2, cid:24283, maxbytes:2
20251110-03:35.35-261369(us) 19435 ! txn_stock_level (tpcc.cc:3398):     ERROR warehouse_id:2, cid:24283, maxbytes:2
20251110-03:35.35-262537(us) 19435 ! txn_stock_level (tpcc.cc:3398):     ERROR warehouse_id:2, cid:24283, maxbytes:2
20251110-03:35.35-262791(us) 19435 ! txn_stock_level (tpcc.cc:3398):     ERROR warehouse_id:2, cid:24283, maxbytes:2
20251110-03:35.35-264357(us) 19435 ! txn_stock_level (tpcc.cc:3398):     ERROR warehouse_id:2, cid:24283, maxbytes:2
20251110-03:35.35-299260(us) 19435 ! txn_stock_level (tpcc.cc:3398):     ERROR warehouse_id:1, cid:5671, maxbytes:2
20251110-03:35.35-299425(us) 19435 ! txn_stock_level (tpcc.cc:3398):     ERROR warehouse_id:1, cid:5671, maxbytes:2
20251110-03:35.35-299488(us) 19435 ! txn_stock_level (tpcc.cc:3398):     ERROR warehouse_id:1, cid:5671, maxbytes:2
20251110-03:35.35-300563(us) 19435 ! txn_stock_level (tpcc.cc:3398):     ERROR warehouse_id:1, cid:5671, maxbytes:2
20251110-03:35.35-300608(us) 19435 ! txn_stock_level (tpcc.cc:3398):     ERROR warehouse_id:1, cid:5671, maxbytes:2
20251110-03:35.35-300679(us) 19435 ! txn_stock_level (tpcc.cc:3398):     ERROR warehouse_id:1, cid:5671, maxbytes:2
20251110-03:35.35-561005(us) 19435 ! txn_stock_level (tpcc.cc:3398):     ERROR warehouse_id:1, cid:85735, maxbytes:2
20251110-03:35.35-561094(us) 19435 ! txn_stock_level (tpcc.cc:3398):     ERROR warehouse_id:1, cid:85735, maxbytes:2
20251110-03:35.35-561216(us) 19435 ! txn_stock_level (tpcc.cc:3398):     ERROR warehouse_id:1, cid:85735, maxbytes:2
20251110-03:35.35-561377(us) 19435 ! txn_stock_level (tpcc.cc:3398):     ERROR warehouse_id:1, cid:85735, maxbytes:2
20251110-03:35.35-561403(us) 19435 ! txn_stock_level (tpcc.cc:3398):     ERROR warehouse_id:1, cid:85735, maxbytes:2
20251110-03:35.35-561464(us) 19435 ! txn_stock_level (tpcc.cc:3398):     ERROR warehouse_id:1, cid:85735, maxbytes:2
20251110-03:35.35-561646(us) 19435 ! txn_stock_level (tpcc.cc:3398):     ERROR warehouse_id:1, cid:85735, maxbytes:2
20251110-03:35.35-561662(us) 19435 ! txn_stock_level (tpcc.cc:3398):     ERROR warehouse_id:1, cid:85735, maxbytes:2
20251110-03:35.35-561675(us) 19435 ! txn_stock_level (tpcc.cc:3398):     ERROR warehouse_id:1, cid:85735, maxbytes:2
20251110-03:35.35-562622(us) 19435 ! txn_stock_level (tpcc.cc:3398):     ERROR warehouse_id:1, cid:85735, maxbytes:2
20251110-03:35.35-564865(us) 19435 ! txn_stock_level (tpcc.cc:3398):     ERROR warehouse_id:1, cid:85735, maxbytes:2
20251110-03:35.35-668300(us) 19435 ! txn_stock_level (tpcc.cc:3398):     ERROR warehouse_id:1, cid:81349, maxbytes:2
20251110-03:35.35-668418(us) 19435 ! txn_stock_level (tpcc.cc:3398):     ERROR warehouse_id:1, cid:81349, maxbytes:2
20251110-03:35.35-669464(us) 19435 ! txn_stock_level (tpcc.cc:3398):     ERROR warehouse_id:1, cid:81349, maxbytes:2
20251110-03:35.35-669505(us) 19435 ! txn_stock_level (tpcc.cc:3398):     ERROR warehouse_id:1, cid:81349, maxbytes:2
20251110-03:35.35-669550(us) 19435 ! txn_stock_level (tpcc.cc:3398):     ERROR warehouse_id:1, cid:81349, maxbytes:2
20251110-03:35.35-669795(us) 19435 ! txn_stock_level (tpcc.cc:3398):     ERROR warehouse_id:1, cid:81349, maxbytes:2
20251110-03:35.35-669813(us) 19435 ! txn_stock_level (tpcc.cc:3398):     ERROR warehouse_id:1, cid:81349, maxbytes:2
20251110-03:35.35-669860(us) 19435 ! txn_stock_level (tpcc.cc:3398):     ERROR warehouse_id:1, cid:81349, maxbytes:2
20251110-03:35.35-671035(us) 19435 ! txn_stock_level (tpcc.cc:3398):     ERROR warehouse_id:1, cid:81349, maxbytes:2
20251110-03:35.35-671068(us) 19435 ! txn_stock_level (tpcc.cc:3398):     ERROR warehouse_id:1, cid:81349, maxbytes:2
20251110-03:35.35-671111(us) 19435 ! txn_stock_level (tpcc.cc:3398):     ERROR warehouse_id:1, cid:81349, maxbytes:2
20251110-03:35.35-671209(us) 19435 ! txn_stock_level (tpcc.cc:3398):     ERROR warehouse_id:1, cid:81349, maxbytes:2
20251110-03:35.35-671991(us) 19435 ! txn_stock_level (tpcc.cc:3398):     ERROR warehouse_id:1, cid:81349, maxbytes:2
20251110-03:35.35-672118(us) 19435 ! txn_stock_level (tpcc.cc:3398):     ERROR warehouse_id:1, cid:81349, maxbytes:2
20251110-03:35.35-672138(us) 19435 ! txn_stock_level (tpcc.cc:3398):     ERROR warehouse_id:1, cid:81349, maxbytes:2
20251110-03:35.35-672148(us) 19435 ! txn_stock_level (tpcc.cc:3398):     ERROR warehouse_id:1, cid:81349, maxbytes:2
20251110-03:35.35-773102(us) 19435 ! txn_stock_level (tpcc.cc:3398):     ERROR warehouse_id:2, cid:89575, maxbytes:2
20251110-03:35.35-776036(us) 19435 ! txn_stock_level (tpcc.cc:3398):     ERROR warehouse_id:2, cid:89575, maxbytes:2
20251110-03:35.35-776097(us) 19435 ! txn_stock_level (tpcc.cc:3398):     ERROR warehouse_id:2, cid:89575, maxbytes:2
20251110-03:35.35-776203(us) 19435 ! txn_stock_level (tpcc.cc:3398):     ERROR warehouse_id:2, cid:89575, maxbytes:2
20251110-03:35.35-776275(us) 19435 ! txn_stock_level (tpcc.cc:3398):     ERROR warehouse_id:2, cid:89575, maxbytes:2
20251110-03:35.35-776284(us) 19435 ! txn_stock_level (tpcc.cc:3398):     ERROR warehouse_id:2, cid:89575, maxbytes:2
20251110-03:35.35-845907(us) 19435 ! txn_stock_level (tpcc.cc:3398):     ERROR warehouse_id:2, cid:48871, maxbytes:2
20251110-03:35.35-847154(us) 19435 ! txn_stock_level (tpcc.cc:3398):     ERROR warehouse_id:2, cid:48871, maxbytes:2
20251110-03:35.35-848011(us) 19435 ! txn_stock_level (tpcc.cc:3398):     ERROR warehouse_id:2, cid:48871, maxbytes:2
20251110-03:35.35-848114(us) 19435 ! txn_stock_level (tpcc.cc:3398):     ERROR warehouse_id:2, cid:48871, maxbytes:2
20251110-03:35.35-849057(us) 19435 ! txn_stock_level (tpcc.cc:3398):     ERROR warehouse_id:2, cid:48871, maxbytes:2
20251110-03:35.35-852295(us) 19435 ! txn_stock_level (tpcc.cc:3398):     ERROR warehouse_id:2, cid:48871, maxbytes:2
20251110-03:35.35-852497(us) 19435 ! txn_stock_level (tpcc.cc:3398):     ERROR warehouse_id:2, cid:48871, maxbytes:2
20251110-03:35.35-852659(us) 19435 ! txn_stock_level (tpcc.cc:3398):     ERROR warehouse_id:2, cid:48871, maxbytes:2
20251110-03:35.35-852720(us) 19435 ! txn_stock_level (tpcc.cc:3398):     ERROR warehouse_id:2, cid:48871, maxbytes:2
20251110-03:35.35-854993(us) 19435 ! txn_stock_level (tpcc.cc:3398):     ERROR warehouse_id:2, cid:48871, maxbytes:2
20251110-03:35.35-872723(us) 19435 ! txn_stock_level (tpcc.cc:3398):     ERROR warehouse_id:1, cid:32231, maxbytes:2
20251110-03:35.35-873861(us) 19435 ! txn_stock_level (tpcc.cc:3398):     ERROR warehouse_id:1, cid:32231, maxbytes:2
20251110-03:35.35-874823(us) 19435 ! txn_stock_level (tpcc.cc:3398):     ERROR warehouse_id:1, cid:32231, maxbytes:2
20251110-03:35.35-875782(us) 19435 ! txn_stock_level (tpcc.cc:3398):     ERROR warehouse_id:1, cid:32231, maxbytes:2
20251110-03:35.36-69656(us) 19435 ! txn_stock_level (tpcc.cc:3398):     ERROR warehouse_id:1, cid:72423, maxbytes:2
20251110-03:35.36-69737(us) 19435 ! txn_stock_level (tpcc.cc:3398):     ERROR warehouse_id:1, cid:72423, maxbytes:2
20251110-03:35.36-71285(us) 19435 ! txn_stock_level (tpcc.cc:3398):     ERROR warehouse_id:1, cid:6087, maxbytes:2
20251110-03:35.36-71368(us) 19435 ! txn_stock_level (tpcc.cc:3398):     ERROR warehouse_id:1, cid:6087, maxbytes:2
20251110-03:35.36-71418(us) 19435 ! txn_stock_level (tpcc.cc:3398):     ERROR warehouse_id:1, cid:6087, maxbytes:2
20251110-03:35.36-72575(us) 19435 ! txn_stock_level (tpcc.cc:3398):     ERROR warehouse_id:1, cid:6087, maxbytes:2
20251110-03:35.36-72922(us) 19435 ! txn_stock_level (tpcc.cc:3398):     ERROR warehouse_id:1, cid:29399, maxbytes:2
20251110-03:35.36-74009(us) 19435 ! txn_stock_level (tpcc.cc:3398):     ERROR warehouse_id:1, cid:29399, maxbytes:2
20251110-03:35.36-74112(us) 19435 ! txn_stock_level (tpcc.cc:3398):     ERROR warehouse_id:1, cid:29399, maxbytes:2
20251110-03:35.36-74260(us) 19435 ! txn_stock_level (tpcc.cc:3398):     ERROR warehouse_id:1, cid:29399, maxbytes:2
20251110-03:35.36-74272(us) 19435 ! txn_stock_level (tpcc.cc:3398):     ERROR warehouse_id:1, cid:29399, maxbytes:2
20251110-03:35.36-104789(us) 19435 ! txn_stock_level (tpcc.cc:3398):     ERROR warehouse_id:2, cid:28383, maxbytes:2
20251110-03:35.36-104835(us) 19435 ! txn_stock_level (tpcc.cc:3398):     ERROR warehouse_id:2, cid:28383, maxbytes:2
20251110-03:35.36-105895(us) 19435 ! txn_stock_level (tpcc.cc:3398):     ERROR warehouse_id:2, cid:28383, maxbytes:2
20251110-03:35.36-105990(us) 19435 ! txn_stock_level (tpcc.cc:3398):     ERROR warehouse_id:2, cid:28383, maxbytes:2
20251110-03:35.36-106061(us) 19435 ! txn_stock_level (tpcc.cc:3398):     ERROR warehouse_id:2, cid:28383, maxbytes:2
20251110-03:35.36-106069(us) 19435 ! txn_stock_level (tpcc.cc:3398):     ERROR warehouse_id:2, cid:28383, maxbytes:2
20251110-03:35.36-106122(us) 19435 ! txn_stock_level (tpcc.cc:3398):     ERROR warehouse_id:2, cid:28383, maxbytes:2
20251110-03:35.36-106131(us) 19435 ! txn_stock_level (tpcc.cc:3398):     ERROR warehouse_id:2, cid:28383, maxbytes:2
20251110-03:35.36-106225(us) 19435 ! txn_stock_level (tpcc.cc:3398):     ERROR warehouse_id:2, cid:28383, maxbytes:2
20251110-03:35.36-136927(us) 19435 ! txn_stock_level (tpcc.cc:3398):     ERROR warehouse_id:1, cid:31447, maxbytes:2
20251110-03:35.36-137311(us) 19435 ! txn_stock_level (tpcc.cc:3398):     ERROR warehouse_id:1, cid:57061, maxbytes:2
20251110-03:35.36-137362(us) 19435 ! txn_stock_level (tpcc.cc:3398):     ERROR warehouse_id:1, cid:57061, maxbytes:2
20251110-03:35.36-137417(us) 19435 ! txn_stock_level (tpcc.cc:3398):     ERROR warehouse_id:1, cid:57061, maxbytes:2
20251110-03:35.36-137490(us) 19435 ! txn_stock_level (tpcc.cc:3398):     ERROR warehouse_id:1, cid:57061, maxbytes:2
20251110-03:35.36-137641(us) 19435 ! txn_stock_level (tpcc.cc:3398):     ERROR warehouse_id:1, cid:57061, maxbytes:2
20251110-03:35.36-137729(us) 19435 ! txn_stock_level (tpcc.cc:3398):     ERROR warehouse_id:1, cid:57061, maxbytes:2
20251110-03:35.36-137763(us) 19435 ! txn_stock_level (tpcc.cc:3398):     ERROR warehouse_id:1, cid:57061, maxbytes:2
20251110-03:35.36-139613(us) 19435 ! txn_stock_level (tpcc.cc:3398):     ERROR warehouse_id:1, cid:57061, maxbytes:2
20251110-03:35.36-172528(us) 19435 ! run             (bench.cc:473):     runtime time left:20000 ms, bool:1
20251110-03:35.36-201665(us) 19435 ! txn_stock_level (tpcc.cc:3398):     ERROR warehouse_id:2, cid:72423, maxbytes:2
20251110-03:35.36-201779(us) 19435 ! txn_stock_level (tpcc.cc:3398):     ERROR warehouse_id:2, cid:72423, maxbytes:2
20251110-03:35.36-204535(us) 19435 ! txn_stock_level (tpcc.cc:3398):     ERROR warehouse_id:2, cid:72423, maxbytes:2
20251110-03:35.36-205629(us) 19435 ! txn_stock_level (tpcc.cc:3398):     ERROR warehouse_id:2, cid:72423, maxbytes:2
20251110-03:35.36-205873(us) 19435 ! txn_stock_level (tpcc.cc:3398):     ERROR warehouse_id:2, cid:72423, maxbytes:2
20251110-03:35.36-206063(us) 19435 ! txn_stock_level (tpcc.cc:3398):     ERROR warehouse_id:2, cid:72423, maxbytes:2
20251110-03:35.36-477501(us) 19435 ! txn_stock_level (tpcc.cc:3398):     ERROR warehouse_id:2, cid:72931, maxbytes:2
20251110-03:35.36-477707(us) 19435 ! txn_stock_level (tpcc.cc:3398):     ERROR warehouse_id:2, cid:72931, maxbytes:2
20251110-03:35.36-479744(us) 19435 ! txn_stock_level (tpcc.cc:3398):     ERROR warehouse_id:2, cid:72931, maxbytes:2
20251110-03:35.36-480614(us) 19435 ! txn_stock_level (tpcc.cc:3398):     ERROR warehouse_id:2, cid:72931, maxbytes:2
20251110-03:35.36-480953(us) 19435 ! txn_stock_level (tpcc.cc:3398):     ERROR warehouse_id:2, cid:72931, maxbytes:2
20251110-03:35.36-480972(us) 19435 ! txn_stock_level (tpcc.cc:3398):     ERROR warehouse_id:2, cid:72931, maxbytes:2
20251110-03:35.36-485932(us) 19435 ! txn_stock_level (tpcc.cc:3398):     ERROR warehouse_id:2, cid:72931, maxbytes:2
20251110-03:35.36-485959(us) 19435 ! txn_stock_level (tpcc.cc:3398):     ERROR warehouse_id:2, cid:72931, maxbytes:2
20251110-03:35.36-486972(us) 19435 ! txn_stock_level (tpcc.cc:3398):     ERROR warehouse_id:2, cid:72931, maxbytes:2
20251110-03:35.36-487067(us) 19435 ! txn_stock_level (tpcc.cc:3398):     ERROR warehouse_id:2, cid:72931, maxbytes:2
20251110-03:35.36-487124(us) 19435 ! txn_stock_level (tpcc.cc:3398):     ERROR warehouse_id:2, cid:72931, maxbytes:2
20251110-03:35.36-487137(us) 19435 ! txn_stock_level (tpcc.cc:3398):     ERROR warehouse_id:2, cid:72931, maxbytes:2
20251110-03:35.36-490469(us) 19435 ! txn_stock_level (tpcc.cc:3398):     ERROR warehouse_id:2, cid:72931, maxbytes:2
20251110-03:35.36-490609(us) 19435 ! txn_stock_level (tpcc.cc:3398):     ERROR warehouse_id:2, cid:72931, maxbytes:2
20251110-03:35.36-491502(us) 19435 ! txn_stock_level (tpcc.cc:3398):     ERROR warehouse_id:1, cid:15838, maxbytes:2
20251110-03:35.36-492634(us) 19435 ! txn_stock_level (tpcc.cc:3398):     ERROR warehouse_id:1, cid:15838, maxbytes:2
20251110-03:35.36-492680(us) 19435 ! txn_stock_level (tpcc.cc:3398):     ERROR warehouse_id:1, cid:15838, maxbytes:2
20251110-03:35.36-492811(us) 19435 ! txn_stock_level (tpcc.cc:3398):     ERROR warehouse_id:1, cid:15838, maxbytes:2
20251110-03:35.36-766855(us) 19435 ! txn_stock_level (tpcc.cc:3398):     ERROR warehouse_id:1, cid:56535, maxbytes:2
20251110-03:35.36-769808(us) 19435 ! txn_stock_level (tpcc.cc:3398):     ERROR warehouse_id:1, cid:56535, maxbytes:2
20251110-03:35.36-770079(us) 19435 ! txn_stock_level (tpcc.cc:3398):     ERROR warehouse_id:1, cid:56535, maxbytes:2
20251110-03:35.36-770199(us) 19435 ! txn_stock_level (tpcc.cc:3398):     ERROR warehouse_id:1, cid:56535, maxbytes:2
20251110-03:35.36-797499(us) 19435 ! txn_stock_level (tpcc.cc:3398):     ERROR warehouse_id:1, cid:81623, maxbytes:2
20251110-03:35.36-797531(us) 19435 ! txn_stock_level (tpcc.cc:3398):     ERROR warehouse_id:1, cid:81623, maxbytes:2
20251110-03:35.36-797603(us) 19435 ! txn_stock_level (tpcc.cc:3398):     ERROR warehouse_id:1, cid:81623, maxbytes:2
20251110-03:35.36-797690(us) 19435 ! txn_stock_level (tpcc.cc:3398):     ERROR warehouse_id:1, cid:81623, maxbytes:2
20251110-03:35.36-797711(us) 19435 ! txn_stock_level (tpcc.cc:3398):     ERROR warehouse_id:1, cid:81623, maxbytes:2
20251110-03:35.36-911171(us) 19435 ! txn_stock_level (tpcc.cc:3398):     ERROR warehouse_id:1, cid:57047, maxbytes:2
20251110-03:35.36-911211(us) 19435 ! txn_stock_level (tpcc.cc:3398):     ERROR warehouse_id:1, cid:57047, maxbytes:2
20251110-03:35.36-911304(us) 19435 ! txn_stock_level (tpcc.cc:3398):     ERROR warehouse_id:1, cid:57047, maxbytes:2
20251110-03:35.36-912215(us) 19435 ! txn_stock_level (tpcc.cc:3398):     ERROR warehouse_id:1, cid:57047, maxbytes:2
20251110-03:35.36-913166(us) 19435 ! txn_stock_level (tpcc.cc:3398):     ERROR warehouse_id:1, cid:57047, maxbytes:2
20251110-03:35.36-914334(us) 19435 ! txn_stock_level (tpcc.cc:3398):     ERROR warehouse_id:1, cid:57047, maxbytes:2
20251110-03:35.36-915462(us) 19435 ! txn_stock_level (tpcc.cc:3398):     ERROR warehouse_id:1, cid:57047, maxbytes:2
20251110-03:35.36-915521(us) 19435 ! txn_stock_level (tpcc.cc:3398):     ERROR warehouse_id:1, cid:57047, maxbytes:2
20251110-03:35.36-983603(us) 19435 ! txn_stock_level (tpcc.cc:3398):     ERROR warehouse_id:1, cid:32487, maxbytes:2
20251110-03:35.36-983720(us) 19435 ! txn_stock_level (tpcc.cc:3398):     ERROR warehouse_id:1, cid:32487, maxbytes:2
20251110-03:35.36-983892(us) 19435 ! txn_stock_level (tpcc.cc:3398):     ERROR warehouse_id:1, cid:32487, maxbytes:2
20251110-03:35.36-983920(us) 19435 ! txn_stock_level (tpcc.cc:3398):     ERROR warehouse_id:1, cid:32487, maxbytes:2
20251110-03:35.36-983979(us) 19435 ! txn_stock_level (tpcc.cc:3398):     ERROR warehouse_id:1, cid:32487, maxbytes:2
20251110-03:35.36-984034(us) 19435 ! txn_stock_level (tpcc.cc:3398):     ERROR warehouse_id:1, cid:32487, maxbytes:2
20251110-03:35.37-15925(us) 19435 ! txn_stock_level (tpcc.cc:3398):     ERROR warehouse_id:1, cid:77542, maxbytes:2
20251110-03:35.37-16001(us) 19435 ! txn_stock_level (tpcc.cc:3398):     ERROR warehouse_id:1, cid:77542, maxbytes:2
20251110-03:35.37-16019(us) 19435 ! txn_stock_level (tpcc.cc:3398):     ERROR warehouse_id:1, cid:77542, maxbytes:2
20251110-03:35.37-16054(us) 19435 ! txn_stock_level (tpcc.cc:3398):     ERROR warehouse_id:1, cid:77542, maxbytes:2
20251110-03:35.37-56904(us) 19435 ! txn_stock_level (tpcc.cc:3398):     ERROR warehouse_id:2, cid:15077, maxbytes:2
20251110-03:35.37-57138(us) 19435 ! txn_stock_level (tpcc.cc:3398):     ERROR warehouse_id:2, cid:15077, maxbytes:2
20251110-03:35.37-57875(us) 19435 ! txn_stock_level (tpcc.cc:3398):     ERROR warehouse_id:2, cid:15077, maxbytes:2
20251110-03:35.37-57933(us) 19435 ! txn_stock_level (tpcc.cc:3398):     ERROR warehouse_id:2, cid:15077, maxbytes:2
20251110-03:35.37-57986(us) 19435 ! txn_stock_level (tpcc.cc:3398):     ERROR warehouse_id:2, cid:15077, maxbytes:2
20251110-03:35.37-58132(us) 19435 ! txn_stock_level (tpcc.cc:3398):     ERROR warehouse_id:2, cid:15077, maxbytes:2
20251110-03:35.37-150913(us) 19435 ! txn_stock_level (tpcc.cc:3398):     ERROR warehouse_id:2, cid:96999, maxbytes:2
20251110-03:35.37-151323(us) 19435 ! txn_stock_level (tpcc.cc:3398):     ERROR warehouse_id:2, cid:96999, maxbytes:2
20251110-03:35.37-151372(us) 19435 ! txn_stock_level (tpcc.cc:3398):     ERROR warehouse_id:2, cid:96999, maxbytes:2
20251110-03:35.37-152513(us) 19435 ! txn_stock_level (tpcc.cc:3398):     ERROR warehouse_id:2, cid:96999, maxbytes:2
20251110-03:35.37-153915(us) 19435 ! txn_stock_level (tpcc.cc:3398):     ERROR warehouse_id:2, cid:96999, maxbytes:2
20251110-03:35.37-153954(us) 19435 ! txn_stock_level (tpcc.cc:3398):     ERROR warehouse_id:2, cid:96999, maxbytes:2
20251110-03:35.37-153998(us) 19435 ! txn_stock_level (tpcc.cc:3398):     ERROR warehouse_id:2, cid:96999, maxbytes:2
20251110-03:35.37-154846(us) 19435 ! txn_stock_level (tpcc.cc:3398):     ERROR warehouse_id:2, cid:96999, maxbytes:2
20251110-03:35.37-155012(us) 19435 ! txn_stock_level (tpcc.cc:3398):     ERROR warehouse_id:2, cid:96999, maxbytes:2
20251110-03:35.37-155171(us) 19435 ! txn_stock_level (tpcc.cc:3398):     ERROR warehouse_id:2, cid:96999, maxbytes:2
20251110-03:35.37-156344(us) 19435 ! txn_stock_level (tpcc.cc:3398):     ERROR warehouse_id:2, cid:96999, maxbytes:2
20251110-03:35.37-157552(us) 19435 ! txn_stock_level (tpcc.cc:3398):     ERROR warehouse_id:2, cid:96999, maxbytes:2
20251110-03:35.37-157719(us) 19435 ! txn_stock_level (tpcc.cc:3398):     ERROR warehouse_id:2, cid:96999, maxbytes:2
20251110-03:35.37-157798(us) 19435 ! txn_stock_level (tpcc.cc:3398):     ERROR warehouse_id:2, cid:96999, maxbytes:2
20251110-03:35.37-159092(us) 19435 ! txn_stock_level (tpcc.cc:3398):     ERROR warehouse_id:2, cid:96999, maxbytes:2
20251110-03:35.37-159156(us) 19435 ! txn_stock_level (tpcc.cc:3398):     ERROR warehouse_id:2, cid:96999, maxbytes:2
20251110-03:35.37-160151(us) 19435 ! txn_stock_level (tpcc.cc:3398):     ERROR warehouse_id:2, cid:96999, maxbytes:2
20251110-03:35.37-160182(us) 19435 ! txn_stock_level (tpcc.cc:3398):     ERROR warehouse_id:2, cid:96999, maxbytes:2
20251110-03:35.37-160317(us) 19435 ! txn_stock_level (tpcc.cc:3398):     ERROR warehouse_id:2, cid:96999, maxbytes:2
20251110-03:35.37-178144(us) 19435 ! run             (bench.cc:473):     runtime time left:19000 ms, bool:1
20251110-03:35.37-185967(us) 19435 ! txn_stock_level (tpcc.cc:3398):     ERROR warehouse_id:2, cid:13799, maxbytes:2
20251110-03:35.37-187135(us) 19435 ! txn_stock_level (tpcc.cc:3398):     ERROR warehouse_id:2, cid:13799, maxbytes:2
20251110-03:35.37-188219(us) 19435 ! txn_stock_level (tpcc.cc:3398):     ERROR warehouse_id:2, cid:13799, maxbytes:2
20251110-03:35.37-188322(us) 19435 ! txn_stock_level (tpcc.cc:3398):     ERROR warehouse_id:2, cid:13799, maxbytes:2
20251110-03:35.37-190354(us) 19435 ! txn_stock_level (tpcc.cc:3398):     ERROR warehouse_id:2, cid:13799, maxbytes:2
20251110-03:35.37-190595(us) 19435 ! txn_stock_level (tpcc.cc:3398):     ERROR warehouse_id:2, cid:13799, maxbytes:2
20251110-03:35.37-191675(us) 19435 ! txn_stock_level (tpcc.cc:3398):     ERROR warehouse_id:2, cid:13799, maxbytes:2
20251110-03:35.37-191898(us) 19435 ! txn_stock_level (tpcc.cc:3398):     ERROR warehouse_id:2, cid:13799, maxbytes:2
20251110-03:35.37-192156(us) 19435 ! txn_stock_level (tpcc.cc:3398):     ERROR warehouse_id:2, cid:13799, maxbytes:2
20251110-03:35.37-192246(us) 19435 ! txn_stock_level (tpcc.cc:3398):     ERROR warehouse_id:2, cid:13799, maxbytes:2
20251110-03:35.37-192330(us) 19435 ! txn_stock_level (tpcc.cc:3398):     ERROR warehouse_id:2, cid:13799, maxbytes:2
20251110-03:35.37-192370(us) 19435 ! txn_stock_level (tpcc.cc:3398):     ERROR warehouse_id:2, cid:13799, maxbytes:2
20251110-03:35.37-192447(us) 19435 ! txn_stock_level (tpcc.cc:3398):     ERROR warehouse_id:2, cid:13799, maxbytes:2
20251110-03:35.37-192695(us) 19435 ! txn_stock_level (tpcc.cc:3398):     ERROR warehouse_id:2, cid:13799, maxbytes:2
20251110-03:35.37-192773(us) 19435 ! txn_stock_level (tpcc.cc:3398):     ERROR warehouse_id:2, cid:13799, maxbytes:2
20251110-03:35.37-192820(us) 19435 ! txn_stock_level (tpcc.cc:3398):     ERROR warehouse_id:2, cid:13799, maxbytes:2
20251110-03:35.37-255318(us) 19435 ! txn_stock_level (tpcc.cc:3398):     ERROR warehouse_id:1, cid:81511, maxbytes:2
20251110-03:35.37-255400(us) 19435 ! txn_stock_level (tpcc.cc:3398):     ERROR warehouse_id:1, cid:81511, maxbytes:2
20251110-03:35.37-257166(us) 19435 ! txn_stock_level (tpcc.cc:3398):     ERROR warehouse_id:1, cid:81511, maxbytes:2
20251110-03:35.37-257185(us) 19435 ! txn_stock_level (tpcc.cc:3398):     ERROR warehouse_id:1, cid:81511, maxbytes:2
20251110-03:35.37-259281(us) 19435 ! txn_stock_level (tpcc.cc:3398):     ERROR warehouse_id:1, cid:81511, maxbytes:2
20251110-03:35.37-259309(us) 19435 ! txn_stock_level (tpcc.cc:3398):     ERROR warehouse_id:1, cid:81511, maxbytes:2
20251110-03:35.37-576741(us) 19435 ! txn_stock_level (tpcc.cc:3398):     ERROR warehouse_id:1, cid:97831, maxbytes:2
20251110-03:35.37-580351(us) 19435 ! txn_stock_level (tpcc.cc:3398):     ERROR warehouse_id:1, cid:97831, maxbytes:2
20251110-03:35.37-580423(us) 19435 ! txn_stock_level (tpcc.cc:3398):     ERROR warehouse_id:1, cid:97831, maxbytes:2
20251110-03:35.37-580613(us) 19435 ! txn_stock_level (tpcc.cc:3398):     ERROR warehouse_id:1, cid:97831, maxbytes:2
20251110-03:35.37-583948(us) 19435 ! txn_stock_level (tpcc.cc:3398):     ERROR warehouse_id:2, cid:89575, maxbytes:2
20251110-03:35.37-584366(us) 19435 ! txn_stock_level (tpcc.cc:3398):     ERROR warehouse_id:2, cid:89575, maxbytes:2
20251110-03:35.37-589066(us) 19435 ! txn_stock_level (tpcc.cc:3398):     ERROR warehouse_id:2, cid:89575, maxbytes:2
20251110-03:35.37-589199(us) 19435 ! txn_stock_level (tpcc.cc:3398):     ERROR warehouse_id:2, cid:89575, maxbytes:2
20251110-03:35.37-589298(us) 19435 ! txn_stock_level (tpcc.cc:3398):     ERROR warehouse_id:2, cid:89575, maxbytes:2
20251110-03:35.37-595890(us) 19435 ! txn_stock_level (tpcc.cc:3398):     ERROR warehouse_id:2, cid:89575, maxbytes:2
20251110-03:35.37-596876(us) 19435 ! txn_stock_level (tpcc.cc:3398):     ERROR warehouse_id:2, cid:89575, maxbytes:2
20251110-03:35.37-596896(us) 19435 ! txn_stock_level (tpcc.cc:3398):     ERROR warehouse_id:2, cid:89575, maxbytes:2
20251110-03:35.37-597147(us) 19435 ! txn_stock_level (tpcc.cc:3398):     ERROR warehouse_id:2, cid:89575, maxbytes:2
20251110-03:35.37-597935(us) 19435 ! txn_stock_level (tpcc.cc:3398):     ERROR warehouse_id:2, cid:89575, maxbytes:2
20251110-03:35.37-598011(us) 19435 ! txn_stock_level (tpcc.cc:3398):     ERROR warehouse_id:2, cid:89575, maxbytes:2
20251110-03:35.37-598510(us) 19435 ! txn_stock_level (tpcc.cc:3398):     ERROR warehouse_id:2, cid:89575, maxbytes:2
20251110-03:35.37-598623(us) 19435 ! txn_stock_level (tpcc.cc:3398):     ERROR warehouse_id:2, cid:89575, maxbytes:2
20251110-03:35.37-598742(us) 19435 ! txn_stock_level (tpcc.cc:3398):     ERROR warehouse_id:2, cid:89575, maxbytes:2
20251110-03:35.37-598770(us) 19435 ! txn_stock_level (tpcc.cc:3398):     ERROR warehouse_id:2, cid:89575, maxbytes:2
20251110-03:35.37-600037(us) 19435 ! txn_stock_level (tpcc.cc:3398):     ERROR warehouse_id:2, cid:89575, maxbytes:2
20251110-03:35.37-601298(us) 19435 ! txn_stock_level (tpcc.cc:3398):     ERROR warehouse_id:2, cid:89575, maxbytes:2
20251110-03:35.37-601390(us) 19435 ! txn_stock_level (tpcc.cc:3398):     ERROR warehouse_id:2, cid:89575, maxbytes:2
20251110-03:35.37-860384(us) 19435 ! txn_stock_level (tpcc.cc:3398):     ERROR warehouse_id:1, cid:14055, maxbytes:2
20251110-03:35.37-861548(us) 19435 ! txn_stock_level (tpcc.cc:3398):     ERROR warehouse_id:1, cid:14055, maxbytes:2
20251110-03:35.37-862806(us) 19435 ! txn_stock_level (tpcc.cc:3398):     ERROR warehouse_id:1, cid:14055, maxbytes:2
20251110-03:35.37-867386(us) 19435 ! txn_stock_level (tpcc.cc:3398):     ERROR warehouse_id:1, cid:14055, maxbytes:2
20251110-03:35.37-867433(us) 19435 ! txn_stock_level (tpcc.cc:3398):     ERROR warehouse_id:1, cid:14055, maxbytes:2
20251110-03:35.37-894284(us) 19435 ! txn_stock_level (tpcc.cc:3398):     ERROR warehouse_id:2, cid:40679, maxbytes:2
20251110-03:35.37-896461(us) 19435 ! txn_stock_level (tpcc.cc:3398):     ERROR warehouse_id:2, cid:40679, maxbytes:2
20251110-03:35.37-897686(us) 19435 ! txn_stock_level (tpcc.cc:3398):     ERROR warehouse_id:2, cid:40679, maxbytes:2
20251110-03:35.37-897765(us) 19435 ! txn_stock_level (tpcc.cc:3398):     ERROR warehouse_id:2, cid:40679, maxbytes:2
20251110-03:35.37-897880(us) 19435 ! txn_stock_level (tpcc.cc:3398):     ERROR warehouse_id:2, cid:40679, maxbytes:2
20251110-03:35.37-899139(us) 19435 ! txn_stock_level (tpcc.cc:3398):     ERROR warehouse_id:2, cid:40679, maxbytes:2
20251110-03:35.37-899185(us) 19435 ! txn_stock_level (tpcc.cc:3398):     ERROR warehouse_id:2, cid:40679, maxbytes:2
20251110-03:35.37-901448(us) 19435 ! txn_stock_level (tpcc.cc:3398):     ERROR warehouse_id:2, cid:40679, maxbytes:2
20251110-03:35.37-938862(us) 19435 ! txn_stock_level (tpcc.cc:3398):     ERROR warehouse_id:1, cid:36582, maxbytes:2
20251110-03:35.37-938892(us) 19435 ! txn_stock_level (tpcc.cc:3398):     ERROR warehouse_id:1, cid:36582, maxbytes:2
20251110-03:35.37-940286(us) 19435 ! txn_stock_level (tpcc.cc:3398):     ERROR warehouse_id:1, cid:36582, maxbytes:2
20251110-03:35.37-940363(us) 19435 ! txn_stock_level (tpcc.cc:3398):     ERROR warehouse_id:1, cid:36582, maxbytes:2
20251110-03:35.37-940511(us) 19435 ! txn_stock_level (tpcc.cc:3398):     ERROR warehouse_id:1, cid:36582, maxbytes:2
20251110-03:35.37-941918(us) 19435 ! txn_stock_level (tpcc.cc:3398):     ERROR warehouse_id:1, cid:36582, maxbytes:2
20251110-03:35.37-942054(us) 19435 ! txn_stock_level (tpcc.cc:3398):     ERROR warehouse_id:1, cid:36582, maxbytes:2
20251110-03:35.37-942108(us) 19435 ! txn_stock_level (tpcc.cc:3398):     ERROR warehouse_id:1, cid:36582, maxbytes:2
20251110-03:35.37-942310(us) 19435 ! txn_stock_level (tpcc.cc:3398):     ERROR warehouse_id:1, cid:36582, maxbytes:2
20251110-03:35.37-948899(us) 19435 ! txn_stock_level (tpcc.cc:3398):     ERROR warehouse_id:1, cid:89830, maxbytes:2
20251110-03:35.37-948932(us) 19435 ! txn_stock_level (tpcc.cc:3398):     ERROR warehouse_id:1, cid:89830, maxbytes:2
20251110-03:35.37-949082(us) 19435 ! txn_stock_level (tpcc.cc:3398):     ERROR warehouse_id:1, cid:89830, maxbytes:2
20251110-03:35.37-949109(us) 19435 ! txn_stock_level (tpcc.cc:3398):     ERROR warehouse_id:1, cid:89830, maxbytes:2
20251110-03:35.37-950235(us) 19435 ! txn_stock_level (tpcc.cc:3398):     ERROR warehouse_id:1, cid:89830, maxbytes:2
20251110-03:35.37-950282(us) 19435 ! txn_stock_level (tpcc.cc:3398):     ERROR warehouse_id:1, cid:89830, maxbytes:2
20251110-03:35.37-950327(us) 19435 ! txn_stock_level (tpcc.cc:3398):     ERROR warehouse_id:1, cid:89830, maxbytes:2
20251110-03:35.37-950340(us) 19435 ! txn_stock_level (tpcc.cc:3398):     ERROR warehouse_id:1, cid:89830, maxbytes:2
20251110-03:35.37-950440(us) 19435 ! txn_stock_level (tpcc.cc:3398):     ERROR warehouse_id:1, cid:89830, maxbytes:2
20251110-03:35.37-950499(us) 19435 ! txn_stock_level (tpcc.cc:3398):     ERROR warehouse_id:1, cid:89830, maxbytes:2
20251110-03:35.37-951357(us) 19435 ! txn_stock_level (tpcc.cc:3398):     ERROR warehouse_id:1, cid:89830, maxbytes:2
20251110-03:35.37-952293(us) 19435 ! txn_stock_level (tpcc.cc:3398):     ERROR warehouse_id:1, cid:89830, maxbytes:2
20251110-03:35.37-952427(us) 19435 ! txn_stock_level (tpcc.cc:3398):     ERROR warehouse_id:1, cid:89830, maxbytes:2
20251110-03:35.37-952448(us) 19435 ! txn_stock_level (tpcc.cc:3398):     ERROR warehouse_id:1, cid:89830, maxbytes:2
20251110-03:35.37-952467(us) 19435 ! txn_stock_level (tpcc.cc:3398):     ERROR warehouse_id:1, cid:89830, maxbytes:2
20251110-03:35.37-953776(us) 19435 ! txn_stock_level (tpcc.cc:3398):     ERROR warehouse_id:1, cid:89830, maxbytes:2
20251110-03:35.37-954864(us) 19435 ! txn_stock_level (tpcc.cc:3398):     ERROR warehouse_id:1, cid:89830, maxbytes:2
20251110-03:35.37-955882(us) 19435 ! txn_stock_level (tpcc.cc:3398):     ERROR warehouse_id:1, cid:89830, maxbytes:2
20251110-03:35.37-955997(us) 19435 ! txn_stock_level (tpcc.cc:3398):     ERROR warehouse_id:1, cid:89830, maxbytes:2
20251110-03:35.37-956035(us) 19435 ! txn_stock_level (tpcc.cc:3398):     ERROR warehouse_id:1, cid:89830, maxbytes:2
20251110-03:35.37-956069(us) 19435 ! txn_stock_level (tpcc.cc:3398):     ERROR warehouse_id:1, cid:89830, maxbytes:2
20251110-03:35.37-956782(us) 19435 ! txn_stock_level (tpcc.cc:3398):     ERROR warehouse_id:1, cid:89830, maxbytes:2
20251110-03:35.37-957080(us) 19435 ! txn_stock_level (tpcc.cc:3398):     ERROR warehouse_id:1, cid:89830, maxbytes:2
20251110-03:35.37-958233(us) 19435 ! txn_stock_level (tpcc.cc:3398):     ERROR warehouse_id:1, cid:89830, maxbytes:2
20251110-03:35.37-958262(us) 19435 ! txn_stock_level (tpcc.cc:3398):     ERROR warehouse_id:1, cid:89830, maxbytes:2
20251110-03:35.37-959937(us) 19435 ! txn_stock_level (tpcc.cc:3398):     ERROR warehouse_id:1, cid:89830, maxbytes:2
20251110-03:35.37-960002(us) 19435 ! txn_stock_level (tpcc.cc:3398):     ERROR warehouse_id:1, cid:89830, maxbytes:2
20251110-03:35.37-961427(us) 19435 ! txn_stock_level (tpcc.cc:3398):     ERROR warehouse_id:1, cid:89830, maxbytes:2
20251110-03:35.37-963548(us) 19435 ! txn_stock_level (tpcc.cc:3398):     ERROR warehouse_id:1, cid:89830, maxbytes:2
20251110-03:35.38-144978(us) 19435 ! txn_stock_level (tpcc.cc:3398):     ERROR warehouse_id:2, cid:16039, maxbytes:2
20251110-03:35.38-145220(us) 19435 ! txn_stock_level (tpcc.cc:3398):     ERROR warehouse_id:2, cid:16039, maxbytes:2
20251110-03:35.38-145303(us) 19435 ! txn_stock_level (tpcc.cc:3398):     ERROR warehouse_id:2, cid:16039, maxbytes:2
20251110-03:35.38-145464(us) 19435 ! txn_stock_level (tpcc.cc:3398):     ERROR warehouse_id:2, cid:16039, maxbytes:2
20251110-03:35.38-146459(us) 19435 ! txn_stock_level (tpcc.cc:3398):     ERROR warehouse_id:2, cid:16039, maxbytes:2
20251110-03:35.38-147624(us) 19435 ! txn_stock_level (tpcc.cc:3398):     ERROR warehouse_id:2, cid:16039, maxbytes:2
20251110-03:35.38-148917(us) 19435 ! txn_stock_level (tpcc.cc:3398):     ERROR warehouse_id:2, cid:16039, maxbytes:2
20251110-03:35.38-149088(us) 19435 ! txn_stock_level (tpcc.cc:3398):     ERROR warehouse_id:2, cid:16039, maxbytes:2
20251110-03:35.38-149171(us) 19435 ! txn_stock_level (tpcc.cc:3398):     ERROR warehouse_id:2, cid:16039, maxbytes:2
20251110-03:35.38-149184(us) 19435 ! txn_stock_level (tpcc.cc:3398):     ERROR warehouse_id:2, cid:16039, maxbytes:2
20251110-03:35.38-149400(us) 19435 ! txn_stock_level (tpcc.cc:3398):     ERROR warehouse_id:2, cid:16039, maxbytes:2
20251110-03:35.38-162132(us) 19435 ! txn_stock_level (tpcc.cc:3398):     ERROR warehouse_id:1, cid:73446, maxbytes:2
20251110-03:35.38-162246(us) 19435 ! txn_stock_level (tpcc.cc:3398):     ERROR warehouse_id:1, cid:73446, maxbytes:2
20251110-03:35.38-162630(us) 19435 ! txn_stock_level (tpcc.cc:3398):     ERROR warehouse_id:1, cid:73446, maxbytes:2
20251110-03:35.38-162690(us) 19435 ! txn_stock_level (tpcc.cc:3398):     ERROR warehouse_id:1, cid:73446, maxbytes:2
20251110-03:35.38-162699(us) 19435 ! txn_stock_level (tpcc.cc:3398):     ERROR warehouse_id:1, cid:73446, maxbytes:2
20251110-03:35.38-162773(us) 19435 ! txn_stock_level (tpcc.cc:3398):     ERROR warehouse_id:1, cid:73446, maxbytes:2
20251110-03:35.38-162809(us) 19435 ! txn_stock_level (tpcc.cc:3398):     ERROR warehouse_id:1, cid:73446, maxbytes:2
20251110-03:35.38-162817(us) 19435 ! txn_stock_level (tpcc.cc:3398):     ERROR warehouse_id:1, cid:73446, maxbytes:2
20251110-03:35.38-183718(us) 19435 ! run             (bench.cc:473):     runtime time left:18000 ms, bool:1
20251110-03:35.38-292661(us) 19435 ! txn_stock_level (tpcc.cc:3398):     ERROR warehouse_id:2, cid:5703, maxbytes:2
20251110-03:35.38-292813(us) 19435 ! txn_stock_level (tpcc.cc:3398):     ERROR warehouse_id:2, cid:5703, maxbytes:2
20251110-03:35.38-293755(us) 19435 ! txn_stock_level (tpcc.cc:3398):     ERROR warehouse_id:2, cid:5703, maxbytes:2
20251110-03:35.38-293943(us) 19435 ! txn_stock_level (tpcc.cc:3398):     ERROR warehouse_id:2, cid:5703, maxbytes:2
20251110-03:35.38-293995(us) 19435 ! txn_stock_level (tpcc.cc:3398):     ERROR warehouse_id:2, cid:5703, maxbytes:2
20251110-03:35.38-294118(us) 19435 ! txn_stock_level (tpcc.cc:3398):     ERROR warehouse_id:2, cid:5703, maxbytes:2
20251110-03:35.38-295104(us) 19435 ! txn_stock_level (tpcc.cc:3398):     ERROR warehouse_id:2, cid:5703, maxbytes:2
20251110-03:35.38-296302(us) 19435 ! txn_stock_level (tpcc.cc:3398):     ERROR warehouse_id:2, cid:5703, maxbytes:2
20251110-03:35.38-296352(us) 19435 ! txn_stock_level (tpcc.cc:3398):     ERROR warehouse_id:2, cid:5703, maxbytes:2
20251110-03:35.38-371629(us) 19435 ! txn_stock_level (tpcc.cc:3398):     ERROR warehouse_id:1, cid:81527, maxbytes:2
20251110-03:35.38-371723(us) 19435 ! txn_stock_level (tpcc.cc:3398):     ERROR warehouse_id:1, cid:81527, maxbytes:2
20251110-03:35.38-372686(us) 19435 ! txn_stock_level (tpcc.cc:3398):     ERROR warehouse_id:1, cid:81527, maxbytes:2
20251110-03:35.38-372805(us) 19435 ! txn_stock_level (tpcc.cc:3398):     ERROR warehouse_id:1, cid:81527, maxbytes:2
20251110-03:35.38-373806(us) 19435 ! txn_stock_level (tpcc.cc:3398):     ERROR warehouse_id:1, cid:81527, maxbytes:2
20251110-03:35.38-499457(us) 19435 ! txn_stock_level (tpcc.cc:3398):     ERROR warehouse_id:1, cid:76470, maxbytes:2
20251110-03:35.38-500659(us) 19435 ! txn_stock_level (tpcc.cc:3398):     ERROR warehouse_id:1, cid:76470, maxbytes:2
20251110-03:35.38-500681(us) 19435 ! txn_stock_level (tpcc.cc:3398):     ERROR warehouse_id:1, cid:76470, maxbytes:2
20251110-03:35.38-500817(us) 19435 ! txn_stock_level (tpcc.cc:3398):     ERROR warehouse_id:1, cid:76470, maxbytes:2
20251110-03:35.38-500877(us) 19435 ! txn_stock_level (tpcc.cc:3398):     ERROR warehouse_id:1, cid:76470, maxbytes:2
20251110-03:35.38-500998(us) 19435 ! txn_stock_level (tpcc.cc:3398):     ERROR warehouse_id:1, cid:76470, maxbytes:2
20251110-03:35.38-501025(us) 19435 ! txn_stock_level (tpcc.cc:3398):     ERROR warehouse_id:1, cid:76470, maxbytes:2
20251110-03:35.38-501182(us) 19435 ! txn_stock_level (tpcc.cc:3398):     ERROR warehouse_id:1, cid:76470, maxbytes:2
20251110-03:35.38-505298(us) 19435 ! txn_stock_level (tpcc.cc:3398):     ERROR warehouse_id:2, cid:31906, maxbytes:2
20251110-03:35.38-823814(us) 19435 ! txn_stock_level (tpcc.cc:3398):     ERROR warehouse_id:2, cid:81631, maxbytes:2
20251110-03:35.38-824031(us) 19435 ! txn_stock_level (tpcc.cc:3398):     ERROR warehouse_id:2, cid:81631, maxbytes:2
20251110-03:35.38-824958(us) 19435 ! txn_stock_level (tpcc.cc:3398):     ERROR warehouse_id:2, cid:81631, maxbytes:2
20251110-03:35.38-825105(us) 19435 ! txn_stock_level (tpcc.cc:3398):     ERROR warehouse_id:2, cid:81631, maxbytes:2
20251110-03:35.38-825150(us) 19435 ! txn_stock_level (tpcc.cc:3398):     ERROR warehouse_id:2, cid:81631, maxbytes:2
20251110-03:35.38-826416(us) 19435 ! txn_stock_level (tpcc.cc:3398):     ERROR warehouse_id:2, cid:81631, maxbytes:2
20251110-03:35.38-826504(us) 19435 ! txn_stock_level (tpcc.cc:3398):     ERROR warehouse_id:2, cid:81631, maxbytes:2
20251110-03:35.38-826559(us) 19435 ! txn_stock_level (tpcc.cc:3398):     ERROR warehouse_id:2, cid:81631, maxbytes:2
20251110-03:35.38-828877(us) 19435 ! txn_stock_level (tpcc.cc:3398):     ERROR warehouse_id:2, cid:81631, maxbytes:2
20251110-03:35.38-830899(us) 19435 ! txn_stock_level (tpcc.cc:3398):     ERROR warehouse_id:2, cid:81631, maxbytes:2
20251110-03:35.38-832068(us) 19435 ! txn_stock_level (tpcc.cc:3398):     ERROR warehouse_id:2, cid:81631, maxbytes:2
20251110-03:35.38-832112(us) 19435 ! txn_stock_level (tpcc.cc:3398):     ERROR warehouse_id:2, cid:81631, maxbytes:2
20251110-03:35.38-833649(us) 19435 ! txn_stock_level (tpcc.cc:3398):     ERROR warehouse_id:2, cid:81631, maxbytes:2
20251110-03:35.38-833707(us) 19435 ! txn_stock_level (tpcc.cc:3398):     ERROR warehouse_id:2, cid:81631, maxbytes:2
20251110-03:35.38-833727(us) 19435 ! txn_stock_level (tpcc.cc:3398):     ERROR warehouse_id:2, cid:81631, maxbytes:2
20251110-03:35.38-833859(us) 19435 ! txn_stock_level (tpcc.cc:3398):     ERROR warehouse_id:2, cid:81631, maxbytes:2
20251110-03:35.38-835034(us) 19435 ! txn_stock_level (tpcc.cc:3398):     ERROR warehouse_id:2, cid:57061, maxbytes:2
20251110-03:35.38-835078(us) 19435 ! txn_stock_level (tpcc.cc:3398):     ERROR warehouse_id:2, cid:57061, maxbytes:2
20251110-03:35.38-835089(us) 19435 ! txn_stock_level (tpcc.cc:3398):     ERROR warehouse_id:2, cid:81631, maxbytes:2
20251110-03:35.38-835335(us) 19435 ! txn_stock_level (tpcc.cc:3398):     ERROR warehouse_id:2, cid:57061, maxbytes:2
20251110-03:35.38-835602(us) 19435 ! txn_stock_level (tpcc.cc:3398):     ERROR warehouse_id:2, cid:57061, maxbytes:2
20251110-03:35.38-838871(us) 19435 ! txn_stock_level (tpcc.cc:3398):     ERROR warehouse_id:2, cid:57061, maxbytes:2
20251110-03:35.38-840303(us) 19435 ! txn_stock_level (tpcc.cc:3398):     ERROR warehouse_id:2, cid:93671, maxbytes:2
20251110-03:35.39-125762(us) 19435 ! txn_stock_level (tpcc.cc:3398):     ERROR warehouse_id:1, cid:48839, maxbytes:2
20251110-03:35.39-125817(us) 19435 ! txn_stock_level (tpcc.cc:3398):     ERROR warehouse_id:1, cid:48839, maxbytes:2
20251110-03:35.39-126094(us) 19435 ! txn_stock_level (tpcc.cc:3398):     ERROR warehouse_id:1, cid:48839, maxbytes:2
20251110-03:35.39-126139(us) 19435 ! txn_stock_level (tpcc.cc:3398):     ERROR warehouse_id:1, cid:48839, maxbytes:2
20251110-03:35.39-128256(us) 19435 ! txn_stock_level (tpcc.cc:3398):     ERROR warehouse_id:1, cid:48839, maxbytes:2
20251110-03:35.39-128449(us) 19435 ! txn_stock_level (tpcc.cc:3398):     ERROR warehouse_id:1, cid:48839, maxbytes:2
20251110-03:35.39-128471(us) 19435 ! txn_stock_level (tpcc.cc:3398):     ERROR warehouse_id:1, cid:48839, maxbytes:2
20251110-03:35.39-129413(us) 19435 ! txn_stock_level (tpcc.cc:3398):     ERROR warehouse_id:1, cid:48839, maxbytes:2
20251110-03:35.39-129504(us) 19435 ! txn_stock_level (tpcc.cc:3398):     ERROR warehouse_id:1, cid:48839, maxbytes:2
20251110-03:35.39-129606(us) 19435 ! txn_stock_level (tpcc.cc:3398):     ERROR warehouse_id:1, cid:48839, maxbytes:2
20251110-03:35.39-189320(us) 19435 ! run             (bench.cc:473):     runtime time left:17000 ms, bool:1
20251110-03:35.39-224412(us) 19435 ! txn_stock_level (tpcc.cc:3398):     ERROR warehouse_id:1, cid:98023, maxbytes:2
20251110-03:35.39-225467(us) 19435 ! txn_stock_level (tpcc.cc:3398):     ERROR warehouse_id:1, cid:98023, maxbytes:2
20251110-03:35.39-226379(us) 19435 ! txn_stock_level (tpcc.cc:3398):     ERROR warehouse_id:1, cid:98023, maxbytes:2
20251110-03:35.39-227576(us) 19435 ! txn_stock_level (tpcc.cc:3398):     ERROR warehouse_id:1, cid:98023, maxbytes:2
20251110-03:35.39-261983(us) 19435 ! txn_stock_level (tpcc.cc:3398):     ERROR warehouse_id:2, cid:89701, maxbytes:2
20251110-03:35.39-262023(us) 19435 ! txn_stock_level (tpcc.cc:3398):     ERROR warehouse_id:2, cid:89701, maxbytes:2
20251110-03:35.39-263242(us) 19435 ! txn_stock_level (tpcc.cc:3398):     ERROR warehouse_id:2, cid:89701, maxbytes:2
20251110-03:35.39-263371(us) 19435 ! txn_stock_level (tpcc.cc:3398):     ERROR warehouse_id:2, cid:89701, maxbytes:2
20251110-03:35.39-280261(us) 19435 ! txn_stock_level (tpcc.cc:3398):     ERROR warehouse_id:1, cid:39011, maxbytes:2
20251110-03:35.39-281402(us) 19435 ! txn_stock_level (tpcc.cc:3398):     ERROR warehouse_id:1, cid:39011, maxbytes:2
20251110-03:35.39-281566(us) 19435 ! txn_stock_level (tpcc.cc:3398):     ERROR warehouse_id:1, cid:39011, maxbytes:2
20251110-03:35.39-281684(us) 19435 ! txn_stock_level (tpcc.cc:3398):     ERROR warehouse_id:1, cid:39011, maxbytes:2
20251110-03:35.39-282698(us) 19435 ! txn_stock_level (tpcc.cc:3398):     ERROR warehouse_id:1, cid:39011, maxbytes:2
20251110-03:35.39-283761(us) 19435 ! txn_stock_level (tpcc.cc:3398):     ERROR warehouse_id:1, cid:39011, maxbytes:2
20251110-03:35.39-285075(us) 19435 ! txn_stock_level (tpcc.cc:3398):     ERROR warehouse_id:1, cid:39011, maxbytes:2
20251110-03:35.39-285425(us) 19435 ! txn_stock_level (tpcc.cc:3398):     ERROR warehouse_id:1, cid:39011, maxbytes:2
20251110-03:35.39-285468(us) 19435 ! txn_stock_level (tpcc.cc:3398):     ERROR warehouse_id:1, cid:39011, maxbytes:2
20251110-03:35.39-286535(us) 19435 ! txn_stock_level (tpcc.cc:3398):     ERROR warehouse_id:1, cid:39011, maxbytes:2
20251110-03:35.39-286754(us) 19435 ! txn_stock_level (tpcc.cc:3398):     ERROR warehouse_id:1, cid:39011, maxbytes:2
20251110-03:35.39-286908(us) 19435 ! txn_stock_level (tpcc.cc:3398):     ERROR warehouse_id:1, cid:39011, maxbytes:2
20251110-03:35.39-287009(us) 19435 ! txn_stock_level (tpcc.cc:3398):     ERROR warehouse_id:1, cid:39011, maxbytes:2
20251110-03:35.39-287037(us) 19435 ! txn_stock_level (tpcc.cc:3398):     ERROR warehouse_id:1, cid:39011, maxbytes:2
20251110-03:35.39-348784(us) 19435 ! txn_stock_level (tpcc.cc:3398):     ERROR warehouse_id:2, cid:46751, maxbytes:2
20251110-03:35.39-351075(us) 19435 ! txn_stock_level (tpcc.cc:3398):     ERROR warehouse_id:2, cid:46751, maxbytes:2
20251110-03:35.39-351164(us) 19435 ! txn_stock_level (tpcc.cc:3398):     ERROR warehouse_id:2, cid:46751, maxbytes:2
20251110-03:35.39-351287(us) 19435 ! txn_stock_level (tpcc.cc:3398):     ERROR warehouse_id:2, cid:46751, maxbytes:2
20251110-03:35.39-351307(us) 19435 ! txn_stock_level (tpcc.cc:3398):     ERROR warehouse_id:2, cid:46751, maxbytes:2
20251110-03:35.39-351319(us) 19435 ! txn_stock_level (tpcc.cc:3398):     ERROR warehouse_id:2, cid:46751, maxbytes:2
20251110-03:35.39-351439(us) 19435 ! txn_stock_level (tpcc.cc:3398):     ERROR warehouse_id:2, cid:46751, maxbytes:2
20251110-03:35.39-351545(us) 19435 ! txn_stock_level (tpcc.cc:3398):     ERROR warehouse_id:2, cid:46751, maxbytes:2
20251110-03:35.39-355465(us) 19435 ! txn_stock_level (tpcc.cc:3398):     ERROR warehouse_id:2, cid:46751, maxbytes:2
20251110-03:35.39-355551(us) 19435 ! txn_stock_level (tpcc.cc:3398):     ERROR warehouse_id:2, cid:46751, maxbytes:2
20251110-03:35.39-355576(us) 19435 ! txn_stock_level (tpcc.cc:3398):     ERROR warehouse_id:2, cid:46751, maxbytes:2
20251110-03:35.39-355991(us) 19435 ! txn_stock_level (tpcc.cc:3398):     ERROR warehouse_id:2, cid:46751, maxbytes:2
20251110-03:35.39-356140(us) 19435 ! txn_stock_level (tpcc.cc:3398):     ERROR warehouse_id:2, cid:46751, maxbytes:2
20251110-03:35.39-356177(us) 19435 ! txn_stock_level (tpcc.cc:3398):     ERROR warehouse_id:2, cid:46751, maxbytes:2
20251110-03:35.39-356990(us) 19435 ! txn_stock_level (tpcc.cc:3398):     ERROR warehouse_id:2, cid:46751, maxbytes:2
20251110-03:35.39-358019(us) 19435 ! txn_stock_level (tpcc.cc:3398):     ERROR warehouse_id:2, cid:46751, maxbytes:2
20251110-03:35.39-358976(us) 19435 ! txn_stock_level (tpcc.cc:3398):     ERROR warehouse_id:2, cid:46751, maxbytes:2
20251110-03:35.39-359933(us) 19435 ! txn_stock_level (tpcc.cc:3398):     ERROR warehouse_id:2, cid:46751, maxbytes:2
20251110-03:35.39-360066(us) 19435 ! txn_stock_level (tpcc.cc:3398):     ERROR warehouse_id:2, cid:46751, maxbytes:2
20251110-03:35.39-360087(us) 19435 ! txn_stock_level (tpcc.cc:3398):     ERROR warehouse_id:2, cid:46751, maxbytes:2
20251110-03:35.39-360203(us) 19435 ! txn_stock_level (tpcc.cc:3398):     ERROR warehouse_id:2, cid:46751, maxbytes:2
20251110-03:35.39-360360(us) 19435 ! txn_stock_level (tpcc.cc:3398):     ERROR warehouse_id:2, cid:46751, maxbytes:2
20251110-03:35.39-360567(us) 19435 ! txn_stock_level (tpcc.cc:3398):     ERROR warehouse_id:2, cid:46751, maxbytes:2
20251110-03:35.39-362335(us) 19435 ! txn_stock_level (tpcc.cc:3398):     ERROR warehouse_id:2, cid:46751, maxbytes:2
20251110-03:35.39-363351(us) 19435 ! txn_stock_level (tpcc.cc:3398):     ERROR warehouse_id:2, cid:46751, maxbytes:2
20251110-03:35.39-363416(us) 19435 ! txn_stock_level (tpcc.cc:3398):     ERROR warehouse_id:2, cid:46751, maxbytes:2
20251110-03:35.39-363511(us) 19435 ! txn_stock_level (tpcc.cc:3398):     ERROR warehouse_id:2, cid:46751, maxbytes:2
20251110-03:35.39-364818(us) 19435 ! txn_stock_level (tpcc.cc:3398):     ERROR warehouse_id:2, cid:46751, maxbytes:2
20251110-03:35.39-364839(us) 19435 ! txn_stock_level (tpcc.cc:3398):     ERROR warehouse_id:2, cid:46751, maxbytes:2
20251110-03:35.39-397854(us) 19435 ! txn_stock_level (tpcc.cc:3398):     ERROR warehouse_id:2, cid:65189, maxbytes:2
20251110-03:35.39-397951(us) 19435 ! txn_stock_level (tpcc.cc:3398):     ERROR warehouse_id:2, cid:65189, maxbytes:2
20251110-03:35.39-399233(us) 19435 ! txn_stock_level (tpcc.cc:3398):     ERROR warehouse_id:2, cid:65189, maxbytes:2
20251110-03:35.39-399268(us) 19435 ! txn_stock_level (tpcc.cc:3398):     ERROR warehouse_id:2, cid:65189, maxbytes:2
20251110-03:35.39-399535(us) 19435 ! txn_stock_level (tpcc.cc:3398):     ERROR warehouse_id:2, cid:65189, maxbytes:2
20251110-03:35.39-400792(us) 19435 ! txn_stock_level (tpcc.cc:3398):     ERROR warehouse_id:2, cid:65189, maxbytes:2
20251110-03:35.39-402054(us) 19435 ! txn_stock_level (tpcc.cc:3398):     ERROR warehouse_id:2, cid:65189, maxbytes:2
20251110-03:35.39-402167(us) 19435 ! txn_stock_level (tpcc.cc:3398):     ERROR warehouse_id:2, cid:65189, maxbytes:2
20251110-03:35.39-402324(us) 19435 ! txn_stock_level (tpcc.cc:3398):     ERROR warehouse_id:2, cid:65189, maxbytes:2
20251110-03:35.39-402334(us) 19435 ! txn_stock_level (tpcc.cc:3398):     ERROR warehouse_id:2, cid:65189, maxbytes:2
20251110-03:35.39-402630(us) 19435 ! txn_stock_level (tpcc.cc:3398):     ERROR warehouse_id:2, cid:65189, maxbytes:2
20251110-03:35.39-465061(us) 19435 ! txn_stock_level (tpcc.cc:3398):     ERROR warehouse_id:2, cid:16102, maxbytes:2
20251110-03:35.39-465103(us) 19435 ! txn_stock_level (tpcc.cc:3398):     ERROR warehouse_id:2, cid:16102, maxbytes:2
20251110-03:35.39-499234(us) 19435 ! txn_stock_level (tpcc.cc:3398):     ERROR warehouse_id:2, cid:72375, maxbytes:2
20251110-03:35.39-499343(us) 19435 ! txn_stock_level (tpcc.cc:3398):     ERROR warehouse_id:2, cid:72375, maxbytes:2
20251110-03:35.39-499422(us) 19435 ! txn_stock_level (tpcc.cc:3398):     ERROR warehouse_id:2, cid:72375, maxbytes:2
20251110-03:35.39-499462(us) 19435 ! txn_stock_level (tpcc.cc:3398):     ERROR warehouse_id:2, cid:72375, maxbytes:2
20251110-03:35.39-499855(us) 19435 ! txn_stock_level (tpcc.cc:3398):     ERROR warehouse_id:2, cid:72375, maxbytes:2
20251110-03:35.39-501160(us) 19435 ! txn_stock_level (tpcc.cc:3398):     ERROR warehouse_id:2, cid:72375, maxbytes:2
20251110-03:35.39-501336(us) 19435 ! txn_stock_level (tpcc.cc:3398):     ERROR warehouse_id:2, cid:72375, maxbytes:2
20251110-03:35.39-502329(us) 19435 ! txn_stock_level (tpcc.cc:3398):     ERROR warehouse_id:2, cid:72375, maxbytes:2
20251110-03:35.39-503434(us) 19435 ! txn_stock_level (tpcc.cc:3398):     ERROR warehouse_id:2, cid:72375, maxbytes:2
20251110-03:35.39-503548(us) 19435 ! txn_stock_level (tpcc.cc:3398):     ERROR warehouse_id:2, cid:72375, maxbytes:2
20251110-03:35.39-503560(us) 19435 ! txn_stock_level (tpcc.cc:3398):     ERROR warehouse_id:2, cid:72375, maxbytes:2
20251110-03:35.39-503569(us) 19435 ! txn_stock_level (tpcc.cc:3398):     ERROR warehouse_id:2, cid:72375, maxbytes:2
20251110-03:35.39-503651(us) 19435 ! txn_stock_level (tpcc.cc:3398):     ERROR warehouse_id:2, cid:72375, maxbytes:2
20251110-03:35.39-503708(us) 19435 ! txn_stock_level (tpcc.cc:3398):     ERROR warehouse_id:2, cid:72375, maxbytes:2
20251110-03:35.39-706070(us) 19435 ! txn_stock_level (tpcc.cc:3398):     ERROR warehouse_id:2, cid:40671, maxbytes:2
20251110-03:35.39-706103(us) 19435 ! txn_stock_level (tpcc.cc:3398):     ERROR warehouse_id:2, cid:40671, maxbytes:2
20251110-03:35.39-706117(us) 19435 ! txn_stock_level (tpcc.cc:3398):     ERROR warehouse_id:2, cid:40671, maxbytes:2
20251110-03:35.39-707139(us) 19435 ! txn_stock_level (tpcc.cc:3398):     ERROR warehouse_id:2, cid:40671, maxbytes:2
20251110-03:35.39-707210(us) 19435 ! txn_stock_level (tpcc.cc:3398):     ERROR warehouse_id:2, cid:40671, maxbytes:2
20251110-03:35.39-946517(us) 19435 ! txn_stock_level (tpcc.cc:3398):     ERROR warehouse_id:1, cid:31973, maxbytes:2
20251110-03:35.39-946633(us) 19435 ! txn_stock_level (tpcc.cc:3398):     ERROR warehouse_id:1, cid:31973, maxbytes:2
20251110-03:35.39-946666(us) 19435 ! txn_stock_level (tpcc.cc:3398):     ERROR warehouse_id:1, cid:31973, maxbytes:2
20251110-03:35.39-946723(us) 19435 ! txn_stock_level (tpcc.cc:3398):     ERROR warehouse_id:1, cid:31973, maxbytes:2
20251110-03:35.39-947727(us) 19435 ! txn_stock_level (tpcc.cc:3398):     ERROR warehouse_id:1, cid:31973, maxbytes:2
20251110-03:35.39-956004(us) 19435 ! txn_stock_level (tpcc.cc:3398):     ERROR warehouse_id:1, cid:36001, maxbytes:2
20251110-03:35.39-956874(us) 19435 ! txn_stock_level (tpcc.cc:3398):     ERROR warehouse_id:1, cid:36001, maxbytes:2
20251110-03:35.39-956915(us) 19435 ! txn_stock_level (tpcc.cc:3398):     ERROR warehouse_id:1, cid:36001, maxbytes:2
20251110-03:35.39-957186(us) 19435 ! txn_stock_level (tpcc.cc:3398):     ERROR warehouse_id:1, cid:36001, maxbytes:2
20251110-03:35.39-957534(us) 19435 ! txn_stock_level (tpcc.cc:3398):     ERROR warehouse_id:1, cid:36001, maxbytes:2
20251110-03:35.39-957664(us) 19435 ! txn_stock_level (tpcc.cc:3398):     ERROR warehouse_id:1, cid:36001, maxbytes:2
20251110-03:35.39-957763(us) 19435 ! txn_stock_level (tpcc.cc:3398):     ERROR warehouse_id:1, cid:36001, maxbytes:2
20251110-03:35.39-957797(us) 19435 ! txn_stock_level (tpcc.cc:3398):     ERROR warehouse_id:1, cid:36001, maxbytes:2
20251110-03:35.39-957838(us) 19435 ! txn_stock_level (tpcc.cc:3398):     ERROR warehouse_id:1, cid:36001, maxbytes:2
20251110-03:35.39-957970(us) 19435 ! txn_stock_level (tpcc.cc:3398):     ERROR warehouse_id:1, cid:36001, maxbytes:2
20251110-03:35.39-958138(us) 19435 ! txn_stock_level (tpcc.cc:3398):     ERROR warehouse_id:1, cid:36001, maxbytes:2
20251110-03:35.40-81361(us) 19435 ! txn_stock_level (tpcc.cc:3398):     ERROR warehouse_id:2, cid:89823, maxbytes:2
20251110-03:35.40-81564(us) 19435 ! txn_stock_level (tpcc.cc:3398):     ERROR warehouse_id:2, cid:89823, maxbytes:2
20251110-03:35.40-112714(us) 19435 ! txn_stock_level (tpcc.cc:3398):     ERROR warehouse_id:2, cid:98023, maxbytes:2
20251110-03:35.40-114531(us) 19435 ! txn_stock_level (tpcc.cc:3398):     ERROR warehouse_id:2, cid:98023, maxbytes:2
20251110-03:35.40-114567(us) 19435 ! txn_stock_level (tpcc.cc:3398):     ERROR warehouse_id:2, cid:98023, maxbytes:2
20251110-03:35.40-115922(us) 19435 ! txn_stock_level (tpcc.cc:3398):     ERROR warehouse_id:2, cid:98023, maxbytes:2
20251110-03:35.40-116021(us) 19435 ! txn_stock_level (tpcc.cc:3398):     ERROR warehouse_id:2, cid:98023, maxbytes:2
20251110-03:35.40-116063(us) 19435 ! txn_stock_level (tpcc.cc:3398):     ERROR warehouse_id:2, cid:98023, maxbytes:2
20251110-03:35.40-116233(us) 19435 ! txn_stock_level (tpcc.cc:3398):     ERROR warehouse_id:2, cid:98023, maxbytes:2
20251110-03:35.40-116263(us) 19435 ! txn_stock_level (tpcc.cc:3398):     ERROR warehouse_id:2, cid:98023, maxbytes:2
20251110-03:35.40-195036(us) 19435 ! run             (bench.cc:473):     runtime time left:16000 ms, bool:1
20251110-03:35.40-212143(us) 19435 ! txn_stock_level (tpcc.cc:3398):     ERROR warehouse_id:1, cid:5123, maxbytes:2
20251110-03:35.40-212265(us) 19435 ! txn_stock_level (tpcc.cc:3398):     ERROR warehouse_id:1, cid:5123, maxbytes:2
20251110-03:35.40-212463(us) 19435 ! txn_stock_level (tpcc.cc:3398):     ERROR warehouse_id:1, cid:5123, maxbytes:2
20251110-03:35.40-212569(us) 19435 ! txn_stock_level (tpcc.cc:3398):     ERROR warehouse_id:1, cid:5123, maxbytes:2
20251110-03:35.40-212597(us) 19435 ! txn_stock_level (tpcc.cc:3398):     ERROR warehouse_id:1, cid:5123, maxbytes:2
20251110-03:35.40-212630(us) 19435 ! txn_stock_level (tpcc.cc:3398):     ERROR warehouse_id:1, cid:5123, maxbytes:2
20251110-03:35.40-212655(us) 19435 ! txn_stock_level (tpcc.cc:3398):     ERROR warehouse_id:1, cid:5123, maxbytes:2
20251110-03:35.40-212673(us) 19435 ! txn_stock_level (tpcc.cc:3398):     ERROR warehouse_id:1, cid:5123, maxbytes:2
20251110-03:35.40-213493(us) 19435 ! txn_stock_level (tpcc.cc:3398):     ERROR warehouse_id:1, cid:5123, maxbytes:2
20251110-03:35.40-213718(us) 19435 ! txn_stock_level (tpcc.cc:3398):     ERROR warehouse_id:1, cid:5123, maxbytes:2
20251110-03:35.40-213875(us) 19435 ! txn_stock_level (tpcc.cc:3398):     ERROR warehouse_id:1, cid:5123, maxbytes:2
20251110-03:35.40-214010(us) 19435 ! txn_stock_level (tpcc.cc:3398):     ERROR warehouse_id:1, cid:5123, maxbytes:2
20251110-03:35.40-214957(us) 19435 ! txn_stock_level (tpcc.cc:3398):     ERROR warehouse_id:1, cid:5123, maxbytes:2
20251110-03:35.40-214982(us) 19435 ! txn_stock_level (tpcc.cc:3398):     ERROR warehouse_id:1, cid:5123, maxbytes:2
20251110-03:35.40-215267(us) 19435 ! txn_stock_level (tpcc.cc:3398):     ERROR warehouse_id:1, cid:5123, maxbytes:2
20251110-03:35.40-215461(us) 19435 ! txn_stock_level (tpcc.cc:3398):     ERROR warehouse_id:1, cid:5123, maxbytes:2
20251110-03:35.40-215549(us) 19435 ! txn_stock_level (tpcc.cc:3398):     ERROR warehouse_id:1, cid:5123, maxbytes:2
20251110-03:35.40-216606(us) 19435 ! txn_stock_level (tpcc.cc:3398):     ERROR warehouse_id:1, cid:5123, maxbytes:2
20251110-03:35.40-217652(us) 19435 ! txn_stock_level (tpcc.cc:3398):     ERROR warehouse_id:1, cid:5123, maxbytes:2
20251110-03:35.40-217728(us) 19435 ! txn_stock_level (tpcc.cc:3398):     ERROR warehouse_id:1, cid:5123, maxbytes:2
20251110-03:35.40-217874(us) 19435 ! txn_stock_level (tpcc.cc:3398):     ERROR warehouse_id:1, cid:5123, maxbytes:2
20251110-03:35.40-218073(us) 19435 ! txn_stock_level (tpcc.cc:3398):     ERROR warehouse_id:1, cid:5123, maxbytes:2
20251110-03:35.40-218130(us) 19435 ! txn_stock_level (tpcc.cc:3398):     ERROR warehouse_id:1, cid:5123, maxbytes:2
20251110-03:35.40-218230(us) 19435 ! txn_stock_level (tpcc.cc:3398):     ERROR warehouse_id:1, cid:5123, maxbytes:2
20251110-03:35.40-251680(us) 19435 ! txn_stock_level (tpcc.cc:3398):     ERROR warehouse_id:2, cid:48871, maxbytes:2
20251110-03:35.40-254240(us) 19435 ! txn_stock_level (tpcc.cc:3398):     ERROR warehouse_id:2, cid:48871, maxbytes:2
20251110-03:35.40-255682(us) 19435 ! txn_stock_level (tpcc.cc:3398):     ERROR warehouse_id:2, cid:48871, maxbytes:2
20251110-03:35.40-255706(us) 19435 ! txn_stock_level (tpcc.cc:3398):     ERROR warehouse_id:2, cid:48871, maxbytes:2
20251110-03:35.40-259030(us) 19435 ! txn_stock_level (tpcc.cc:3398):     ERROR warehouse_id:2, cid:48871, maxbytes:2
20251110-03:35.40-259076(us) 19435 ! txn_stock_level (tpcc.cc:3398):     ERROR warehouse_id:2, cid:48871, maxbytes:2
20251110-03:35.40-259273(us) 19435 ! txn_stock_level (tpcc.cc:3398):     ERROR warehouse_id:2, cid:48871, maxbytes:2
20251110-03:35.40-259285(us) 19435 ! txn_stock_level (tpcc.cc:3398):     ERROR warehouse_id:2, cid:48871, maxbytes:2
20251110-03:35.40-411611(us) 19435 ! txn_stock_level (tpcc.cc:3398):     ERROR warehouse_id:2, cid:89830, maxbytes:2
20251110-03:35.40-411705(us) 19435 ! txn_stock_level (tpcc.cc:3398):     ERROR warehouse_id:2, cid:89830, maxbytes:2
20251110-03:35.40-411863(us) 19435 ! txn_stock_level (tpcc.cc:3398):     ERROR warehouse_id:2, cid:89830, maxbytes:2
20251110-03:35.40-411932(us) 19435 ! txn_stock_level (tpcc.cc:3398):     ERROR warehouse_id:2, cid:89830, maxbytes:2
20251110-03:35.40-412024(us) 19435 ! txn_stock_level (tpcc.cc:3398):     ERROR warehouse_id:2, cid:89830, maxbytes:2
20251110-03:35.40-556241(us) 19435 ! txn_stock_level (tpcc.cc:3398):     ERROR warehouse_id:2, cid:81639, maxbytes:2
20251110-03:35.40-556455(us) 19435 ! txn_stock_level (tpcc.cc:3398):     ERROR warehouse_id:2, cid:81639, maxbytes:2
20251110-03:35.40-558266(us) 19435 ! txn_stock_level (tpcc.cc:3398):     ERROR warehouse_id:2, cid:81639, maxbytes:2
20251110-03:35.40-558570(us) 19435 ! txn_stock_level (tpcc.cc:3398):     ERROR warehouse_id:2, cid:81639, maxbytes:2
20251110-03:35.40-558620(us) 19435 ! txn_stock_level (tpcc.cc:3398):     ERROR warehouse_id:2, cid:81639, maxbytes:2
20251110-03:35.40-558757(us) 19435 ! txn_stock_level (tpcc.cc:3398):     ERROR warehouse_id:2, cid:81639, maxbytes:2
20251110-03:35.40-559940(us) 19435 ! txn_stock_level (tpcc.cc:3398):     ERROR warehouse_id:2, cid:81639, maxbytes:2
20251110-03:35.40-561015(us) 19435 ! txn_stock_level (tpcc.cc:3398):     ERROR warehouse_id:2, cid:81639, maxbytes:2
20251110-03:35.40-561081(us) 19435 ! txn_stock_level (tpcc.cc:3398):     ERROR warehouse_id:2, cid:81639, maxbytes:2
20251110-03:35.40-561243(us) 19435 ! txn_stock_level (tpcc.cc:3398):     ERROR warehouse_id:2, cid:81639, maxbytes:2
20251110-03:35.40-561296(us) 19435 ! txn_stock_level (tpcc.cc:3398):     ERROR warehouse_id:2, cid:81639, maxbytes:2
20251110-03:35.40-561331(us) 19435 ! txn_stock_level (tpcc.cc:3398):     ERROR warehouse_id:2, cid:81639, maxbytes:2
20251110-03:35.40-561339(us) 19435 ! txn_stock_level (tpcc.cc:3398):     ERROR warehouse_id:2, cid:81639, maxbytes:2
20251110-03:35.40-561678(us) 19435 ! txn_stock_level (tpcc.cc:3398):     ERROR warehouse_id:2, cid:81639, maxbytes:2
20251110-03:35.40-561937(us) 19435 ! txn_stock_level (tpcc.cc:3398):     ERROR warehouse_id:2, cid:81639, maxbytes:2
20251110-03:35.40-562029(us) 19435 ! txn_stock_level (tpcc.cc:3398):     ERROR warehouse_id:2, cid:81639, maxbytes:2
20251110-03:35.40-563068(us) 19435 ! txn_stock_level (tpcc.cc:3398):     ERROR warehouse_id:2, cid:81639, maxbytes:2
20251110-03:35.40-566667(us) 19435 ! txn_stock_level (tpcc.cc:3398):     ERROR warehouse_id:2, cid:81639, maxbytes:2
20251110-03:35.40-566786(us) 19435 ! txn_stock_level (tpcc.cc:3398):     ERROR warehouse_id:2, cid:81639, maxbytes:2
20251110-03:35.40-566854(us) 19435 ! txn_stock_level (tpcc.cc:3398):     ERROR warehouse_id:2, cid:81639, maxbytes:2
20251110-03:35.40-568763(us) 19435 ! txn_stock_level (tpcc.cc:3398):     ERROR warehouse_id:2, cid:81639, maxbytes:2
20251110-03:35.40-568845(us) 19435 ! txn_stock_level (tpcc.cc:3398):     ERROR warehouse_id:2, cid:81639, maxbytes:2
20251110-03:35.40-568939(us) 19435 ! txn_stock_level (tpcc.cc:3398):     ERROR warehouse_id:2, cid:81639, maxbytes:2
20251110-03:35.40-627299(us) 19435 ! txn_stock_level (tpcc.cc:3398):     ERROR warehouse_id:1, cid:73447, maxbytes:2
20251110-03:35.40-627340(us) 19435 ! txn_stock_level (tpcc.cc:3398):     ERROR warehouse_id:1, cid:73447, maxbytes:2
20251110-03:35.40-629604(us) 19435 ! txn_stock_level (tpcc.cc:3398):     ERROR warehouse_id:1, cid:73447, maxbytes:2
20251110-03:35.40-649234(us) 19435 ! txn_stock_level (tpcc.cc:3398):     ERROR warehouse_id:1, cid:36551, maxbytes:2
20251110-03:35.40-650383(us) 19435 ! txn_stock_level (tpcc.cc:3398):     ERROR warehouse_id:1, cid:36551, maxbytes:2
20251110-03:35.40-650470(us) 19435 ! txn_stock_level (tpcc.cc:3398):     ERROR warehouse_id:1, cid:36551, maxbytes:2
20251110-03:35.40-650486(us) 19435 ! txn_stock_level (tpcc.cc:3398):     ERROR warehouse_id:1, cid:36551, maxbytes:2
20251110-03:35.40-650772(us) 19435 ! txn_stock_level (tpcc.cc:3398):     ERROR warehouse_id:1, cid:36551, maxbytes:2
20251110-03:35.40-651670(us) 19435 ! txn_stock_level (tpcc.cc:3398):     ERROR warehouse_id:1, cid:36551, maxbytes:2
20251110-03:35.40-651723(us) 19435 ! txn_stock_level (tpcc.cc:3398):     ERROR warehouse_id:1, cid:36551, maxbytes:2
20251110-03:35.40-652824(us) 19435 ! txn_stock_level (tpcc.cc:3398):     ERROR warehouse_id:1, cid:36551, maxbytes:2
20251110-03:35.40-652945(us) 19435 ! txn_stock_level (tpcc.cc:3398):     ERROR warehouse_id:1, cid:36551, maxbytes:2
20251110-03:35.40-653403(us) 19435 ! txn_stock_level (tpcc.cc:3398):     ERROR warehouse_id:1, cid:36551, maxbytes:2
20251110-03:35.40-654425(us) 19435 ! txn_stock_level (tpcc.cc:3398):     ERROR warehouse_id:1, cid:36551, maxbytes:2
20251110-03:35.40-655676(us) 19435 ! txn_stock_level (tpcc.cc:3398):     ERROR warehouse_id:1, cid:36551, maxbytes:2
20251110-03:35.40-655718(us) 19435 ! txn_stock_level (tpcc.cc:3398):     ERROR warehouse_id:1, cid:36551, maxbytes:2
20251110-03:35.40-655734(us) 19435 ! txn_stock_level (tpcc.cc:3398):     ERROR warehouse_id:1, cid:36551, maxbytes:2
20251110-03:35.40-655877(us) 19435 ! txn_stock_level (tpcc.cc:3398):     ERROR warehouse_id:1, cid:36551, maxbytes:2
20251110-03:35.40-656192(us) 19435 ! txn_stock_level (tpcc.cc:3398):     ERROR warehouse_id:1, cid:36551, maxbytes:2
20251110-03:35.40-656287(us) 19435 ! txn_stock_level (tpcc.cc:3398):     ERROR warehouse_id:1, cid:36551, maxbytes:2
20251110-03:35.40-656343(us) 19435 ! txn_stock_level (tpcc.cc:3398):     ERROR warehouse_id:1, cid:36551, maxbytes:2
20251110-03:35.40-657567(us) 19435 ! txn_stock_level (tpcc.cc:3398):     ERROR warehouse_id:1, cid:36551, maxbytes:2
20251110-03:35.40-657633(us) 19435 ! txn_stock_level (tpcc.cc:3398):     ERROR warehouse_id:1, cid:36551, maxbytes:2
20251110-03:35.40-658765(us) 19435 ! txn_stock_level (tpcc.cc:3398):     ERROR warehouse_id:1, cid:36551, maxbytes:2
20251110-03:35.40-658950(us) 19435 ! txn_stock_level (tpcc.cc:3398):     ERROR warehouse_id:1, cid:36551, maxbytes:2
20251110-03:35.40-659815(us) 19435 ! txn_stock_level (tpcc.cc:3398):     ERROR warehouse_id:1, cid:36551, maxbytes:2
20251110-03:35.40-661944(us) 19435 ! txn_stock_level (tpcc.cc:3398):     ERROR warehouse_id:1, cid:36551, maxbytes:2
20251110-03:35.40-663139(us) 19435 ! txn_stock_level (tpcc.cc:3398):     ERROR warehouse_id:1, cid:36551, maxbytes:2
20251110-03:35.40-663269(us) 19435 ! txn_stock_level (tpcc.cc:3398):     ERROR warehouse_id:1, cid:6211, maxbytes:2
20251110-03:35.40-665087(us) 19435 ! txn_stock_level (tpcc.cc:3398):     ERROR warehouse_id:1, cid:6211, maxbytes:2
20251110-03:35.40-665248(us) 19435 ! txn_stock_level (tpcc.cc:3398):     ERROR warehouse_id:1, cid:6211, maxbytes:2
20251110-03:35.40-669613(us) 19435 ! txn_stock_level (tpcc.cc:3398):     ERROR warehouse_id:1, cid:6211, maxbytes:2
20251110-03:35.40-669774(us) 19435 ! txn_stock_level (tpcc.cc:3398):     ERROR warehouse_id:1, cid:6211, maxbytes:2
20251110-03:35.40-672042(us) 19435 ! txn_stock_level (tpcc.cc:3398):     ERROR warehouse_id:1, cid:6211, maxbytes:2
20251110-03:35.40-687222(us) 19435 ! txn_stock_level (tpcc.cc:3398):     ERROR warehouse_id:2, cid:22183, maxbytes:2
20251110-03:35.40-687613(us) 19435 ! txn_stock_level (tpcc.cc:3398):     ERROR warehouse_id:2, cid:22183, maxbytes:2
20251110-03:35.40-687642(us) 19435 ! txn_stock_level (tpcc.cc:3398):     ERROR warehouse_id:2, cid:22183, maxbytes:2
20251110-03:35.40-688696(us) 19435 ! txn_stock_level (tpcc.cc:3398):     ERROR warehouse_id:2, cid:22183, maxbytes:2
20251110-03:35.40-961912(us) 19435 ! txn_stock_level (tpcc.cc:3398):     ERROR warehouse_id:2, cid:98023, maxbytes:2
20251110-03:35.40-961953(us) 19435 ! txn_stock_level (tpcc.cc:3398):     ERROR warehouse_id:2, cid:98023, maxbytes:2
20251110-03:35.40-961972(us) 19435 ! txn_stock_level (tpcc.cc:3398):     ERROR warehouse_id:2, cid:98023, maxbytes:2
20251110-03:35.40-962105(us) 19435 ! txn_stock_level (tpcc.cc:3398):     ERROR warehouse_id:2, cid:98023, maxbytes:2
20251110-03:35.40-962169(us) 19435 ! txn_stock_level (tpcc.cc:3398):     ERROR warehouse_id:2, cid:98023, maxbytes:2
20251110-03:35.40-962187(us) 19435 ! txn_stock_level (tpcc.cc:3398):     ERROR warehouse_id:2, cid:98023, maxbytes:2
20251110-03:35.40-962208(us) 19435 ! txn_stock_level (tpcc.cc:3398):     ERROR warehouse_id:2, cid:98023, maxbytes:2
20251110-03:35.40-963128(us) 19435 ! txn_stock_level (tpcc.cc:3398):     ERROR warehouse_id:2, cid:98023, maxbytes:2
20251110-03:35.40-963200(us) 19435 ! txn_stock_level (tpcc.cc:3398):     ERROR warehouse_id:2, cid:98023, maxbytes:2
20251110-03:35.40-963438(us) 19435 ! txn_stock_level (tpcc.cc:3398):     ERROR warehouse_id:2, cid:98023, maxbytes:2
20251110-03:35.40-963758(us) 19435 ! txn_stock_level (tpcc.cc:3398):     ERROR warehouse_id:2, cid:98023, maxbytes:2
20251110-03:35.40-963801(us) 19435 ! txn_stock_level (tpcc.cc:3398):     ERROR warehouse_id:2, cid:98023, maxbytes:2
20251110-03:35.40-963902(us) 19435 ! txn_stock_level (tpcc.cc:3398):     ERROR warehouse_id:2, cid:98023, maxbytes:2
20251110-03:35.40-964003(us) 19435 ! txn_stock_level (tpcc.cc:3398):     ERROR warehouse_id:2, cid:98023, maxbytes:2
20251110-03:35.40-964015(us) 19435 ! txn_stock_level (tpcc.cc:3398):     ERROR warehouse_id:2, cid:98023, maxbytes:2
20251110-03:35.40-964188(us) 19435 ! txn_stock_level (tpcc.cc:3398):     ERROR warehouse_id:2, cid:98023, maxbytes:2
20251110-03:35.40-964198(us) 19435 ! txn_stock_level (tpcc.cc:3398):     ERROR warehouse_id:2, cid:98023, maxbytes:2
20251110-03:35.40-964272(us) 19435 ! txn_stock_level (tpcc.cc:3398):     ERROR warehouse_id:2, cid:98023, maxbytes:2
20251110-03:35.40-964429(us) 19435 ! txn_stock_level (tpcc.cc:3398):     ERROR warehouse_id:2, cid:98023, maxbytes:2
20251110-03:35.40-965407(us) 19435 ! txn_stock_level (tpcc.cc:3398):     ERROR warehouse_id:2, cid:98023, maxbytes:2
20251110-03:35.40-965566(us) 19435 ! txn_stock_level (tpcc.cc:3398):     ERROR warehouse_id:2, cid:98023, maxbytes:2
20251110-03:35.40-966718(us) 19435 ! txn_stock_level (tpcc.cc:3398):     ERROR warehouse_id:2, cid:98023, maxbytes:2
20251110-03:35.40-967083(us) 19435 ! txn_stock_level (tpcc.cc:3398):     ERROR warehouse_id:2, cid:98023, maxbytes:2
20251110-03:35.40-967140(us) 19435 ! txn_stock_level (tpcc.cc:3398):     ERROR warehouse_id:2, cid:98023, maxbytes:2
20251110-03:35.40-967148(us) 19435 ! txn_stock_level (tpcc.cc:3398):     ERROR warehouse_id:2, cid:98023, maxbytes:2
20251110-03:35.40-967180(us) 19435 ! txn_stock_level (tpcc.cc:3398):     ERROR warehouse_id:2, cid:98023, maxbytes:2
20251110-03:35.40-967246(us) 19435 ! txn_stock_level (tpcc.cc:3398):     ERROR warehouse_id:2, cid:98023, maxbytes:2
20251110-03:35.40-967297(us) 19435 ! txn_stock_level (tpcc.cc:3398):     ERROR warehouse_id:2, cid:98023, maxbytes:2
20251110-03:35.40-967386(us) 19435 ! txn_stock_level (tpcc.cc:3398):     ERROR warehouse_id:2, cid:98023, maxbytes:2
20251110-03:35.40-967541(us) 19435 ! txn_stock_level (tpcc.cc:3398):     ERROR warehouse_id:2, cid:98023, maxbytes:2
20251110-03:35.40-967901(us) 19435 ! txn_stock_level (tpcc.cc:3398):     ERROR warehouse_id:2, cid:98023, maxbytes:2
20251110-03:35.40-968917(us) 19435 ! txn_stock_level (tpcc.cc:3398):     ERROR warehouse_id:2, cid:98023, maxbytes:2
20251110-03:35.40-968990(us) 19435 ! txn_stock_level (tpcc.cc:3398):     ERROR warehouse_id:2, cid:98023, maxbytes:2
20251110-03:35.40-969009(us) 19435 ! txn_stock_level (tpcc.cc:3398):     ERROR warehouse_id:2, cid:98023, maxbytes:2
20251110-03:35.40-969106(us) 19435 ! txn_stock_level (tpcc.cc:3398):     ERROR warehouse_id:2, cid:98023, maxbytes:2
20251110-03:35.40-969122(us) 19435 ! txn_stock_level (tpcc.cc:3398):     ERROR warehouse_id:2, cid:98023, maxbytes:2
20251110-03:35.40-970262(us) 19435 ! txn_stock_level (tpcc.cc:3398):     ERROR warehouse_id:2, cid:98023, maxbytes:2
20251110-03:35.40-970282(us) 19435 ! txn_stock_level (tpcc.cc:3398):     ERROR warehouse_id:2, cid:98023, maxbytes:2
20251110-03:35.40-970502(us) 19435 ! txn_stock_level (tpcc.cc:3398):     ERROR warehouse_id:2, cid:98023, maxbytes:2
20251110-03:35.40-970851(us) 19435 ! txn_stock_level (tpcc.cc:3398):     ERROR warehouse_id:2, cid:98023, maxbytes:2
20251110-03:35.40-970913(us) 19435 ! txn_stock_level (tpcc.cc:3398):     ERROR warehouse_id:2, cid:98023, maxbytes:2
20251110-03:35.40-970940(us) 19435 ! txn_stock_level (tpcc.cc:3398):     ERROR warehouse_id:2, cid:98023, maxbytes:2
20251110-03:35.40-970968(us) 19435 ! txn_stock_level (tpcc.cc:3398):     ERROR warehouse_id:2, cid:98023, maxbytes:2
20251110-03:35.40-970980(us) 19435 ! txn_stock_level (tpcc.cc:3398):     ERROR warehouse_id:2, cid:98023, maxbytes:2
20251110-03:35.41-40292(us) 19435 ! txn_stock_level (tpcc.cc:3398):     ERROR warehouse_id:2, cid:34983, maxbytes:2
20251110-03:35.41-40353(us) 19435 ! txn_stock_level (tpcc.cc:3398):     ERROR warehouse_id:2, cid:34983, maxbytes:2
20251110-03:35.41-40417(us) 19435 ! txn_stock_level (tpcc.cc:3398):     ERROR warehouse_id:2, cid:34983, maxbytes:2
20251110-03:35.41-41295(us) 19435 ! txn_stock_level (tpcc.cc:3398):     ERROR warehouse_id:2, cid:34983, maxbytes:2
20251110-03:35.41-41317(us) 19435 ! txn_stock_level (tpcc.cc:3398):     ERROR warehouse_id:2, cid:34983, maxbytes:2
20251110-03:35.41-42694(us) 19435 ! txn_stock_level (tpcc.cc:3398):     ERROR warehouse_id:2, cid:34983, maxbytes:2
20251110-03:35.41-147763(us) 19435 ! txn_stock_level (tpcc.cc:3398):     ERROR warehouse_id:1, cid:39526, maxbytes:2
20251110-03:35.41-147805(us) 19435 ! txn_stock_level (tpcc.cc:3398):     ERROR warehouse_id:1, cid:39526, maxbytes:2
20251110-03:35.41-149374(us) 19435 ! txn_stock_level (tpcc.cc:3398):     ERROR warehouse_id:1, cid:39526, maxbytes:2
20251110-03:35.41-149439(us) 19435 ! txn_stock_level (tpcc.cc:3398):     ERROR warehouse_id:1, cid:39526, maxbytes:2
20251110-03:35.41-149483(us) 19435 ! txn_stock_level (tpcc.cc:3398):     ERROR warehouse_id:1, cid:39526, maxbytes:2
20251110-03:35.41-149736(us) 19435 ! txn_stock_level (tpcc.cc:3398):     ERROR warehouse_id:1, cid:39526, maxbytes:2
20251110-03:35.41-150754(us) 19435 ! txn_stock_level (tpcc.cc:3398):     ERROR warehouse_id:1, cid:39526, maxbytes:2
20251110-03:35.41-150780(us) 19435 ! txn_stock_level (tpcc.cc:3398):     ERROR warehouse_id:1, cid:39526, maxbytes:2
20251110-03:35.41-200659(us) 19435 ! run             (bench.cc:473):     runtime time left:15000 ms, bool:1
20251110-03:35.41-244288(us) 19435 ! txn_stock_level (tpcc.cc:3398):     ERROR warehouse_id:1, cid:95975, maxbytes:2
20251110-03:35.41-244365(us) 19435 ! txn_stock_level (tpcc.cc:3398):     ERROR warehouse_id:1, cid:95975, maxbytes:2
20251110-03:35.41-246381(us) 19435 ! txn_stock_level (tpcc.cc:3398):     ERROR warehouse_id:1, cid:95975, maxbytes:2
20251110-03:35.41-247437(us) 19435 ! txn_stock_level (tpcc.cc:3398):     ERROR warehouse_id:1, cid:95975, maxbytes:2
20251110-03:35.41-247462(us) 19435 ! txn_stock_level (tpcc.cc:3398):     ERROR warehouse_id:1, cid:95975, maxbytes:2
20251110-03:35.41-247473(us) 19435 ! txn_stock_level (tpcc.cc:3398):     ERROR warehouse_id:1, cid:95975, maxbytes:2
20251110-03:35.41-247701(us) 19435 ! txn_stock_level (tpcc.cc:3398):     ERROR warehouse_id:1, cid:95975, maxbytes:2
20251110-03:35.41-248664(us) 19435 ! txn_stock_level (tpcc.cc:3398):     ERROR warehouse_id:1, cid:95975, maxbytes:2
20251110-03:35.41-320059(us) 19435 ! txn_stock_level (tpcc.cc:3398):     ERROR warehouse_id:1, cid:65255, maxbytes:2
20251110-03:35.41-320205(us) 19435 ! txn_stock_level (tpcc.cc:3398):     ERROR warehouse_id:1, cid:65255, maxbytes:2
20251110-03:35.41-320319(us) 19435 ! txn_stock_level (tpcc.cc:3398):     ERROR warehouse_id:1, cid:65255, maxbytes:2
20251110-03:35.41-322665(us) 19435 ! txn_stock_level (tpcc.cc:3398):     ERROR warehouse_id:1, cid:65255, maxbytes:2
20251110-03:35.41-322802(us) 19435 ! txn_stock_level (tpcc.cc:3398):     ERROR warehouse_id:1, cid:65255, maxbytes:2
20251110-03:35.41-322814(us) 19435 ! txn_stock_level (tpcc.cc:3398):     ERROR warehouse_id:1, cid:65255, maxbytes:2
20251110-03:35.41-322859(us) 19435 ! txn_stock_level (tpcc.cc:3398):     ERROR warehouse_id:1, cid:65255, maxbytes:2
20251110-03:35.41-322889(us) 19435 ! txn_stock_level (tpcc.cc:3398):     ERROR warehouse_id:1, cid:65255, maxbytes:2
20251110-03:35.41-426989(us) 19435 ! txn_stock_level (tpcc.cc:3398):     ERROR warehouse_id:2, cid:22147, maxbytes:2
20251110-03:35.41-427038(us) 19435 ! txn_stock_level (tpcc.cc:3398):     ERROR warehouse_id:2, cid:22147, maxbytes:2
20251110-03:35.41-427069(us) 19435 ! txn_stock_level (tpcc.cc:3398):     ERROR warehouse_id:2, cid:22147, maxbytes:2
20251110-03:35.41-767728(us) 19435 ! txn_stock_level (tpcc.cc:3398):     ERROR warehouse_id:1, cid:23271, maxbytes:2
20251110-03:35.41-767867(us) 19435 ! txn_stock_level (tpcc.cc:3398):     ERROR warehouse_id:1, cid:23271, maxbytes:2
20251110-03:35.41-768034(us) 19435 ! txn_stock_level (tpcc.cc:3398):     ERROR warehouse_id:1, cid:23271, maxbytes:2
20251110-03:35.41-768061(us) 19435 ! txn_stock_level (tpcc.cc:3398):     ERROR warehouse_id:1, cid:23271, maxbytes:2
20251110-03:35.41-768264(us) 19435 ! txn_stock_level (tpcc.cc:3398):     ERROR warehouse_id:1, cid:23271, maxbytes:2
20251110-03:35.41-768377(us) 19435 ! txn_stock_level (tpcc.cc:3398):     ERROR warehouse_id:1, cid:23271, maxbytes:2
20251110-03:35.41-769228(us) 19435 ! txn_stock_level (tpcc.cc:3398):     ERROR warehouse_id:1, cid:23271, maxbytes:2
20251110-03:35.41-769249(us) 19435 ! txn_stock_level (tpcc.cc:3398):     ERROR warehouse_id:1, cid:23271, maxbytes:2
20251110-03:35.41-769261(us) 19435 ! txn_stock_level (tpcc.cc:3398):     ERROR warehouse_id:1, cid:23271, maxbytes:2
20251110-03:35.41-769319(us) 19435 ! txn_stock_level (tpcc.cc:3398):     ERROR warehouse_id:1, cid:23271, maxbytes:2
20251110-03:35.41-769337(us) 19435 ! txn_stock_level (tpcc.cc:3398):     ERROR warehouse_id:1, cid:23271, maxbytes:2
20251110-03:35.41-769386(us) 19435 ! txn_stock_level (tpcc.cc:3398):     ERROR warehouse_id:1, cid:23271, maxbytes:2
20251110-03:35.41-769520(us) 19435 ! txn_stock_level (tpcc.cc:3398):     ERROR warehouse_id:1, cid:23271, maxbytes:2
20251110-03:35.41-769563(us) 19435 ! txn_stock_level (tpcc.cc:3398):     ERROR warehouse_id:1, cid:23271, maxbytes:2
20251110-03:35.41-769743(us) 19435 ! txn_stock_level (tpcc.cc:3398):     ERROR warehouse_id:1, cid:23271, maxbytes:2
20251110-03:35.41-769794(us) 19435 ! txn_stock_level (tpcc.cc:3398):     ERROR warehouse_id:1, cid:23271, maxbytes:2
20251110-03:35.41-769836(us) 19435 ! txn_stock_level (tpcc.cc:3398):     ERROR warehouse_id:1, cid:23271, maxbytes:2
20251110-03:35.41-769847(us) 19435 ! txn_stock_level (tpcc.cc:3398):     ERROR warehouse_id:1, cid:23271, maxbytes:2
20251110-03:35.41-769922(us) 19435 ! txn_stock_level (tpcc.cc:3398):     ERROR warehouse_id:1, cid:23271, maxbytes:2
20251110-03:35.41-770028(us) 19435 ! txn_stock_level (tpcc.cc:3398):     ERROR warehouse_id:1, cid:23271, maxbytes:2
20251110-03:35.41-772200(us) 19435 ! txn_stock_level (tpcc.cc:3398):     ERROR warehouse_id:1, cid:23271, maxbytes:2
20251110-03:35.41-773727(us) 19435 ! txn_stock_level (tpcc.cc:3398):     ERROR warehouse_id:1, cid:23271, maxbytes:2
20251110-03:35.41-773945(us) 19435 ! txn_stock_level (tpcc.cc:3398):     ERROR warehouse_id:1, cid:23271, maxbytes:2
20251110-03:35.41-774079(us) 19435 ! txn_stock_level (tpcc.cc:3398):     ERROR warehouse_id:1, cid:23271, maxbytes:2
20251110-03:35.41-928913(us) 19435 ! txn_stock_level (tpcc.cc:3398):     ERROR warehouse_id:1, cid:97767, maxbytes:2
20251110-03:35.41-928953(us) 19435 ! txn_stock_level (tpcc.cc:3398):     ERROR warehouse_id:1, cid:97767, maxbytes:2
20251110-03:35.41-929216(us) 19435 ! txn_stock_level (tpcc.cc:3398):     ERROR warehouse_id:1, cid:97767, maxbytes:2
20251110-03:35.41-931281(us) 19435 ! txn_stock_level (tpcc.cc:3398):     ERROR warehouse_id:1, cid:97767, maxbytes:2
20251110-03:35.41-931435(us) 19435 ! txn_stock_level (tpcc.cc:3398):     ERROR warehouse_id:1, cid:97767, maxbytes:2
20251110-03:35.41-933397(us) 19435 ! txn_stock_level (tpcc.cc:3398):     ERROR warehouse_id:1, cid:97767, maxbytes:2
20251110-03:35.41-950044(us) 19435 ! txn_stock_level (tpcc.cc:3398):     ERROR warehouse_id:1, cid:73431, maxbytes:2
20251110-03:35.41-950225(us) 19435 ! txn_stock_level (tpcc.cc:3398):     ERROR warehouse_id:1, cid:73431, maxbytes:2
20251110-03:35.41-950287(us) 19435 ! txn_stock_level (tpcc.cc:3398):     ERROR warehouse_id:1, cid:73431, maxbytes:2
20251110-03:35.41-951194(us) 19435 ! txn_stock_level (tpcc.cc:3398):     ERROR warehouse_id:1, cid:73431, maxbytes:2
20251110-03:35.41-952598(us) 19435 ! txn_stock_level (tpcc.cc:3398):     ERROR warehouse_id:1, cid:73431, maxbytes:2
20251110-03:35.41-953664(us) 19435 ! txn_stock_level (tpcc.cc:3398):     ERROR warehouse_id:1, cid:73431, maxbytes:2
20251110-03:35.41-955915(us) 19435 ! txn_stock_level (tpcc.cc:3398):     ERROR warehouse_id:1, cid:73431, maxbytes:2
20251110-03:35.41-956002(us) 19435 ! txn_stock_level (tpcc.cc:3398):     ERROR warehouse_id:1, cid:73431, maxbytes:2
20251110-03:35.41-956380(us) 19435 ! txn_stock_level (tpcc.cc:3398):     ERROR warehouse_id:1, cid:73431, maxbytes:2
20251110-03:35.41-957407(us) 19435 ! txn_stock_level (tpcc.cc:3398):     ERROR warehouse_id:1, cid:73431, maxbytes:2
20251110-03:35.41-957506(us) 19435 ! txn_stock_level (tpcc.cc:3398):     ERROR warehouse_id:1, cid:73431, maxbytes:2
20251110-03:35.41-957686(us) 19435 ! txn_stock_level (tpcc.cc:3398):     ERROR warehouse_id:1, cid:73431, maxbytes:2
20251110-03:35.41-957743(us) 19435 ! txn_stock_level (tpcc.cc:3398):     ERROR warehouse_id:1, cid:73431, maxbytes:2
20251110-03:35.41-958846(us) 19435 ! txn_stock_level (tpcc.cc:3398):     ERROR warehouse_id:1, cid:73431, maxbytes:2
20251110-03:35.41-960095(us) 19435 ! txn_stock_level (tpcc.cc:3398):     ERROR warehouse_id:1, cid:73431, maxbytes:2
20251110-03:35.41-960112(us) 19435 ! txn_stock_level (tpcc.cc:3398):     ERROR warehouse_id:1, cid:73431, maxbytes:2
20251110-03:35.41-960174(us) 19435 ! txn_stock_level (tpcc.cc:3398):     ERROR warehouse_id:1, cid:73431, maxbytes:2
20251110-03:35.41-981050(us) 19435 ! txn_stock_level (tpcc.cc:3398):     ERROR warehouse_id:1, cid:73447, maxbytes:2
20251110-03:35.41-981194(us) 19435 ! txn_stock_level (tpcc.cc:3398):     ERROR warehouse_id:1, cid:73447, maxbytes:2
20251110-03:35.41-982208(us) 19435 ! txn_stock_level (tpcc.cc:3398):     ERROR warehouse_id:1, cid:73447, maxbytes:2
20251110-03:35.41-982271(us) 19435 ! txn_stock_level (tpcc.cc:3398):     ERROR warehouse_id:1, cid:73447, maxbytes:2
20251110-03:35.41-982372(us) 19435 ! txn_stock_level (tpcc.cc:3398):     ERROR warehouse_id:1, cid:73447, maxbytes:2
20251110-03:35.42-99042(us) 19435 ! txn_stock_level (tpcc.cc:3398):     ERROR warehouse_id:2, cid:55015, maxbytes:2
20251110-03:35.42-101806(us) 19435 ! txn_stock_level (tpcc.cc:3398):     ERROR warehouse_id:2, cid:55015, maxbytes:2
20251110-03:35.42-102363(us) 19435 ! txn_stock_level (tpcc.cc:3398):     ERROR warehouse_id:2, cid:55015, maxbytes:2
20251110-03:35.42-102475(us) 19435 ! txn_stock_level (tpcc.cc:3398):     ERROR warehouse_id:2, cid:55015, maxbytes:2
20251110-03:35.42-102737(us) 19435 ! txn_stock_level (tpcc.cc:3398):     ERROR warehouse_id:2, cid:55015, maxbytes:2
20251110-03:35.42-102760(us) 19435 ! txn_stock_level (tpcc.cc:3398):     ERROR warehouse_id:2, cid:55015, maxbytes:2
20251110-03:35.42-103100(us) 19435 ! txn_stock_level (tpcc.cc:3398):     ERROR warehouse_id:2, cid:55015, maxbytes:2
20251110-03:35.42-104126(us) 19435 ! txn_stock_level (tpcc.cc:3398):     ERROR warehouse_id:2, cid:55015, maxbytes:2
20251110-03:35.42-104208(us) 19435 ! txn_stock_level (tpcc.cc:3398):     ERROR warehouse_id:2, cid:55015, maxbytes:2
20251110-03:35.42-104327(us) 19435 ! txn_stock_level (tpcc.cc:3398):     ERROR warehouse_id:2, cid:55015, maxbytes:2
20251110-03:35.42-105453(us) 19435 ! txn_stock_level (tpcc.cc:3398):     ERROR warehouse_id:2, cid:55015, maxbytes:2
20251110-03:35.42-106999(us) 19435 ! txn_stock_level (tpcc.cc:3398):     ERROR warehouse_id:2, cid:4167, maxbytes:2
20251110-03:35.42-107023(us) 19435 ! txn_stock_level (tpcc.cc:3398):     ERROR warehouse_id:2, cid:4167, maxbytes:2
20251110-03:35.42-107046(us) 19435 ! txn_stock_level (tpcc.cc:3398):     ERROR warehouse_id:2, cid:55015, maxbytes:2
20251110-03:35.42-107198(us) 19435 ! txn_stock_level (tpcc.cc:3398):     ERROR warehouse_id:2, cid:4167, maxbytes:2
20251110-03:35.42-107269(us) 19435 ! txn_stock_level (tpcc.cc:3398):     ERROR warehouse_id:2, cid:55015, maxbytes:2
20251110-03:35.42-108251(us) 19435 ! txn_stock_level (tpcc.cc:3398):     ERROR warehouse_id:2, cid:55015, maxbytes:2
20251110-03:35.42-108290(us) 19435 ! txn_stock_level (tpcc.cc:3398):     ERROR warehouse_id:2, cid:4167, maxbytes:2
20251110-03:35.42-109207(us) 19435 ! txn_stock_level (tpcc.cc:3398):     ERROR warehouse_id:2, cid:55015, maxbytes:2
20251110-03:35.42-109264(us) 19435 ! txn_stock_level (tpcc.cc:3398):     ERROR warehouse_id:2, cid:55015, maxbytes:2
20251110-03:35.42-109333(us) 19435 ! txn_stock_level (tpcc.cc:3398):     ERROR warehouse_id:2, cid:4167, maxbytes:2
20251110-03:35.42-109474(us) 19435 ! txn_stock_level (tpcc.cc:3398):     ERROR warehouse_id:2, cid:4167, maxbytes:2
20251110-03:35.42-112429(us) 19435 ! txn_stock_level (tpcc.cc:3398):     ERROR warehouse_id:2, cid:79078, maxbytes:2
20251110-03:35.42-112602(us) 19435 ! txn_stock_level (tpcc.cc:3398):     ERROR warehouse_id:2, cid:79078, maxbytes:2
20251110-03:35.42-112623(us) 19435 ! txn_stock_level (tpcc.cc:3398):     ERROR warehouse_id:2, cid:79078, maxbytes:2
20251110-03:35.42-157678(us) 19435 ! txn_stock_level (tpcc.cc:3398):     ERROR warehouse_id:1, cid:39655, maxbytes:2
20251110-03:35.42-158633(us) 19435 ! txn_stock_level (tpcc.cc:3398):     ERROR warehouse_id:1, cid:39655, maxbytes:2
20251110-03:35.42-159544(us) 19435 ! txn_stock_level (tpcc.cc:3398):     ERROR warehouse_id:1, cid:39655, maxbytes:2
20251110-03:35.42-159724(us) 19435 ! txn_stock_level (tpcc.cc:3398):     ERROR warehouse_id:1, cid:39655, maxbytes:2
20251110-03:35.42-161141(us) 19435 ! txn_stock_level (tpcc.cc:3398):     ERROR warehouse_id:1, cid:39655, maxbytes:2
20251110-03:35.42-161183(us) 19435 ! txn_stock_level (tpcc.cc:3398):     ERROR warehouse_id:1, cid:39655, maxbytes:2
20251110-03:35.42-162186(us) 19435 ! txn_stock_level (tpcc.cc:3398):     ERROR warehouse_id:1, cid:39655, maxbytes:2
20251110-03:35.42-162361(us) 19435 ! txn_stock_level (tpcc.cc:3398):     ERROR warehouse_id:1, cid:39655, maxbytes:2
20251110-03:35.42-162495(us) 19435 ! txn_stock_level (tpcc.cc:3398):     ERROR warehouse_id:1, cid:39655, maxbytes:2
20251110-03:35.42-162650(us) 19435 ! txn_stock_level (tpcc.cc:3398):     ERROR warehouse_id:1, cid:39655, maxbytes:2
20251110-03:35.42-164615(us) 19435 ! txn_stock_level (tpcc.cc:3398):     ERROR warehouse_id:1, cid:39655, maxbytes:2
20251110-03:35.42-164734(us) 19435 ! txn_stock_level (tpcc.cc:3398):     ERROR warehouse_id:1, cid:39655, maxbytes:2
20251110-03:35.42-164774(us) 19435 ! txn_stock_level (tpcc.cc:3398):     ERROR warehouse_id:1, cid:39655, maxbytes:2
20251110-03:35.42-165693(us) 19435 ! txn_stock_level (tpcc.cc:3398):     ERROR warehouse_id:1, cid:39655, maxbytes:2
20251110-03:35.42-165731(us) 19435 ! txn_stock_level (tpcc.cc:3398):     ERROR warehouse_id:1, cid:39655, maxbytes:2
20251110-03:35.42-165920(us) 19435 ! txn_stock_level (tpcc.cc:3398):     ERROR warehouse_id:1, cid:39655, maxbytes:2
20251110-03:35.42-166030(us) 19435 ! txn_stock_level (tpcc.cc:3398):     ERROR warehouse_id:1, cid:39655, maxbytes:2
20251110-03:35.42-166253(us) 19435 ! txn_stock_level (tpcc.cc:3398):     ERROR warehouse_id:1, cid:39655, maxbytes:2
20251110-03:35.42-168014(us) 19435 ! txn_stock_level (tpcc.cc:3398):     ERROR warehouse_id:1, cid:39655, maxbytes:2
20251110-03:35.42-168187(us) 19435 ! txn_stock_level (tpcc.cc:3398):     ERROR warehouse_id:1, cid:39655, maxbytes:2
20251110-03:35.42-168318(us) 19435 ! txn_stock_level (tpcc.cc:3398):     ERROR warehouse_id:1, cid:39655, maxbytes:2
20251110-03:35.42-168407(us) 19435 ! txn_stock_level (tpcc.cc:3398):     ERROR warehouse_id:1, cid:39655, maxbytes:2
20251110-03:35.42-171921(us) 19435 ! txn_stock_level (tpcc.cc:3398):     ERROR warehouse_id:1, cid:39655, maxbytes:2
20251110-03:35.42-172035(us) 19435 ! txn_stock_level (tpcc.cc:3398):     ERROR warehouse_id:1, cid:39655, maxbytes:2
20251110-03:35.42-173045(us) 19435 ! txn_stock_level (tpcc.cc:3398):     ERROR warehouse_id:1, cid:39655, maxbytes:2
20251110-03:35.42-173182(us) 19435 ! txn_stock_level (tpcc.cc:3398):     ERROR warehouse_id:1, cid:39655, maxbytes:2
20251110-03:35.42-188812(us) 19435 ! txn_stock_level (tpcc.cc:3398):     ERROR warehouse_id:2, cid:81493, maxbytes:2
20251110-03:35.42-188904(us) 19435 ! txn_stock_level (tpcc.cc:3398):     ERROR warehouse_id:2, cid:81493, maxbytes:2
20251110-03:35.42-189033(us) 19435 ! txn_stock_level (tpcc.cc:3398):     ERROR warehouse_id:2, cid:81493, maxbytes:2
20251110-03:35.42-190996(us) 19435 ! txn_stock_level (tpcc.cc:3398):     ERROR warehouse_id:2, cid:81493, maxbytes:2
20251110-03:35.42-191076(us) 19435 ! txn_stock_level (tpcc.cc:3398):     ERROR warehouse_id:2, cid:81493, maxbytes:2
20251110-03:35.42-191130(us) 19435 ! txn_stock_level (tpcc.cc:3398):     ERROR warehouse_id:2, cid:81493, maxbytes:2
20251110-03:35.42-191142(us) 19435 ! txn_stock_level (tpcc.cc:3398):     ERROR warehouse_id:2, cid:81493, maxbytes:2
20251110-03:35.42-191207(us) 19435 ! txn_stock_level (tpcc.cc:3398):     ERROR warehouse_id:2, cid:81493, maxbytes:2
20251110-03:35.42-192607(us) 19435 ! txn_stock_level (tpcc.cc:3398):     ERROR warehouse_id:2, cid:81493, maxbytes:2
20251110-03:35.42-192720(us) 19435 ! txn_stock_level (tpcc.cc:3398):     ERROR warehouse_id:2, cid:81493, maxbytes:2
20251110-03:35.42-192953(us) 19435 ! txn_stock_level (tpcc.cc:3398):     ERROR warehouse_id:2, cid:81493, maxbytes:2
20251110-03:35.42-192975(us) 19435 ! txn_stock_level (tpcc.cc:3398):     ERROR warehouse_id:2, cid:81493, maxbytes:2
20251110-03:35.42-193107(us) 19435 ! txn_stock_level (tpcc.cc:3398):     ERROR warehouse_id:2, cid:81493, maxbytes:2
20251110-03:35.42-193200(us) 19435 ! txn_stock_level (tpcc.cc:3398):     ERROR warehouse_id:2, cid:81493, maxbytes:2
20251110-03:35.42-194190(us) 19435 ! txn_stock_level (tpcc.cc:3398):     ERROR warehouse_id:2, cid:81493, maxbytes:2
20251110-03:35.42-194234(us) 19435 ! txn_stock_level (tpcc.cc:3398):     ERROR warehouse_id:2, cid:81493, maxbytes:2
20251110-03:35.42-195304(us) 19435 ! txn_stock_level (tpcc.cc:3398):     ERROR warehouse_id:2, cid:81493, maxbytes:2
20251110-03:35.42-196513(us) 19435 ! txn_stock_level (tpcc.cc:3398):     ERROR warehouse_id:2, cid:81493, maxbytes:2
20251110-03:35.42-196735(us) 19435 ! txn_stock_level (tpcc.cc:3398):     ERROR warehouse_id:2, cid:81493, maxbytes:2
20251110-03:35.42-196755(us) 19435 ! txn_stock_level (tpcc.cc:3398):     ERROR warehouse_id:2, cid:81493, maxbytes:2
20251110-03:35.42-197940(us) 19435 ! txn_stock_level (tpcc.cc:3398):     ERROR warehouse_id:2, cid:81493, maxbytes:2
20251110-03:35.42-197956(us) 19435 ! txn_stock_level (tpcc.cc:3398):     ERROR warehouse_id:2, cid:81493, maxbytes:2
20251110-03:35.42-198032(us) 19435 ! txn_stock_level (tpcc.cc:3398):     ERROR warehouse_id:2, cid:81493, maxbytes:2
20251110-03:35.42-198088(us) 19435 ! txn_stock_level (tpcc.cc:3398):     ERROR warehouse_id:2, cid:81493, maxbytes:2
20251110-03:35.42-199058(us) 19435 ! txn_stock_level (tpcc.cc:3398):     ERROR warehouse_id:2, cid:81493, maxbytes:2
20251110-03:35.42-200092(us) 19435 ! txn_stock_level (tpcc.cc:3398):     ERROR warehouse_id:2, cid:81493, maxbytes:2
20251110-03:35.42-201185(us) 19435 ! txn_stock_level (tpcc.cc:3398):     ERROR warehouse_id:2, cid:81493, maxbytes:2
20251110-03:35.42-201217(us) 19435 ! txn_stock_level (tpcc.cc:3398):     ERROR warehouse_id:2, cid:81493, maxbytes:2
20251110-03:35.42-201487(us) 19435 ! txn_stock_level (tpcc.cc:3398):     ERROR warehouse_id:2, cid:81493, maxbytes:2
20251110-03:35.42-206308(us) 19435 ! run             (bench.cc:473):     runtime time left:14000 ms, bool:1
20251110-03:35.42-335657(us) 19435 ! txn_stock_level (tpcc.cc:3398):     ERROR warehouse_id:1, cid:9955, maxbytes:2
20251110-03:35.42-335840(us) 19435 ! txn_stock_level (tpcc.cc:3398):     ERROR warehouse_id:1, cid:9955, maxbytes:2
20251110-03:35.42-336102(us) 19435 ! txn_stock_level (tpcc.cc:3398):     ERROR warehouse_id:1, cid:9955, maxbytes:2
20251110-03:35.42-337295(us) 19435 ! txn_stock_level (tpcc.cc:3398):     ERROR warehouse_id:1, cid:9955, maxbytes:2
20251110-03:35.42-337377(us) 19435 ! txn_stock_level (tpcc.cc:3398):     ERROR warehouse_id:1, cid:9955, maxbytes:2
20251110-03:35.42-337400(us) 19435 ! txn_stock_level (tpcc.cc:3398):     ERROR warehouse_id:1, cid:9955, maxbytes:2
20251110-03:35.42-338623(us) 19435 ! txn_stock_level (tpcc.cc:3398):     ERROR warehouse_id:1, cid:9955, maxbytes:2
20251110-03:35.42-338653(us) 19435 ! txn_stock_level (tpcc.cc:3398):     ERROR warehouse_id:1, cid:9955, maxbytes:2
20251110-03:35.42-338667(us) 19435 ! txn_stock_level (tpcc.cc:3398):     ERROR warehouse_id:1, cid:9955, maxbytes:2
20251110-03:35.42-338687(us) 19435 ! txn_stock_level (tpcc.cc:3398):     ERROR warehouse_id:1, cid:9955, maxbytes:2
20251110-03:35.42-338769(us) 19435 ! txn_stock_level (tpcc.cc:3398):     ERROR warehouse_id:1, cid:9955, maxbytes:2
20251110-03:35.42-338788(us) 19435 ! txn_stock_level (tpcc.cc:3398):     ERROR warehouse_id:1, cid:9955, maxbytes:2
20251110-03:35.42-666043(us) 19435 ! txn_stock_level (tpcc.cc:3398):     ERROR warehouse_id:1, cid:16055, maxbytes:2
20251110-03:35.42-666196(us) 19435 ! txn_stock_level (tpcc.cc:3398):     ERROR warehouse_id:1, cid:16055, maxbytes:2
20251110-03:35.42-666317(us) 19435 ! txn_stock_level (tpcc.cc:3398):     ERROR warehouse_id:1, cid:16055, maxbytes:2
20251110-03:35.42-666456(us) 19435 ! txn_stock_level (tpcc.cc:3398):     ERROR warehouse_id:1, cid:16055, maxbytes:2
20251110-03:35.42-700242(us) 19435 ! txn_stock_level (tpcc.cc:3398):     ERROR warehouse_id:1, cid:40679, maxbytes:2
20251110-03:35.42-702435(us) 19435 ! txn_stock_level (tpcc.cc:3398):     ERROR warehouse_id:1, cid:40679, maxbytes:2
20251110-03:35.42-702491(us) 19435 ! txn_stock_level (tpcc.cc:3398):     ERROR warehouse_id:1, cid:40679, maxbytes:2
20251110-03:35.42-702521(us) 19435 ! txn_stock_level (tpcc.cc:3398):     ERROR warehouse_id:1, cid:40679, maxbytes:2
20251110-03:35.42-702654(us) 19435 ! txn_stock_level (tpcc.cc:3398):     ERROR warehouse_id:1, cid:40679, maxbytes:2
20251110-03:35.42-703779(us) 19435 ! txn_stock_level (tpcc.cc:3398):     ERROR warehouse_id:1, cid:40679, maxbytes:2
20251110-03:35.42-704796(us) 19435 ! txn_stock_level (tpcc.cc:3398):     ERROR warehouse_id:1, cid:40679, maxbytes:2
20251110-03:35.42-705806(us) 19435 ! txn_stock_level (tpcc.cc:3398):     ERROR warehouse_id:1, cid:40679, maxbytes:2
20251110-03:35.42-705902(us) 19435 ! txn_stock_level (tpcc.cc:3398):     ERROR warehouse_id:1, cid:40679, maxbytes:2
20251110-03:35.42-706031(us) 19435 ! txn_stock_level (tpcc.cc:3398):     ERROR warehouse_id:1, cid:40679, maxbytes:2
20251110-03:35.42-707083(us) 19435 ! txn_stock_level (tpcc.cc:3398):     ERROR warehouse_id:1, cid:40679, maxbytes:2
20251110-03:35.42-707307(us) 19435 ! txn_stock_level (tpcc.cc:3398):     ERROR warehouse_id:1, cid:40679, maxbytes:2
20251110-03:35.42-707381(us) 19435 ! txn_stock_level (tpcc.cc:3398):     ERROR warehouse_id:1, cid:40679, maxbytes:2
20251110-03:35.42-707451(us) 19435 ! txn_stock_level (tpcc.cc:3398):     ERROR warehouse_id:1, cid:40679, maxbytes:2
20251110-03:35.42-708504(us) 19435 ! txn_stock_level (tpcc.cc:3398):     ERROR warehouse_id:1, cid:40679, maxbytes:2
20251110-03:35.42-709475(us) 19435 ! txn_stock_level (tpcc.cc:3398):     ERROR warehouse_id:1, cid:40679, maxbytes:2
20251110-03:35.42-710808(us) 19435 ! txn_stock_level (tpcc.cc:3398):     ERROR warehouse_id:1, cid:40679, maxbytes:2
20251110-03:35.42-889440(us) 19435 ! txn_stock_level (tpcc.cc:3398):     ERROR warehouse_id:1, cid:65239, maxbytes:2
20251110-03:35.42-889467(us) 19435 ! txn_stock_level (tpcc.cc:3398):     ERROR warehouse_id:1, cid:65239, maxbytes:2
20251110-03:35.42-891011(us) 19435 ! txn_stock_level (tpcc.cc:3398):     ERROR warehouse_id:1, cid:65239, maxbytes:2
20251110-03:35.42-891178(us) 19435 ! txn_stock_level (tpcc.cc:3398):     ERROR warehouse_id:1, cid:65239, maxbytes:2
20251110-03:35.42-891214(us) 19435 ! txn_stock_level (tpcc.cc:3398):     ERROR warehouse_id:1, cid:65239, maxbytes:2
20251110-03:35.42-891224(us) 19435 ! txn_stock_level (tpcc.cc:3398):     ERROR warehouse_id:1, cid:65239, maxbytes:2
20251110-03:35.42-891270(us) 19435 ! txn_stock_level (tpcc.cc:3398):     ERROR warehouse_id:1, cid:65239, maxbytes:2
20251110-03:35.42-891446(us) 19435 ! txn_stock_level (tpcc.cc:3398):     ERROR warehouse_id:1, cid:65239, maxbytes:2
20251110-03:35.42-891480(us) 19435 ! txn_stock_level (tpcc.cc:3398):     ERROR warehouse_id:1, cid:65239, maxbytes:2
20251110-03:35.42-892388(us) 19435 ! txn_stock_level (tpcc.cc:3398):     ERROR warehouse_id:2, cid:93918, maxbytes:2
20251110-03:35.42-892432(us) 19435 ! txn_stock_level (tpcc.cc:3398):     ERROR warehouse_id:1, cid:65239, maxbytes:2
20251110-03:35.42-892495(us) 19435 ! txn_stock_level (tpcc.cc:3398):     ERROR warehouse_id:2, cid:93918, maxbytes:2
20251110-03:35.42-892517(us) 19435 ! txn_stock_level (tpcc.cc:3398):     ERROR warehouse_id:2, cid:93918, maxbytes:2
20251110-03:35.42-892806(us) 19435 ! txn_stock_level (tpcc.cc:3398):     ERROR warehouse_id:2, cid:93918, maxbytes:2
20251110-03:35.42-892891(us) 19435 ! txn_stock_level (tpcc.cc:3398):     ERROR warehouse_id:2, cid:93918, maxbytes:2
20251110-03:35.42-892942(us) 19435 ! txn_stock_level (tpcc.cc:3398):     ERROR warehouse_id:2, cid:93918, maxbytes:2
20251110-03:35.42-893373(us) 19435 ! txn_stock_level (tpcc.cc:3398):     ERROR warehouse_id:1, cid:65239, maxbytes:2
20251110-03:35.42-894160(us) 19435 ! txn_stock_level (tpcc.cc:3398):     ERROR warehouse_id:2, cid:93918, maxbytes:2
20251110-03:35.42-894314(us) 19435 ! txn_stock_level (tpcc.cc:3398):     ERROR warehouse_id:2, cid:93918, maxbytes:2
20251110-03:35.42-894432(us) 19435 ! txn_stock_level (tpcc.cc:3398):     ERROR warehouse_id:1, cid:65239, maxbytes:2
20251110-03:35.42-895111(us) 19435 ! txn_stock_level (tpcc.cc:3398):     ERROR warehouse_id:2, cid:93918, maxbytes:2
20251110-03:35.42-895245(us) 19435 ! txn_stock_level (tpcc.cc:3398):     ERROR warehouse_id:2, cid:93918, maxbytes:2
20251110-03:35.42-895279(us) 19435 ! txn_stock_level (tpcc.cc:3398):     ERROR warehouse_id:2, cid:93918, maxbytes:2
20251110-03:35.42-895344(us) 19435 ! txn_stock_level (tpcc.cc:3398):     ERROR warehouse_id:2, cid:93918, maxbytes:2
20251110-03:35.42-895390(us) 19435 ! txn_stock_level (tpcc.cc:3398):     ERROR warehouse_id:1, cid:65239, maxbytes:2
20251110-03:35.42-895725(us) 19435 ! txn_stock_level (tpcc.cc:3398):     ERROR warehouse_id:2, cid:93918, maxbytes:2
20251110-03:35.42-897140(us) 19435 ! txn_stock_level (tpcc.cc:3398):     ERROR warehouse_id:1, cid:65239, maxbytes:2
20251110-03:35.42-897358(us) 19435 ! txn_stock_level (tpcc.cc:3398):     ERROR warehouse_id:2, cid:93918, maxbytes:2
20251110-03:35.42-898129(us) 19435 ! txn_stock_level (tpcc.cc:3398):     ERROR warehouse_id:1, cid:65239, maxbytes:2
20251110-03:35.42-898201(us) 19435 ! txn_stock_level (tpcc.cc:3398):     ERROR warehouse_id:2, cid:93918, maxbytes:2
20251110-03:35.42-898373(us) 19435 ! txn_stock_level (tpcc.cc:3398):     ERROR warehouse_id:2, cid:93918, maxbytes:2
20251110-03:35.42-899196(us) 19435 ! txn_stock_level (tpcc.cc:3398):     ERROR warehouse_id:1, cid:65239, maxbytes:2
20251110-03:35.42-899234(us) 19435 ! txn_stock_level (tpcc.cc:3398):     ERROR warehouse_id:1, cid:65239, maxbytes:2
20251110-03:35.42-899349(us) 19435 ! txn_stock_level (tpcc.cc:3398):     ERROR warehouse_id:1, cid:65239, maxbytes:2
20251110-03:35.42-899420(us) 19435 ! txn_stock_level (tpcc.cc:3398):     ERROR warehouse_id:2, cid:93918, maxbytes:2
20251110-03:35.42-899468(us) 19435 ! txn_stock_level (tpcc.cc:3398):     ERROR warehouse_id:1, cid:65239, maxbytes:2
20251110-03:35.42-899504(us) 19435 ! txn_stock_level (tpcc.cc:3398):     ERROR warehouse_id:2, cid:93918, maxbytes:2
20251110-03:35.42-899557(us) 19435 ! txn_stock_level (tpcc.cc:3398):     ERROR warehouse_id:1, cid:65239, maxbytes:2
20251110-03:35.42-899628(us) 19435 ! txn_stock_level (tpcc.cc:3398):     ERROR warehouse_id:1, cid:65239, maxbytes:2
20251110-03:35.42-922859(us) 19435 ! txn_stock_level (tpcc.cc:3398):     ERROR warehouse_id:2, cid:5143, maxbytes:2
20251110-03:35.42-971135(us) 19435 ! txn_stock_level (tpcc.cc:3398):     ERROR warehouse_id:1, cid:93671, maxbytes:2
20251110-03:35.42-971265(us) 19435 ! txn_stock_level (tpcc.cc:3398):     ERROR warehouse_id:1, cid:93671, maxbytes:2
20251110-03:35.42-972368(us) 19435 ! txn_stock_level (tpcc.cc:3398):     ERROR warehouse_id:1, cid:93671, maxbytes:2
20251110-03:35.42-972559(us) 19435 ! txn_stock_level (tpcc.cc:3398):     ERROR warehouse_id:1, cid:93671, maxbytes:2
20251110-03:35.42-972605(us) 19435 ! txn_stock_level (tpcc.cc:3398):     ERROR warehouse_id:1, cid:93671, maxbytes:2
20251110-03:35.42-972629(us) 19435 ! txn_stock_level (tpcc.cc:3398):     ERROR warehouse_id:1, cid:93671, maxbytes:2
20251110-03:35.42-972676(us) 19435 ! txn_stock_level (tpcc.cc:3398):     ERROR warehouse_id:1, cid:93671, maxbytes:2
20251110-03:35.42-973827(us) 19435 ! txn_stock_level (tpcc.cc:3398):     ERROR warehouse_id:1, cid:93671, maxbytes:2
20251110-03:35.42-973966(us) 19435 ! txn_stock_level (tpcc.cc:3398):     ERROR warehouse_id:1, cid:93671, maxbytes:2
20251110-03:35.42-975031(us) 19435 ! txn_stock_level (tpcc.cc:3398):     ERROR warehouse_id:1, cid:93671, maxbytes:2
20251110-03:35.42-975074(us) 19435 ! txn_stock_level (tpcc.cc:3398):     ERROR warehouse_id:1, cid:93671, maxbytes:2
20251110-03:35.42-976292(us) 19435 ! txn_stock_level (tpcc.cc:3398):     ERROR warehouse_id:1, cid:93671, maxbytes:2
20251110-03:35.42-976345(us) 19435 ! txn_stock_level (tpcc.cc:3398):     ERROR warehouse_id:1, cid:93671, maxbytes:2
20251110-03:35.42-977556(us) 19435 ! txn_stock_level (tpcc.cc:3398):     ERROR warehouse_id:1, cid:93671, maxbytes:2
20251110-03:35.42-979929(us) 19435 ! txn_stock_level (tpcc.cc:3398):     ERROR warehouse_id:1, cid:93671, maxbytes:2
20251110-03:35.42-980659(us) 19435 ! txn_stock_level (tpcc.cc:3398):     ERROR warehouse_id:2, cid:89791, maxbytes:2
20251110-03:35.42-980691(us) 19435 ! txn_stock_level (tpcc.cc:3398):     ERROR warehouse_id:2, cid:89791, maxbytes:2
20251110-03:35.42-980753(us) 19435 ! txn_stock_level (tpcc.cc:3398):     ERROR warehouse_id:2, cid:89791, maxbytes:2
20251110-03:35.42-981771(us) 19435 ! txn_stock_level (tpcc.cc:3398):     ERROR warehouse_id:1, cid:93671, maxbytes:2
20251110-03:35.42-982044(us) 19435 ! txn_stock_level (tpcc.cc:3398):     ERROR warehouse_id:2, cid:89791, maxbytes:2
20251110-03:35.42-982092(us) 19435 ! txn_stock_level (tpcc.cc:3398):     ERROR warehouse_id:1, cid:93671, maxbytes:2
20251110-03:35.42-982119(us) 19435 ! txn_stock_level (tpcc.cc:3398):     ERROR warehouse_id:2, cid:89791, maxbytes:2
20251110-03:35.42-982188(us) 19435 ! txn_stock_level (tpcc.cc:3398):     ERROR warehouse_id:1, cid:93671, maxbytes:2
20251110-03:35.42-983465(us) 19435 ! txn_stock_level (tpcc.cc:3398):     ERROR warehouse_id:1, cid:93671, maxbytes:2
20251110-03:35.42-984110(us) 19435 ! txn_stock_level (tpcc.cc:3398):     ERROR warehouse_id:2, cid:89791, maxbytes:2
20251110-03:35.42-984158(us) 19435 ! txn_stock_level (tpcc.cc:3398):     ERROR warehouse_id:2, cid:89791, maxbytes:2
20251110-03:35.42-984186(us) 19435 ! txn_stock_level (tpcc.cc:3398):     ERROR warehouse_id:2, cid:89791, maxbytes:2
20251110-03:35.42-984254(us) 19435 ! txn_stock_level (tpcc.cc:3398):     ERROR warehouse_id:2, cid:89791, maxbytes:2
20251110-03:35.42-984424(us) 19435 ! txn_stock_level (tpcc.cc:3398):     ERROR warehouse_id:2, cid:89791, maxbytes:2
20251110-03:35.42-984460(us) 19435 ! txn_stock_level (tpcc.cc:3398):     ERROR warehouse_id:2, cid:89791, maxbytes:2
20251110-03:35.42-984486(us) 19435 ! txn_stock_level (tpcc.cc:3398):     ERROR warehouse_id:2, cid:89791, maxbytes:2
20251110-03:35.42-985557(us) 19435 ! txn_stock_level (tpcc.cc:3398):     ERROR warehouse_id:2, cid:89791, maxbytes:2
20251110-03:35.42-985612(us) 19435 ! txn_stock_level (tpcc.cc:3398):     ERROR warehouse_id:1, cid:93671, maxbytes:2
20251110-03:35.42-988242(us) 19435 ! txn_stock_level (tpcc.cc:3398):     ERROR warehouse_id:1, cid:93671, maxbytes:2
20251110-03:35.42-988320(us) 19435 ! txn_stock_level (tpcc.cc:3398):     ERROR warehouse_id:1, cid:93671, maxbytes:2
20251110-03:35.42-988341(us) 19435 ! txn_stock_level (tpcc.cc:3398):     ERROR warehouse_id:1, cid:93671, maxbytes:2
20251110-03:35.42-988535(us) 19435 ! txn_stock_level (tpcc.cc:3398):     ERROR warehouse_id:1, cid:93671, maxbytes:2
20251110-03:35.42-988557(us) 19435 ! txn_stock_level (tpcc.cc:3398):     ERROR warehouse_id:1, cid:93671, maxbytes:2
20251110-03:35.42-989651(us) 19435 ! txn_stock_level (tpcc.cc:3398):     ERROR warehouse_id:1, cid:93671, maxbytes:2
20251110-03:35.42-989674(us) 19435 ! txn_stock_level (tpcc.cc:3398):     ERROR warehouse_id:1, cid:93671, maxbytes:2
20251110-03:35.42-989815(us) 19435 ! txn_stock_level (tpcc.cc:3398):     ERROR warehouse_id:1, cid:93671, maxbytes:2
20251110-03:35.43-212079(us) 19435 ! run             (bench.cc:473):     runtime time left:13000 ms, bool:1
20251110-03:35.43-410464(us) 19435 ! txn_stock_level (tpcc.cc:3398):     ERROR warehouse_id:2, cid:57031, maxbytes:2
20251110-03:35.43-410627(us) 19435 ! txn_stock_level (tpcc.cc:3398):     ERROR warehouse_id:2, cid:57031, maxbytes:2
20251110-03:35.43-415386(us) 19435 ! txn_stock_level (tpcc.cc:3398):     ERROR warehouse_id:2, cid:57031, maxbytes:2
20251110-03:35.43-416443(us) 19435 ! txn_stock_level (tpcc.cc:3398):     ERROR warehouse_id:2, cid:57031, maxbytes:2
20251110-03:35.43-416661(us) 19435 ! txn_stock_level (tpcc.cc:3398):     ERROR warehouse_id:2, cid:57031, maxbytes:2
20251110-03:35.43-419895(us) 19435 ! txn_stock_level (tpcc.cc:3398):     ERROR warehouse_id:2, cid:57031, maxbytes:2
20251110-03:35.43-442888(us) 19435 ! txn_stock_level (tpcc.cc:3398):     ERROR warehouse_id:2, cid:14053, maxbytes:2
20251110-03:35.43-443131(us) 19435 ! txn_stock_level (tpcc.cc:3398):     ERROR warehouse_id:2, cid:14053, maxbytes:2
20251110-03:35.43-443190(us) 19435 ! txn_stock_level (tpcc.cc:3398):     ERROR warehouse_id:2, cid:14053, maxbytes:2
20251110-03:35.43-444292(us) 19435 ! txn_stock_level (tpcc.cc:3398):     ERROR warehouse_id:2, cid:14053, maxbytes:2
20251110-03:35.43-444441(us) 19435 ! txn_stock_level (tpcc.cc:3398):     ERROR warehouse_id:2, cid:14053, maxbytes:2
20251110-03:35.43-444510(us) 19435 ! txn_stock_level (tpcc.cc:3398):     ERROR warehouse_id:2, cid:14053, maxbytes:2
20251110-03:35.43-445562(us) 19435 ! txn_stock_level (tpcc.cc:3398):     ERROR warehouse_id:2, cid:14053, maxbytes:2
20251110-03:35.43-445636(us) 19435 ! txn_stock_level (tpcc.cc:3398):     ERROR warehouse_id:2, cid:14053, maxbytes:2
20251110-03:35.43-445718(us) 19435 ! txn_stock_level (tpcc.cc:3398):     ERROR warehouse_id:2, cid:14053, maxbytes:2
20251110-03:35.43-445806(us) 19435 ! txn_stock_level (tpcc.cc:3398):     ERROR warehouse_id:2, cid:14053, maxbytes:2
20251110-03:35.43-445850(us) 19435 ! txn_stock_level (tpcc.cc:3398):     ERROR warehouse_id:2, cid:14053, maxbytes:2
20251110-03:35.43-445917(us) 19435 ! txn_stock_level (tpcc.cc:3398):     ERROR warehouse_id:2, cid:14053, maxbytes:2
20251110-03:35.43-449154(us) 19435 ! txn_stock_level (tpcc.cc:3398):     ERROR warehouse_id:2, cid:14053, maxbytes:2
20251110-03:35.43-449262(us) 19435 ! txn_stock_level (tpcc.cc:3398):     ERROR warehouse_id:2, cid:14053, maxbytes:2
20251110-03:35.43-450110(us) 19435 ! txn_stock_level (tpcc.cc:3398):     ERROR warehouse_id:2, cid:14053, maxbytes:2
20251110-03:35.43-450203(us) 19435 ! txn_stock_level (tpcc.cc:3398):     ERROR warehouse_id:2, cid:14053, maxbytes:2
20251110-03:35.43-450248(us) 19435 ! txn_stock_level (tpcc.cc:3398):     ERROR warehouse_id:2, cid:14053, maxbytes:2
20251110-03:35.43-450260(us) 19435 ! txn_stock_level (tpcc.cc:3398):     ERROR warehouse_id:2, cid:14053, maxbytes:2
20251110-03:35.43-450267(us) 19435 ! txn_stock_level (tpcc.cc:3398):     ERROR warehouse_id:2, cid:14053, maxbytes:2
20251110-03:35.43-450310(us) 19435 ! txn_stock_level (tpcc.cc:3398):     ERROR warehouse_id:2, cid:14053, maxbytes:2
20251110-03:35.43-450440(us) 19435 ! txn_stock_level (tpcc.cc:3398):     ERROR warehouse_id:2, cid:14053, maxbytes:2
20251110-03:35.43-450461(us) 19435 ! txn_stock_level (tpcc.cc:3398):     ERROR warehouse_id:2, cid:14053, maxbytes:2
20251110-03:35.43-450538(us) 19435 ! txn_stock_level (tpcc.cc:3398):     ERROR warehouse_id:2, cid:14053, maxbytes:2
20251110-03:35.43-461184(us) 19435 ! txn_stock_level (tpcc.cc:3398):     ERROR warehouse_id:2, cid:36581, maxbytes:2
20251110-03:35.43-461206(us) 19435 ! txn_stock_level (tpcc.cc:3398):     ERROR warehouse_id:2, cid:36581, maxbytes:2
20251110-03:35.43-462432(us) 19435 ! txn_stock_level (tpcc.cc:3398):     ERROR warehouse_id:2, cid:36581, maxbytes:2
20251110-03:35.43-463577(us) 19435 ! txn_stock_level (tpcc.cc:3398):     ERROR warehouse_id:2, cid:36581, maxbytes:2
20251110-03:35.43-464753(us) 19435 ! txn_stock_level (tpcc.cc:3398):     ERROR warehouse_id:2, cid:36581, maxbytes:2
20251110-03:35.43-464857(us) 19435 ! txn_stock_level (tpcc.cc:3398):     ERROR warehouse_id:2, cid:36581, maxbytes:2
20251110-03:35.43-464961(us) 19435 ! txn_stock_level (tpcc.cc:3398):     ERROR warehouse_id:2, cid:36581, maxbytes:2
20251110-03:35.43-465782(us) 19435 ! txn_stock_level (tpcc.cc:3398):     ERROR warehouse_id:2, cid:36581, maxbytes:2
20251110-03:35.43-465940(us) 19435 ! txn_stock_level (tpcc.cc:3398):     ERROR warehouse_id:2, cid:36581, maxbytes:2
20251110-03:35.43-466830(us) 19435 ! txn_stock_level (tpcc.cc:3398):     ERROR warehouse_id:2, cid:36581, maxbytes:2
20251110-03:35.43-466878(us) 19435 ! txn_stock_level (tpcc.cc:3398):     ERROR warehouse_id:2, cid:57047, maxbytes:2
20251110-03:35.43-466899(us) 19435 ! txn_stock_level (tpcc.cc:3398):     ERROR warehouse_id:2, cid:36581, maxbytes:2
20251110-03:35.43-466968(us) 19435 ! txn_stock_level (tpcc.cc:3398):     ERROR warehouse_id:2, cid:57047, maxbytes:2
20251110-03:35.43-468678(us) 19435 ! txn_stock_level (tpcc.cc:3398):     ERROR warehouse_id:2, cid:57047, maxbytes:2
20251110-03:35.43-470228(us) 19435 ! txn_stock_level (tpcc.cc:3398):     ERROR warehouse_id:2, cid:57047, maxbytes:2
20251110-03:35.43-470518(us) 19435 ! txn_stock_level (tpcc.cc:3398):     ERROR warehouse_id:2, cid:57047, maxbytes:2
20251110-03:35.43-471926(us) 19435 ! txn_stock_level (tpcc.cc:3398):     ERROR warehouse_id:2, cid:57047, maxbytes:2
20251110-03:35.43-472172(us) 19435 ! txn_stock_level (tpcc.cc:3398):     ERROR warehouse_id:2, cid:57047, maxbytes:2
20251110-03:35.43-603722(us) 19435 ! txn_stock_level (tpcc.cc:3398):     ERROR warehouse_id:1, cid:12454, maxbytes:2
20251110-03:35.43-603915(us) 19435 ! txn_stock_level (tpcc.cc:3398):     ERROR warehouse_id:1, cid:12454, maxbytes:2
20251110-03:35.43-603929(us) 19435 ! txn_stock_level (tpcc.cc:3398):     ERROR warehouse_id:1, cid:12454, maxbytes:2
20251110-03:35.43-604753(us) 19435 ! txn_stock_level (tpcc.cc:3398):     ERROR warehouse_id:1, cid:12454, maxbytes:2
20251110-03:35.43-605849(us) 19435 ! txn_stock_level (tpcc.cc:3398):     ERROR warehouse_id:1, cid:12454, maxbytes:2
20251110-03:35.43-606024(us) 19435 ! txn_stock_level (tpcc.cc:3398):     ERROR warehouse_id:1, cid:12454, maxbytes:2
20251110-03:35.43-606189(us) 19435 ! txn_stock_level (tpcc.cc:3398):     ERROR warehouse_id:1, cid:12454, maxbytes:2
20251110-03:35.43-606282(us) 19435 ! txn_stock_level (tpcc.cc:3398):     ERROR warehouse_id:1, cid:12454, maxbytes:2
20251110-03:35.43-607475(us) 19435 ! txn_stock_level (tpcc.cc:3398):     ERROR warehouse_id:1, cid:12454, maxbytes:2
20251110-03:35.43-607637(us) 19435 ! txn_stock_level (tpcc.cc:3398):     ERROR warehouse_id:1, cid:12454, maxbytes:2
20251110-03:35.43-609600(us) 19435 ! txn_stock_level (tpcc.cc:3398):     ERROR warehouse_id:1, cid:12454, maxbytes:2
20251110-03:35.43-609664(us) 19435 ! txn_stock_level (tpcc.cc:3398):     ERROR warehouse_id:1, cid:12454, maxbytes:2
20251110-03:35.43-610505(us) 19435 ! txn_stock_level (tpcc.cc:3398):     ERROR warehouse_id:1, cid:12454, maxbytes:2
20251110-03:35.43-610687(us) 19435 ! txn_stock_level (tpcc.cc:3398):     ERROR warehouse_id:1, cid:12454, maxbytes:2
20251110-03:35.43-610850(us) 19435 ! txn_stock_level (tpcc.cc:3398):     ERROR warehouse_id:1, cid:12454, maxbytes:2
20251110-03:35.43-610873(us) 19435 ! txn_stock_level (tpcc.cc:3398):     ERROR warehouse_id:1, cid:12454, maxbytes:2
20251110-03:35.43-610970(us) 19435 ! txn_stock_level (tpcc.cc:3398):     ERROR warehouse_id:1, cid:12454, maxbytes:2
20251110-03:35.43-611211(us) 19435 ! txn_stock_level (tpcc.cc:3398):     ERROR warehouse_id:1, cid:12454, maxbytes:2
20251110-03:35.43-611229(us) 19435 ! txn_stock_level (tpcc.cc:3398):     ERROR warehouse_id:1, cid:12454, maxbytes:2
20251110-03:35.43-628324(us) 19435 ! txn_stock_level (tpcc.cc:3398):     ERROR warehouse_id:1, cid:98023, maxbytes:2
20251110-03:35.43-628592(us) 19435 ! txn_stock_level (tpcc.cc:3398):     ERROR warehouse_id:1, cid:98023, maxbytes:2
20251110-03:35.43-628961(us) 19435 ! txn_stock_level (tpcc.cc:3398):     ERROR warehouse_id:1, cid:98023, maxbytes:2
20251110-03:35.43-629096(us) 19435 ! txn_stock_level (tpcc.cc:3398):     ERROR warehouse_id:1, cid:98023, maxbytes:2
20251110-03:35.43-630206(us) 19435 ! txn_stock_level (tpcc.cc:3398):     ERROR warehouse_id:1, cid:98023, maxbytes:2
20251110-03:35.43-630335(us) 19435 ! txn_stock_level (tpcc.cc:3398):     ERROR warehouse_id:1, cid:98023, maxbytes:2
20251110-03:35.43-631343(us) 19435 ! txn_stock_level (tpcc.cc:3398):     ERROR warehouse_id:1, cid:98023, maxbytes:2
20251110-03:35.43-632451(us) 19435 ! txn_stock_level (tpcc.cc:3398):     ERROR warehouse_id:1, cid:98023, maxbytes:2
20251110-03:35.43-634347(us) 19435 ! txn_stock_level (tpcc.cc:3398):     ERROR warehouse_id:1, cid:98023, maxbytes:2
20251110-03:35.43-635675(us) 19435 ! txn_stock_level (tpcc.cc:3398):     ERROR warehouse_id:1, cid:98023, maxbytes:2
20251110-03:35.43-635704(us) 19435 ! txn_stock_level (tpcc.cc:3398):     ERROR warehouse_id:1, cid:98023, maxbytes:2
20251110-03:35.43-638669(us) 19435 ! txn_stock_level (tpcc.cc:3398):     ERROR warehouse_id:1, cid:98023, maxbytes:2
20251110-03:35.43-638740(us) 19435 ! txn_stock_level (tpcc.cc:3398):     ERROR warehouse_id:1, cid:98023, maxbytes:2
20251110-03:35.43-638796(us) 19435 ! txn_stock_level (tpcc.cc:3398):     ERROR warehouse_id:1, cid:98023, maxbytes:2
20251110-03:35.43-639781(us) 19435 ! txn_stock_level (tpcc.cc:3398):     ERROR warehouse_id:1, cid:98023, maxbytes:2
20251110-03:35.43-639861(us) 19435 ! txn_stock_level (tpcc.cc:3398):     ERROR warehouse_id:1, cid:98023, maxbytes:2
20251110-03:35.43-639909(us) 19435 ! txn_stock_level (tpcc.cc:3398):     ERROR warehouse_id:1, cid:98023, maxbytes:2
20251110-03:35.43-683107(us) 19435 ! txn_stock_level (tpcc.cc:3398):     ERROR warehouse_id:1, cid:16103, maxbytes:2
20251110-03:35.43-683160(us) 19435 ! txn_stock_level (tpcc.cc:3398):     ERROR warehouse_id:1, cid:16103, maxbytes:2
20251110-03:35.43-684181(us) 19435 ! txn_stock_level (tpcc.cc:3398):     ERROR warehouse_id:1, cid:16103, maxbytes:2
20251110-03:35.43-684230(us) 19435 ! txn_stock_level (tpcc.cc:3398):     ERROR warehouse_id:1, cid:16103, maxbytes:2
20251110-03:35.43-684373(us) 19435 ! txn_stock_level (tpcc.cc:3398):     ERROR warehouse_id:1, cid:16103, maxbytes:2
20251110-03:35.43-684396(us) 19435 ! txn_stock_level (tpcc.cc:3398):     ERROR warehouse_id:1, cid:16103, maxbytes:2
20251110-03:35.43-685284(us) 19435 ! txn_stock_level (tpcc.cc:3398):     ERROR warehouse_id:1, cid:16103, maxbytes:2
20251110-03:35.43-685324(us) 19435 ! txn_stock_level (tpcc.cc:3398):     ERROR warehouse_id:1, cid:16103, maxbytes:2
20251110-03:35.43-685686(us) 19435 ! txn_stock_level (tpcc.cc:3398):     ERROR warehouse_id:1, cid:16103, maxbytes:2
20251110-03:35.43-686620(us) 19435 ! txn_stock_level (tpcc.cc:3398):     ERROR warehouse_id:1, cid:16103, maxbytes:2
20251110-03:35.43-687605(us) 19435 ! txn_stock_level (tpcc.cc:3398):     ERROR warehouse_id:1, cid:16103, maxbytes:2
20251110-03:35.43-687677(us) 19435 ! txn_stock_level (tpcc.cc:3398):     ERROR warehouse_id:1, cid:16103, maxbytes:2
20251110-03:35.43-687944(us) 19435 ! txn_stock_level (tpcc.cc:3398):     ERROR warehouse_id:1, cid:16103, maxbytes:2
20251110-03:35.43-688059(us) 19435 ! txn_stock_level (tpcc.cc:3398):     ERROR warehouse_id:1, cid:16103, maxbytes:2
20251110-03:35.43-688075(us) 19435 ! txn_stock_level (tpcc.cc:3398):     ERROR warehouse_id:1, cid:16103, maxbytes:2
20251110-03:35.43-688100(us) 19435 ! txn_stock_level (tpcc.cc:3398):     ERROR warehouse_id:1, cid:16103, maxbytes:2
20251110-03:35.43-688145(us) 19435 ! txn_stock_level (tpcc.cc:3398):     ERROR warehouse_id:1, cid:16103, maxbytes:2
20251110-03:35.44-97381(us) 19435 ! txn_stock_level (tpcc.cc:3398):     ERROR warehouse_id:1, cid:97382, maxbytes:2
20251110-03:35.44-98505(us) 19435 ! txn_stock_level (tpcc.cc:3398):     ERROR warehouse_id:1, cid:97382, maxbytes:2
20251110-03:35.44-98659(us) 19435 ! txn_stock_level (tpcc.cc:3398):     ERROR warehouse_id:1, cid:97382, maxbytes:2
20251110-03:35.44-98937(us) 19435 ! txn_stock_level (tpcc.cc:3398):     ERROR warehouse_id:1, cid:97382, maxbytes:2
20251110-03:35.44-99009(us) 19435 ! txn_stock_level (tpcc.cc:3398):     ERROR warehouse_id:1, cid:97382, maxbytes:2
20251110-03:35.44-145436(us) 19435 ! txn_stock_level (tpcc.cc:3398):     ERROR warehouse_id:1, cid:48867, maxbytes:2
20251110-03:35.44-147218(us) 19435 ! txn_stock_level (tpcc.cc:3398):     ERROR warehouse_id:1, cid:15062, maxbytes:2
20251110-03:35.44-148509(us) 19435 ! txn_stock_level (tpcc.cc:3398):     ERROR warehouse_id:1, cid:15062, maxbytes:2
20251110-03:35.44-148562(us) 19435 ! txn_stock_level (tpcc.cc:3398):     ERROR warehouse_id:1, cid:15062, maxbytes:2
20251110-03:35.44-149643(us) 19435 ! txn_stock_level (tpcc.cc:3398):     ERROR warehouse_id:1, cid:15062, maxbytes:2
20251110-03:35.44-150021(us) 19435 ! txn_stock_level (tpcc.cc:3398):     ERROR warehouse_id:1, cid:15062, maxbytes:2
20251110-03:35.44-152177(us) 19435 ! txn_stock_level (tpcc.cc:3398):     ERROR warehouse_id:1, cid:15062, maxbytes:2
20251110-03:35.44-152273(us) 19435 ! txn_stock_level (tpcc.cc:3398):     ERROR warehouse_id:1, cid:15062, maxbytes:2
20251110-03:35.44-152410(us) 19435 ! txn_stock_level (tpcc.cc:3398):     ERROR warehouse_id:1, cid:15062, maxbytes:2
20251110-03:35.44-152448(us) 19435 ! txn_stock_level (tpcc.cc:3398):     ERROR warehouse_id:1, cid:15062, maxbytes:2
20251110-03:35.44-152796(us) 19435 ! txn_stock_level (tpcc.cc:3398):     ERROR warehouse_id:1, cid:78370, maxbytes:2
20251110-03:35.44-152856(us) 19435 ! txn_stock_level (tpcc.cc:3398):     ERROR warehouse_id:1, cid:15062, maxbytes:2
20251110-03:35.44-153896(us) 19435 ! txn_stock_level (tpcc.cc:3398):     ERROR warehouse_id:1, cid:15062, maxbytes:2
20251110-03:35.44-153994(us) 19435 ! txn_stock_level (tpcc.cc:3398):     ERROR warehouse_id:1, cid:15062, maxbytes:2
20251110-03:35.44-154048(us) 19435 ! txn_stock_level (tpcc.cc:3398):     ERROR warehouse_id:1, cid:15062, maxbytes:2
20251110-03:35.44-155973(us) 19435 ! txn_stock_level (tpcc.cc:3398):     ERROR warehouse_id:1, cid:15062, maxbytes:2
20251110-03:35.44-156205(us) 19435 ! txn_stock_level (tpcc.cc:3398):     ERROR warehouse_id:1, cid:15062, maxbytes:2
20251110-03:35.44-156319(us) 19435 ! txn_stock_level (tpcc.cc:3398):     ERROR warehouse_id:1, cid:15062, maxbytes:2
20251110-03:35.44-157548(us) 19435 ! txn_stock_level (tpcc.cc:3398):     ERROR warehouse_id:1, cid:15062, maxbytes:2
20251110-03:35.44-157647(us) 19435 ! txn_stock_level (tpcc.cc:3398):     ERROR warehouse_id:1, cid:15062, maxbytes:2
20251110-03:35.44-157841(us) 19435 ! txn_stock_level (tpcc.cc:3398):     ERROR warehouse_id:1, cid:15062, maxbytes:2
20251110-03:35.44-157939(us) 19435 ! txn_stock_level (tpcc.cc:3398):     ERROR warehouse_id:1, cid:15062, maxbytes:2
20251110-03:35.44-157991(us) 19435 ! txn_stock_level (tpcc.cc:3398):     ERROR warehouse_id:1, cid:15062, maxbytes:2
20251110-03:35.44-158003(us) 19435 ! txn_stock_level (tpcc.cc:3398):     ERROR warehouse_id:1, cid:15062, maxbytes:2
20251110-03:35.44-217601(us) 19435 ! run             (bench.cc:473):     runtime time left:12000 ms, bool:1
20251110-03:35.44-263041(us) 19435 ! txn_stock_level (tpcc.cc:3398):     ERROR warehouse_id:1, cid:14567, maxbytes:2
20251110-03:35.44-265155(us) 19435 ! txn_stock_level (tpcc.cc:3398):     ERROR warehouse_id:1, cid:14567, maxbytes:2
20251110-03:35.44-266175(us) 19435 ! txn_stock_level (tpcc.cc:3398):     ERROR warehouse_id:1, cid:14567, maxbytes:2
20251110-03:35.44-266269(us) 19435 ! txn_stock_level (tpcc.cc:3398):     ERROR warehouse_id:1, cid:14567, maxbytes:2
20251110-03:35.44-267950(us) 19435 ! txn_stock_level (tpcc.cc:3398):     ERROR warehouse_id:1, cid:14567, maxbytes:2
20251110-03:35.44-267984(us) 19435 ! txn_stock_level (tpcc.cc:3398):     ERROR warehouse_id:1, cid:14567, maxbytes:2
20251110-03:35.44-294842(us) 19435 ! txn_stock_level (tpcc.cc:3398):     ERROR warehouse_id:2, cid:57031, maxbytes:2
20251110-03:35.44-294967(us) 19435 ! txn_stock_level (tpcc.cc:3398):     ERROR warehouse_id:2, cid:57031, maxbytes:2
20251110-03:35.44-294988(us) 19435 ! txn_stock_level (tpcc.cc:3398):     ERROR warehouse_id:2, cid:57031, maxbytes:2
20251110-03:35.44-295160(us) 19435 ! txn_stock_level (tpcc.cc:3398):     ERROR warehouse_id:2, cid:57031, maxbytes:2
20251110-03:35.44-296408(us) 19435 ! txn_stock_level (tpcc.cc:3398):     ERROR warehouse_id:2, cid:57031, maxbytes:2
20251110-03:35.44-303649(us) 19435 ! txn_stock_level (tpcc.cc:3398):     ERROR warehouse_id:1, cid:30439, maxbytes:2
20251110-03:35.44-303794(us) 19435 ! txn_stock_level (tpcc.cc:3398):     ERROR warehouse_id:1, cid:30439, maxbytes:2
20251110-03:35.44-306865(us) 19435 ! txn_stock_level (tpcc.cc:3398):     ERROR warehouse_id:1, cid:30439, maxbytes:2
20251110-03:35.44-308774(us) 19435 ! txn_stock_level (tpcc.cc:3398):     ERROR warehouse_id:1, cid:30439, maxbytes:2
20251110-03:35.44-309717(us) 19435 ! txn_stock_level (tpcc.cc:3398):     ERROR warehouse_id:1, cid:30439, maxbytes:2
20251110-03:35.44-309824(us) 19435 ! txn_stock_level (tpcc.cc:3398):     ERROR warehouse_id:1, cid:30439, maxbytes:2
20251110-03:35.44-309844(us) 19435 ! txn_stock_level (tpcc.cc:3398):     ERROR warehouse_id:1, cid:30439, maxbytes:2
20251110-03:35.44-309904(us) 19435 ! txn_stock_level (tpcc.cc:3398):     ERROR warehouse_id:1, cid:30439, maxbytes:2
20251110-03:35.44-310008(us) 19435 ! txn_stock_level (tpcc.cc:3398):     ERROR warehouse_id:1, cid:30439, maxbytes:2
20251110-03:35.44-311197(us) 19435 ! txn_stock_level (tpcc.cc:3398):     ERROR warehouse_id:1, cid:30439, maxbytes:2
20251110-03:35.44-311229(us) 19435 ! txn_stock_level (tpcc.cc:3398):     ERROR warehouse_id:1, cid:30439, maxbytes:2
20251110-03:35.44-323422(us) 19435 ! txn_stock_level (tpcc.cc:3398):     ERROR warehouse_id:2, cid:46311, maxbytes:2
20251110-03:35.44-323492(us) 19435 ! txn_stock_level (tpcc.cc:3398):     ERROR warehouse_id:2, cid:46311, maxbytes:2
20251110-03:35.44-324464(us) 19435 ! txn_stock_level (tpcc.cc:3398):     ERROR warehouse_id:2, cid:46311, maxbytes:2
20251110-03:35.44-325553(us) 19435 ! txn_stock_level (tpcc.cc:3398):     ERROR warehouse_id:2, cid:46311, maxbytes:2
20251110-03:35.44-325618(us) 19435 ! txn_stock_level (tpcc.cc:3398):     ERROR warehouse_id:2, cid:46311, maxbytes:2
20251110-03:35.44-325700(us) 19435 ! txn_stock_level (tpcc.cc:3398):     ERROR warehouse_id:2, cid:46311, maxbytes:2
20251110-03:35.44-327806(us) 19435 ! txn_stock_level (tpcc.cc:3398):     ERROR warehouse_id:2, cid:46311, maxbytes:2
20251110-03:35.44-328062(us) 19435 ! txn_stock_level (tpcc.cc:3398):     ERROR warehouse_id:2, cid:46311, maxbytes:2
20251110-03:35.44-328080(us) 19435 ! txn_stock_level (tpcc.cc:3398):     ERROR warehouse_id:2, cid:46311, maxbytes:2
20251110-03:35.44-329127(us) 19435 ! txn_stock_level (tpcc.cc:3398):     ERROR warehouse_id:2, cid:46311, maxbytes:2
20251110-03:35.44-329185(us) 19435 ! txn_stock_level (tpcc.cc:3398):     ERROR warehouse_id:2, cid:46311, maxbytes:2
20251110-03:35.44-331491(us) 19435 ! txn_stock_level (tpcc.cc:3398):     ERROR warehouse_id:2, cid:46311, maxbytes:2
20251110-03:35.44-331524(us) 19435 ! txn_stock_level (tpcc.cc:3398):     ERROR warehouse_id:2, cid:46311, maxbytes:2
20251110-03:35.44-332656(us) 19435 ! txn_stock_level (tpcc.cc:3398):     ERROR warehouse_id:2, cid:46311, maxbytes:2
20251110-03:35.44-332876(us) 19435 ! txn_stock_level (tpcc.cc:3398):     ERROR warehouse_id:2, cid:46311, maxbytes:2
20251110-03:35.44-332940(us) 19435 ! txn_stock_level (tpcc.cc:3398):     ERROR warehouse_id:2, cid:46311, maxbytes:2
20251110-03:35.44-333057(us) 19435 ! txn_stock_level (tpcc.cc:3398):     ERROR warehouse_id:2, cid:46311, maxbytes:2
20251110-03:35.44-333109(us) 19435 ! txn_stock_level (tpcc.cc:3398):     ERROR warehouse_id:2, cid:46311, maxbytes:2
20251110-03:35.44-358595(us) 19435 ! txn_stock_level (tpcc.cc:3398):     ERROR warehouse_id:1, cid:89767, maxbytes:2
20251110-03:35.44-358657(us) 19435 ! txn_stock_level (tpcc.cc:3398):     ERROR warehouse_id:1, cid:16103, maxbytes:2
20251110-03:35.44-358703(us) 19435 ! txn_stock_level (tpcc.cc:3398):     ERROR warehouse_id:1, cid:89767, maxbytes:2
20251110-03:35.44-358732(us) 19435 ! txn_stock_level (tpcc.cc:3398):     ERROR warehouse_id:1, cid:89767, maxbytes:2
20251110-03:35.44-359725(us) 19435 ! txn_stock_level (tpcc.cc:3398):     ERROR warehouse_id:1, cid:16103, maxbytes:2
20251110-03:35.44-359813(us) 19435 ! txn_stock_level (tpcc.cc:3398):     ERROR warehouse_id:1, cid:16103, maxbytes:2
20251110-03:35.44-361918(us) 19435 ! txn_stock_level (tpcc.cc:3398):     ERROR warehouse_id:1, cid:16103, maxbytes:2
20251110-03:35.44-363949(us) 19435 ! txn_stock_level (tpcc.cc:3398):     ERROR warehouse_id:1, cid:16103, maxbytes:2
20251110-03:35.44-451831(us) 19435 ! txn_stock_level (tpcc.cc:3398):     ERROR warehouse_id:2, cid:85735, maxbytes:2
20251110-03:35.44-451917(us) 19435 ! txn_stock_level (tpcc.cc:3398):     ERROR warehouse_id:2, cid:85735, maxbytes:2
20251110-03:35.44-451954(us) 19435 ! txn_stock_level (tpcc.cc:3398):     ERROR warehouse_id:2, cid:85735, maxbytes:2
20251110-03:35.44-453016(us) 19435 ! txn_stock_level (tpcc.cc:3398):     ERROR warehouse_id:2, cid:85735, maxbytes:2
20251110-03:35.44-453104(us) 19435 ! txn_stock_level (tpcc.cc:3398):     ERROR warehouse_id:2, cid:85735, maxbytes:2
20251110-03:35.44-455167(us) 19435 ! txn_stock_level (tpcc.cc:3398):     ERROR warehouse_id:2, cid:85735, maxbytes:2
20251110-03:35.44-533064(us) 19435 ! txn_stock_level (tpcc.cc:3398):     ERROR warehouse_id:1, cid:6215, maxbytes:2
20251110-03:35.44-536891(us) 19435 ! txn_stock_level (tpcc.cc:3398):     ERROR warehouse_id:1, cid:81639, maxbytes:2
20251110-03:35.44-756505(us) 19435 ! txn_stock_level (tpcc.cc:3398):     ERROR warehouse_id:1, cid:32215, maxbytes:2
20251110-03:35.44-756604(us) 19435 ! txn_stock_level (tpcc.cc:3398):     ERROR warehouse_id:1, cid:32215, maxbytes:2
20251110-03:35.44-756837(us) 19435 ! txn_stock_level (tpcc.cc:3398):     ERROR warehouse_id:1, cid:32215, maxbytes:2
20251110-03:35.44-756886(us) 19435 ! txn_stock_level (tpcc.cc:3398):     ERROR warehouse_id:1, cid:32215, maxbytes:2
20251110-03:35.44-756925(us) 19435 ! txn_stock_level (tpcc.cc:3398):     ERROR warehouse_id:1, cid:32215, maxbytes:2
20251110-03:35.44-756950(us) 19435 ! txn_stock_level (tpcc.cc:3398):     ERROR warehouse_id:1, cid:32215, maxbytes:2
20251110-03:35.44-757195(us) 19435 ! txn_stock_level (tpcc.cc:3398):     ERROR warehouse_id:1, cid:32215, maxbytes:2
20251110-03:35.44-757348(us) 19435 ! txn_stock_level (tpcc.cc:3398):     ERROR warehouse_id:1, cid:32215, maxbytes:2
20251110-03:35.44-759623(us) 19435 ! txn_stock_level (tpcc.cc:3398):     ERROR warehouse_id:1, cid:32215, maxbytes:2
20251110-03:35.44-759663(us) 19435 ! txn_stock_level (tpcc.cc:3398):     ERROR warehouse_id:1, cid:32215, maxbytes:2
20251110-03:35.44-763080(us) 19435 ! txn_stock_level (tpcc.cc:3398):     ERROR warehouse_id:1, cid:32215, maxbytes:2
20251110-03:35.44-765536(us) 19435 ! txn_stock_level (tpcc.cc:3398):     ERROR warehouse_id:1, cid:32215, maxbytes:2
20251110-03:35.44-765595(us) 19435 ! txn_stock_level (tpcc.cc:3398):     ERROR warehouse_id:1, cid:32215, maxbytes:2
20251110-03:35.44-765769(us) 19435 ! txn_stock_level (tpcc.cc:3398):     ERROR warehouse_id:1, cid:32215, maxbytes:2
20251110-03:35.44-765953(us) 19435 ! txn_stock_level (tpcc.cc:3398):     ERROR warehouse_id:1, cid:32215, maxbytes:2
20251110-03:35.44-766992(us) 19435 ! txn_stock_level (tpcc.cc:3398):     ERROR warehouse_id:1, cid:32215, maxbytes:2
20251110-03:35.44-767100(us) 19435 ! txn_stock_level (tpcc.cc:3398):     ERROR warehouse_id:1, cid:32215, maxbytes:2
20251110-03:35.44-767205(us) 19435 ! txn_stock_level (tpcc.cc:3398):     ERROR warehouse_id:1, cid:32215, maxbytes:2
20251110-03:35.44-767225(us) 19435 ! txn_stock_level (tpcc.cc:3398):     ERROR warehouse_id:1, cid:32215, maxbytes:2
20251110-03:35.44-767557(us) 19435 ! txn_stock_level (tpcc.cc:3398):     ERROR warehouse_id:1, cid:32215, maxbytes:2
20251110-03:35.44-768544(us) 19435 ! txn_stock_level (tpcc.cc:3398):     ERROR warehouse_id:1, cid:32215, maxbytes:2
20251110-03:35.44-768643(us) 19435 ! txn_stock_level (tpcc.cc:3398):     ERROR warehouse_id:1, cid:32215, maxbytes:2
20251110-03:35.44-768664(us) 19435 ! txn_stock_level (tpcc.cc:3398):     ERROR warehouse_id:1, cid:32215, maxbytes:2
20251110-03:35.44-769701(us) 19435 ! txn_stock_level (tpcc.cc:3398):     ERROR warehouse_id:1, cid:32215, maxbytes:2
20251110-03:35.44-769946(us) 19435 ! txn_stock_level (tpcc.cc:3398):     ERROR warehouse_id:1, cid:32215, maxbytes:2
20251110-03:35.44-770148(us) 19435 ! txn_stock_level (tpcc.cc:3398):     ERROR warehouse_id:1, cid:32215, maxbytes:2
20251110-03:35.44-771041(us) 19435 ! txn_stock_level (tpcc.cc:3398):     ERROR warehouse_id:1, cid:32215, maxbytes:2
20251110-03:35.44-771129(us) 19435 ! txn_stock_level (tpcc.cc:3398):     ERROR warehouse_id:1, cid:32215, maxbytes:2
20251110-03:35.44-771217(us) 19435 ! txn_stock_level (tpcc.cc:3398):     ERROR warehouse_id:1, cid:32215, maxbytes:2
20251110-03:35.44-771339(us) 19435 ! txn_stock_level (tpcc.cc:3398):     ERROR warehouse_id:1, cid:32215, maxbytes:2
20251110-03:35.44-771423(us) 19435 ! txn_stock_level (tpcc.cc:3398):     ERROR warehouse_id:1, cid:32215, maxbytes:2
20251110-03:35.44-771631(us) 19435 ! txn_stock_level (tpcc.cc:3398):     ERROR warehouse_id:1, cid:32215, maxbytes:2
20251110-03:35.44-771719(us) 19435 ! txn_stock_level (tpcc.cc:3398):     ERROR warehouse_id:1, cid:32215, maxbytes:2
20251110-03:35.44-771782(us) 19435 ! txn_stock_level (tpcc.cc:3398):     ERROR warehouse_id:1, cid:32215, maxbytes:2
20251110-03:35.44-772411(us) 19435 ! txn_stock_level (tpcc.cc:3398):     ERROR warehouse_id:1, cid:32215, maxbytes:2
20251110-03:35.44-772437(us) 19435 ! txn_stock_level (tpcc.cc:3398):     ERROR warehouse_id:1, cid:32215, maxbytes:2
20251110-03:35.44-773364(us) 19435 ! txn_stock_level (tpcc.cc:3398):     ERROR warehouse_id:1, cid:32215, maxbytes:2
20251110-03:35.44-773437(us) 19435 ! txn_stock_level (tpcc.cc:3398):     ERROR warehouse_id:1, cid:32215, maxbytes:2
20251110-03:35.44-773471(us) 19435 ! txn_stock_level (tpcc.cc:3398):     ERROR warehouse_id:1, cid:32215, maxbytes:2
20251110-03:35.44-773508(us) 19435 ! txn_stock_level (tpcc.cc:3398):     ERROR warehouse_id:1, cid:32215, maxbytes:2
20251110-03:35.44-773601(us) 19435 ! txn_stock_level (tpcc.cc:3398):     ERROR warehouse_id:1, cid:32215, maxbytes:2
20251110-03:35.44-773621(us) 19435 ! txn_stock_level (tpcc.cc:3398):     ERROR warehouse_id:1, cid:32215, maxbytes:2
20251110-03:35.44-773694(us) 19435 ! txn_stock_level (tpcc.cc:3398):     ERROR warehouse_id:1, cid:32215, maxbytes:2
20251110-03:35.44-774891(us) 19435 ! txn_stock_level (tpcc.cc:3398):     ERROR warehouse_id:1, cid:32215, maxbytes:2
20251110-03:35.44-827342(us) 19435 ! txn_stock_level (tpcc.cc:3398):     ERROR warehouse_id:1, cid:52919, maxbytes:2
20251110-03:35.44-827750(us) 19435 ! txn_stock_level (tpcc.cc:3398):     ERROR warehouse_id:1, cid:52919, maxbytes:2
20251110-03:35.44-828094(us) 19435 ! txn_stock_level (tpcc.cc:3398):     ERROR warehouse_id:1, cid:52919, maxbytes:2
20251110-03:35.44-828164(us) 19435 ! txn_stock_level (tpcc.cc:3398):     ERROR warehouse_id:1, cid:52919, maxbytes:2
20251110-03:35.44-829015(us) 19435 ! txn_stock_level (tpcc.cc:3398):     ERROR warehouse_id:1, cid:52919, maxbytes:2
20251110-03:35.44-829067(us) 19435 ! txn_stock_level (tpcc.cc:3398):     ERROR warehouse_id:1, cid:52919, maxbytes:2
20251110-03:35.44-829205(us) 19435 ! txn_stock_level (tpcc.cc:3398):     ERROR warehouse_id:1, cid:52919, maxbytes:2
20251110-03:35.44-829576(us) 19435 ! txn_stock_level (tpcc.cc:3398):     ERROR warehouse_id:1, cid:52919, maxbytes:2
20251110-03:35.44-830511(us) 19435 ! txn_stock_level (tpcc.cc:3398):     ERROR warehouse_id:1, cid:52919, maxbytes:2
20251110-03:35.44-830861(us) 19435 ! txn_stock_level (tpcc.cc:3398):     ERROR warehouse_id:1, cid:52919, maxbytes:2
20251110-03:35.44-830962(us) 19435 ! txn_stock_level (tpcc.cc:3398):     ERROR warehouse_id:1, cid:15047, maxbytes:2
20251110-03:35.44-831005(us) 19435 ! txn_stock_level (tpcc.cc:3398):     ERROR warehouse_id:1, cid:52919, maxbytes:2
20251110-03:35.44-831116(us) 19435 ! txn_stock_level (tpcc.cc:3398):     ERROR warehouse_id:1, cid:52919, maxbytes:2
20251110-03:35.44-831131(us) 19435 ! txn_stock_level (tpcc.cc:3398):     ERROR warehouse_id:1, cid:15047, maxbytes:2
20251110-03:35.44-831340(us) 19435 ! txn_stock_level (tpcc.cc:3398):     ERROR warehouse_id:1, cid:52919, maxbytes:2
20251110-03:35.44-831358(us) 19435 ! txn_stock_level (tpcc.cc:3398):     ERROR warehouse_id:1, cid:52919, maxbytes:2
20251110-03:35.44-832961(us) 19435 ! txn_stock_level (tpcc.cc:3398):     ERROR warehouse_id:1, cid:15047, maxbytes:2
20251110-03:35.44-834206(us) 19435 ! txn_stock_level (tpcc.cc:3398):     ERROR warehouse_id:1, cid:15047, maxbytes:2
20251110-03:35.44-834531(us) 19435 ! txn_stock_level (tpcc.cc:3398):     ERROR warehouse_id:1, cid:15047, maxbytes:2
20251110-03:35.44-834606(us) 19435 ! txn_stock_level (tpcc.cc:3398):     ERROR warehouse_id:1, cid:15047, maxbytes:2
20251110-03:35.44-834707(us) 19435 ! txn_stock_level (tpcc.cc:3398):     ERROR warehouse_id:1, cid:15047, maxbytes:2
20251110-03:35.44-834861(us) 19435 ! txn_stock_level (tpcc.cc:3398):     ERROR warehouse_id:1, cid:15047, maxbytes:2
20251110-03:35.44-835885(us) 19435 ! txn_stock_level (tpcc.cc:3398):     ERROR warehouse_id:1, cid:15047, maxbytes:2
20251110-03:35.44-835989(us) 19435 ! txn_stock_level (tpcc.cc:3398):     ERROR warehouse_id:1, cid:15047, maxbytes:2
20251110-03:35.44-836922(us) 19435 ! txn_stock_level (tpcc.cc:3398):     ERROR warehouse_id:1, cid:15047, maxbytes:2
20251110-03:35.44-836957(us) 19435 ! txn_stock_level (tpcc.cc:3398):     ERROR warehouse_id:1, cid:15047, maxbytes:2
20251110-03:35.44-837233(us) 19435 ! txn_stock_level (tpcc.cc:3398):     ERROR warehouse_id:1, cid:15047, maxbytes:2
20251110-03:35.44-837546(us) 19435 ! txn_stock_level (tpcc.cc:3398):     ERROR warehouse_id:1, cid:15047, maxbytes:2
20251110-03:35.44-838556(us) 19435 ! txn_stock_level (tpcc.cc:3398):     ERROR warehouse_id:1, cid:15047, maxbytes:2
20251110-03:35.44-838644(us) 19435 ! txn_stock_level (tpcc.cc:3398):     ERROR warehouse_id:1, cid:15047, maxbytes:2
20251110-03:35.44-838755(us) 19435 ! txn_stock_level (tpcc.cc:3398):     ERROR warehouse_id:1, cid:15047, maxbytes:2
20251110-03:35.44-838810(us) 19435 ! txn_stock_level (tpcc.cc:3398):     ERROR warehouse_id:1, cid:15047, maxbytes:2
20251110-03:35.44-838909(us) 19435 ! txn_stock_level (tpcc.cc:3398):     ERROR warehouse_id:1, cid:15047, maxbytes:2
20251110-03:35.44-840084(us) 19435 ! txn_stock_level (tpcc.cc:3398):     ERROR warehouse_id:1, cid:15047, maxbytes:2
20251110-03:35.44-840130(us) 19435 ! txn_stock_level (tpcc.cc:3398):     ERROR warehouse_id:1, cid:15047, maxbytes:2
20251110-03:35.44-840139(us) 19435 ! txn_stock_level (tpcc.cc:3398):     ERROR warehouse_id:1, cid:15047, maxbytes:2
20251110-03:35.45-10724(us) 19435 ! txn_stock_level (tpcc.cc:3398):     ERROR warehouse_id:1, cid:65239, maxbytes:2
20251110-03:35.45-10790(us) 19435 ! txn_stock_level (tpcc.cc:3398):     ERROR warehouse_id:1, cid:65239, maxbytes:2
20251110-03:35.45-222984(us) 19435 ! run             (bench.cc:473):     runtime time left:11000 ms, bool:1
20251110-03:35.45-313028(us) 19435 ! txn_stock_level (tpcc.cc:3398):     ERROR warehouse_id:2, cid:32469, maxbytes:2
20251110-03:35.45-313067(us) 19435 ! txn_stock_level (tpcc.cc:3398):     ERROR warehouse_id:2, cid:32469, maxbytes:2
20251110-03:35.45-313092(us) 19435 ! txn_stock_level (tpcc.cc:3398):     ERROR warehouse_id:2, cid:32469, maxbytes:2
20251110-03:35.45-313103(us) 19435 ! txn_stock_level (tpcc.cc:3398):     ERROR warehouse_id:2, cid:32469, maxbytes:2
20251110-03:35.45-313182(us) 19435 ! txn_stock_level (tpcc.cc:3398):     ERROR warehouse_id:2, cid:32469, maxbytes:2
20251110-03:35.45-313385(us) 19435 ! txn_stock_level (tpcc.cc:3398):     ERROR warehouse_id:1, cid:44773, maxbytes:2
20251110-03:35.45-314012(us) 19435 ! txn_stock_level (tpcc.cc:3398):     ERROR warehouse_id:1, cid:44773, maxbytes:2
20251110-03:35.45-314892(us) 19435 ! txn_stock_level (tpcc.cc:3398):     ERROR warehouse_id:1, cid:44773, maxbytes:2
20251110-03:35.45-315450(us) 19435 ! txn_stock_level (tpcc.cc:3398):     ERROR warehouse_id:2, cid:32469, maxbytes:2
20251110-03:35.45-316085(us) 19435 ! txn_stock_level (tpcc.cc:3398):     ERROR warehouse_id:1, cid:44773, maxbytes:2
20251110-03:35.45-316744(us) 19435 ! txn_stock_level (tpcc.cc:3398):     ERROR warehouse_id:2, cid:32469, maxbytes:2
20251110-03:35.45-316789(us) 19435 ! txn_stock_level (tpcc.cc:3398):     ERROR warehouse_id:2, cid:32469, maxbytes:2
20251110-03:35.45-317072(us) 19435 ! txn_stock_level (tpcc.cc:3398):     ERROR warehouse_id:2, cid:32469, maxbytes:2
20251110-03:35.45-317852(us) 19435 ! txn_stock_level (tpcc.cc:3398):     ERROR warehouse_id:1, cid:44773, maxbytes:2
20251110-03:35.45-317906(us) 19435 ! txn_stock_level (tpcc.cc:3398):     ERROR warehouse_id:2, cid:32469, maxbytes:2
20251110-03:35.45-318030(us) 19435 ! txn_stock_level (tpcc.cc:3398):     ERROR warehouse_id:2, cid:32469, maxbytes:2
20251110-03:35.45-318207(us) 19435 ! txn_stock_level (tpcc.cc:3398):     ERROR warehouse_id:1, cid:44773, maxbytes:2
20251110-03:35.45-319214(us) 19435 ! txn_stock_level (tpcc.cc:3398):     ERROR warehouse_id:1, cid:44773, maxbytes:2
20251110-03:35.45-319240(us) 19435 ! txn_stock_level (tpcc.cc:3398):     ERROR warehouse_id:1, cid:44773, maxbytes:2
20251110-03:35.45-319283(us) 19435 ! txn_stock_level (tpcc.cc:3398):     ERROR warehouse_id:1, cid:44773, maxbytes:2
20251110-03:35.45-319301(us) 19435 ! txn_stock_level (tpcc.cc:3398):     ERROR warehouse_id:1, cid:44773, maxbytes:2
20251110-03:35.45-319357(us) 19435 ! txn_stock_level (tpcc.cc:3398):     ERROR warehouse_id:1, cid:44773, maxbytes:2
20251110-03:35.45-319671(us) 19435 ! txn_stock_level (tpcc.cc:3398):     ERROR warehouse_id:1, cid:44773, maxbytes:2
20251110-03:35.45-319765(us) 19435 ! txn_stock_level (tpcc.cc:3398):     ERROR warehouse_id:1, cid:44773, maxbytes:2
20251110-03:35.45-319846(us) 19435 ! txn_stock_level (tpcc.cc:3398):     ERROR warehouse_id:1, cid:44773, maxbytes:2
20251110-03:35.45-319889(us) 19435 ! txn_stock_level (tpcc.cc:3398):     ERROR warehouse_id:1, cid:44773, maxbytes:2
20251110-03:35.45-319944(us) 19435 ! txn_stock_level (tpcc.cc:3398):     ERROR warehouse_id:1, cid:44773, maxbytes:2
20251110-03:35.45-320040(us) 19435 ! txn_stock_level (tpcc.cc:3398):     ERROR warehouse_id:1, cid:44773, maxbytes:2
20251110-03:35.45-321280(us) 19435 ! txn_stock_level (tpcc.cc:3398):     ERROR warehouse_id:1, cid:44773, maxbytes:2
20251110-03:35.45-321405(us) 19435 ! txn_stock_level (tpcc.cc:3398):     ERROR warehouse_id:1, cid:44773, maxbytes:2
20251110-03:35.45-321421(us) 19435 ! txn_stock_level (tpcc.cc:3398):     ERROR warehouse_id:1, cid:44773, maxbytes:2
20251110-03:35.45-321626(us) 19435 ! txn_stock_level (tpcc.cc:3398):     ERROR warehouse_id:1, cid:44773, maxbytes:2
20251110-03:35.45-323111(us) 19435 ! txn_stock_level (tpcc.cc:3398):     ERROR warehouse_id:1, cid:44773, maxbytes:2
20251110-03:35.45-323235(us) 19435 ! txn_stock_level (tpcc.cc:3398):     ERROR warehouse_id:1, cid:44773, maxbytes:2
20251110-03:35.45-323256(us) 19435 ! txn_stock_level (tpcc.cc:3398):     ERROR warehouse_id:1, cid:44773, maxbytes:2
20251110-03:35.45-325684(us) 19435 ! txn_stock_level (tpcc.cc:3398):     ERROR warehouse_id:1, cid:44773, maxbytes:2
20251110-03:35.45-326648(us) 19435 ! txn_stock_level (tpcc.cc:3398):     ERROR warehouse_id:1, cid:44773, maxbytes:2
20251110-03:35.45-326722(us) 19435 ! txn_stock_level (tpcc.cc:3398):     ERROR warehouse_id:1, cid:44773, maxbytes:2
20251110-03:35.45-326792(us) 19435 ! txn_stock_level (tpcc.cc:3398):     ERROR warehouse_id:1, cid:44773, maxbytes:2
20251110-03:35.45-326894(us) 19435 ! txn_stock_level (tpcc.cc:3398):     ERROR warehouse_id:1, cid:44773, maxbytes:2
20251110-03:35.45-328068(us) 19435 ! txn_stock_level (tpcc.cc:3398):     ERROR warehouse_id:1, cid:44773, maxbytes:2
20251110-03:35.45-328195(us) 19435 ! txn_stock_level (tpcc.cc:3398):     ERROR warehouse_id:1, cid:44773, maxbytes:2
20251110-03:35.45-506780(us) 19435 ! txn_stock_level (tpcc.cc:3398):     ERROR warehouse_id:1, cid:73447, maxbytes:2
20251110-03:35.45-507155(us) 19435 ! txn_stock_level (tpcc.cc:3398):     ERROR warehouse_id:1, cid:73447, maxbytes:2
20251110-03:35.45-507226(us) 19435 ! txn_stock_level (tpcc.cc:3398):     ERROR warehouse_id:1, cid:73447, maxbytes:2
20251110-03:35.45-507270(us) 19435 ! txn_stock_level (tpcc.cc:3398):     ERROR warehouse_id:1, cid:73447, maxbytes:2
20251110-03:35.45-507308(us) 19435 ! txn_stock_level (tpcc.cc:3398):     ERROR warehouse_id:1, cid:73447, maxbytes:2
20251110-03:35.45-508727(us) 19435 ! txn_stock_level (tpcc.cc:3398):     ERROR warehouse_id:1, cid:73447, maxbytes:2
20251110-03:35.45-508909(us) 19435 ! txn_stock_level (tpcc.cc:3398):     ERROR warehouse_id:1, cid:16039, maxbytes:2
20251110-03:35.45-509017(us) 19435 ! txn_stock_level (tpcc.cc:3398):     ERROR warehouse_id:1, cid:16039, maxbytes:2
20251110-03:35.45-509043(us) 19435 ! txn_stock_level (tpcc.cc:3398):     ERROR warehouse_id:1, cid:16039, maxbytes:2
20251110-03:35.45-509214(us) 19435 ! txn_stock_level (tpcc.cc:3398):     ERROR warehouse_id:1, cid:16039, maxbytes:2
20251110-03:35.45-645859(us) 19435 ! txn_stock_level (tpcc.cc:3398):     ERROR warehouse_id:1, cid:32359, maxbytes:2
20251110-03:35.45-645908(us) 19435 ! txn_stock_level (tpcc.cc:3398):     ERROR warehouse_id:1, cid:32359, maxbytes:2
20251110-03:35.45-646039(us) 19435 ! txn_stock_level (tpcc.cc:3398):     ERROR warehouse_id:1, cid:32359, maxbytes:2
20251110-03:35.45-648061(us) 19435 ! txn_stock_level (tpcc.cc:3398):     ERROR warehouse_id:1, cid:32359, maxbytes:2
20251110-03:35.45-648219(us) 19435 ! txn_stock_level (tpcc.cc:3398):     ERROR warehouse_id:1, cid:32359, maxbytes:2
20251110-03:35.45-649324(us) 19435 ! txn_stock_level (tpcc.cc:3398):     ERROR warehouse_id:1, cid:32359, maxbytes:2
20251110-03:35.45-652033(us) 19435 ! txn_stock_level (tpcc.cc:3398):     ERROR warehouse_id:1, cid:32359, maxbytes:2
20251110-03:35.45-653094(us) 19435 ! txn_stock_level (tpcc.cc:3398):     ERROR warehouse_id:1, cid:32359, maxbytes:2
20251110-03:35.45-654279(us) 19435 ! txn_stock_level (tpcc.cc:3398):     ERROR warehouse_id:1, cid:1094, maxbytes:2
20251110-03:35.45-655225(us) 19435 ! txn_stock_level (tpcc.cc:3398):     ERROR warehouse_id:1, cid:1094, maxbytes:2
20251110-03:35.45-655295(us) 19435 ! txn_stock_level (tpcc.cc:3398):     ERROR warehouse_id:1, cid:1094, maxbytes:2
20251110-03:35.45-655342(us) 19435 ! txn_stock_level (tpcc.cc:3398):     ERROR warehouse_id:1, cid:1094, maxbytes:2
20251110-03:35.45-656283(us) 19435 ! txn_stock_level (tpcc.cc:3398):     ERROR warehouse_id:1, cid:1094, maxbytes:2
20251110-03:35.45-659764(us) 19435 ! txn_stock_level (tpcc.cc:3398):     ERROR warehouse_id:1, cid:1094, maxbytes:2
20251110-03:35.45-660539(us) 19435 ! txn_stock_level (tpcc.cc:3398):     ERROR warehouse_id:1, cid:1094, maxbytes:2
20251110-03:35.45-660940(us) 19435 ! txn_stock_level (tpcc.cc:3398):     ERROR warehouse_id:1, cid:1094, maxbytes:2
20251110-03:35.45-660973(us) 19435 ! txn_stock_level (tpcc.cc:3398):     ERROR warehouse_id:1, cid:1094, maxbytes:2
20251110-03:35.45-663044(us) 19435 ! txn_stock_level (tpcc.cc:3398):     ERROR warehouse_id:1, cid:1094, maxbytes:2
20251110-03:35.45-663236(us) 19435 ! txn_stock_level (tpcc.cc:3398):     ERROR warehouse_id:1, cid:1094, maxbytes:2
20251110-03:35.45-663261(us) 19435 ! txn_stock_level (tpcc.cc:3398):     ERROR warehouse_id:1, cid:1094, maxbytes:2
20251110-03:35.45-664182(us) 19435 ! txn_stock_level (tpcc.cc:3398):     ERROR warehouse_id:1, cid:1094, maxbytes:2
20251110-03:35.45-665279(us) 19435 ! txn_stock_level (tpcc.cc:3398):     ERROR warehouse_id:1, cid:1094, maxbytes:2
20251110-03:35.45-665319(us) 19435 ! txn_stock_level (tpcc.cc:3398):     ERROR warehouse_id:1, cid:1094, maxbytes:2
20251110-03:35.45-665460(us) 19435 ! txn_stock_level (tpcc.cc:3398):     ERROR warehouse_id:1, cid:1094, maxbytes:2
20251110-03:35.45-665569(us) 19435 ! txn_stock_level (tpcc.cc:3398):     ERROR warehouse_id:1, cid:1094, maxbytes:2
20251110-03:35.45-665628(us) 19435 ! txn_stock_level (tpcc.cc:3398):     ERROR warehouse_id:1, cid:1094, maxbytes:2
20251110-03:35.45-674866(us) 19435 ! txn_stock_level (tpcc.cc:3398):     ERROR warehouse_id:1, cid:52964, maxbytes:2
20251110-03:35.45-677154(us) 19435 ! txn_stock_level (tpcc.cc:3398):     ERROR warehouse_id:1, cid:52964, maxbytes:2
20251110-03:35.45-677264(us) 19435 ! txn_stock_level (tpcc.cc:3398):     ERROR warehouse_id:1, cid:52964, maxbytes:2
20251110-03:35.45-677442(us) 19435 ! txn_stock_level (tpcc.cc:3398):     ERROR warehouse_id:1, cid:52964, maxbytes:2
20251110-03:35.45-677455(us) 19435 ! txn_stock_level (tpcc.cc:3398):     ERROR warehouse_id:1, cid:52964, maxbytes:2
20251110-03:35.45-677701(us) 19435 ! txn_stock_level (tpcc.cc:3398):     ERROR warehouse_id:1, cid:52964, maxbytes:2
20251110-03:35.45-677772(us) 19435 ! txn_stock_level (tpcc.cc:3398):     ERROR warehouse_id:1, cid:52964, maxbytes:2
20251110-03:35.45-678808(us) 19435 ! txn_stock_level (tpcc.cc:3398):     ERROR warehouse_id:1, cid:52964, maxbytes:2
20251110-03:35.45-679659(us) 19435 ! txn_stock_level (tpcc.cc:3398):     ERROR warehouse_id:1, cid:52964, maxbytes:2
20251110-03:35.45-679841(us) 19435 ! txn_stock_level (tpcc.cc:3398):     ERROR warehouse_id:1, cid:52964, maxbytes:2
20251110-03:35.45-680863(us) 19435 ! txn_stock_level (tpcc.cc:3398):     ERROR warehouse_id:1, cid:52964, maxbytes:2
20251110-03:35.45-680904(us) 19435 ! txn_stock_level (tpcc.cc:3398):     ERROR warehouse_id:1, cid:52964, maxbytes:2
20251110-03:35.45-681777(us) 19435 ! txn_stock_level (tpcc.cc:3398):     ERROR warehouse_id:1, cid:52964, maxbytes:2
20251110-03:35.45-681907(us) 19435 ! txn_stock_level (tpcc.cc:3398):     ERROR warehouse_id:1, cid:52964, maxbytes:2
20251110-03:35.45-681965(us) 19435 ! txn_stock_level (tpcc.cc:3398):     ERROR warehouse_id:1, cid:52964, maxbytes:2
20251110-03:35.45-682059(us) 19435 ! txn_stock_level (tpcc.cc:3398):     ERROR warehouse_id:1, cid:52964, maxbytes:2
20251110-03:35.45-682118(us) 19435 ! txn_stock_level (tpcc.cc:3398):     ERROR warehouse_id:1, cid:52964, maxbytes:2
20251110-03:35.45-682386(us) 19435 ! txn_stock_level (tpcc.cc:3398):     ERROR warehouse_id:1, cid:52964, maxbytes:2
20251110-03:35.45-682400(us) 19435 ! txn_stock_level (tpcc.cc:3398):     ERROR warehouse_id:1, cid:52964, maxbytes:2
20251110-03:35.45-682407(us) 19435 ! txn_stock_level (tpcc.cc:3398):     ERROR warehouse_id:1, cid:52964, maxbytes:2
20251110-03:35.45-683681(us) 19435 ! txn_stock_level (tpcc.cc:3398):     ERROR warehouse_id:1, cid:73439, maxbytes:2
20251110-03:35.45-683743(us) 19435 ! txn_stock_level (tpcc.cc:3398):     ERROR warehouse_id:1, cid:73439, maxbytes:2
20251110-03:35.45-683761(us) 19435 ! txn_stock_level (tpcc.cc:3398):     ERROR warehouse_id:1, cid:73439, maxbytes:2
20251110-03:35.45-684847(us) 19435 ! txn_stock_level (tpcc.cc:3398):     ERROR warehouse_id:1, cid:73439, maxbytes:2
20251110-03:35.45-684931(us) 19435 ! txn_stock_level (tpcc.cc:3398):     ERROR warehouse_id:1, cid:73439, maxbytes:2
20251110-03:35.45-685038(us) 19435 ! txn_stock_level (tpcc.cc:3398):     ERROR warehouse_id:1, cid:73439, maxbytes:2
20251110-03:35.45-700310(us) 19435 ! txn_stock_level (tpcc.cc:3398):     ERROR warehouse_id:1, cid:81635, maxbytes:2
20251110-03:35.45-700388(us) 19435 ! txn_stock_level (tpcc.cc:3398):     ERROR warehouse_id:1, cid:81635, maxbytes:2
20251110-03:35.45-744398(us) 19435 ! txn_stock_level (tpcc.cc:3398):     ERROR warehouse_id:2, cid:24255, maxbytes:2
20251110-03:35.45-756464(us) 19435 ! txn_stock_level (tpcc.cc:3398):     ERROR warehouse_id:2, cid:27879, maxbytes:2
20251110-03:35.45-756508(us) 19435 ! txn_stock_level (tpcc.cc:3398):     ERROR warehouse_id:2, cid:27879, maxbytes:2
20251110-03:35.45-757322(us) 19435 ! txn_stock_level (tpcc.cc:3398):     ERROR warehouse_id:2, cid:27879, maxbytes:2
20251110-03:35.46-65874(us) 19435 ! txn_stock_level (tpcc.cc:3398):     ERROR warehouse_id:2, cid:65119, maxbytes:2
20251110-03:35.46-66027(us) 19435 ! txn_stock_level (tpcc.cc:3398):     ERROR warehouse_id:2, cid:65119, maxbytes:2
20251110-03:35.46-66099(us) 19435 ! txn_stock_level (tpcc.cc:3398):     ERROR warehouse_id:2, cid:65119, maxbytes:2
20251110-03:35.46-66290(us) 19435 ! txn_stock_level (tpcc.cc:3398):     ERROR warehouse_id:2, cid:65119, maxbytes:2
20251110-03:35.46-66326(us) 19435 ! txn_stock_level (tpcc.cc:3398):     ERROR warehouse_id:2, cid:65119, maxbytes:2
20251110-03:35.46-67231(us) 19435 ! txn_stock_level (tpcc.cc:3398):     ERROR warehouse_id:2, cid:65119, maxbytes:2
20251110-03:35.46-67399(us) 19435 ! txn_stock_level (tpcc.cc:3398):     ERROR warehouse_id:2, cid:65119, maxbytes:2
20251110-03:35.46-67459(us) 19435 ! txn_stock_level (tpcc.cc:3398):     ERROR warehouse_id:2, cid:65119, maxbytes:2
20251110-03:35.46-67544(us) 19435 ! txn_stock_level (tpcc.cc:3398):     ERROR warehouse_id:2, cid:65119, maxbytes:2
20251110-03:35.46-67608(us) 19435 ! txn_stock_level (tpcc.cc:3398):     ERROR warehouse_id:2, cid:65119, maxbytes:2
20251110-03:35.46-68528(us) 19435 ! txn_stock_level (tpcc.cc:3398):     ERROR warehouse_id:2, cid:65119, maxbytes:2
20251110-03:35.46-69517(us) 19435 ! txn_stock_level (tpcc.cc:3398):     ERROR warehouse_id:2, cid:65119, maxbytes:2
20251110-03:35.46-69565(us) 19435 ! txn_stock_level (tpcc.cc:3398):     ERROR warehouse_id:2, cid:65119, maxbytes:2
20251110-03:35.46-70895(us) 19435 ! txn_stock_level (tpcc.cc:3398):     ERROR warehouse_id:2, cid:65119, maxbytes:2
20251110-03:35.46-70982(us) 19435 ! txn_stock_level (tpcc.cc:3398):     ERROR warehouse_id:2, cid:65119, maxbytes:2
20251110-03:35.46-71009(us) 19435 ! txn_stock_level (tpcc.cc:3398):     ERROR warehouse_id:2, cid:65119, maxbytes:2
20251110-03:35.46-71953(us) 19435 ! txn_stock_level (tpcc.cc:3398):     ERROR warehouse_id:2, cid:65119, maxbytes:2
20251110-03:35.46-71986(us) 19435 ! txn_stock_level (tpcc.cc:3398):     ERROR warehouse_id:2, cid:65119, maxbytes:2
20251110-03:35.46-72146(us) 19435 ! txn_stock_level (tpcc.cc:3398):     ERROR warehouse_id:2, cid:65119, maxbytes:2
20251110-03:35.46-72170(us) 19435 ! txn_stock_level (tpcc.cc:3398):     ERROR warehouse_id:2, cid:65119, maxbytes:2
20251110-03:35.46-73033(us) 19435 ! txn_stock_level (tpcc.cc:3398):     ERROR warehouse_id:2, cid:65119, maxbytes:2
20251110-03:35.46-73125(us) 19435 ! txn_stock_level (tpcc.cc:3398):     ERROR warehouse_id:2, cid:65119, maxbytes:2
20251110-03:35.46-73259(us) 19435 ! txn_stock_level (tpcc.cc:3398):     ERROR warehouse_id:2, cid:65119, maxbytes:2
20251110-03:35.46-73272(us) 19435 ! txn_stock_level (tpcc.cc:3398):     ERROR warehouse_id:2, cid:65119, maxbytes:2
20251110-03:35.46-73297(us) 19435 ! txn_stock_level (tpcc.cc:3398):     ERROR warehouse_id:2, cid:65119, maxbytes:2
20251110-03:35.46-73394(us) 19435 ! txn_stock_level (tpcc.cc:3398):     ERROR warehouse_id:2, cid:65119, maxbytes:2
20251110-03:35.46-73441(us) 19435 ! txn_stock_level (tpcc.cc:3398):     ERROR warehouse_id:2, cid:65119, maxbytes:2
20251110-03:35.46-75601(us) 19435 ! txn_stock_level (tpcc.cc:3398):     ERROR warehouse_id:2, cid:65119, maxbytes:2
20251110-03:35.46-75703(us) 19435 ! txn_stock_level (tpcc.cc:3398):     ERROR warehouse_id:2, cid:65119, maxbytes:2
20251110-03:35.46-75728(us) 19435 ! txn_stock_level (tpcc.cc:3398):     ERROR warehouse_id:2, cid:65119, maxbytes:2
20251110-03:35.46-77260(us) 19435 ! txn_stock_level (tpcc.cc:3398):     ERROR warehouse_id:2, cid:65119, maxbytes:2
20251110-03:35.46-79407(us) 19435 ! txn_stock_level (tpcc.cc:3398):     ERROR warehouse_id:2, cid:65119, maxbytes:2
20251110-03:35.46-79794(us) 19435 ! txn_stock_level (tpcc.cc:3398):     ERROR warehouse_id:2, cid:65119, maxbytes:2
20251110-03:35.46-79841(us) 19435 ! txn_stock_level (tpcc.cc:3398):     ERROR warehouse_id:2, cid:65119, maxbytes:2
20251110-03:35.46-79928(us) 19435 ! txn_stock_level (tpcc.cc:3398):     ERROR warehouse_id:2, cid:65119, maxbytes:2
20251110-03:35.46-86150(us) 19435 ! txn_stock_level (tpcc.cc:3398):     ERROR warehouse_id:2, cid:65119, maxbytes:2
20251110-03:35.46-86264(us) 19435 ! txn_stock_level (tpcc.cc:3398):     ERROR warehouse_id:2, cid:65119, maxbytes:2
20251110-03:35.46-86380(us) 19435 ! txn_stock_level (tpcc.cc:3398):     ERROR warehouse_id:2, cid:65119, maxbytes:2
20251110-03:35.46-93576(us) 19435 ! txn_stock_level (tpcc.cc:3398):     ERROR warehouse_id:2, cid:6199, maxbytes:2
20251110-03:35.46-93696(us) 19435 ! txn_stock_level (tpcc.cc:3398):     ERROR warehouse_id:2, cid:6199, maxbytes:2
20251110-03:35.46-95020(us) 19435 ! txn_stock_level (tpcc.cc:3398):     ERROR warehouse_id:2, cid:6199, maxbytes:2
20251110-03:35.46-96138(us) 19435 ! txn_stock_level (tpcc.cc:3398):     ERROR warehouse_id:2, cid:6199, maxbytes:2
20251110-03:35.46-98215(us) 19435 ! txn_stock_level (tpcc.cc:3398):     ERROR warehouse_id:2, cid:6199, maxbytes:2
20251110-03:35.46-98389(us) 19435 ! txn_stock_level (tpcc.cc:3398):     ERROR warehouse_id:2, cid:6199, maxbytes:2
20251110-03:35.46-98415(us) 19435 ! txn_stock_level (tpcc.cc:3398):     ERROR warehouse_id:2, cid:6199, maxbytes:2
20251110-03:35.46-100220(us) 19435 ! txn_stock_level (tpcc.cc:3398):     ERROR warehouse_id:2, cid:6199, maxbytes:2
20251110-03:35.46-101350(us) 19435 ! txn_stock_level (tpcc.cc:3398):     ERROR warehouse_id:2, cid:6199, maxbytes:2
20251110-03:35.46-101483(us) 19435 ! txn_stock_level (tpcc.cc:3398):     ERROR warehouse_id:2, cid:6199, maxbytes:2
20251110-03:35.46-101693(us) 19435 ! txn_stock_level (tpcc.cc:3398):     ERROR warehouse_id:2, cid:6199, maxbytes:2
20251110-03:35.46-101805(us) 19435 ! txn_stock_level (tpcc.cc:3398):     ERROR warehouse_id:2, cid:6199, maxbytes:2
20251110-03:35.46-103615(us) 19435 ! txn_stock_level (tpcc.cc:3398):     ERROR warehouse_id:2, cid:6199, maxbytes:2
20251110-03:35.46-103675(us) 19435 ! txn_stock_level (tpcc.cc:3398):     ERROR warehouse_id:2, cid:6199, maxbytes:2
20251110-03:35.46-103702(us) 19435 ! txn_stock_level (tpcc.cc:3398):     ERROR warehouse_id:2, cid:6199, maxbytes:2
20251110-03:35.46-103771(us) 19435 ! txn_stock_level (tpcc.cc:3398):     ERROR warehouse_id:2, cid:6199, maxbytes:2
20251110-03:35.46-104781(us) 19435 ! txn_stock_level (tpcc.cc:3398):     ERROR warehouse_id:2, cid:6199, maxbytes:2
20251110-03:35.46-107730(us) 19435 ! txn_stock_level (tpcc.cc:3398):     ERROR warehouse_id:2, cid:6199, maxbytes:2
20251110-03:35.46-107813(us) 19435 ! txn_stock_level (tpcc.cc:3398):     ERROR warehouse_id:2, cid:6199, maxbytes:2
20251110-03:35.46-108173(us) 19435 ! txn_stock_level (tpcc.cc:3398):     ERROR warehouse_id:2, cid:6199, maxbytes:2
20251110-03:35.46-108411(us) 19435 ! txn_stock_level (tpcc.cc:3398):     ERROR warehouse_id:2, cid:6199, maxbytes:2
20251110-03:35.46-108793(us) 19435 ! txn_stock_level (tpcc.cc:3398):     ERROR warehouse_id:2, cid:6199, maxbytes:2
20251110-03:35.46-108886(us) 19435 ! txn_stock_level (tpcc.cc:3398):     ERROR warehouse_id:2, cid:6199, maxbytes:2
20251110-03:35.46-109901(us) 19435 ! txn_stock_level (tpcc.cc:3398):     ERROR warehouse_id:2, cid:6199, maxbytes:2
20251110-03:35.46-111054(us) 19435 ! txn_stock_level (tpcc.cc:3398):     ERROR warehouse_id:2, cid:6199, maxbytes:2
20251110-03:35.46-228759(us) 19435 ! run             (bench.cc:473):     runtime time left:10000 ms, bool:1
20251110-03:35.46-358692(us) 19435 ! txn_stock_level (tpcc.cc:3398):     ERROR warehouse_id:2, cid:73445, maxbytes:2
20251110-03:35.46-358883(us) 19435 ! txn_stock_level (tpcc.cc:3398):     ERROR warehouse_id:2, cid:73445, maxbytes:2
20251110-03:35.46-359137(us) 19435 ! txn_stock_level (tpcc.cc:3398):     ERROR warehouse_id:2, cid:73445, maxbytes:2
20251110-03:35.46-359164(us) 19435 ! txn_stock_level (tpcc.cc:3398):     ERROR warehouse_id:2, cid:73445, maxbytes:2
20251110-03:35.46-359197(us) 19435 ! txn_stock_level (tpcc.cc:3398):     ERROR warehouse_id:2, cid:73445, maxbytes:2
20251110-03:35.46-359326(us) 19435 ! txn_stock_level (tpcc.cc:3398):     ERROR warehouse_id:2, cid:73445, maxbytes:2
20251110-03:35.46-360575(us) 19435 ! txn_stock_level (tpcc.cc:3398):     ERROR warehouse_id:2, cid:73445, maxbytes:2
20251110-03:35.46-360634(us) 19435 ! txn_stock_level (tpcc.cc:3398):     ERROR warehouse_id:2, cid:73445, maxbytes:2
20251110-03:35.46-360733(us) 19435 ! txn_stock_level (tpcc.cc:3398):     ERROR warehouse_id:2, cid:73445, maxbytes:2
20251110-03:35.46-360754(us) 19435 ! txn_stock_level (tpcc.cc:3398):     ERROR warehouse_id:2, cid:73445, maxbytes:2
20251110-03:35.46-361102(us) 19435 ! txn_stock_level (tpcc.cc:3398):     ERROR warehouse_id:2, cid:73445, maxbytes:2
20251110-03:35.46-361122(us) 19435 ! txn_stock_level (tpcc.cc:3398):     ERROR warehouse_id:2, cid:73445, maxbytes:2
20251110-03:35.46-361170(us) 19435 ! txn_stock_level (tpcc.cc:3398):     ERROR warehouse_id:2, cid:73445, maxbytes:2
20251110-03:35.46-361250(us) 19435 ! txn_stock_level (tpcc.cc:3398):     ERROR warehouse_id:2, cid:73445, maxbytes:2
20251110-03:35.46-362616(us) 19435 ! txn_stock_level (tpcc.cc:3398):     ERROR warehouse_id:2, cid:73445, maxbytes:2
20251110-03:35.46-363757(us) 19435 ! txn_stock_level (tpcc.cc:3398):     ERROR warehouse_id:2, cid:73445, maxbytes:2
20251110-03:35.46-364137(us) 19435 ! txn_stock_level (tpcc.cc:3398):     ERROR warehouse_id:2, cid:73445, maxbytes:2
20251110-03:35.46-364176(us) 19435 ! txn_stock_level (tpcc.cc:3398):     ERROR warehouse_id:2, cid:73445, maxbytes:2
20251110-03:35.46-364290(us) 19435 ! txn_stock_level (tpcc.cc:3398):     ERROR warehouse_id:2, cid:73445, maxbytes:2
20251110-03:35.46-364626(us) 19435 ! txn_stock_level (tpcc.cc:3398):     ERROR warehouse_id:2, cid:73445, maxbytes:2
20251110-03:35.46-364714(us) 19435 ! txn_stock_level (tpcc.cc:3398):     ERROR warehouse_id:2, cid:73445, maxbytes:2
20251110-03:35.46-364759(us) 19435 ! txn_stock_level (tpcc.cc:3398):     ERROR warehouse_id:2, cid:73445, maxbytes:2
20251110-03:35.46-366054(us) 19435 ! txn_stock_level (tpcc.cc:3398):     ERROR warehouse_id:2, cid:73445, maxbytes:2
20251110-03:35.46-481438(us) 19435 ! txn_stock_level (tpcc.cc:3398):     ERROR warehouse_id:2, cid:69347, maxbytes:2
20251110-03:35.46-481461(us) 19435 ! txn_stock_level (tpcc.cc:3398):     ERROR warehouse_id:2, cid:69347, maxbytes:2
20251110-03:35.46-481500(us) 19435 ! txn_stock_level (tpcc.cc:3398):     ERROR warehouse_id:2, cid:69347, maxbytes:2
20251110-03:35.46-481573(us) 19435 ! txn_stock_level (tpcc.cc:3398):     ERROR warehouse_id:2, cid:69347, maxbytes:2
20251110-03:35.46-481611(us) 19435 ! txn_stock_level (tpcc.cc:3398):     ERROR warehouse_id:2, cid:69347, maxbytes:2
20251110-03:35.46-481637(us) 19435 ! txn_stock_level (tpcc.cc:3398):     ERROR warehouse_id:2, cid:69347, maxbytes:2
20251110-03:35.46-481661(us) 19435 ! txn_stock_level (tpcc.cc:3398):     ERROR warehouse_id:2, cid:69347, maxbytes:2
20251110-03:35.46-481895(us) 19435 ! txn_stock_level (tpcc.cc:3398):     ERROR warehouse_id:2, cid:69347, maxbytes:2
20251110-03:35.46-481908(us) 19435 ! txn_stock_level (tpcc.cc:3398):     ERROR warehouse_id:2, cid:69347, maxbytes:2
20251110-03:35.46-481966(us) 19435 ! txn_stock_level (tpcc.cc:3398):     ERROR warehouse_id:2, cid:69347, maxbytes:2
20251110-03:35.46-482839(us) 19435 ! txn_stock_level (tpcc.cc:3398):     ERROR warehouse_id:2, cid:69347, maxbytes:2
20251110-03:35.46-482910(us) 19435 ! txn_stock_level (tpcc.cc:3398):     ERROR warehouse_id:2, cid:69347, maxbytes:2
20251110-03:35.46-483967(us) 19435 ! txn_stock_level (tpcc.cc:3398):     ERROR warehouse_id:2, cid:69347, maxbytes:2
20251110-03:35.46-488226(us) 19435 ! txn_stock_level (tpcc.cc:3398):     ERROR warehouse_id:1, cid:22246, maxbytes:2
20251110-03:35.46-489446(us) 19435 ! txn_stock_level (tpcc.cc:3398):     ERROR warehouse_id:1, cid:22246, maxbytes:2
20251110-03:35.46-489693(us) 19435 ! txn_stock_level (tpcc.cc:3398):     ERROR warehouse_id:1, cid:22246, maxbytes:2
20251110-03:35.46-490209(us) 19435 ! txn_stock_level (tpcc.cc:3398):     ERROR warehouse_id:1, cid:22246, maxbytes:2
20251110-03:35.46-490272(us) 19435 ! txn_stock_level (tpcc.cc:3398):     ERROR warehouse_id:1, cid:22246, maxbytes:2
20251110-03:35.46-492104(us) 19435 ! txn_stock_level (tpcc.cc:3398):     ERROR warehouse_id:1, cid:22246, maxbytes:2
20251110-03:35.46-492971(us) 19435 ! txn_stock_level (tpcc.cc:3398):     ERROR warehouse_id:1, cid:22246, maxbytes:2
20251110-03:35.46-492995(us) 19435 ! txn_stock_level (tpcc.cc:3398):     ERROR warehouse_id:1, cid:22246, maxbytes:2
20251110-03:35.46-493897(us) 19435 ! txn_stock_level (tpcc.cc:3398):     ERROR warehouse_id:1, cid:22246, maxbytes:2
20251110-03:35.46-496058(us) 19435 ! txn_stock_level (tpcc.cc:3398):     ERROR warehouse_id:1, cid:22246, maxbytes:2
20251110-03:35.46-496142(us) 19435 ! txn_stock_level (tpcc.cc:3398):     ERROR warehouse_id:1, cid:22246, maxbytes:2
20251110-03:35.46-496167(us) 19435 ! txn_stock_level (tpcc.cc:3398):     ERROR warehouse_id:1, cid:22246, maxbytes:2
20251110-03:35.46-498611(us) 19435 ! txn_stock_level (tpcc.cc:3398):     ERROR warehouse_id:1, cid:22246, maxbytes:2
20251110-03:35.46-498703(us) 19435 ! txn_stock_level (tpcc.cc:3398):     ERROR warehouse_id:1, cid:22246, maxbytes:2
20251110-03:35.46-498913(us) 19435 ! txn_stock_level (tpcc.cc:3398):     ERROR warehouse_id:1, cid:22246, maxbytes:2
20251110-03:35.46-498957(us) 19435 ! txn_stock_level (tpcc.cc:3398):     ERROR warehouse_id:1, cid:22246, maxbytes:2
20251110-03:35.46-529702(us) 19435 ! txn_stock_level (tpcc.cc:3398):     ERROR warehouse_id:2, cid:39909, maxbytes:2
20251110-03:35.46-529793(us) 19435 ! txn_stock_level (tpcc.cc:3398):     ERROR warehouse_id:2, cid:39909, maxbytes:2
20251110-03:35.46-530798(us) 19435 ! txn_stock_level (tpcc.cc:3398):     ERROR warehouse_id:2, cid:39909, maxbytes:2
20251110-03:35.46-530838(us) 19435 ! txn_stock_level (tpcc.cc:3398):     ERROR warehouse_id:2, cid:39909, maxbytes:2
20251110-03:35.46-531895(us) 19435 ! txn_stock_level (tpcc.cc:3398):     ERROR warehouse_id:2, cid:39909, maxbytes:2
20251110-03:35.46-531978(us) 19435 ! txn_stock_level (tpcc.cc:3398):     ERROR warehouse_id:2, cid:39909, maxbytes:2
20251110-03:35.46-535402(us) 19435 ! txn_stock_level (tpcc.cc:3398):     ERROR warehouse_id:2, cid:39909, maxbytes:2
20251110-03:35.46-535492(us) 19435 ! txn_stock_level (tpcc.cc:3398):     ERROR warehouse_id:2, cid:39909, maxbytes:2
20251110-03:35.46-535504(us) 19435 ! txn_stock_level (tpcc.cc:3398):     ERROR warehouse_id:2, cid:39909, maxbytes:2
20251110-03:35.46-547993(us) 19435 ! txn_stock_level (tpcc.cc:3398):     ERROR warehouse_id:1, cid:32167, maxbytes:2
20251110-03:35.46-548325(us) 19435 ! txn_stock_level (tpcc.cc:3398):     ERROR warehouse_id:1, cid:32167, maxbytes:2
20251110-03:35.46-548550(us) 19435 ! txn_stock_level (tpcc.cc:3398):     ERROR warehouse_id:1, cid:32167, maxbytes:2
20251110-03:35.46-548640(us) 19435 ! txn_stock_level (tpcc.cc:3398):     ERROR warehouse_id:1, cid:32167, maxbytes:2
20251110-03:35.46-548784(us) 19435 ! txn_stock_level (tpcc.cc:3398):     ERROR warehouse_id:1, cid:32167, maxbytes:2
20251110-03:35.46-548848(us) 19435 ! txn_stock_level (tpcc.cc:3398):     ERROR warehouse_id:1, cid:32167, maxbytes:2
20251110-03:35.46-808996(us) 19435 ! txn_stock_level (tpcc.cc:3398):     ERROR warehouse_id:1, cid:89827, maxbytes:2
20251110-03:35.46-870634(us) 19435 ! txn_stock_level (tpcc.cc:3398):     ERROR warehouse_id:2, cid:81631, maxbytes:2
20251110-03:35.46-871681(us) 19435 ! txn_stock_level (tpcc.cc:3398):     ERROR warehouse_id:2, cid:81631, maxbytes:2
20251110-03:35.46-871784(us) 19435 ! txn_stock_level (tpcc.cc:3398):     ERROR warehouse_id:2, cid:81631, maxbytes:2
20251110-03:35.46-871982(us) 19435 ! txn_stock_level (tpcc.cc:3398):     ERROR warehouse_id:2, cid:81631, maxbytes:2
20251110-03:35.46-872014(us) 19435 ! txn_stock_level (tpcc.cc:3398):     ERROR warehouse_id:2, cid:81631, maxbytes:2
20251110-03:35.46-874374(us) 19435 ! txn_stock_level (tpcc.cc:3398):     ERROR warehouse_id:2, cid:81631, maxbytes:2
20251110-03:35.46-875343(us) 19435 ! txn_stock_level (tpcc.cc:3398):     ERROR warehouse_id:2, cid:81631, maxbytes:2
20251110-03:35.46-876205(us) 19435 ! txn_stock_level (tpcc.cc:3398):     ERROR warehouse_id:2, cid:81631, maxbytes:2
20251110-03:35.46-876231(us) 19435 ! txn_stock_level (tpcc.cc:3398):     ERROR warehouse_id:2, cid:81631, maxbytes:2
20251110-03:35.46-876264(us) 19435 ! txn_stock_level (tpcc.cc:3398):     ERROR warehouse_id:2, cid:81631, maxbytes:2
20251110-03:35.46-878000(us) 19435 ! txn_stock_level (tpcc.cc:3398):     ERROR warehouse_id:2, cid:81631, maxbytes:2
20251110-03:35.46-878882(us) 19435 ! txn_stock_level (tpcc.cc:3398):     ERROR warehouse_id:2, cid:81631, maxbytes:2
20251110-03:35.46-878922(us) 19435 ! txn_stock_level (tpcc.cc:3398):     ERROR warehouse_id:2, cid:81631, maxbytes:2
20251110-03:35.46-879976(us) 19435 ! txn_stock_level (tpcc.cc:3398):     ERROR warehouse_id:2, cid:81631, maxbytes:2
20251110-03:35.46-880067(us) 19435 ! txn_stock_level (tpcc.cc:3398):     ERROR warehouse_id:2, cid:81631, maxbytes:2
20251110-03:35.46-880136(us) 19435 ! txn_stock_level (tpcc.cc:3398):     ERROR warehouse_id:2, cid:81631, maxbytes:2
20251110-03:35.46-880144(us) 19435 ! txn_stock_level (tpcc.cc:3398):     ERROR warehouse_id:2, cid:81631, maxbytes:2
20251110-03:35.46-881464(us) 19435 ! txn_stock_level (tpcc.cc:3398):     ERROR warehouse_id:2, cid:81631, maxbytes:2
20251110-03:35.46-881509(us) 19435 ! txn_stock_level (tpcc.cc:3398):     ERROR warehouse_id:2, cid:81631, maxbytes:2
20251110-03:35.46-888304(us) 19435 ! txn_stock_level (tpcc.cc:3398):     ERROR warehouse_id:2, cid:16065, maxbytes:2
20251110-03:35.46-888373(us) 19435 ! txn_stock_level (tpcc.cc:3398):     ERROR warehouse_id:2, cid:16065, maxbytes:2
20251110-03:35.46-888424(us) 19435 ! txn_stock_level (tpcc.cc:3398):     ERROR warehouse_id:2, cid:16065, maxbytes:2
20251110-03:35.46-888966(us) 19435 ! txn_stock_level (tpcc.cc:3398):     ERROR warehouse_id:2, cid:16065, maxbytes:2
20251110-03:35.46-890800(us) 19435 ! txn_stock_level (tpcc.cc:3398):     ERROR warehouse_id:2, cid:81127, maxbytes:2
20251110-03:35.46-890854(us) 19435 ! txn_stock_level (tpcc.cc:3398):     ERROR warehouse_id:2, cid:16065, maxbytes:2
20251110-03:35.46-891895(us) 19435 ! txn_stock_level (tpcc.cc:3398):     ERROR warehouse_id:2, cid:16065, maxbytes:2
20251110-03:35.46-891921(us) 19435 ! txn_stock_level (tpcc.cc:3398):     ERROR warehouse_id:2, cid:16065, maxbytes:2
20251110-03:35.47-12736(us) 19435 ! txn_stock_level (tpcc.cc:3398):     ERROR warehouse_id:1, cid:47675, maxbytes:2
20251110-03:35.47-13816(us) 19435 ! txn_stock_level (tpcc.cc:3398):     ERROR warehouse_id:1, cid:47675, maxbytes:2
20251110-03:35.47-13871(us) 19435 ! txn_stock_level (tpcc.cc:3398):     ERROR warehouse_id:1, cid:47675, maxbytes:2
20251110-03:35.47-13995(us) 19435 ! txn_stock_level (tpcc.cc:3398):     ERROR warehouse_id:1, cid:47675, maxbytes:2
20251110-03:35.47-14035(us) 19435 ! txn_stock_level (tpcc.cc:3398):     ERROR warehouse_id:1, cid:47675, maxbytes:2
20251110-03:35.47-14209(us) 19435 ! txn_stock_level (tpcc.cc:3398):     ERROR warehouse_id:1, cid:47675, maxbytes:2
20251110-03:35.47-14275(us) 19435 ! txn_stock_level (tpcc.cc:3398):     ERROR warehouse_id:1, cid:47675, maxbytes:2
20251110-03:35.47-16300(us) 19435 ! txn_stock_level (tpcc.cc:3398):     ERROR warehouse_id:1, cid:47675, maxbytes:2
20251110-03:35.47-16406(us) 19435 ! txn_stock_level (tpcc.cc:3398):     ERROR warehouse_id:1, cid:47675, maxbytes:2
20251110-03:35.47-16555(us) 19435 ! txn_stock_level (tpcc.cc:3398):     ERROR warehouse_id:1, cid:47675, maxbytes:2
20251110-03:35.47-16636(us) 19435 ! txn_stock_level (tpcc.cc:3398):     ERROR warehouse_id:1, cid:47675, maxbytes:2
20251110-03:35.47-57114(us) 19435 ! txn_stock_level (tpcc.cc:3398):     ERROR warehouse_id:1, cid:73445, maxbytes:2
20251110-03:35.47-58083(us) 19435 ! txn_stock_level (tpcc.cc:3398):     ERROR warehouse_id:1, cid:73445, maxbytes:2
20251110-03:35.47-164876(us) 19435 ! txn_stock_level (tpcc.cc:3398):     ERROR warehouse_id:1, cid:57054, maxbytes:2
20251110-03:35.47-166207(us) 19435 ! txn_stock_level (tpcc.cc:3398):     ERROR warehouse_id:1, cid:57054, maxbytes:2
20251110-03:35.47-166287(us) 19435 ! txn_stock_level (tpcc.cc:3398):     ERROR warehouse_id:1, cid:57054, maxbytes:2
20251110-03:35.47-167350(us) 19435 ! txn_stock_level (tpcc.cc:3398):     ERROR warehouse_id:1, cid:57054, maxbytes:2
20251110-03:35.47-167564(us) 19435 ! txn_stock_level (tpcc.cc:3398):     ERROR warehouse_id:1, cid:57054, maxbytes:2
20251110-03:35.47-168657(us) 19435 ! txn_stock_level (tpcc.cc:3398):     ERROR warehouse_id:1, cid:57054, maxbytes:2
20251110-03:35.47-168698(us) 19435 ! txn_stock_level (tpcc.cc:3398):     ERROR warehouse_id:1, cid:57054, maxbytes:2
20251110-03:35.47-168733(us) 19435 ! txn_stock_level (tpcc.cc:3398):     ERROR warehouse_id:1, cid:57054, maxbytes:2
20251110-03:35.47-168896(us) 19435 ! txn_stock_level (tpcc.cc:3398):     ERROR warehouse_id:1, cid:57054, maxbytes:2
20251110-03:35.47-168913(us) 19435 ! txn_stock_level (tpcc.cc:3398):     ERROR warehouse_id:1, cid:57054, maxbytes:2
20251110-03:35.47-169039(us) 19435 ! txn_stock_level (tpcc.cc:3398):     ERROR warehouse_id:1, cid:57054, maxbytes:2
20251110-03:35.47-169103(us) 19435 ! txn_stock_level (tpcc.cc:3398):     ERROR warehouse_id:1, cid:57054, maxbytes:2
20251110-03:35.47-169137(us) 19435 ! txn_stock_level (tpcc.cc:3398):     ERROR warehouse_id:1, cid:57054, maxbytes:2
20251110-03:35.47-170149(us) 19435 ! txn_stock_level (tpcc.cc:3398):     ERROR warehouse_id:1, cid:57054, maxbytes:2
20251110-03:35.47-171464(us) 19435 ! txn_stock_level (tpcc.cc:3398):     ERROR warehouse_id:1, cid:57054, maxbytes:2
20251110-03:35.47-171521(us) 19435 ! txn_stock_level (tpcc.cc:3398):     ERROR warehouse_id:1, cid:57054, maxbytes:2
20251110-03:35.47-172394(us) 19435 ! txn_stock_level (tpcc.cc:3398):     ERROR warehouse_id:1, cid:57054, maxbytes:2
20251110-03:35.47-173612(us) 19435 ! txn_stock_level (tpcc.cc:3398):     ERROR warehouse_id:1, cid:57054, maxbytes:2
20251110-03:35.47-175341(us) 19435 ! txn_stock_level (tpcc.cc:3398):     ERROR warehouse_id:2, cid:32471, maxbytes:2
20251110-03:35.47-175438(us) 19435 ! txn_stock_level (tpcc.cc:3398):     ERROR warehouse_id:2, cid:32471, maxbytes:2
20251110-03:35.47-175678(us) 19435 ! txn_stock_level (tpcc.cc:3398):     ERROR warehouse_id:1, cid:57054, maxbytes:2
20251110-03:35.47-175757(us) 19435 ! txn_stock_level (tpcc.cc:3398):     ERROR warehouse_id:1, cid:57054, maxbytes:2
20251110-03:35.47-234598(us) 19435 ! run             (bench.cc:473):     runtime time left:9000 ms, bool:1
20251110-03:35.47-289179(us) 19435 ! txn_stock_level (tpcc.cc:3398):     ERROR warehouse_id:2, cid:60647, maxbytes:2
20251110-03:35.47-290252(us) 19435 ! txn_stock_level (tpcc.cc:3398):     ERROR warehouse_id:2, cid:60647, maxbytes:2
20251110-03:35.47-290296(us) 19435 ! txn_stock_level (tpcc.cc:3398):     ERROR warehouse_id:2, cid:60647, maxbytes:2
20251110-03:35.47-290310(us) 19435 ! txn_stock_level (tpcc.cc:3398):     ERROR warehouse_id:2, cid:60647, maxbytes:2
20251110-03:35.47-290330(us) 19435 ! txn_stock_level (tpcc.cc:3398):     ERROR warehouse_id:2, cid:60647, maxbytes:2
20251110-03:35.47-290541(us) 19435 ! txn_stock_level (tpcc.cc:3398):     ERROR warehouse_id:2, cid:60647, maxbytes:2
20251110-03:35.47-299987(us) 19435 ! txn_stock_level (tpcc.cc:3398):     ERROR warehouse_id:2, cid:20199, maxbytes:2
20251110-03:35.47-300052(us) 19435 ! txn_stock_level (tpcc.cc:3398):     ERROR warehouse_id:2, cid:20199, maxbytes:2
20251110-03:35.47-300186(us) 19435 ! txn_stock_level (tpcc.cc:3398):     ERROR warehouse_id:2, cid:20199, maxbytes:2
20251110-03:35.47-301322(us) 19435 ! txn_stock_level (tpcc.cc:3398):     ERROR warehouse_id:2, cid:20199, maxbytes:2
20251110-03:35.47-301373(us) 19435 ! txn_stock_level (tpcc.cc:3398):     ERROR warehouse_id:2, cid:20199, maxbytes:2
20251110-03:35.47-301386(us) 19435 ! txn_stock_level (tpcc.cc:3398):     ERROR warehouse_id:2, cid:20199, maxbytes:2
20251110-03:35.47-301396(us) 19435 ! txn_stock_level (tpcc.cc:3398):     ERROR warehouse_id:2, cid:20199, maxbytes:2
20251110-03:35.47-301781(us) 19435 ! txn_stock_level (tpcc.cc:3398):     ERROR warehouse_id:2, cid:20199, maxbytes:2
20251110-03:35.47-303010(us) 19435 ! txn_stock_level (tpcc.cc:3398):     ERROR warehouse_id:2, cid:20199, maxbytes:2
20251110-03:35.47-303055(us) 19435 ! txn_stock_level (tpcc.cc:3398):     ERROR warehouse_id:2, cid:20199, maxbytes:2
20251110-03:35.47-304910(us) 19435 ! txn_stock_level (tpcc.cc:3398):     ERROR warehouse_id:2, cid:20199, maxbytes:2
20251110-03:35.47-305050(us) 19435 ! txn_stock_level (tpcc.cc:3398):     ERROR warehouse_id:2, cid:20199, maxbytes:2
20251110-03:35.47-305146(us) 19435 ! txn_stock_level (tpcc.cc:3398):     ERROR warehouse_id:2, cid:20199, maxbytes:2
20251110-03:35.47-305333(us) 19435 ! txn_stock_level (tpcc.cc:3398):     ERROR warehouse_id:2, cid:20199, maxbytes:2
20251110-03:35.47-305367(us) 19435 ! txn_stock_level (tpcc.cc:3398):     ERROR warehouse_id:2, cid:20199, maxbytes:2
20251110-03:35.47-305418(us) 19435 ! txn_stock_level (tpcc.cc:3398):     ERROR warehouse_id:2, cid:20199, maxbytes:2
20251110-03:35.47-305472(us) 19435 ! txn_stock_level (tpcc.cc:3398):     ERROR warehouse_id:2, cid:20199, maxbytes:2
20251110-03:35.47-305719(us) 19435 ! txn_stock_level (tpcc.cc:3398):     ERROR warehouse_id:2, cid:20199, maxbytes:2
20251110-03:35.47-305770(us) 19435 ! txn_stock_level (tpcc.cc:3398):     ERROR warehouse_id:2, cid:20199, maxbytes:2
20251110-03:35.47-306802(us) 19435 ! txn_stock_level (tpcc.cc:3398):     ERROR warehouse_id:2, cid:20199, maxbytes:2
20251110-03:35.47-306954(us) 19435 ! txn_stock_level (tpcc.cc:3398):     ERROR warehouse_id:2, cid:20199, maxbytes:2
20251110-03:35.47-307916(us) 19435 ! txn_stock_level (tpcc.cc:3398):     ERROR warehouse_id:2, cid:20199, maxbytes:2
20251110-03:35.47-308858(us) 19435 ! txn_stock_level (tpcc.cc:3398):     ERROR warehouse_id:2, cid:20199, maxbytes:2
20251110-03:35.47-308981(us) 19435 ! txn_stock_level (tpcc.cc:3398):     ERROR warehouse_id:2, cid:20199, maxbytes:2
20251110-03:35.47-309063(us) 19435 ! txn_stock_level (tpcc.cc:3398):     ERROR warehouse_id:2, cid:20199, maxbytes:2
20251110-03:35.47-309103(us) 19435 ! txn_stock_level (tpcc.cc:3398):     ERROR warehouse_id:2, cid:20199, maxbytes:2
20251110-03:35.47-309305(us) 19435 ! txn_stock_level (tpcc.cc:3398):     ERROR warehouse_id:2, cid:20199, maxbytes:2
20251110-03:35.47-309376(us) 19435 ! txn_stock_level (tpcc.cc:3398):     ERROR warehouse_id:2, cid:20199, maxbytes:2
20251110-03:35.47-310993(us) 19435 ! txn_stock_level (tpcc.cc:3398):     ERROR warehouse_id:2, cid:20199, maxbytes:2
20251110-03:35.47-311898(us) 19435 ! txn_stock_level (tpcc.cc:3398):     ERROR warehouse_id:2, cid:20199, maxbytes:2
20251110-03:35.47-312127(us) 19435 ! txn_stock_level (tpcc.cc:3398):     ERROR warehouse_id:2, cid:20199, maxbytes:2
20251110-03:35.47-312154(us) 19435 ! txn_stock_level (tpcc.cc:3398):     ERROR warehouse_id:2, cid:20199, maxbytes:2
20251110-03:35.47-372189(us) 19435 ! txn_stock_level (tpcc.cc:3398):     ERROR warehouse_id:2, cid:32471, maxbytes:2
20251110-03:35.47-374413(us) 19435 ! txn_stock_level (tpcc.cc:3398):     ERROR warehouse_id:2, cid:32471, maxbytes:2
20251110-03:35.47-374487(us) 19435 ! txn_stock_level (tpcc.cc:3398):     ERROR warehouse_id:2, cid:32471, maxbytes:2
20251110-03:35.47-374697(us) 19435 ! txn_stock_level (tpcc.cc:3398):     ERROR warehouse_id:2, cid:32471, maxbytes:2
20251110-03:35.47-374725(us) 19435 ! txn_stock_level (tpcc.cc:3398):     ERROR warehouse_id:2, cid:32471, maxbytes:2
20251110-03:35.47-374792(us) 19435 ! txn_stock_level (tpcc.cc:3398):     ERROR warehouse_id:2, cid:32471, maxbytes:2
20251110-03:35.47-403963(us) 19435 ! txn_stock_level (tpcc.cc:3398):     ERROR warehouse_id:2, cid:6151, maxbytes:2
20251110-03:35.47-404476(us) 19435 ! txn_stock_level (tpcc.cc:3398):     ERROR warehouse_id:2, cid:6151, maxbytes:2
20251110-03:35.47-405813(us) 19435 ! txn_stock_level (tpcc.cc:3398):     ERROR warehouse_id:2, cid:6151, maxbytes:2
20251110-03:35.47-406930(us) 19435 ! txn_stock_level (tpcc.cc:3398):     ERROR warehouse_id:2, cid:6151, maxbytes:2
20251110-03:35.47-444865(us) 19435 ! txn_stock_level (tpcc.cc:3398):     ERROR warehouse_id:1, cid:5191, maxbytes:2
20251110-03:35.47-444983(us) 19435 ! txn_stock_level (tpcc.cc:3398):     ERROR warehouse_id:1, cid:5191, maxbytes:2
20251110-03:35.47-445037(us) 19435 ! txn_stock_level (tpcc.cc:3398):     ERROR warehouse_id:1, cid:5191, maxbytes:2
20251110-03:35.47-445057(us) 19435 ! txn_stock_level (tpcc.cc:3398):     ERROR warehouse_id:1, cid:5191, maxbytes:2
20251110-03:35.47-492249(us) 19435 ! txn_stock_level (tpcc.cc:3398):     ERROR warehouse_id:1, cid:40415, maxbytes:2
20251110-03:35.47-493072(us) 19435 ! txn_stock_level (tpcc.cc:3398):     ERROR warehouse_id:1, cid:40415, maxbytes:2
20251110-03:35.47-493217(us) 19435 ! txn_stock_level (tpcc.cc:3398):     ERROR warehouse_id:1, cid:40415, maxbytes:2
20251110-03:35.47-493329(us) 19435 ! txn_stock_level (tpcc.cc:3398):     ERROR warehouse_id:1, cid:40415, maxbytes:2
20251110-03:35.47-497378(us) 19435 ! txn_stock_level (tpcc.cc:3398):     ERROR warehouse_id:1, cid:40415, maxbytes:2
20251110-03:35.47-497464(us) 19435 ! txn_stock_level (tpcc.cc:3398):     ERROR warehouse_id:1, cid:40415, maxbytes:2
20251110-03:35.47-498641(us) 19435 ! txn_stock_level (tpcc.cc:3398):     ERROR warehouse_id:1, cid:40415, maxbytes:2
20251110-03:35.47-498977(us) 19435 ! txn_stock_level (tpcc.cc:3398):     ERROR warehouse_id:1, cid:40415, maxbytes:2
20251110-03:35.47-499922(us) 19435 ! txn_stock_level (tpcc.cc:3398):     ERROR warehouse_id:1, cid:40415, maxbytes:2
20251110-03:35.47-636978(us) 19435 ! txn_stock_level (tpcc.cc:3398):     ERROR warehouse_id:2, cid:46758, maxbytes:2
20251110-03:35.47-637021(us) 19435 ! txn_stock_level (tpcc.cc:3398):     ERROR warehouse_id:2, cid:46758, maxbytes:2
20251110-03:35.47-637224(us) 19435 ! txn_stock_level (tpcc.cc:3398):     ERROR warehouse_id:2, cid:46758, maxbytes:2
20251110-03:35.47-638057(us) 19435 ! txn_stock_level (tpcc.cc:3398):     ERROR warehouse_id:2, cid:46758, maxbytes:2
20251110-03:35.47-638186(us) 19435 ! txn_stock_level (tpcc.cc:3398):     ERROR warehouse_id:2, cid:46758, maxbytes:2
20251110-03:35.47-934760(us) 19435 ! txn_stock_level (tpcc.cc:3398):     ERROR warehouse_id:1, cid:48870, maxbytes:2
20251110-03:35.47-934847(us) 19435 ! txn_stock_level (tpcc.cc:3398):     ERROR warehouse_id:1, cid:48870, maxbytes:2
20251110-03:35.47-934857(us) 19435 ! txn_stock_level (tpcc.cc:3398):     ERROR warehouse_id:1, cid:48870, maxbytes:2
20251110-03:35.47-936216(us) 19435 ! txn_stock_level (tpcc.cc:3398):     ERROR warehouse_id:1, cid:48870, maxbytes:2
20251110-03:35.47-936293(us) 19435 ! txn_stock_level (tpcc.cc:3398):     ERROR warehouse_id:1, cid:48870, maxbytes:2
20251110-03:35.47-936309(us) 19435 ! txn_stock_level (tpcc.cc:3398):     ERROR warehouse_id:1, cid:48870, maxbytes:2
20251110-03:35.47-936381(us) 19435 ! txn_stock_level (tpcc.cc:3398):     ERROR warehouse_id:1, cid:48870, maxbytes:2
20251110-03:35.47-939617(us) 19435 ! txn_stock_level (tpcc.cc:3398):     ERROR warehouse_id:1, cid:48870, maxbytes:2
20251110-03:35.47-939734(us) 19435 ! txn_stock_level (tpcc.cc:3398):     ERROR warehouse_id:1, cid:48870, maxbytes:2
20251110-03:35.47-941095(us) 19435 ! txn_stock_level (tpcc.cc:3398):     ERROR warehouse_id:1, cid:48870, maxbytes:2
20251110-03:35.47-941127(us) 19435 ! txn_stock_level (tpcc.cc:3398):     ERROR warehouse_id:1, cid:48870, maxbytes:2
20251110-03:35.47-941155(us) 19435 ! txn_stock_level (tpcc.cc:3398):     ERROR warehouse_id:1, cid:48870, maxbytes:2
20251110-03:35.47-941164(us) 19435 ! txn_stock_level (tpcc.cc:3398):     ERROR warehouse_id:1, cid:48870, maxbytes:2
20251110-03:35.47-941519(us) 19435 ! txn_stock_level (tpcc.cc:3398):     ERROR warehouse_id:1, cid:48870, maxbytes:2
20251110-03:35.47-941573(us) 19435 ! txn_stock_level (tpcc.cc:3398):     ERROR warehouse_id:1, cid:48870, maxbytes:2
20251110-03:35.47-941838(us) 19435 ! txn_stock_level (tpcc.cc:3398):     ERROR warehouse_id:1, cid:48870, maxbytes:2
20251110-03:35.47-942758(us) 19435 ! txn_stock_level (tpcc.cc:3398):     ERROR warehouse_id:1, cid:48870, maxbytes:2
20251110-03:35.47-944035(us) 19435 ! txn_stock_level (tpcc.cc:3398):     ERROR warehouse_id:1, cid:48870, maxbytes:2
20251110-03:35.47-997235(us) 19435 ! txn_stock_level (tpcc.cc:3398):     ERROR warehouse_id:1, cid:89815, maxbytes:2
20251110-03:35.47-997405(us) 19435 ! txn_stock_level (tpcc.cc:3398):     ERROR warehouse_id:1, cid:89815, maxbytes:2
20251110-03:35.47-997676(us) 19435 ! txn_stock_level (tpcc.cc:3398):     ERROR warehouse_id:1, cid:89815, maxbytes:2
20251110-03:35.47-998871(us) 19435 ! txn_stock_level (tpcc.cc:3398):     ERROR warehouse_id:1, cid:89815, maxbytes:2
20251110-03:35.47-998993(us) 19435 ! txn_stock_level (tpcc.cc:3398):     ERROR warehouse_id:1, cid:89815, maxbytes:2
20251110-03:35.47-999027(us) 19435 ! txn_stock_level (tpcc.cc:3398):     ERROR warehouse_id:1, cid:89815, maxbytes:2
20251110-03:35.47-999123(us) 19435 ! txn_stock_level (tpcc.cc:3398):     ERROR warehouse_id:1, cid:89815, maxbytes:2
20251110-03:35.48-0250(us) 19435 ! txn_stock_level (tpcc.cc:3398):     ERROR warehouse_id:1, cid:89815, maxbytes:2
20251110-03:35.48-2238(us) 19435 ! txn_stock_level (tpcc.cc:3398):     ERROR warehouse_id:1, cid:89815, maxbytes:2
20251110-03:35.48-3303(us) 19435 ! txn_stock_level (tpcc.cc:3398):     ERROR warehouse_id:1, cid:89815, maxbytes:2
20251110-03:35.48-8111(us) 19435 ! txn_stock_level (tpcc.cc:3398):     ERROR warehouse_id:1, cid:89815, maxbytes:2
20251110-03:35.48-8169(us) 19435 ! txn_stock_level (tpcc.cc:3398):     ERROR warehouse_id:1, cid:89815, maxbytes:2
20251110-03:35.48-9368(us) 19435 ! txn_stock_level (tpcc.cc:3398):     ERROR warehouse_id:1, cid:89815, maxbytes:2
20251110-03:35.48-9529(us) 19435 ! txn_stock_level (tpcc.cc:3398):     ERROR warehouse_id:1, cid:89815, maxbytes:2
20251110-03:35.48-10139(us) 19435 ! txn_stock_level (tpcc.cc:3398):     ERROR warehouse_id:1, cid:89815, maxbytes:2
20251110-03:35.48-13122(us) 19435 ! txn_stock_level (tpcc.cc:3398):     ERROR warehouse_id:1, cid:89815, maxbytes:2
20251110-03:35.48-13316(us) 19435 ! txn_stock_level (tpcc.cc:3398):     ERROR warehouse_id:1, cid:89815, maxbytes:2
20251110-03:35.48-13492(us) 19435 ! txn_stock_level (tpcc.cc:3398):     ERROR warehouse_id:1, cid:89815, maxbytes:2
20251110-03:35.48-13749(us) 19435 ! txn_stock_level (tpcc.cc:3398):     ERROR warehouse_id:1, cid:89815, maxbytes:2
20251110-03:35.48-13951(us) 19435 ! txn_stock_level (tpcc.cc:3398):     ERROR warehouse_id:1, cid:89815, maxbytes:2
20251110-03:35.48-13970(us) 19435 ! txn_stock_level (tpcc.cc:3398):     ERROR warehouse_id:1, cid:89815, maxbytes:2
20251110-03:35.48-16969(us) 19435 ! txn_stock_level (tpcc.cc:3398):     ERROR warehouse_id:1, cid:89815, maxbytes:2
20251110-03:35.48-17259(us) 19435 ! txn_stock_level (tpcc.cc:3398):     ERROR warehouse_id:1, cid:89815, maxbytes:2
20251110-03:35.48-18367(us) 19435 ! txn_stock_level (tpcc.cc:3398):     ERROR warehouse_id:1, cid:89815, maxbytes:2
20251110-03:35.48-22062(us) 19435 ! txn_stock_level (tpcc.cc:3398):     ERROR warehouse_id:1, cid:89815, maxbytes:2
20251110-03:35.48-22174(us) 19435 ! txn_stock_level (tpcc.cc:3398):     ERROR warehouse_id:1, cid:89815, maxbytes:2
20251110-03:35.48-22191(us) 19435 ! txn_stock_level (tpcc.cc:3398):     ERROR warehouse_id:1, cid:89815, maxbytes:2
20251110-03:35.48-22459(us) 19435 ! txn_stock_level (tpcc.cc:3398):     ERROR warehouse_id:1, cid:89815, maxbytes:2
20251110-03:35.48-22478(us) 19435 ! txn_stock_level (tpcc.cc:3398):     ERROR warehouse_id:1, cid:89815, maxbytes:2
20251110-03:35.48-22497(us) 19435 ! txn_stock_level (tpcc.cc:3398):     ERROR warehouse_id:1, cid:89815, maxbytes:2
20251110-03:35.48-22645(us) 19435 ! txn_stock_level (tpcc.cc:3398):     ERROR warehouse_id:1, cid:89815, maxbytes:2
20251110-03:35.48-22682(us) 19435 ! txn_stock_level (tpcc.cc:3398):     ERROR warehouse_id:1, cid:89815, maxbytes:2
20251110-03:35.48-22721(us) 19435 ! txn_stock_level (tpcc.cc:3398):     ERROR warehouse_id:1, cid:89815, maxbytes:2
20251110-03:35.48-22971(us) 19435 ! txn_stock_level (tpcc.cc:3398):     ERROR warehouse_id:1, cid:89815, maxbytes:2
20251110-03:35.48-22992(us) 19435 ! txn_stock_level (tpcc.cc:3398):     ERROR warehouse_id:1, cid:89815, maxbytes:2
20251110-03:35.48-23041(us) 19435 ! txn_stock_level (tpcc.cc:3398):     ERROR warehouse_id:1, cid:89815, maxbytes:2
20251110-03:35.48-23145(us) 19435 ! txn_stock_level (tpcc.cc:3398):     ERROR warehouse_id:1, cid:89815, maxbytes:2
20251110-03:35.48-23265(us) 19435 ! txn_stock_level (tpcc.cc:3398):     ERROR warehouse_id:1, cid:89815, maxbytes:2
20251110-03:35.48-23288(us) 19435 ! txn_stock_level (tpcc.cc:3398):     ERROR warehouse_id:1, cid:89815, maxbytes:2
20251110-03:35.48-53097(us) 19435 ! txn_stock_level (tpcc.cc:3398):     ERROR warehouse_id:1, cid:70342, maxbytes:2
20251110-03:35.48-53269(us) 19435 ! txn_stock_level (tpcc.cc:3398):     ERROR warehouse_id:1, cid:70342, maxbytes:2
20251110-03:35.48-86995(us) 19435 ! txn_stock_level (tpcc.cc:3398):     ERROR warehouse_id:1, cid:72421, maxbytes:2
20251110-03:35.48-88145(us) 19435 ! txn_stock_level (tpcc.cc:3398):     ERROR warehouse_id:1, cid:72421, maxbytes:2
20251110-03:35.48-88249(us) 19435 ! txn_stock_level (tpcc.cc:3398):     ERROR warehouse_id:1, cid:72421, maxbytes:2
20251110-03:35.48-88319(us) 19435 ! txn_stock_level (tpcc.cc:3398):     ERROR warehouse_id:1, cid:72421, maxbytes:2
20251110-03:35.48-88344(us) 19435 ! txn_stock_level (tpcc.cc:3398):     ERROR warehouse_id:1, cid:72421, maxbytes:2
20251110-03:35.48-88438(us) 19435 ! txn_stock_level (tpcc.cc:3398):     ERROR warehouse_id:1, cid:72421, maxbytes:2
20251110-03:35.48-88507(us) 19435 ! txn_stock_level (tpcc.cc:3398):     ERROR warehouse_id:1, cid:72421, maxbytes:2
20251110-03:35.48-88546(us) 19435 ! txn_stock_level (tpcc.cc:3398):     ERROR warehouse_id:1, cid:72421, maxbytes:2
20251110-03:35.48-88603(us) 19435 ! txn_stock_level (tpcc.cc:3398):     ERROR warehouse_id:1, cid:72421, maxbytes:2
20251110-03:35.48-88685(us) 19435 ! txn_stock_level (tpcc.cc:3398):     ERROR warehouse_id:1, cid:72421, maxbytes:2
20251110-03:35.48-88783(us) 19435 ! txn_stock_level (tpcc.cc:3398):     ERROR warehouse_id:1, cid:72421, maxbytes:2
20251110-03:35.48-88927(us) 19435 ! txn_stock_level (tpcc.cc:3398):     ERROR warehouse_id:1, cid:72421, maxbytes:2
20251110-03:35.48-89853(us) 19435 ! txn_stock_level (tpcc.cc:3398):     ERROR warehouse_id:1, cid:72421, maxbytes:2
20251110-03:35.48-89900(us) 19435 ! txn_stock_level (tpcc.cc:3398):     ERROR warehouse_id:1, cid:72421, maxbytes:2
20251110-03:35.48-89946(us) 19435 ! txn_stock_level (tpcc.cc:3398):     ERROR warehouse_id:1, cid:72421, maxbytes:2
20251110-03:35.48-90067(us) 19435 ! txn_stock_level (tpcc.cc:3398):     ERROR warehouse_id:1, cid:72421, maxbytes:2
20251110-03:35.48-92302(us) 19435 ! txn_stock_level (tpcc.cc:3398):     ERROR warehouse_id:1, cid:72421, maxbytes:2
20251110-03:35.48-94106(us) 19435 ! txn_stock_level (tpcc.cc:3398):     ERROR warehouse_id:1, cid:72421, maxbytes:2
20251110-03:35.48-94215(us) 19435 ! txn_stock_level (tpcc.cc:3398):     ERROR warehouse_id:1, cid:72421, maxbytes:2
20251110-03:35.48-94336(us) 19435 ! txn_stock_level (tpcc.cc:3398):     ERROR warehouse_id:1, cid:72421, maxbytes:2
20251110-03:35.48-95246(us) 19435 ! txn_stock_level (tpcc.cc:3398):     ERROR warehouse_id:1, cid:72421, maxbytes:2
20251110-03:35.48-96486(us) 19435 ! txn_stock_level (tpcc.cc:3398):     ERROR warehouse_id:1, cid:72421, maxbytes:2
20251110-03:35.48-96604(us) 19435 ! txn_stock_level (tpcc.cc:3398):     ERROR warehouse_id:1, cid:72421, maxbytes:2
20251110-03:35.48-96704(us) 19435 ! txn_stock_level (tpcc.cc:3398):     ERROR warehouse_id:1, cid:72421, maxbytes:2
20251110-03:35.48-97609(us) 19435 ! txn_stock_level (tpcc.cc:3398):     ERROR warehouse_id:1, cid:72421, maxbytes:2
20251110-03:35.48-97658(us) 19435 ! txn_stock_level (tpcc.cc:3398):     ERROR warehouse_id:1, cid:72421, maxbytes:2
20251110-03:35.48-97775(us) 19435 ! txn_stock_level (tpcc.cc:3398):     ERROR warehouse_id:1, cid:72421, maxbytes:2
20251110-03:35.48-97795(us) 19435 ! txn_stock_level (tpcc.cc:3398):     ERROR warehouse_id:1, cid:72421, maxbytes:2
20251110-03:35.48-97925(us) 19435 ! txn_stock_level (tpcc.cc:3398):     ERROR warehouse_id:1, cid:72421, maxbytes:2
20251110-03:35.48-97949(us) 19435 ! txn_stock_level (tpcc.cc:3398):     ERROR warehouse_id:1, cid:72421, maxbytes:2
20251110-03:35.48-98927(us) 19435 ! txn_stock_level (tpcc.cc:3398):     ERROR warehouse_id:1, cid:72421, maxbytes:2
20251110-03:35.48-98984(us) 19435 ! txn_stock_level (tpcc.cc:3398):     ERROR warehouse_id:1, cid:72421, maxbytes:2
20251110-03:35.48-102742(us) 19435 ! txn_stock_level (tpcc.cc:3398):     ERROR warehouse_id:1, cid:72421, maxbytes:2
20251110-03:35.48-102808(us) 19435 ! txn_stock_level (tpcc.cc:3398):     ERROR warehouse_id:1, cid:72421, maxbytes:2
20251110-03:35.48-102854(us) 19435 ! txn_stock_level (tpcc.cc:3398):     ERROR warehouse_id:1, cid:72421, maxbytes:2
20251110-03:35.48-103018(us) 19435 ! txn_stock_level (tpcc.cc:3398):     ERROR warehouse_id:1, cid:72421, maxbytes:2
20251110-03:35.48-103163(us) 19435 ! txn_stock_level (tpcc.cc:3398):     ERROR warehouse_id:1, cid:72421, maxbytes:2
20251110-03:35.48-104218(us) 19435 ! txn_stock_level (tpcc.cc:3398):     ERROR warehouse_id:1, cid:72421, maxbytes:2
20251110-03:35.48-105005(us) 19435 ! txn_stock_level (tpcc.cc:3398):     ERROR warehouse_id:1, cid:72421, maxbytes:2
20251110-03:35.48-134147(us) 19435 ! txn_stock_level (tpcc.cc:3398):     ERROR warehouse_id:2, cid:31975, maxbytes:2
20251110-03:35.48-134324(us) 19435 ! txn_stock_level (tpcc.cc:3398):     ERROR warehouse_id:2, cid:31975, maxbytes:2
20251110-03:35.48-134385(us) 19435 ! txn_stock_level (tpcc.cc:3398):     ERROR warehouse_id:2, cid:31975, maxbytes:2
20251110-03:35.48-240156(us) 19435 ! run             (bench.cc:473):     runtime time left:8000 ms, bool:1
20251110-03:35.48-252269(us) 19435 ! txn_stock_level (tpcc.cc:3398):     ERROR warehouse_id:1, cid:89511, maxbytes:2
20251110-03:35.48-252478(us) 19435 ! txn_stock_level (tpcc.cc:3398):     ERROR warehouse_id:1, cid:89511, maxbytes:2
20251110-03:35.48-252505(us) 19435 ! txn_stock_level (tpcc.cc:3398):     ERROR warehouse_id:1, cid:89511, maxbytes:2
20251110-03:35.48-253559(us) 19435 ! txn_stock_level (tpcc.cc:3398):     ERROR warehouse_id:1, cid:89511, maxbytes:2
20251110-03:35.48-254759(us) 19435 ! txn_stock_level (tpcc.cc:3398):     ERROR warehouse_id:1, cid:89511, maxbytes:2
20251110-03:35.48-255684(us) 19435 ! txn_stock_level (tpcc.cc:3398):     ERROR warehouse_id:1, cid:89511, maxbytes:2
20251110-03:35.48-256846(us) 19435 ! txn_stock_level (tpcc.cc:3398):     ERROR warehouse_id:1, cid:89511, maxbytes:2
20251110-03:35.48-256888(us) 19435 ! txn_stock_level (tpcc.cc:3398):     ERROR warehouse_id:1, cid:89511, maxbytes:2
20251110-03:35.48-258152(us) 19435 ! txn_stock_level (tpcc.cc:3398):     ERROR warehouse_id:1, cid:89511, maxbytes:2
20251110-03:35.48-258296(us) 19435 ! txn_stock_level (tpcc.cc:3398):     ERROR warehouse_id:1, cid:89511, maxbytes:2
20251110-03:35.48-335891(us) 19435 ! txn_stock_level (tpcc.cc:3398):     ERROR warehouse_id:1, cid:52967, maxbytes:2
20251110-03:35.48-336078(us) 19435 ! txn_stock_level (tpcc.cc:3398):     ERROR warehouse_id:1, cid:52967, maxbytes:2
20251110-03:35.48-391829(us) 19435 ! txn_stock_level (tpcc.cc:3398):     ERROR warehouse_id:2, cid:31959, maxbytes:2
20251110-03:35.48-394100(us) 19435 ! txn_stock_level (tpcc.cc:3398):     ERROR warehouse_id:2, cid:31959, maxbytes:2
20251110-03:35.48-609536(us) 19435 ! txn_stock_level (tpcc.cc:3398):     ERROR warehouse_id:2, cid:62693, maxbytes:2
20251110-03:35.48-609633(us) 19435 ! txn_stock_level (tpcc.cc:3398):     ERROR warehouse_id:2, cid:62693, maxbytes:2
20251110-03:35.48-609680(us) 19435 ! txn_stock_level (tpcc.cc:3398):     ERROR warehouse_id:2, cid:62693, maxbytes:2
20251110-03:35.48-610688(us) 19435 ! txn_stock_level (tpcc.cc:3398):     ERROR warehouse_id:2, cid:62693, maxbytes:2
20251110-03:35.48-610717(us) 19435 ! txn_stock_level (tpcc.cc:3398):     ERROR warehouse_id:2, cid:62693, maxbytes:2
20251110-03:35.48-610742(us) 19435 ! txn_stock_level (tpcc.cc:3398):     ERROR warehouse_id:2, cid:62693, maxbytes:2
20251110-03:35.48-613792(us) 19435 ! txn_stock_level (tpcc.cc:3398):     ERROR warehouse_id:2, cid:62693, maxbytes:2
20251110-03:35.48-614008(us) 19435 ! txn_stock_level (tpcc.cc:3398):     ERROR warehouse_id:2, cid:62693, maxbytes:2
20251110-03:35.48-614103(us) 19435 ! txn_stock_level (tpcc.cc:3398):     ERROR warehouse_id:2, cid:62693, maxbytes:2
20251110-03:35.48-614504(us) 19435 ! txn_stock_level (tpcc.cc:3398):     ERROR warehouse_id:2, cid:62693, maxbytes:2
20251110-03:35.48-614519(us) 19435 ! txn_stock_level (tpcc.cc:3398):     ERROR warehouse_id:2, cid:62693, maxbytes:2
20251110-03:35.48-615669(us) 19435 ! txn_stock_level (tpcc.cc:3398):     ERROR warehouse_id:2, cid:62693, maxbytes:2
20251110-03:35.48-616811(us) 19435 ! txn_stock_level (tpcc.cc:3398):     ERROR warehouse_id:2, cid:62693, maxbytes:2
20251110-03:35.48-617228(us) 19435 ! txn_stock_level (tpcc.cc:3398):     ERROR warehouse_id:2, cid:62693, maxbytes:2
20251110-03:35.48-617252(us) 19435 ! txn_stock_level (tpcc.cc:3398):     ERROR warehouse_id:2, cid:62693, maxbytes:2
20251110-03:35.48-617285(us) 19435 ! txn_stock_level (tpcc.cc:3398):     ERROR warehouse_id:2, cid:62693, maxbytes:2
20251110-03:35.48-618243(us) 19435 ! txn_stock_level (tpcc.cc:3398):     ERROR warehouse_id:2, cid:62693, maxbytes:2
20251110-03:35.48-618311(us) 19435 ! txn_stock_level (tpcc.cc:3398):     ERROR warehouse_id:2, cid:62693, maxbytes:2
20251110-03:35.48-618416(us) 19435 ! txn_stock_level (tpcc.cc:3398):     ERROR warehouse_id:2, cid:62693, maxbytes:2
20251110-03:35.48-618628(us) 19435 ! txn_stock_level (tpcc.cc:3398):     ERROR warehouse_id:2, cid:62693, maxbytes:2
20251110-03:35.48-621675(us) 19435 ! txn_stock_level (tpcc.cc:3398):     ERROR warehouse_id:2, cid:62693, maxbytes:2
20251110-03:35.48-621708(us) 19435 ! txn_stock_level (tpcc.cc:3398):     ERROR warehouse_id:2, cid:62693, maxbytes:2
20251110-03:35.48-622010(us) 19435 ! txn_stock_level (tpcc.cc:3398):     ERROR warehouse_id:2, cid:62693, maxbytes:2
20251110-03:35.48-622111(us) 19435 ! txn_stock_level (tpcc.cc:3398):     ERROR warehouse_id:2, cid:62693, maxbytes:2
20251110-03:35.48-622271(us) 19435 ! txn_stock_level (tpcc.cc:3398):     ERROR warehouse_id:2, cid:62693, maxbytes:2
20251110-03:35.48-622480(us) 19435 ! txn_stock_level (tpcc.cc:3398):     ERROR warehouse_id:2, cid:62693, maxbytes:2
20251110-03:35.48-622611(us) 19435 ! txn_stock_level (tpcc.cc:3398):     ERROR warehouse_id:2, cid:62693, maxbytes:2
20251110-03:35.48-623654(us) 19435 ! txn_stock_level (tpcc.cc:3398):     ERROR warehouse_id:2, cid:62693, maxbytes:2
20251110-03:35.48-623744(us) 19435 ! txn_stock_level (tpcc.cc:3398):     ERROR warehouse_id:2, cid:62693, maxbytes:2
20251110-03:35.48-625127(us) 19435 ! txn_stock_level (tpcc.cc:3398):     ERROR warehouse_id:2, cid:62693, maxbytes:2
20251110-03:35.48-625152(us) 19435 ! txn_stock_level (tpcc.cc:3398):     ERROR warehouse_id:2, cid:62693, maxbytes:2
20251110-03:35.48-626243(us) 19435 ! txn_stock_level (tpcc.cc:3398):     ERROR warehouse_id:2, cid:62693, maxbytes:2
20251110-03:35.48-628697(us) 19435 ! txn_stock_level (tpcc.cc:3398):     ERROR warehouse_id:2, cid:62693, maxbytes:2
20251110-03:35.48-628860(us) 19435 ! txn_stock_level (tpcc.cc:3398):     ERROR warehouse_id:2, cid:62693, maxbytes:2
20251110-03:35.48-628875(us) 19435 ! txn_stock_level (tpcc.cc:3398):     ERROR warehouse_id:2, cid:62693, maxbytes:2
20251110-03:35.48-628943(us) 19435 ! txn_stock_level (tpcc.cc:3398):     ERROR warehouse_id:2, cid:62693, maxbytes:2
20251110-03:35.48-636026(us) 19435 ! txn_stock_level (tpcc.cc:3398):     ERROR warehouse_id:2, cid:62693, maxbytes:2
20251110-03:35.48-636126(us) 19435 ! txn_stock_level (tpcc.cc:3398):     ERROR warehouse_id:2, cid:62693, maxbytes:2
20251110-03:35.48-638281(us) 19435 ! txn_stock_level (tpcc.cc:3398):     ERROR warehouse_id:2, cid:62693, maxbytes:2
20251110-03:35.48-638523(us) 19435 ! txn_stock_level (tpcc.cc:3398):     ERROR warehouse_id:2, cid:62693, maxbytes:2
20251110-03:35.48-638645(us) 19435 ! txn_stock_level (tpcc.cc:3398):     ERROR warehouse_id:2, cid:62693, maxbytes:2
20251110-03:35.48-638772(us) 19435 ! txn_stock_level (tpcc.cc:3398):     ERROR warehouse_id:2, cid:62693, maxbytes:2
20251110-03:35.48-638798(us) 19435 ! txn_stock_level (tpcc.cc:3398):     ERROR warehouse_id:2, cid:62693, maxbytes:2
20251110-03:35.48-638984(us) 19435 ! txn_stock_level (tpcc.cc:3398):     ERROR warehouse_id:2, cid:62693, maxbytes:2
20251110-03:35.48-640905(us) 19435 ! txn_stock_level (tpcc.cc:3398):     ERROR warehouse_id:2, cid:62693, maxbytes:2
20251110-03:35.48-640960(us) 19435 ! txn_stock_level (tpcc.cc:3398):     ERROR warehouse_id:2, cid:62693, maxbytes:2
20251110-03:35.48-641525(us) 19435 ! txn_stock_level (tpcc.cc:3398):     ERROR warehouse_id:2, cid:62693, maxbytes:2
20251110-03:35.48-641632(us) 19435 ! txn_stock_level (tpcc.cc:3398):     ERROR warehouse_id:2, cid:62693, maxbytes:2
20251110-03:35.48-659800(us) 19435 ! txn_stock_level (tpcc.cc:3398):     ERROR warehouse_id:2, cid:24023, maxbytes:2
20251110-03:35.48-660952(us) 19435 ! txn_stock_level (tpcc.cc:3398):     ERROR warehouse_id:2, cid:24023, maxbytes:2
20251110-03:35.48-672290(us) 19435 ! txn_stock_level (tpcc.cc:3398):     ERROR warehouse_id:1, cid:6215, maxbytes:2
20251110-03:35.48-673361(us) 19435 ! txn_stock_level (tpcc.cc:3398):     ERROR warehouse_id:1, cid:6215, maxbytes:2
20251110-03:35.48-690522(us) 19435 ! txn_stock_level (tpcc.cc:3398):     ERROR warehouse_id:2, cid:56039, maxbytes:2
20251110-03:35.48-690564(us) 19435 ! txn_stock_level (tpcc.cc:3398):     ERROR warehouse_id:2, cid:56039, maxbytes:2
20251110-03:35.48-691413(us) 19435 ! txn_stock_level (tpcc.cc:3398):     ERROR warehouse_id:2, cid:56039, maxbytes:2
20251110-03:35.48-691442(us) 19435 ! txn_stock_level (tpcc.cc:3398):     ERROR warehouse_id:2, cid:56039, maxbytes:2
20251110-03:35.48-691458(us) 19435 ! txn_stock_level (tpcc.cc:3398):     ERROR warehouse_id:2, cid:56039, maxbytes:2
20251110-03:35.48-692537(us) 19435 ! txn_stock_level (tpcc.cc:3398):     ERROR warehouse_id:2, cid:56039, maxbytes:2
20251110-03:35.48-692604(us) 19435 ! txn_stock_level (tpcc.cc:3398):     ERROR warehouse_id:2, cid:56039, maxbytes:2
20251110-03:35.48-693074(us) 19435 ! txn_stock_level (tpcc.cc:3398):     ERROR warehouse_id:2, cid:89703, maxbytes:2
20251110-03:35.48-693137(us) 19435 ! txn_stock_level (tpcc.cc:3398):     ERROR warehouse_id:2, cid:56039, maxbytes:2
20251110-03:35.48-693277(us) 19435 ! txn_stock_level (tpcc.cc:3398):     ERROR warehouse_id:2, cid:89703, maxbytes:2
20251110-03:35.48-693297(us) 19435 ! txn_stock_level (tpcc.cc:3398):     ERROR warehouse_id:2, cid:89703, maxbytes:2
20251110-03:35.48-693323(us) 19435 ! txn_stock_level (tpcc.cc:3398):     ERROR warehouse_id:2, cid:56039, maxbytes:2
20251110-03:35.48-693448(us) 19435 ! txn_stock_level (tpcc.cc:3398):     ERROR warehouse_id:2, cid:56039, maxbytes:2
20251110-03:35.48-693481(us) 19435 ! txn_stock_level (tpcc.cc:3398):     ERROR warehouse_id:2, cid:56039, maxbytes:2
20251110-03:35.48-693627(us) 19435 ! txn_stock_level (tpcc.cc:3398):     ERROR warehouse_id:2, cid:89703, maxbytes:2
20251110-03:35.48-693689(us) 19435 ! txn_stock_level (tpcc.cc:3398):     ERROR warehouse_id:2, cid:89703, maxbytes:2
20251110-03:35.48-693739(us) 19435 ! txn_stock_level (tpcc.cc:3398):     ERROR warehouse_id:2, cid:56039, maxbytes:2
20251110-03:35.48-693807(us) 19435 ! txn_stock_level (tpcc.cc:3398):     ERROR warehouse_id:2, cid:89703, maxbytes:2
20251110-03:35.48-693818(us) 19435 ! txn_stock_level (tpcc.cc:3398):     ERROR warehouse_id:2, cid:89703, maxbytes:2
20251110-03:35.48-693886(us) 19435 ! txn_stock_level (tpcc.cc:3398):     ERROR warehouse_id:2, cid:89703, maxbytes:2
20251110-03:35.48-694181(us) 19435 ! txn_stock_level (tpcc.cc:3398):     ERROR warehouse_id:2, cid:56039, maxbytes:2
20251110-03:35.48-696987(us) 19435 ! txn_stock_level (tpcc.cc:3398):     ERROR warehouse_id:2, cid:56039, maxbytes:2
20251110-03:35.48-697007(us) 19435 ! txn_stock_level (tpcc.cc:3398):     ERROR warehouse_id:2, cid:56039, maxbytes:2
20251110-03:35.48-697016(us) 19435 ! txn_stock_level (tpcc.cc:3398):     ERROR warehouse_id:2, cid:56039, maxbytes:2
20251110-03:35.48-890179(us) 19435 ! txn_stock_level (tpcc.cc:3398):     ERROR warehouse_id:2, cid:72419, maxbytes:2
20251110-03:35.48-890364(us) 19435 ! txn_stock_level (tpcc.cc:3398):     ERROR warehouse_id:2, cid:72419, maxbytes:2
20251110-03:35.48-890431(us) 19435 ! txn_stock_level (tpcc.cc:3398):     ERROR warehouse_id:2, cid:72419, maxbytes:2
20251110-03:35.48-890471(us) 19435 ! txn_stock_level (tpcc.cc:3398):     ERROR warehouse_id:2, cid:72419, maxbytes:2
20251110-03:35.48-890516(us) 19435 ! txn_stock_level (tpcc.cc:3398):     ERROR warehouse_id:2, cid:72419, maxbytes:2
20251110-03:35.48-890549(us) 19435 ! txn_stock_level (tpcc.cc:3398):     ERROR warehouse_id:2, cid:72419, maxbytes:2
20251110-03:35.48-891904(us) 19435 ! txn_stock_level (tpcc.cc:3398):     ERROR warehouse_id:2, cid:72419, maxbytes:2
20251110-03:35.48-927501(us) 19435 ! txn_stock_level (tpcc.cc:3398):     ERROR warehouse_id:1, cid:81349, maxbytes:2
20251110-03:35.48-928691(us) 19435 ! txn_stock_level (tpcc.cc:3398):     ERROR warehouse_id:1, cid:81349, maxbytes:2
20251110-03:35.48-929803(us) 19435 ! txn_stock_level (tpcc.cc:3398):     ERROR warehouse_id:1, cid:81349, maxbytes:2
20251110-03:35.48-930707(us) 19435 ! txn_stock_level (tpcc.cc:3398):     ERROR warehouse_id:1, cid:81349, maxbytes:2
20251110-03:35.48-930741(us) 19435 ! txn_stock_level (tpcc.cc:3398):     ERROR warehouse_id:1, cid:81349, maxbytes:2
20251110-03:35.48-947836(us) 19435 ! txn_stock_level (tpcc.cc:3398):     ERROR warehouse_id:1, cid:70823, maxbytes:2
20251110-03:35.48-948740(us) 19435 ! txn_stock_level (tpcc.cc:3398):     ERROR warehouse_id:1, cid:70823, maxbytes:2
20251110-03:35.49-3010(us) 19435 ! txn_stock_level (tpcc.cc:3398):     ERROR warehouse_id:1, cid:16103, maxbytes:2
20251110-03:35.49-3178(us) 19435 ! txn_stock_level (tpcc.cc:3398):     ERROR warehouse_id:1, cid:16103, maxbytes:2
20251110-03:35.49-4218(us) 19435 ! txn_stock_level (tpcc.cc:3398):     ERROR warehouse_id:1, cid:16103, maxbytes:2
20251110-03:35.49-4312(us) 19435 ! txn_stock_level (tpcc.cc:3398):     ERROR warehouse_id:1, cid:16103, maxbytes:2
20251110-03:35.49-5665(us) 19435 ! txn_stock_level (tpcc.cc:3398):     ERROR warehouse_id:1, cid:16103, maxbytes:2
20251110-03:35.49-5794(us) 19435 ! txn_stock_level (tpcc.cc:3398):     ERROR warehouse_id:1, cid:16103, maxbytes:2
20251110-03:35.49-5922(us) 19435 ! txn_stock_level (tpcc.cc:3398):     ERROR warehouse_id:1, cid:16103, maxbytes:2
20251110-03:35.49-7091(us) 19435 ! txn_stock_level (tpcc.cc:3398):     ERROR warehouse_id:1, cid:16103, maxbytes:2
20251110-03:35.49-7185(us) 19435 ! txn_stock_level (tpcc.cc:3398):     ERROR warehouse_id:1, cid:16103, maxbytes:2
20251110-03:35.49-7288(us) 19435 ! txn_stock_level (tpcc.cc:3398):     ERROR warehouse_id:1, cid:16103, maxbytes:2
20251110-03:35.49-8355(us) 19435 ! txn_stock_level (tpcc.cc:3398):     ERROR warehouse_id:1, cid:16103, maxbytes:2
20251110-03:35.49-9333(us) 19435 ! txn_stock_level (tpcc.cc:3398):     ERROR warehouse_id:1, cid:16103, maxbytes:2
20251110-03:35.49-10427(us) 19435 ! txn_stock_level (tpcc.cc:3398):     ERROR warehouse_id:1, cid:16103, maxbytes:2
20251110-03:35.49-10554(us) 19435 ! txn_stock_level (tpcc.cc:3398):     ERROR warehouse_id:1, cid:16103, maxbytes:2
20251110-03:35.49-13407(us) 19435 ! txn_stock_level (tpcc.cc:3398):     ERROR warehouse_id:1, cid:16103, maxbytes:2
20251110-03:35.49-13677(us) 19435 ! txn_stock_level (tpcc.cc:3398):     ERROR warehouse_id:1, cid:16103, maxbytes:2
20251110-03:35.49-13699(us) 19435 ! txn_stock_level (tpcc.cc:3398):     ERROR warehouse_id:1, cid:16103, maxbytes:2
20251110-03:35.49-13749(us) 19435 ! txn_stock_level (tpcc.cc:3398):     ERROR warehouse_id:1, cid:16103, maxbytes:2
20251110-03:35.49-13784(us) 19435 ! txn_stock_level (tpcc.cc:3398):     ERROR warehouse_id:1, cid:16103, maxbytes:2
20251110-03:35.49-13797(us) 19435 ! txn_stock_level (tpcc.cc:3398):     ERROR warehouse_id:1, cid:16103, maxbytes:2
20251110-03:35.49-13925(us) 19435 ! txn_stock_level (tpcc.cc:3398):     ERROR warehouse_id:1, cid:16103, maxbytes:2
20251110-03:35.49-13942(us) 19435 ! txn_stock_level (tpcc.cc:3398):     ERROR warehouse_id:1, cid:16103, maxbytes:2
20251110-03:35.49-14768(us) 19435 ! txn_stock_level (tpcc.cc:3398):     ERROR warehouse_id:1, cid:16103, maxbytes:2
20251110-03:35.49-14802(us) 19435 ! txn_stock_level (tpcc.cc:3398):     ERROR warehouse_id:1, cid:16103, maxbytes:2
20251110-03:35.49-15729(us) 19435 ! txn_stock_level (tpcc.cc:3398):     ERROR warehouse_id:1, cid:16103, maxbytes:2
20251110-03:35.49-15794(us) 19435 ! txn_stock_level (tpcc.cc:3398):     ERROR warehouse_id:1, cid:16103, maxbytes:2
20251110-03:35.49-83655(us) 19435 ! txn_stock_level (tpcc.cc:3398):     ERROR warehouse_id:2, cid:46567, maxbytes:2
20251110-03:35.49-84808(us) 19435 ! txn_stock_level (tpcc.cc:3398):     ERROR warehouse_id:2, cid:46567, maxbytes:2
20251110-03:35.49-84889(us) 19435 ! txn_stock_level (tpcc.cc:3398):     ERROR warehouse_id:2, cid:46567, maxbytes:2
20251110-03:35.49-84920(us) 19435 ! txn_stock_level (tpcc.cc:3398):     ERROR warehouse_id:2, cid:46567, maxbytes:2
20251110-03:35.49-210669(us) 19435 ! txn_stock_level (tpcc.cc:3398):     ERROR warehouse_id:1, cid:87767, maxbytes:2
20251110-03:35.49-210773(us) 19435 ! txn_stock_level (tpcc.cc:3398):     ERROR warehouse_id:1, cid:87767, maxbytes:2
20251110-03:35.49-210832(us) 19435 ! txn_stock_level (tpcc.cc:3398):     ERROR warehouse_id:1, cid:87767, maxbytes:2
20251110-03:35.49-211982(us) 19435 ! txn_stock_level (tpcc.cc:3398):     ERROR warehouse_id:1, cid:87767, maxbytes:2
20251110-03:35.49-212085(us) 19435 ! txn_stock_level (tpcc.cc:3398):     ERROR warehouse_id:1, cid:87767, maxbytes:2
20251110-03:35.49-212898(us) 19435 ! txn_stock_level (tpcc.cc:3398):     ERROR warehouse_id:1, cid:87767, maxbytes:2
20251110-03:35.49-213110(us) 19435 ! txn_stock_level (tpcc.cc:3398):     ERROR warehouse_id:1, cid:87767, maxbytes:2
20251110-03:35.49-214083(us) 19435 ! txn_stock_level (tpcc.cc:3398):     ERROR warehouse_id:1, cid:87767, maxbytes:2
20251110-03:35.49-214261(us) 19435 ! txn_stock_level (tpcc.cc:3398):     ERROR warehouse_id:1, cid:87767, maxbytes:2
20251110-03:35.49-214421(us) 19435 ! txn_stock_level (tpcc.cc:3398):     ERROR warehouse_id:1, cid:87767, maxbytes:2
20251110-03:35.49-214469(us) 19435 ! txn_stock_level (tpcc.cc:3398):     ERROR warehouse_id:1, cid:87767, maxbytes:2
20251110-03:35.49-214519(us) 19435 ! txn_stock_level (tpcc.cc:3398):     ERROR warehouse_id:1, cid:87767, maxbytes:2
20251110-03:35.49-214557(us) 19435 ! txn_stock_level (tpcc.cc:3398):     ERROR warehouse_id:1, cid:87767, maxbytes:2
20251110-03:35.49-215441(us) 19435 ! txn_stock_level (tpcc.cc:3398):     ERROR warehouse_id:1, cid:87767, maxbytes:2
20251110-03:35.49-245659(us) 19435 ! run             (bench.cc:473):     runtime time left:7000 ms, bool:1
20251110-03:35.49-306517(us) 19435 ! txn_stock_level (tpcc.cc:3398):     ERROR warehouse_id:1, cid:93926, maxbytes:2
20251110-03:35.49-306566(us) 19435 ! txn_stock_level (tpcc.cc:3398):     ERROR warehouse_id:1, cid:93926, maxbytes:2
20251110-03:35.49-306957(us) 19435 ! txn_stock_level (tpcc.cc:3398):     ERROR warehouse_id:1, cid:93926, maxbytes:2
20251110-03:35.49-417034(us) 19435 ! txn_stock_level (tpcc.cc:3398):     ERROR warehouse_id:2, cid:40679, maxbytes:2
20251110-03:35.49-417090(us) 19435 ! txn_stock_level (tpcc.cc:3398):     ERROR warehouse_id:2, cid:40679, maxbytes:2
20251110-03:35.49-417216(us) 19435 ! txn_stock_level (tpcc.cc:3398):     ERROR warehouse_id:2, cid:40679, maxbytes:2
20251110-03:35.49-419051(us) 19435 ! txn_stock_level (tpcc.cc:3398):     ERROR warehouse_id:2, cid:40679, maxbytes:2
20251110-03:35.49-517403(us) 19435 ! txn_stock_level (tpcc.cc:3398):     ERROR warehouse_id:1, cid:5559, maxbytes:2
20251110-03:35.49-518635(us) 19435 ! txn_stock_level (tpcc.cc:3398):     ERROR warehouse_id:1, cid:5559, maxbytes:2
20251110-03:35.49-520833(us) 19435 ! txn_stock_level (tpcc.cc:3398):     ERROR warehouse_id:1, cid:5559, maxbytes:2
20251110-03:35.49-520873(us) 19435 ! txn_stock_level (tpcc.cc:3398):     ERROR warehouse_id:1, cid:5559, maxbytes:2
20251110-03:35.49-520949(us) 19435 ! txn_stock_level (tpcc.cc:3398):     ERROR warehouse_id:1, cid:5559, maxbytes:2
20251110-03:35.49-520987(us) 19435 ! txn_stock_level (tpcc.cc:3398):     ERROR warehouse_id:1, cid:5559, maxbytes:2
20251110-03:35.49-530706(us) 19435 ! txn_stock_level (tpcc.cc:3398):     ERROR warehouse_id:1, cid:23271, maxbytes:2
20251110-03:35.49-531642(us) 19435 ! txn_stock_level (tpcc.cc:3398):     ERROR warehouse_id:1, cid:23271, maxbytes:2
20251110-03:35.49-531820(us) 19435 ! txn_stock_level (tpcc.cc:3398):     ERROR warehouse_id:1, cid:23271, maxbytes:2
20251110-03:35.49-532840(us) 19435 ! txn_stock_level (tpcc.cc:3398):     ERROR warehouse_id:1, cid:23271, maxbytes:2
20251110-03:35.49-567368(us) 19435 ! txn_stock_level (tpcc.cc:3398):     ERROR warehouse_id:2, cid:24195, maxbytes:2
20251110-03:35.49-568303(us) 19435 ! txn_stock_level (tpcc.cc:3398):     ERROR warehouse_id:2, cid:24195, maxbytes:2
20251110-03:35.49-568495(us) 19435 ! txn_stock_level (tpcc.cc:3398):     ERROR warehouse_id:2, cid:24195, maxbytes:2
20251110-03:35.49-571443(us) 19435 ! txn_stock_level (tpcc.cc:3398):     ERROR warehouse_id:2, cid:24195, maxbytes:2
20251110-03:35.49-574353(us) 19435 ! txn_stock_level (tpcc.cc:3398):     ERROR warehouse_id:2, cid:24195, maxbytes:2
20251110-03:35.49-574379(us) 19435 ! txn_stock_level (tpcc.cc:3398):     ERROR warehouse_id:2, cid:24195, maxbytes:2
20251110-03:35.49-574675(us) 19435 ! txn_stock_level (tpcc.cc:3398):     ERROR warehouse_id:2, cid:24195, maxbytes:2
20251110-03:35.49-574741(us) 19435 ! txn_stock_level (tpcc.cc:3398):     ERROR warehouse_id:2, cid:24195, maxbytes:2
20251110-03:35.49-574755(us) 19435 ! txn_stock_level (tpcc.cc:3398):     ERROR warehouse_id:2, cid:24195, maxbytes:2
20251110-03:35.49-574920(us) 19435 ! txn_stock_level (tpcc.cc:3398):     ERROR warehouse_id:2, cid:24195, maxbytes:2
20251110-03:35.49-575005(us) 19435 ! txn_stock_level (tpcc.cc:3398):     ERROR warehouse_id:2, cid:24195, maxbytes:2
20251110-03:35.49-575018(us) 19435 ! txn_stock_level (tpcc.cc:3398):     ERROR warehouse_id:2, cid:24195, maxbytes:2
20251110-03:35.49-576113(us) 19435 ! txn_stock_level (tpcc.cc:3398):     ERROR warehouse_id:2, cid:24195, maxbytes:2
20251110-03:35.49-576144(us) 19435 ! txn_stock_level (tpcc.cc:3398):     ERROR warehouse_id:2, cid:24195, maxbytes:2
20251110-03:35.49-631375(us) 19435 ! txn_stock_level (tpcc.cc:3398):     ERROR warehouse_id:2, cid:32486, maxbytes:2
20251110-03:35.49-631564(us) 19435 ! txn_stock_level (tpcc.cc:3398):     ERROR warehouse_id:2, cid:32486, maxbytes:2
20251110-03:35.49-631797(us) 19435 ! txn_stock_level (tpcc.cc:3398):     ERROR warehouse_id:2, cid:32486, maxbytes:2
20251110-03:35.49-657210(us) 19435 ! txn_stock_level (tpcc.cc:3398):     ERROR warehouse_id:2, cid:15719, maxbytes:2
20251110-03:35.49-657427(us) 19435 ! txn_stock_level (tpcc.cc:3398):     ERROR warehouse_id:2, cid:15719, maxbytes:2
20251110-03:35.49-658693(us) 19435 ! txn_stock_level (tpcc.cc:3398):     ERROR warehouse_id:2, cid:15719, maxbytes:2
20251110-03:35.49-658736(us) 19435 ! txn_stock_level (tpcc.cc:3398):     ERROR warehouse_id:2, cid:15719, maxbytes:2
20251110-03:35.49-658762(us) 19435 ! txn_stock_level (tpcc.cc:3398):     ERROR warehouse_id:2, cid:15719, maxbytes:2
20251110-03:35.49-658787(us) 19435 ! txn_stock_level (tpcc.cc:3398):     ERROR warehouse_id:2, cid:15719, maxbytes:2
20251110-03:35.49-712703(us) 19435 ! txn_stock_level (tpcc.cc:3398):     ERROR warehouse_id:2, cid:5703, maxbytes:2
20251110-03:35.49-713939(us) 19435 ! txn_stock_level (tpcc.cc:3398):     ERROR warehouse_id:2, cid:5703, maxbytes:2
20251110-03:35.49-714133(us) 19435 ! txn_stock_level (tpcc.cc:3398):     ERROR warehouse_id:2, cid:5703, maxbytes:2
20251110-03:35.49-714194(us) 19435 ! txn_stock_level (tpcc.cc:3398):     ERROR warehouse_id:2, cid:5703, maxbytes:2
20251110-03:35.49-714307(us) 19435 ! txn_stock_level (tpcc.cc:3398):     ERROR warehouse_id:2, cid:5703, maxbytes:2
20251110-03:35.49-715688(us) 19435 ! txn_stock_level (tpcc.cc:3398):     ERROR warehouse_id:2, cid:5703, maxbytes:2
20251110-03:35.49-719015(us) 19435 ! txn_stock_level (tpcc.cc:3398):     ERROR warehouse_id:2, cid:5703, maxbytes:2
20251110-03:35.49-719227(us) 19435 ! txn_stock_level (tpcc.cc:3398):     ERROR warehouse_id:2, cid:5703, maxbytes:2
20251110-03:35.49-719367(us) 19435 ! txn_stock_level (tpcc.cc:3398):     ERROR warehouse_id:2, cid:5703, maxbytes:2
20251110-03:35.49-720620(us) 19435 ! txn_stock_level (tpcc.cc:3398):     ERROR warehouse_id:2, cid:5703, maxbytes:2
20251110-03:35.49-720727(us) 19435 ! txn_stock_level (tpcc.cc:3398):     ERROR warehouse_id:2, cid:5703, maxbytes:2
20251110-03:35.49-721004(us) 19435 ! txn_stock_level (tpcc.cc:3398):     ERROR warehouse_id:2, cid:5703, maxbytes:2
20251110-03:35.49-721212(us) 19435 ! txn_stock_level (tpcc.cc:3398):     ERROR warehouse_id:2, cid:5703, maxbytes:2
20251110-03:35.49-811136(us) 19435 ! txn_stock_level (tpcc.cc:3398):     ERROR warehouse_id:2, cid:44766, maxbytes:2
20251110-03:35.49-812238(us) 19435 ! txn_stock_level (tpcc.cc:3398):     ERROR warehouse_id:2, cid:44766, maxbytes:2
20251110-03:35.49-813433(us) 19435 ! txn_stock_level (tpcc.cc:3398):     ERROR warehouse_id:2, cid:44766, maxbytes:2
20251110-03:35.49-813665(us) 19435 ! txn_stock_level (tpcc.cc:3398):     ERROR warehouse_id:2, cid:44766, maxbytes:2
20251110-03:35.49-814853(us) 19435 ! txn_stock_level (tpcc.cc:3398):     ERROR warehouse_id:2, cid:44766, maxbytes:2
20251110-03:35.49-816151(us) 19435 ! txn_stock_level (tpcc.cc:3398):     ERROR warehouse_id:2, cid:44766, maxbytes:2
20251110-03:35.49-816232(us) 19435 ! txn_stock_level (tpcc.cc:3398):     ERROR warehouse_id:2, cid:44766, maxbytes:2
20251110-03:35.49-816599(us) 19435 ! txn_stock_level (tpcc.cc:3398):     ERROR warehouse_id:2, cid:44766, maxbytes:2
20251110-03:35.49-817705(us) 19435 ! txn_stock_level (tpcc.cc:3398):     ERROR warehouse_id:2, cid:44766, maxbytes:2
20251110-03:35.49-819116(us) 19435 ! txn_stock_level (tpcc.cc:3398):     ERROR warehouse_id:2, cid:44766, maxbytes:2
20251110-03:35.49-819170(us) 19435 ! txn_stock_level (tpcc.cc:3398):     ERROR warehouse_id:2, cid:44766, maxbytes:2
20251110-03:35.49-819181(us) 19435 ! txn_stock_level (tpcc.cc:3398):     ERROR warehouse_id:2, cid:44766, maxbytes:2
20251110-03:35.49-819479(us) 19435 ! txn_stock_level (tpcc.cc:3398):     ERROR warehouse_id:2, cid:44766, maxbytes:2
20251110-03:35.49-820269(us) 19435 ! txn_stock_level (tpcc.cc:3398):     ERROR warehouse_id:2, cid:44766, maxbytes:2
20251110-03:35.49-820369(us) 19435 ! txn_stock_level (tpcc.cc:3398):     ERROR warehouse_id:2, cid:44766, maxbytes:2
20251110-03:35.49-821762(us) 19435 ! txn_stock_level (tpcc.cc:3398):     ERROR warehouse_id:2, cid:72421, maxbytes:2
20251110-03:35.49-821785(us) 19435 ! txn_stock_level (tpcc.cc:3398):     ERROR warehouse_id:2, cid:72421, maxbytes:2
20251110-03:35.49-822072(us) 19435 ! txn_stock_level (tpcc.cc:3398):     ERROR warehouse_id:2, cid:72421, maxbytes:2
20251110-03:35.49-822343(us) 19435 ! txn_stock_level (tpcc.cc:3398):     ERROR warehouse_id:2, cid:72421, maxbytes:2
20251110-03:35.49-823605(us) 19435 ! txn_stock_level (tpcc.cc:3398):     ERROR warehouse_id:2, cid:72421, maxbytes:2
20251110-03:35.49-823640(us) 19435 ! txn_stock_level (tpcc.cc:3398):     ERROR warehouse_id:2, cid:72421, maxbytes:2
20251110-03:35.49-823666(us) 19435 ! txn_stock_level (tpcc.cc:3398):     ERROR warehouse_id:2, cid:72421, maxbytes:2
20251110-03:35.49-823944(us) 19435 ! txn_stock_level (tpcc.cc:3398):     ERROR warehouse_id:2, cid:72421, maxbytes:2
20251110-03:35.49-824059(us) 19435 ! txn_stock_level (tpcc.cc:3398):     ERROR warehouse_id:2, cid:72421, maxbytes:2
20251110-03:35.49-824070(us) 19435 ! txn_stock_level (tpcc.cc:3398):     ERROR warehouse_id:2, cid:72421, maxbytes:2
20251110-03:35.49-824124(us) 19435 ! txn_stock_level (tpcc.cc:3398):     ERROR warehouse_id:2, cid:72421, maxbytes:2
20251110-03:35.49-825446(us) 19435 ! txn_stock_level (tpcc.cc:3398):     ERROR warehouse_id:2, cid:72421, maxbytes:2
20251110-03:35.49-825476(us) 19435 ! txn_stock_level (tpcc.cc:3398):     ERROR warehouse_id:2, cid:72421, maxbytes:2
20251110-03:35.49-825527(us) 19435 ! txn_stock_level (tpcc.cc:3398):     ERROR warehouse_id:2, cid:72421, maxbytes:2
20251110-03:35.49-825542(us) 19435 ! txn_stock_level (tpcc.cc:3398):     ERROR warehouse_id:2, cid:72421, maxbytes:2
20251110-03:35.49-825892(us) 19435 ! txn_stock_level (tpcc.cc:3398):     ERROR warehouse_id:2, cid:72421, maxbytes:2
20251110-03:35.49-827658(us) 19435 ! txn_stock_level (tpcc.cc:3398):     ERROR warehouse_id:2, cid:72421, maxbytes:2
20251110-03:35.49-827807(us) 19435 ! txn_stock_level (tpcc.cc:3398):     ERROR warehouse_id:2, cid:72421, maxbytes:2
20251110-03:35.49-828154(us) 19435 ! txn_stock_level (tpcc.cc:3398):     ERROR warehouse_id:2, cid:72421, maxbytes:2
20251110-03:35.49-828209(us) 19435 ! txn_stock_level (tpcc.cc:3398):     ERROR warehouse_id:2, cid:72421, maxbytes:2
20251110-03:35.49-829263(us) 19435 ! txn_stock_level (tpcc.cc:3398):     ERROR warehouse_id:2, cid:72421, maxbytes:2
20251110-03:35.49-829621(us) 19435 ! txn_stock_level (tpcc.cc:3398):     ERROR warehouse_id:2, cid:72421, maxbytes:2
20251110-03:35.49-830662(us) 19435 ! txn_stock_level (tpcc.cc:3398):     ERROR warehouse_id:2, cid:72421, maxbytes:2
20251110-03:35.49-830807(us) 19435 ! txn_stock_level (tpcc.cc:3398):     ERROR warehouse_id:2, cid:72421, maxbytes:2
20251110-03:35.49-830914(us) 19435 ! txn_stock_level (tpcc.cc:3398):     ERROR warehouse_id:2, cid:72421, maxbytes:2
20251110-03:35.49-830966(us) 19435 ! txn_stock_level (tpcc.cc:3398):     ERROR warehouse_id:2, cid:72421, maxbytes:2
20251110-03:35.49-831017(us) 19435 ! txn_stock_level (tpcc.cc:3398):     ERROR warehouse_id:2, cid:72421, maxbytes:2
20251110-03:35.49-831354(us) 19435 ! txn_stock_level (tpcc.cc:3398):     ERROR warehouse_id:2, cid:72421, maxbytes:2
20251110-03:35.49-831844(us) 19435 ! txn_stock_level (tpcc.cc:3398):     ERROR warehouse_id:2, cid:72421, maxbytes:2
20251110-03:35.49-833001(us) 19435 ! txn_stock_level (tpcc.cc:3398):     ERROR warehouse_id:2, cid:72421, maxbytes:2
20251110-03:35.49-833241(us) 19435 ! txn_stock_level (tpcc.cc:3398):     ERROR warehouse_id:2, cid:72421, maxbytes:2
20251110-03:35.49-833269(us) 19435 ! txn_stock_level (tpcc.cc:3398):     ERROR warehouse_id:2, cid:72421, maxbytes:2
20251110-03:35.49-833296(us) 19435 ! txn_stock_level (tpcc.cc:3398):     ERROR warehouse_id:2, cid:72421, maxbytes:2
20251110-03:35.49-834430(us) 19435 ! txn_stock_level (tpcc.cc:3398):     ERROR warehouse_id:2, cid:72421, maxbytes:2
20251110-03:35.49-834518(us) 19435 ! txn_stock_level (tpcc.cc:3398):     ERROR warehouse_id:2, cid:72421, maxbytes:2
20251110-03:35.49-834734(us) 19435 ! txn_stock_level (tpcc.cc:3398):     ERROR warehouse_id:2, cid:72421, maxbytes:2
20251110-03:35.49-834747(us) 19435 ! txn_stock_level (tpcc.cc:3398):     ERROR warehouse_id:2, cid:72421, maxbytes:2
20251110-03:35.49-835674(us) 19435 ! txn_stock_level (tpcc.cc:3398):     ERROR warehouse_id:2, cid:72421, maxbytes:2
20251110-03:35.49-967748(us) 19435 ! txn_stock_level (tpcc.cc:3398):     ERROR warehouse_id:1, cid:6213, maxbytes:2
20251110-03:35.49-967792(us) 19435 ! txn_stock_level (tpcc.cc:3398):     ERROR warehouse_id:1, cid:6213, maxbytes:2
20251110-03:35.49-968016(us) 19435 ! txn_stock_level (tpcc.cc:3398):     ERROR warehouse_id:1, cid:6213, maxbytes:2
20251110-03:35.49-968056(us) 19435 ! txn_stock_level (tpcc.cc:3398):     ERROR warehouse_id:1, cid:6213, maxbytes:2
20251110-03:35.49-969183(us) 19435 ! txn_stock_level (tpcc.cc:3398):     ERROR warehouse_id:1, cid:6213, maxbytes:2
20251110-03:35.49-969333(us) 19435 ! txn_stock_level (tpcc.cc:3398):     ERROR warehouse_id:1, cid:6213, maxbytes:2
20251110-03:35.49-969367(us) 19435 ! txn_stock_level (tpcc.cc:3398):     ERROR warehouse_id:1, cid:6213, maxbytes:2
20251110-03:35.49-969428(us) 19435 ! txn_stock_level (tpcc.cc:3398):     ERROR warehouse_id:1, cid:6213, maxbytes:2
20251110-03:35.49-969669(us) 19435 ! txn_stock_level (tpcc.cc:3398):     ERROR warehouse_id:1, cid:6213, maxbytes:2
20251110-03:35.49-969774(us) 19435 ! txn_stock_level (tpcc.cc:3398):     ERROR warehouse_id:1, cid:6213, maxbytes:2
20251110-03:35.49-969911(us) 19435 ! txn_stock_level (tpcc.cc:3398):     ERROR warehouse_id:1, cid:6213, maxbytes:2
20251110-03:35.49-969983(us) 19435 ! txn_stock_level (tpcc.cc:3398):     ERROR warehouse_id:1, cid:6213, maxbytes:2
20251110-03:35.49-970976(us) 19435 ! txn_stock_level (tpcc.cc:3398):     ERROR warehouse_id:1, cid:6213, maxbytes:2
20251110-03:35.49-972821(us) 19435 ! txn_stock_level (tpcc.cc:3398):     ERROR warehouse_id:1, cid:6213, maxbytes:2
20251110-03:35.49-974691(us) 19435 ! txn_stock_level (tpcc.cc:3398):     ERROR warehouse_id:1, cid:6213, maxbytes:2
20251110-03:35.49-975720(us) 19435 ! txn_stock_level (tpcc.cc:3398):     ERROR warehouse_id:1, cid:6213, maxbytes:2
20251110-03:35.50-192174(us) 19435 ! txn_stock_level (tpcc.cc:3398):     ERROR warehouse_id:2, cid:89811, maxbytes:2
20251110-03:35.50-193569(us) 19435 ! txn_stock_level (tpcc.cc:3398):     ERROR warehouse_id:2, cid:89811, maxbytes:2
20251110-03:35.50-193738(us) 19435 ! txn_stock_level (tpcc.cc:3398):     ERROR warehouse_id:2, cid:89811, maxbytes:2
20251110-03:35.50-251252(us) 19435 ! run             (bench.cc:473):     runtime time left:6000 ms, bool:1
20251110-03:35.50-312416(us) 19435 ! txn_stock_level (tpcc.cc:3398):     ERROR warehouse_id:1, cid:32423, maxbytes:2
20251110-03:35.50-313450(us) 19435 ! txn_stock_level (tpcc.cc:3398):     ERROR warehouse_id:1, cid:32423, maxbytes:2
20251110-03:35.50-314561(us) 19435 ! txn_stock_level (tpcc.cc:3398):     ERROR warehouse_id:1, cid:32423, maxbytes:2
20251110-03:35.50-314649(us) 19435 ! txn_stock_level (tpcc.cc:3398):     ERROR warehouse_id:1, cid:32423, maxbytes:2
20251110-03:35.50-314700(us) 19435 ! txn_stock_level (tpcc.cc:3398):     ERROR warehouse_id:1, cid:32423, maxbytes:2
20251110-03:35.50-315716(us) 19435 ! txn_stock_level (tpcc.cc:3398):     ERROR warehouse_id:1, cid:32423, maxbytes:2
20251110-03:35.50-316093(us) 19435 ! txn_stock_level (tpcc.cc:3398):     ERROR warehouse_id:1, cid:32423, maxbytes:2
20251110-03:35.50-317636(us) 19435 ! txn_stock_level (tpcc.cc:3398):     ERROR warehouse_id:1, cid:32423, maxbytes:2
20251110-03:35.50-317681(us) 19435 ! txn_stock_level (tpcc.cc:3398):     ERROR warehouse_id:1, cid:32423, maxbytes:2
20251110-03:35.50-317696(us) 19435 ! txn_stock_level (tpcc.cc:3398):     ERROR warehouse_id:1, cid:32423, maxbytes:2
20251110-03:35.50-317770(us) 19435 ! txn_stock_level (tpcc.cc:3398):     ERROR warehouse_id:1, cid:32423, maxbytes:2
20251110-03:35.50-317817(us) 19435 ! txn_stock_level (tpcc.cc:3398):     ERROR warehouse_id:1, cid:32423, maxbytes:2
20251110-03:35.50-318810(us) 19435 ! txn_stock_level (tpcc.cc:3398):     ERROR warehouse_id:1, cid:32423, maxbytes:2
20251110-03:35.50-319951(us) 19435 ! txn_stock_level (tpcc.cc:3398):     ERROR warehouse_id:1, cid:32423, maxbytes:2
20251110-03:35.50-320002(us) 19435 ! txn_stock_level (tpcc.cc:3398):     ERROR warehouse_id:1, cid:32423, maxbytes:2
20251110-03:35.50-320263(us) 19435 ! txn_stock_level (tpcc.cc:3398):     ERROR warehouse_id:1, cid:32423, maxbytes:2
20251110-03:35.50-321425(us) 19435 ! txn_stock_level (tpcc.cc:3398):     ERROR warehouse_id:1, cid:32423, maxbytes:2
20251110-03:35.50-321735(us) 19435 ! txn_stock_level (tpcc.cc:3398):     ERROR warehouse_id:1, cid:32423, maxbytes:2
20251110-03:35.50-321835(us) 19435 ! txn_stock_level (tpcc.cc:3398):     ERROR warehouse_id:1, cid:32423, maxbytes:2
20251110-03:35.50-321884(us) 19435 ! txn_stock_level (tpcc.cc:3398):     ERROR warehouse_id:1, cid:32423, maxbytes:2
20251110-03:35.50-322080(us) 19435 ! txn_stock_level (tpcc.cc:3398):     ERROR warehouse_id:1, cid:32423, maxbytes:2
20251110-03:35.50-322096(us) 19435 ! txn_stock_level (tpcc.cc:3398):     ERROR warehouse_id:1, cid:32423, maxbytes:2
20251110-03:35.50-324120(us) 19435 ! txn_stock_level (tpcc.cc:3398):     ERROR warehouse_id:1, cid:32423, maxbytes:2
20251110-03:35.50-324294(us) 19435 ! txn_stock_level (tpcc.cc:3398):     ERROR warehouse_id:1, cid:32423, maxbytes:2
20251110-03:35.50-324332(us) 19435 ! txn_stock_level (tpcc.cc:3398):     ERROR warehouse_id:1, cid:32423, maxbytes:2
20251110-03:35.50-326249(us) 19435 ! txn_stock_level (tpcc.cc:3398):     ERROR warehouse_id:1, cid:32423, maxbytes:2
20251110-03:35.50-326337(us) 19435 ! txn_stock_level (tpcc.cc:3398):     ERROR warehouse_id:1, cid:32423, maxbytes:2
20251110-03:35.50-326455(us) 19435 ! txn_stock_level (tpcc.cc:3398):     ERROR warehouse_id:1, cid:32423, maxbytes:2
20251110-03:35.50-326465(us) 19435 ! txn_stock_level (tpcc.cc:3398):     ERROR warehouse_id:1, cid:32423, maxbytes:2
20251110-03:35.50-326610(us) 19435 ! txn_stock_level (tpcc.cc:3398):     ERROR warehouse_id:1, cid:32423, maxbytes:2
20251110-03:35.50-326628(us) 19435 ! txn_stock_level (tpcc.cc:3398):     ERROR warehouse_id:1, cid:32423, maxbytes:2
20251110-03:35.50-326736(us) 19435 ! txn_stock_level (tpcc.cc:3398):     ERROR warehouse_id:1, cid:32423, maxbytes:2
20251110-03:35.50-326917(us) 19435 ! txn_stock_level (tpcc.cc:3398):     ERROR warehouse_id:1, cid:32423, maxbytes:2
20251110-03:35.50-327190(us) 19435 ! txn_stock_level (tpcc.cc:3398):     ERROR warehouse_id:1, cid:32423, maxbytes:2
20251110-03:35.50-327238(us) 19435 ! txn_stock_level (tpcc.cc:3398):     ERROR warehouse_id:1, cid:32423, maxbytes:2
20251110-03:35.50-328100(us) 19435 ! txn_stock_level (tpcc.cc:3398):     ERROR warehouse_id:1, cid:32423, maxbytes:2
20251110-03:35.50-330187(us) 19435 ! txn_stock_level (tpcc.cc:3398):     ERROR warehouse_id:1, cid:32423, maxbytes:2
20251110-03:35.50-330248(us) 19435 ! txn_stock_level (tpcc.cc:3398):     ERROR warehouse_id:1, cid:32423, maxbytes:2
20251110-03:35.50-330304(us) 19435 ! txn_stock_level (tpcc.cc:3398):     ERROR warehouse_id:1, cid:32423, maxbytes:2
20251110-03:35.50-522850(us) 19435 ! txn_stock_level (tpcc.cc:3398):     ERROR warehouse_id:2, cid:40671, maxbytes:2
20251110-03:35.50-523022(us) 19435 ! txn_stock_level (tpcc.cc:3398):     ERROR warehouse_id:2, cid:16039, maxbytes:2
20251110-03:35.50-525769(us) 19435 ! txn_stock_level (tpcc.cc:3398):     ERROR warehouse_id:2, cid:40671, maxbytes:2
20251110-03:35.50-525842(us) 19435 ! txn_stock_level (tpcc.cc:3398):     ERROR warehouse_id:2, cid:40671, maxbytes:2
20251110-03:35.50-526781(us) 19435 ! txn_stock_level (tpcc.cc:3398):     ERROR warehouse_id:2, cid:40671, maxbytes:2
20251110-03:35.50-526802(us) 19435 ! txn_stock_level (tpcc.cc:3398):     ERROR warehouse_id:2, cid:16039, maxbytes:2
20251110-03:35.50-526826(us) 19435 ! txn_stock_level (tpcc.cc:3398):     ERROR warehouse_id:2, cid:16039, maxbytes:2
20251110-03:35.50-527720(us) 19435 ! txn_stock_level (tpcc.cc:3398):     ERROR warehouse_id:2, cid:40671, maxbytes:2
20251110-03:35.50-527811(us) 19435 ! txn_stock_level (tpcc.cc:3398):     ERROR warehouse_id:2, cid:40671, maxbytes:2
20251110-03:35.50-527934(us) 19435 ! txn_stock_level (tpcc.cc:3398):     ERROR warehouse_id:2, cid:16039, maxbytes:2
20251110-03:35.50-527991(us) 19435 ! txn_stock_level (tpcc.cc:3398):     ERROR warehouse_id:2, cid:40671, maxbytes:2
20251110-03:35.50-528001(us) 19435 ! txn_stock_level (tpcc.cc:3398):     ERROR warehouse_id:2, cid:16039, maxbytes:2
20251110-03:35.50-528233(us) 19435 ! txn_stock_level (tpcc.cc:3398):     ERROR warehouse_id:2, cid:40671, maxbytes:2
20251110-03:35.50-528244(us) 19435 ! txn_stock_level (tpcc.cc:3398):     ERROR warehouse_id:2, cid:40671, maxbytes:2
20251110-03:35.50-528413(us) 19435 ! txn_stock_level (tpcc.cc:3398):     ERROR warehouse_id:2, cid:40671, maxbytes:2
20251110-03:35.50-530545(us) 19435 ! txn_stock_level (tpcc.cc:3398):     ERROR warehouse_id:2, cid:40671, maxbytes:2
20251110-03:35.50-531619(us) 19435 ! txn_stock_level (tpcc.cc:3398):     ERROR warehouse_id:2, cid:40671, maxbytes:2
20251110-03:35.50-531653(us) 19435 ! txn_stock_level (tpcc.cc:3398):     ERROR warehouse_id:2, cid:40671, maxbytes:2
20251110-03:35.50-532770(us) 19435 ! txn_stock_level (tpcc.cc:3398):     ERROR warehouse_id:2, cid:40671, maxbytes:2
20251110-03:35.50-533088(us) 19435 ! txn_stock_level (tpcc.cc:3398):     ERROR warehouse_id:2, cid:40671, maxbytes:2
20251110-03:35.50-535631(us) 19435 ! txn_stock_level (tpcc.cc:3398):     ERROR warehouse_id:2, cid:40671, maxbytes:2
20251110-03:35.50-558495(us) 19435 ! txn_stock_level (tpcc.cc:3398):     ERROR warehouse_id:2, cid:40679, maxbytes:2
20251110-03:35.50-558548(us) 19435 ! txn_stock_level (tpcc.cc:3398):     ERROR warehouse_id:2, cid:40679, maxbytes:2
20251110-03:35.50-559624(us) 19435 ! txn_stock_level (tpcc.cc:3398):     ERROR warehouse_id:2, cid:40679, maxbytes:2
20251110-03:35.50-559720(us) 19435 ! txn_stock_level (tpcc.cc:3398):     ERROR warehouse_id:2, cid:40679, maxbytes:2
20251110-03:35.50-559885(us) 19435 ! txn_stock_level (tpcc.cc:3398):     ERROR warehouse_id:2, cid:40679, maxbytes:2
20251110-03:35.50-559976(us) 19435 ! txn_stock_level (tpcc.cc:3398):     ERROR warehouse_id:2, cid:40679, maxbytes:2
20251110-03:35.50-560038(us) 19435 ! txn_stock_level (tpcc.cc:3398):     ERROR warehouse_id:2, cid:40679, maxbytes:2
20251110-03:35.50-561094(us) 19435 ! txn_stock_level (tpcc.cc:3398):     ERROR warehouse_id:2, cid:40679, maxbytes:2
20251110-03:35.50-561118(us) 19435 ! txn_stock_level (tpcc.cc:3398):     ERROR warehouse_id:2, cid:40679, maxbytes:2
20251110-03:35.50-561165(us) 19435 ! txn_stock_level (tpcc.cc:3398):     ERROR warehouse_id:2, cid:40679, maxbytes:2
20251110-03:35.50-561179(us) 19435 ! txn_stock_level (tpcc.cc:3398):     ERROR warehouse_id:2, cid:40679, maxbytes:2
20251110-03:35.50-561262(us) 19435 ! txn_stock_level (tpcc.cc:3398):     ERROR warehouse_id:2, cid:40679, maxbytes:2
20251110-03:35.50-561368(us) 19435 ! txn_stock_level (tpcc.cc:3398):     ERROR warehouse_id:2, cid:40679, maxbytes:2
20251110-03:35.50-561382(us) 19435 ! txn_stock_level (tpcc.cc:3398):     ERROR warehouse_id:2, cid:40679, maxbytes:2
20251110-03:35.50-561421(us) 19435 ! txn_stock_level (tpcc.cc:3398):     ERROR warehouse_id:2, cid:40679, maxbytes:2
20251110-03:35.50-561553(us) 19435 ! txn_stock_level (tpcc.cc:3398):     ERROR warehouse_id:2, cid:40679, maxbytes:2
20251110-03:35.50-561601(us) 19435 ! txn_stock_level (tpcc.cc:3398):     ERROR warehouse_id:2, cid:40679, maxbytes:2
20251110-03:35.50-563792(us) 19435 ! txn_stock_level (tpcc.cc:3398):     ERROR warehouse_id:2, cid:40679, maxbytes:2
20251110-03:35.50-564000(us) 19435 ! txn_stock_level (tpcc.cc:3398):     ERROR warehouse_id:2, cid:40679, maxbytes:2
20251110-03:35.50-564038(us) 19435 ! txn_stock_level (tpcc.cc:3398):     ERROR warehouse_id:2, cid:40679, maxbytes:2
20251110-03:35.50-566983(us) 19435 ! txn_stock_level (tpcc.cc:3398):     ERROR warehouse_id:2, cid:40679, maxbytes:2
20251110-03:35.50-569128(us) 19435 ! txn_stock_level (tpcc.cc:3398):     ERROR warehouse_id:2, cid:40679, maxbytes:2
20251110-03:35.50-569294(us) 19435 ! txn_stock_level (tpcc.cc:3398):     ERROR warehouse_id:2, cid:40679, maxbytes:2
20251110-03:35.50-570302(us) 19435 ! txn_stock_level (tpcc.cc:3398):     ERROR warehouse_id:2, cid:40679, maxbytes:2
20251110-03:35.50-570431(us) 19435 ! txn_stock_level (tpcc.cc:3398):     ERROR warehouse_id:2, cid:40679, maxbytes:2
20251110-03:35.50-571423(us) 19435 ! txn_stock_level (tpcc.cc:3398):     ERROR warehouse_id:2, cid:40679, maxbytes:2
20251110-03:35.50-571544(us) 19435 ! txn_stock_level (tpcc.cc:3398):     ERROR warehouse_id:2, cid:40679, maxbytes:2
20251110-03:35.50-573788(us) 19435 ! txn_stock_level (tpcc.cc:3398):     ERROR warehouse_id:2, cid:40679, maxbytes:2
20251110-03:35.50-576817(us) 19435 ! txn_stock_level (tpcc.cc:3398):     ERROR warehouse_id:2, cid:40679, maxbytes:2
20251110-03:35.50-577279(us) 19435 ! txn_stock_level (tpcc.cc:3398):     ERROR warehouse_id:2, cid:40679, maxbytes:2
20251110-03:35.50-578255(us) 19435 ! txn_stock_level (tpcc.cc:3398):     ERROR warehouse_id:2, cid:40679, maxbytes:2
20251110-03:35.50-578508(us) 19435 ! txn_stock_level (tpcc.cc:3398):     ERROR warehouse_id:2, cid:40679, maxbytes:2
20251110-03:35.50-582629(us) 19435 ! txn_stock_level (tpcc.cc:3398):     ERROR warehouse_id:2, cid:40679, maxbytes:2
20251110-03:35.50-582849(us) 19435 ! txn_stock_level (tpcc.cc:3398):     ERROR warehouse_id:2, cid:40679, maxbytes:2
20251110-03:35.50-582879(us) 19435 ! txn_stock_level (tpcc.cc:3398):     ERROR warehouse_id:2, cid:40679, maxbytes:2
20251110-03:35.50-582908(us) 19435 ! txn_stock_level (tpcc.cc:3398):     ERROR warehouse_id:2, cid:40679, maxbytes:2
20251110-03:35.50-582969(us) 19435 ! txn_stock_level (tpcc.cc:3398):     ERROR warehouse_id:2, cid:40679, maxbytes:2
20251110-03:35.50-583004(us) 19435 ! txn_stock_level (tpcc.cc:3398):     ERROR warehouse_id:2, cid:40679, maxbytes:2
20251110-03:35.50-583057(us) 19435 ! txn_stock_level (tpcc.cc:3398):     ERROR warehouse_id:2, cid:40679, maxbytes:2
20251110-03:35.50-583089(us) 19435 ! txn_stock_level (tpcc.cc:3398):     ERROR warehouse_id:2, cid:40679, maxbytes:2
20251110-03:35.50-583118(us) 19435 ! txn_stock_level (tpcc.cc:3398):     ERROR warehouse_id:2, cid:40679, maxbytes:2
20251110-03:35.50-583165(us) 19435 ! txn_stock_level (tpcc.cc:3398):     ERROR warehouse_id:2, cid:40679, maxbytes:2
20251110-03:35.50-584409(us) 19435 ! txn_stock_level (tpcc.cc:3398):     ERROR warehouse_id:2, cid:40679, maxbytes:2
20251110-03:35.50-584554(us) 19435 ! txn_stock_level (tpcc.cc:3398):     ERROR warehouse_id:2, cid:40679, maxbytes:2
20251110-03:35.50-584595(us) 19435 ! txn_stock_level (tpcc.cc:3398):     ERROR warehouse_id:2, cid:40679, maxbytes:2
20251110-03:35.50-584735(us) 19435 ! txn_stock_level (tpcc.cc:3398):     ERROR warehouse_id:2, cid:40679, maxbytes:2
20251110-03:35.50-584999(us) 19435 ! txn_stock_level (tpcc.cc:3398):     ERROR warehouse_id:2, cid:40679, maxbytes:2
20251110-03:35.50-585043(us) 19435 ! txn_stock_level (tpcc.cc:3398):     ERROR warehouse_id:2, cid:40679, maxbytes:2
20251110-03:35.50-585082(us) 19435 ! txn_stock_level (tpcc.cc:3398):     ERROR warehouse_id:2, cid:40679, maxbytes:2
20251110-03:35.50-585102(us) 19435 ! txn_stock_level (tpcc.cc:3398):     ERROR warehouse_id:2, cid:64966, maxbytes:2
20251110-03:35.50-585220(us) 19435 ! txn_stock_level (tpcc.cc:3398):     ERROR warehouse_id:2, cid:40679, maxbytes:2
20251110-03:35.50-586211(us) 19435 ! txn_stock_level (tpcc.cc:3398):     ERROR warehouse_id:2, cid:40679, maxbytes:2
20251110-03:35.50-586244(us) 19435 ! txn_stock_level (tpcc.cc:3398):     ERROR warehouse_id:2, cid:40679, maxbytes:2
20251110-03:35.50-586339(us) 19435 ! txn_stock_level (tpcc.cc:3398):     ERROR warehouse_id:2, cid:64966, maxbytes:2
20251110-03:35.50-586395(us) 19435 ! txn_stock_level (tpcc.cc:3398):     ERROR warehouse_id:2, cid:40679, maxbytes:2
20251110-03:35.50-586412(us) 19435 ! txn_stock_level (tpcc.cc:3398):     ERROR warehouse_id:2, cid:64966, maxbytes:2
20251110-03:35.50-586424(us) 19435 ! txn_stock_level (tpcc.cc:3398):     ERROR warehouse_id:2, cid:64966, maxbytes:2
20251110-03:35.50-586539(us) 19435 ! txn_stock_level (tpcc.cc:3398):     ERROR warehouse_id:2, cid:64966, maxbytes:2
20251110-03:35.50-586570(us) 19435 ! txn_stock_level (tpcc.cc:3398):     ERROR warehouse_id:2, cid:64966, maxbytes:2
20251110-03:35.50-586608(us) 19435 ! txn_stock_level (tpcc.cc:3398):     ERROR warehouse_id:2, cid:64966, maxbytes:2
20251110-03:35.50-586621(us) 19435 ! txn_stock_level (tpcc.cc:3398):     ERROR warehouse_id:2, cid:64966, maxbytes:2
20251110-03:35.50-586688(us) 19435 ! txn_stock_level (tpcc.cc:3398):     ERROR warehouse_id:2, cid:64966, maxbytes:2
20251110-03:35.50-586763(us) 19435 ! txn_stock_level (tpcc.cc:3398):     ERROR warehouse_id:2, cid:40679, maxbytes:2
20251110-03:35.50-586785(us) 19435 ! txn_stock_level (tpcc.cc:3398):     ERROR warehouse_id:2, cid:64966, maxbytes:2
20251110-03:35.50-586813(us) 19435 ! txn_stock_level (tpcc.cc:3398):     ERROR warehouse_id:2, cid:40679, maxbytes:2
20251110-03:35.50-586881(us) 19435 ! txn_stock_level (tpcc.cc:3398):     ERROR warehouse_id:2, cid:40679, maxbytes:2
20251110-03:35.50-586939(us) 19435 ! txn_stock_level (tpcc.cc:3398):     ERROR warehouse_id:2, cid:40679, maxbytes:2
20251110-03:35.50-586965(us) 19435 ! txn_stock_level (tpcc.cc:3398):     ERROR warehouse_id:2, cid:40679, maxbytes:2
20251110-03:35.50-587038(us) 19435 ! txn_stock_level (tpcc.cc:3398):     ERROR warehouse_id:2, cid:40679, maxbytes:2
20251110-03:35.50-587103(us) 19435 ! txn_stock_level (tpcc.cc:3398):     ERROR warehouse_id:2, cid:64966, maxbytes:2
20251110-03:35.50-587114(us) 19435 ! txn_stock_level (tpcc.cc:3398):     ERROR warehouse_id:2, cid:64966, maxbytes:2
20251110-03:35.50-587127(us) 19435 ! txn_stock_level (tpcc.cc:3398):     ERROR warehouse_id:2, cid:64966, maxbytes:2
20251110-03:35.50-587246(us) 19435 ! txn_stock_level (tpcc.cc:3398):     ERROR warehouse_id:2, cid:40679, maxbytes:2
20251110-03:35.50-588139(us) 19435 ! txn_stock_level (tpcc.cc:3398):     ERROR warehouse_id:2, cid:64966, maxbytes:2
20251110-03:35.50-589247(us) 19435 ! txn_stock_level (tpcc.cc:3398):     ERROR warehouse_id:2, cid:64966, maxbytes:2
20251110-03:35.50-589407(us) 19435 ! txn_stock_level (tpcc.cc:3398):     ERROR warehouse_id:2, cid:64966, maxbytes:2
20251110-03:35.50-590500(us) 19435 ! txn_stock_level (tpcc.cc:3398):     ERROR warehouse_id:2, cid:64966, maxbytes:2
20251110-03:35.50-591672(us) 19435 ! txn_stock_level (tpcc.cc:3398):     ERROR warehouse_id:2, cid:64966, maxbytes:2
20251110-03:35.50-591747(us) 19435 ! txn_stock_level (tpcc.cc:3398):     ERROR warehouse_id:2, cid:64966, maxbytes:2
20251110-03:35.50-591765(us) 19435 ! txn_stock_level (tpcc.cc:3398):     ERROR warehouse_id:2, cid:64966, maxbytes:2
20251110-03:35.50-594115(us) 19435 ! txn_stock_level (tpcc.cc:3398):     ERROR warehouse_id:2, cid:64966, maxbytes:2
20251110-03:35.50-594134(us) 19435 ! txn_stock_level (tpcc.cc:3398):     ERROR warehouse_id:2, cid:64966, maxbytes:2
20251110-03:35.50-595778(us) 19435 ! txn_stock_level (tpcc.cc:3398):     ERROR warehouse_id:2, cid:64966, maxbytes:2
20251110-03:35.50-595841(us) 19435 ! txn_stock_level (tpcc.cc:3398):     ERROR warehouse_id:2, cid:64966, maxbytes:2
20251110-03:35.50-595878(us) 19435 ! txn_stock_level (tpcc.cc:3398):     ERROR warehouse_id:2, cid:64966, maxbytes:2
20251110-03:35.50-595974(us) 19435 ! txn_stock_level (tpcc.cc:3398):     ERROR warehouse_id:2, cid:64966, maxbytes:2
20251110-03:35.50-596986(us) 19435 ! txn_stock_level (tpcc.cc:3398):     ERROR warehouse_id:2, cid:64966, maxbytes:2
20251110-03:35.50-597959(us) 19435 ! txn_stock_level (tpcc.cc:3398):     ERROR warehouse_id:2, cid:64966, maxbytes:2
20251110-03:35.50-599062(us) 19435 ! txn_stock_level (tpcc.cc:3398):     ERROR warehouse_id:2, cid:57055, maxbytes:2
20251110-03:35.50-599413(us) 19435 ! txn_stock_level (tpcc.cc:3398):     ERROR warehouse_id:2, cid:64966, maxbytes:2
20251110-03:35.50-599513(us) 19435 ! txn_stock_level (tpcc.cc:3398):     ERROR warehouse_id:2, cid:64966, maxbytes:2
20251110-03:35.50-600380(us) 19435 ! txn_stock_level (tpcc.cc:3398):     ERROR warehouse_id:2, cid:64966, maxbytes:2
20251110-03:35.50-600472(us) 19435 ! txn_stock_level (tpcc.cc:3398):     ERROR warehouse_id:2, cid:57055, maxbytes:2
20251110-03:35.50-600492(us) 19435 ! txn_stock_level (tpcc.cc:3398):     ERROR warehouse_id:2, cid:64966, maxbytes:2
20251110-03:35.50-601504(us) 19435 ! txn_stock_level (tpcc.cc:3398):     ERROR warehouse_id:2, cid:64966, maxbytes:2
20251110-03:35.50-602814(us) 19435 ! txn_stock_level (tpcc.cc:3398):     ERROR warehouse_id:2, cid:64966, maxbytes:2
20251110-03:35.50-603791(us) 19435 ! txn_stock_level (tpcc.cc:3398):     ERROR warehouse_id:2, cid:64966, maxbytes:2
20251110-03:35.50-605969(us) 19435 ! txn_stock_level (tpcc.cc:3398):     ERROR warehouse_id:2, cid:64966, maxbytes:2
20251110-03:35.50-606013(us) 19435 ! txn_stock_level (tpcc.cc:3398):     ERROR warehouse_id:2, cid:64966, maxbytes:2
20251110-03:35.50-606071(us) 19435 ! txn_stock_level (tpcc.cc:3398):     ERROR warehouse_id:2, cid:64966, maxbytes:2
20251110-03:35.50-607039(us) 19435 ! txn_stock_level (tpcc.cc:3398):     ERROR warehouse_id:2, cid:64966, maxbytes:2
20251110-03:35.50-607227(us) 19435 ! txn_stock_level (tpcc.cc:3398):     ERROR warehouse_id:2, cid:64966, maxbytes:2
20251110-03:35.50-607460(us) 19435 ! txn_stock_level (tpcc.cc:3398):     ERROR warehouse_id:2, cid:64966, maxbytes:2
20251110-03:35.50-607664(us) 19435 ! txn_stock_level (tpcc.cc:3398):     ERROR warehouse_id:2, cid:64966, maxbytes:2
20251110-03:35.50-607693(us) 19435 ! txn_stock_level (tpcc.cc:3398):     ERROR warehouse_id:2, cid:64966, maxbytes:2
20251110-03:35.50-607847(us) 19435 ! txn_stock_level (tpcc.cc:3398):     ERROR warehouse_id:2, cid:64966, maxbytes:2
20251110-03:35.50-620796(us) 19435 ! txn_stock_level (tpcc.cc:3398):     ERROR warehouse_id:2, cid:46823, maxbytes:2
20251110-03:35.50-722279(us) 19435 ! txn_stock_level (tpcc.cc:3398):     ERROR warehouse_id:2, cid:30431, maxbytes:2
20251110-03:35.50-722313(us) 19435 ! txn_stock_level (tpcc.cc:3398):     ERROR warehouse_id:2, cid:30431, maxbytes:2
20251110-03:35.50-723693(us) 19435 ! txn_stock_level (tpcc.cc:3398):     ERROR warehouse_id:2, cid:30431, maxbytes:2
20251110-03:35.50-723736(us) 19435 ! txn_stock_level (tpcc.cc:3398):     ERROR warehouse_id:2, cid:30431, maxbytes:2
20251110-03:35.50-725462(us) 19435 ! txn_stock_level (tpcc.cc:3398):     ERROR warehouse_id:2, cid:30431, maxbytes:2
20251110-03:35.50-823127(us) 19435 ! txn_stock_level (tpcc.cc:3398):     ERROR warehouse_id:1, cid:48867, maxbytes:2
20251110-03:35.50-901213(us) 19435 ! txn_stock_level (tpcc.cc:3398):     ERROR warehouse_id:2, cid:57043, maxbytes:2
20251110-03:35.50-901301(us) 19435 ! txn_stock_level (tpcc.cc:3398):     ERROR warehouse_id:2, cid:57043, maxbytes:2
20251110-03:35.50-901389(us) 19435 ! txn_stock_level (tpcc.cc:3398):     ERROR warehouse_id:2, cid:57043, maxbytes:2
20251110-03:35.50-901404(us) 19435 ! txn_stock_level (tpcc.cc:3398):     ERROR warehouse_id:2, cid:57043, maxbytes:2
20251110-03:35.50-901679(us) 19435 ! txn_stock_level (tpcc.cc:3398):     ERROR warehouse_id:2, cid:57043, maxbytes:2
20251110-03:35.50-902968(us) 19435 ! txn_stock_level (tpcc.cc:3398):     ERROR warehouse_id:2, cid:57043, maxbytes:2
20251110-03:35.50-903012(us) 19435 ! txn_stock_level (tpcc.cc:3398):     ERROR warehouse_id:2, cid:57043, maxbytes:2
20251110-03:35.50-903056(us) 19435 ! txn_stock_level (tpcc.cc:3398):     ERROR warehouse_id:2, cid:57043, maxbytes:2
20251110-03:35.50-903099(us) 19435 ! txn_stock_level (tpcc.cc:3398):     ERROR warehouse_id:2, cid:5447, maxbytes:2
20251110-03:35.50-903110(us) 19435 ! txn_stock_level (tpcc.cc:3398):     ERROR warehouse_id:2, cid:5447, maxbytes:2
20251110-03:35.50-903223(us) 19435 ! txn_stock_level (tpcc.cc:3398):     ERROR warehouse_id:2, cid:5447, maxbytes:2
20251110-03:35.50-903248(us) 19435 ! txn_stock_level (tpcc.cc:3398):     ERROR warehouse_id:2, cid:5447, maxbytes:2
20251110-03:35.51-256734(us) 19435 ! run             (bench.cc:473):     runtime time left:5000 ms, bool:1
20251110-03:35.51-352686(us) 19435 ! txn_stock_level (tpcc.cc:3398):     ERROR warehouse_id:1, cid:79463, maxbytes:2
20251110-03:35.51-352799(us) 19435 ! txn_stock_level (tpcc.cc:3398):     ERROR warehouse_id:1, cid:79463, maxbytes:2
20251110-03:35.51-352832(us) 19435 ! txn_stock_level (tpcc.cc:3398):     ERROR warehouse_id:1, cid:79463, maxbytes:2
20251110-03:35.51-354780(us) 19435 ! txn_stock_level (tpcc.cc:3398):     ERROR warehouse_id:1, cid:79463, maxbytes:2
20251110-03:35.51-354867(us) 19435 ! txn_stock_level (tpcc.cc:3398):     ERROR warehouse_id:1, cid:79463, maxbytes:2
20251110-03:35.51-375542(us) 19435 ! txn_stock_level (tpcc.cc:3398):     ERROR warehouse_id:2, cid:95463, maxbytes:2
20251110-03:35.51-375573(us) 19435 ! txn_stock_level (tpcc.cc:3398):     ERROR warehouse_id:2, cid:95463, maxbytes:2
20251110-03:35.51-375715(us) 19435 ! txn_stock_level (tpcc.cc:3398):     ERROR warehouse_id:2, cid:95463, maxbytes:2
20251110-03:35.51-375728(us) 19435 ! txn_stock_level (tpcc.cc:3398):     ERROR warehouse_id:2, cid:95463, maxbytes:2
20251110-03:35.51-375761(us) 19435 ! txn_stock_level (tpcc.cc:3398):     ERROR warehouse_id:2, cid:95463, maxbytes:2
20251110-03:35.51-403343(us) 19435 ! txn_stock_level (tpcc.cc:3398):     ERROR warehouse_id:1, cid:23143, maxbytes:2
20251110-03:35.51-403575(us) 19435 ! txn_stock_level (tpcc.cc:3398):     ERROR warehouse_id:1, cid:23143, maxbytes:2
20251110-03:35.51-403866(us) 19435 ! txn_stock_level (tpcc.cc:3398):     ERROR warehouse_id:1, cid:23143, maxbytes:2
20251110-03:35.51-404190(us) 19435 ! txn_stock_level (tpcc.cc:3398):     ERROR warehouse_id:1, cid:23143, maxbytes:2
20251110-03:35.51-404264(us) 19435 ! txn_stock_level (tpcc.cc:3398):     ERROR warehouse_id:1, cid:23143, maxbytes:2
20251110-03:35.51-404698(us) 19435 ! txn_stock_level (tpcc.cc:3398):     ERROR warehouse_id:1, cid:54995, maxbytes:2
20251110-03:35.51-404780(us) 19435 ! txn_stock_level (tpcc.cc:3398):     ERROR warehouse_id:1, cid:23143, maxbytes:2
20251110-03:35.51-404821(us) 19435 ! txn_stock_level (tpcc.cc:3398):     ERROR warehouse_id:1, cid:23143, maxbytes:2
20251110-03:35.51-404832(us) 19435 ! txn_stock_level (tpcc.cc:3398):     ERROR warehouse_id:1, cid:54995, maxbytes:2
20251110-03:35.51-404870(us) 19435 ! txn_stock_level (tpcc.cc:3398):     ERROR warehouse_id:1, cid:54995, maxbytes:2
20251110-03:35.51-405000(us) 19435 ! txn_stock_level (tpcc.cc:3398):     ERROR warehouse_id:1, cid:54995, maxbytes:2
20251110-03:35.51-405025(us) 19435 ! txn_stock_level (tpcc.cc:3398):     ERROR warehouse_id:1, cid:23143, maxbytes:2
20251110-03:35.51-405152(us) 19435 ! txn_stock_level (tpcc.cc:3398):     ERROR warehouse_id:1, cid:54995, maxbytes:2
20251110-03:35.51-405209(us) 19435 ! txn_stock_level (tpcc.cc:3398):     ERROR warehouse_id:1, cid:23143, maxbytes:2
20251110-03:35.51-406071(us) 19435 ! txn_stock_level (tpcc.cc:3398):     ERROR warehouse_id:1, cid:23143, maxbytes:2
20251110-03:35.51-406189(us) 19435 ! txn_stock_level (tpcc.cc:3398):     ERROR warehouse_id:1, cid:54995, maxbytes:2
20251110-03:35.51-406249(us) 19435 ! txn_stock_level (tpcc.cc:3398):     ERROR warehouse_id:1, cid:54995, maxbytes:2
20251110-03:35.51-406311(us) 19435 ! txn_stock_level (tpcc.cc:3398):     ERROR warehouse_id:1, cid:54995, maxbytes:2
20251110-03:35.51-406388(us) 19435 ! txn_stock_level (tpcc.cc:3398):     ERROR warehouse_id:1, cid:23143, maxbytes:2
20251110-03:35.51-406608(us) 19435 ! txn_stock_level (tpcc.cc:3398):     ERROR warehouse_id:1, cid:23143, maxbytes:2
20251110-03:35.51-407657(us) 19435 ! txn_stock_level (tpcc.cc:3398):     ERROR warehouse_id:1, cid:54995, maxbytes:2
20251110-03:35.51-407692(us) 19435 ! txn_stock_level (tpcc.cc:3398):     ERROR warehouse_id:1, cid:23143, maxbytes:2
20251110-03:35.51-407743(us) 19435 ! txn_stock_level (tpcc.cc:3398):     ERROR warehouse_id:1, cid:54995, maxbytes:2
20251110-03:35.51-408826(us) 19435 ! txn_stock_level (tpcc.cc:3398):     ERROR warehouse_id:1, cid:54995, maxbytes:2
20251110-03:35.51-409732(us) 19435 ! txn_stock_level (tpcc.cc:3398):     ERROR warehouse_id:1, cid:54995, maxbytes:2
20251110-03:35.51-410101(us) 19435 ! txn_stock_level (tpcc.cc:3398):     ERROR warehouse_id:1, cid:54995, maxbytes:2
20251110-03:35.51-410230(us) 19435 ! txn_stock_level (tpcc.cc:3398):     ERROR warehouse_id:1, cid:54995, maxbytes:2
20251110-03:35.51-410240(us) 19435 ! txn_stock_level (tpcc.cc:3398):     ERROR warehouse_id:1, cid:54995, maxbytes:2
20251110-03:35.51-410262(us) 19435 ! txn_stock_level (tpcc.cc:3398):     ERROR warehouse_id:1, cid:54995, maxbytes:2
20251110-03:35.51-411064(us) 19435 ! txn_stock_level (tpcc.cc:3398):     ERROR warehouse_id:1, cid:54995, maxbytes:2
20251110-03:35.51-411948(us) 19435 ! txn_stock_level (tpcc.cc:3398):     ERROR warehouse_id:1, cid:54995, maxbytes:2
20251110-03:35.51-412271(us) 19435 ! txn_stock_level (tpcc.cc:3398):     ERROR warehouse_id:1, cid:54995, maxbytes:2
20251110-03:35.51-417088(us) 19435 ! txn_stock_level (tpcc.cc:3398):     ERROR warehouse_id:1, cid:97895, maxbytes:2
20251110-03:35.51-417112(us) 19435 ! txn_stock_level (tpcc.cc:3398):     ERROR warehouse_id:1, cid:97895, maxbytes:2
20251110-03:35.51-417195(us) 19435 ! txn_stock_level (tpcc.cc:3398):     ERROR warehouse_id:1, cid:97895, maxbytes:2
20251110-03:35.51-417230(us) 19435 ! txn_stock_level (tpcc.cc:3398):     ERROR warehouse_id:1, cid:97895, maxbytes:2
20251110-03:35.51-418273(us) 19435 ! txn_stock_level (tpcc.cc:3398):     ERROR warehouse_id:1, cid:97895, maxbytes:2
20251110-03:35.51-418322(us) 19435 ! txn_stock_level (tpcc.cc:3398):     ERROR warehouse_id:1, cid:97895, maxbytes:2
20251110-03:35.51-418385(us) 19435 ! txn_stock_level (tpcc.cc:3398):     ERROR warehouse_id:1, cid:97895, maxbytes:2
20251110-03:35.51-571439(us) 19435 ! txn_stock_level (tpcc.cc:3398):     ERROR warehouse_id:2, cid:81127, maxbytes:2
20251110-03:35.51-571546(us) 19435 ! txn_stock_level (tpcc.cc:3398):     ERROR warehouse_id:2, cid:81127, maxbytes:2
20251110-03:35.51-571555(us) 19435 ! txn_stock_level (tpcc.cc:3398):     ERROR warehouse_id:2, cid:81127, maxbytes:2
20251110-03:35.51-572632(us) 19435 ! txn_stock_level (tpcc.cc:3398):     ERROR warehouse_id:2, cid:81127, maxbytes:2
20251110-03:35.51-572825(us) 19435 ! txn_stock_level (tpcc.cc:3398):     ERROR warehouse_id:2, cid:81127, maxbytes:2
20251110-03:35.51-572843(us) 19435 ! txn_stock_level (tpcc.cc:3398):     ERROR warehouse_id:2, cid:81127, maxbytes:2
20251110-03:35.51-573699(us) 19435 ! txn_stock_level (tpcc.cc:3398):     ERROR warehouse_id:2, cid:81127, maxbytes:2
20251110-03:35.51-574912(us) 19435 ! txn_stock_level (tpcc.cc:3398):     ERROR warehouse_id:2, cid:81127, maxbytes:2
20251110-03:35.51-575066(us) 19435 ! txn_stock_level (tpcc.cc:3398):     ERROR warehouse_id:2, cid:81127, maxbytes:2
20251110-03:35.51-575232(us) 19435 ! txn_stock_level (tpcc.cc:3398):     ERROR warehouse_id:2, cid:81127, maxbytes:2
20251110-03:35.51-575268(us) 19435 ! txn_stock_level (tpcc.cc:3398):     ERROR warehouse_id:2, cid:81127, maxbytes:2
20251110-03:35.51-575438(us) 19435 ! txn_stock_level (tpcc.cc:3398):     ERROR warehouse_id:2, cid:81127, maxbytes:2
20251110-03:35.51-671945(us) 19435 ! txn_stock_level (tpcc.cc:3398):     ERROR warehouse_id:2, cid:48867, maxbytes:2
20251110-03:35.51-672057(us) 19435 ! txn_stock_level (tpcc.cc:3398):     ERROR warehouse_id:2, cid:48867, maxbytes:2
20251110-03:35.51-672099(us) 19435 ! txn_stock_level (tpcc.cc:3398):     ERROR warehouse_id:2, cid:48867, maxbytes:2
20251110-03:35.51-723728(us) 19435 ! txn_stock_level (tpcc.cc:3398):     ERROR warehouse_id:1, cid:39911, maxbytes:2
20251110-03:35.51-724660(us) 19435 ! txn_stock_level (tpcc.cc:3398):     ERROR warehouse_id:1, cid:39911, maxbytes:2
20251110-03:35.51-724736(us) 19435 ! txn_stock_level (tpcc.cc:3398):     ERROR warehouse_id:1, cid:39911, maxbytes:2
20251110-03:35.51-724761(us) 19435 ! txn_stock_level (tpcc.cc:3398):     ERROR warehouse_id:1, cid:39911, maxbytes:2
20251110-03:35.51-727533(us) 19435 ! txn_stock_level (tpcc.cc:3398):     ERROR warehouse_id:1, cid:39911, maxbytes:2
20251110-03:35.51-728707(us) 19435 ! txn_stock_level (tpcc.cc:3398):     ERROR warehouse_id:1, cid:39911, maxbytes:2
20251110-03:35.51-729143(us) 19435 ! txn_stock_level (tpcc.cc:3398):     ERROR warehouse_id:1, cid:39911, maxbytes:2
20251110-03:35.51-730531(us) 19435 ! txn_stock_level (tpcc.cc:3398):     ERROR warehouse_id:1, cid:39911, maxbytes:2
20251110-03:35.51-730650(us) 19435 ! txn_stock_level (tpcc.cc:3398):     ERROR warehouse_id:1, cid:39911, maxbytes:2
20251110-03:35.51-730694(us) 19435 ! txn_stock_level (tpcc.cc:3398):     ERROR warehouse_id:1, cid:39911, maxbytes:2
20251110-03:35.51-734866(us) 19435 ! txn_stock_level (tpcc.cc:3398):     ERROR warehouse_id:1, cid:39911, maxbytes:2
20251110-03:35.51-734897(us) 19435 ! txn_stock_level (tpcc.cc:3398):     ERROR warehouse_id:1, cid:39911, maxbytes:2
20251110-03:35.51-735016(us) 19435 ! txn_stock_level (tpcc.cc:3398):     ERROR warehouse_id:1, cid:39911, maxbytes:2
20251110-03:35.51-737348(us) 19435 ! txn_stock_level (tpcc.cc:3398):     ERROR warehouse_id:1, cid:39911, maxbytes:2
20251110-03:35.51-738417(us) 19435 ! txn_stock_level (tpcc.cc:3398):     ERROR warehouse_id:1, cid:39911, maxbytes:2
20251110-03:35.51-740044(us) 19435 ! txn_stock_level (tpcc.cc:3398):     ERROR warehouse_id:1, cid:39911, maxbytes:2
20251110-03:35.51-741250(us) 19435 ! txn_stock_level (tpcc.cc:3398):     ERROR warehouse_id:1, cid:39911, maxbytes:2
20251110-03:35.52-11044(us) 19435 ! txn_stock_level (tpcc.cc:3398):     ERROR warehouse_id:1, cid:32343, maxbytes:2
20251110-03:35.52-11083(us) 19435 ! txn_stock_level (tpcc.cc:3398):     ERROR warehouse_id:1, cid:32343, maxbytes:2
20251110-03:35.52-13104(us) 19435 ! txn_stock_level (tpcc.cc:3398):     ERROR warehouse_id:1, cid:32343, maxbytes:2
20251110-03:35.52-14076(us) 19435 ! txn_stock_level (tpcc.cc:3398):     ERROR warehouse_id:1, cid:32343, maxbytes:2
20251110-03:35.52-14942(us) 19435 ! txn_stock_level (tpcc.cc:3398):     ERROR warehouse_id:1, cid:32343, maxbytes:2
20251110-03:35.52-14986(us) 19435 ! txn_stock_level (tpcc.cc:3398):     ERROR warehouse_id:1, cid:32343, maxbytes:2
20251110-03:35.52-18297(us) 19435 ! txn_stock_level (tpcc.cc:3398):     ERROR warehouse_id:2, cid:52951, maxbytes:2
20251110-03:35.52-18326(us) 19435 ! txn_stock_level (tpcc.cc:3398):     ERROR warehouse_id:2, cid:52951, maxbytes:2
20251110-03:35.52-19217(us) 19435 ! txn_stock_level (tpcc.cc:3398):     ERROR warehouse_id:2, cid:52951, maxbytes:2
20251110-03:35.52-23347(us) 19435 ! txn_stock_level (tpcc.cc:3398):     ERROR warehouse_id:1, cid:24279, maxbytes:2
20251110-03:35.52-23492(us) 19435 ! txn_stock_level (tpcc.cc:3398):     ERROR warehouse_id:1, cid:24279, maxbytes:2
20251110-03:35.52-24474(us) 19435 ! txn_stock_level (tpcc.cc:3398):     ERROR warehouse_id:1, cid:24279, maxbytes:2
20251110-03:35.52-24604(us) 19435 ! txn_stock_level (tpcc.cc:3398):     ERROR warehouse_id:1, cid:24279, maxbytes:2
20251110-03:35.52-24638(us) 19435 ! txn_stock_level (tpcc.cc:3398):     ERROR warehouse_id:1, cid:24279, maxbytes:2
20251110-03:35.52-25673(us) 19435 ! txn_stock_level (tpcc.cc:3398):     ERROR warehouse_id:1, cid:24279, maxbytes:2
20251110-03:35.52-25911(us) 19435 ! txn_stock_level (tpcc.cc:3398):     ERROR warehouse_id:1, cid:24279, maxbytes:2
20251110-03:35.52-27129(us) 19435 ! txn_stock_level (tpcc.cc:3398):     ERROR warehouse_id:1, cid:24279, maxbytes:2
20251110-03:35.52-27189(us) 19435 ! txn_stock_level (tpcc.cc:3398):     ERROR warehouse_id:1, cid:24279, maxbytes:2
20251110-03:35.52-27264(us) 19435 ! txn_stock_level (tpcc.cc:3398):     ERROR warehouse_id:1, cid:24279, maxbytes:2
20251110-03:35.52-27295(us) 19435 ! txn_stock_level (tpcc.cc:3398):     ERROR warehouse_id:1, cid:24279, maxbytes:2
20251110-03:35.52-27308(us) 19435 ! txn_stock_level (tpcc.cc:3398):     ERROR warehouse_id:1, cid:24279, maxbytes:2
20251110-03:35.52-27466(us) 19435 ! txn_stock_level (tpcc.cc:3398):     ERROR warehouse_id:1, cid:24279, maxbytes:2
20251110-03:35.52-27548(us) 19435 ! txn_stock_level (tpcc.cc:3398):     ERROR warehouse_id:1, cid:24279, maxbytes:2
20251110-03:35.52-27648(us) 19435 ! txn_stock_level (tpcc.cc:3398):     ERROR warehouse_id:1, cid:24279, maxbytes:2
20251110-03:35.52-27686(us) 19435 ! txn_stock_level (tpcc.cc:3398):     ERROR warehouse_id:1, cid:24279, maxbytes:2
20251110-03:35.52-27745(us) 19435 ! txn_stock_level (tpcc.cc:3398):     ERROR warehouse_id:1, cid:24279, maxbytes:2
20251110-03:35.52-88954(us) 19435 ! txn_stock_level (tpcc.cc:3398):     ERROR warehouse_id:1, cid:87271, maxbytes:2
20251110-03:35.52-89049(us) 19435 ! txn_stock_level (tpcc.cc:3398):     ERROR warehouse_id:1, cid:87271, maxbytes:2
20251110-03:35.52-90125(us) 19435 ! txn_stock_level (tpcc.cc:3398):     ERROR warehouse_id:1, cid:87271, maxbytes:2
20251110-03:35.52-92755(us) 19435 ! txn_stock_level (tpcc.cc:3398):     ERROR warehouse_id:1, cid:87271, maxbytes:2
20251110-03:35.52-93805(us) 19435 ! txn_stock_level (tpcc.cc:3398):     ERROR warehouse_id:1, cid:87271, maxbytes:2
20251110-03:35.52-109447(us) 19435 ! txn_stock_level (tpcc.cc:3398):     ERROR warehouse_id:2, cid:89831, maxbytes:2
20251110-03:35.52-110830(us) 19435 ! txn_stock_level (tpcc.cc:3398):     ERROR warehouse_id:2, cid:89831, maxbytes:2
20251110-03:35.52-112175(us) 19435 ! txn_stock_level (tpcc.cc:3398):     ERROR warehouse_id:2, cid:89831, maxbytes:2
20251110-03:35.52-114328(us) 19435 ! txn_stock_level (tpcc.cc:3398):     ERROR warehouse_id:2, cid:89831, maxbytes:2
20251110-03:35.52-114397(us) 19435 ! txn_stock_level (tpcc.cc:3398):     ERROR warehouse_id:2, cid:89831, maxbytes:2
20251110-03:35.52-114552(us) 19435 ! txn_stock_level (tpcc.cc:3398):     ERROR warehouse_id:2, cid:89831, maxbytes:2
20251110-03:35.52-114677(us) 19435 ! txn_stock_level (tpcc.cc:3398):     ERROR warehouse_id:2, cid:89831, maxbytes:2
20251110-03:35.52-114712(us) 19435 ! txn_stock_level (tpcc.cc:3398):     ERROR warehouse_id:2, cid:89831, maxbytes:2
20251110-03:35.52-114758(us) 19435 ! txn_stock_level (tpcc.cc:3398):     ERROR warehouse_id:2, cid:89831, maxbytes:2
20251110-03:35.52-116595(us) 19435 ! txn_stock_level (tpcc.cc:3398):     ERROR warehouse_id:2, cid:89831, maxbytes:2
20251110-03:35.52-116625(us) 19435 ! txn_stock_level (tpcc.cc:3398):     ERROR warehouse_id:2, cid:89831, maxbytes:2
20251110-03:35.52-117409(us) 19435 ! txn_stock_level (tpcc.cc:3398):     ERROR warehouse_id:2, cid:89831, maxbytes:2
20251110-03:35.52-117467(us) 19435 ! txn_stock_level (tpcc.cc:3398):     ERROR warehouse_id:2, cid:89831, maxbytes:2
20251110-03:35.52-117820(us) 19435 ! txn_stock_level (tpcc.cc:3398):     ERROR warehouse_id:2, cid:89831, maxbytes:2
20251110-03:35.52-117857(us) 19435 ! txn_stock_level (tpcc.cc:3398):     ERROR warehouse_id:2, cid:89831, maxbytes:2
20251110-03:35.52-118866(us) 19435 ! txn_stock_level (tpcc.cc:3398):     ERROR warehouse_id:2, cid:89831, maxbytes:2
20251110-03:35.52-119067(us) 19435 ! txn_stock_level (tpcc.cc:3398):     ERROR warehouse_id:2, cid:89831, maxbytes:2
20251110-03:35.52-119139(us) 19435 ! txn_stock_level (tpcc.cc:3398):     ERROR warehouse_id:2, cid:89831, maxbytes:2
20251110-03:35.52-162534(us) 19435 ! txn_stock_level (tpcc.cc:3398):     ERROR warehouse_id:1, cid:81639, maxbytes:2
20251110-03:35.52-162774(us) 19435 ! txn_stock_level (tpcc.cc:3398):     ERROR warehouse_id:1, cid:81639, maxbytes:2
20251110-03:35.52-162832(us) 19435 ! txn_stock_level (tpcc.cc:3398):     ERROR warehouse_id:1, cid:81639, maxbytes:2
20251110-03:35.52-162886(us) 19435 ! txn_stock_level (tpcc.cc:3398):     ERROR warehouse_id:1, cid:81639, maxbytes:2
20251110-03:35.52-165024(us) 19435 ! txn_stock_level (tpcc.cc:3398):     ERROR warehouse_id:1, cid:81639, maxbytes:2
20251110-03:35.52-165114(us) 19435 ! txn_stock_level (tpcc.cc:3398):     ERROR warehouse_id:1, cid:81639, maxbytes:2
20251110-03:35.52-165179(us) 19435 ! txn_stock_level (tpcc.cc:3398):     ERROR warehouse_id:1, cid:81639, maxbytes:2
20251110-03:35.52-166393(us) 19435 ! txn_stock_level (tpcc.cc:3398):     ERROR warehouse_id:1, cid:81639, maxbytes:2
20251110-03:35.52-166514(us) 19435 ! txn_stock_level (tpcc.cc:3398):     ERROR warehouse_id:1, cid:81639, maxbytes:2
20251110-03:35.52-167572(us) 19435 ! txn_stock_level (tpcc.cc:3398):     ERROR warehouse_id:1, cid:81639, maxbytes:2
20251110-03:35.52-167752(us) 19435 ! txn_stock_level (tpcc.cc:3398):     ERROR warehouse_id:1, cid:81639, maxbytes:2
20251110-03:35.52-171614(us) 19435 ! txn_stock_level (tpcc.cc:3398):     ERROR warehouse_id:1, cid:81639, maxbytes:2
20251110-03:35.52-171642(us) 19435 ! txn_stock_level (tpcc.cc:3398):     ERROR warehouse_id:1, cid:81639, maxbytes:2
20251110-03:35.52-172888(us) 19435 ! txn_stock_level (tpcc.cc:3398):     ERROR warehouse_id:1, cid:81639, maxbytes:2
20251110-03:35.52-252465(us) 19435 ! txn_stock_level (tpcc.cc:3398):     ERROR warehouse_id:2, cid:38565, maxbytes:2
20251110-03:35.52-252570(us) 19435 ! txn_stock_level (tpcc.cc:3398):     ERROR warehouse_id:2, cid:38565, maxbytes:2
20251110-03:35.52-252850(us) 19435 ! txn_stock_level (tpcc.cc:3398):     ERROR warehouse_id:2, cid:38565, maxbytes:2
20251110-03:35.52-252928(us) 19435 ! txn_stock_level (tpcc.cc:3398):     ERROR warehouse_id:2, cid:38565, maxbytes:2
20251110-03:35.52-252967(us) 19435 ! txn_stock_level (tpcc.cc:3398):     ERROR warehouse_id:2, cid:38565, maxbytes:2
20251110-03:35.52-252981(us) 19435 ! txn_stock_level (tpcc.cc:3398):     ERROR warehouse_id:2, cid:38565, maxbytes:2
20251110-03:35.52-253070(us) 19435 ! txn_stock_level (tpcc.cc:3398):     ERROR warehouse_id:2, cid:38565, maxbytes:2
20251110-03:35.52-262130(us) 19435 ! run             (bench.cc:473):     runtime time left:4000 ms, bool:1
20251110-03:35.52-646303(us) 19435 ! txn_stock_level (tpcc.cc:3398):     ERROR warehouse_id:2, cid:48871, maxbytes:2
20251110-03:35.52-647990(us) 19435 ! txn_stock_level (tpcc.cc:3398):     ERROR warehouse_id:2, cid:48871, maxbytes:2
20251110-03:35.52-648870(us) 19435 ! txn_stock_level (tpcc.cc:3398):     ERROR warehouse_id:2, cid:48871, maxbytes:2
20251110-03:35.52-649031(us) 19435 ! txn_stock_level (tpcc.cc:3398):     ERROR warehouse_id:2, cid:48871, maxbytes:2
20251110-03:35.52-650266(us) 19435 ! txn_stock_level (tpcc.cc:3398):     ERROR warehouse_id:2, cid:48871, maxbytes:2
20251110-03:35.52-650339(us) 19435 ! txn_stock_level (tpcc.cc:3398):     ERROR warehouse_id:2, cid:48871, maxbytes:2
20251110-03:35.52-651233(us) 19435 ! txn_stock_level (tpcc.cc:3398):     ERROR warehouse_id:2, cid:48871, maxbytes:2
20251110-03:35.52-651286(us) 19435 ! txn_stock_level (tpcc.cc:3398):     ERROR warehouse_id:2, cid:48871, maxbytes:2
20251110-03:35.52-652297(us) 19435 ! txn_stock_level (tpcc.cc:3398):     ERROR warehouse_id:2, cid:48871, maxbytes:2
20251110-03:35.52-652327(us) 19435 ! txn_stock_level (tpcc.cc:3398):     ERROR warehouse_id:2, cid:48871, maxbytes:2
20251110-03:35.52-652422(us) 19435 ! txn_stock_level (tpcc.cc:3398):     ERROR warehouse_id:2, cid:48871, maxbytes:2
20251110-03:35.52-652548(us) 19435 ! txn_stock_level (tpcc.cc:3398):     ERROR warehouse_id:2, cid:48871, maxbytes:2
20251110-03:35.52-697225(us) 19435 ! txn_stock_level (tpcc.cc:3398):     ERROR warehouse_id:2, cid:32335, maxbytes:2
20251110-03:35.52-697318(us) 19435 ! txn_stock_level (tpcc.cc:3398):     ERROR warehouse_id:2, cid:32335, maxbytes:2
20251110-03:35.52-697496(us) 19435 ! txn_stock_level (tpcc.cc:3398):     ERROR warehouse_id:2, cid:32335, maxbytes:2
20251110-03:35.52-697537(us) 19435 ! txn_stock_level (tpcc.cc:3398):     ERROR warehouse_id:2, cid:32335, maxbytes:2
20251110-03:35.52-698462(us) 19435 ! txn_stock_level (tpcc.cc:3398):     ERROR warehouse_id:2, cid:32335, maxbytes:2
20251110-03:35.52-698513(us) 19435 ! txn_stock_level (tpcc.cc:3398):     ERROR warehouse_id:2, cid:32335, maxbytes:2
20251110-03:35.52-698612(us) 19435 ! txn_stock_level (tpcc.cc:3398):     ERROR warehouse_id:2, cid:32335, maxbytes:2
20251110-03:35.52-698642(us) 19435 ! txn_stock_level (tpcc.cc:3398):     ERROR warehouse_id:2, cid:32335, maxbytes:2
20251110-03:35.52-698662(us) 19435 ! txn_stock_level (tpcc.cc:3398):     ERROR warehouse_id:2, cid:32335, maxbytes:2
20251110-03:35.52-819635(us) 19435 ! txn_stock_level (tpcc.cc:3398):     ERROR warehouse_id:2, cid:98023, maxbytes:2
20251110-03:35.53-7022(us) 19435 ! txn_stock_level (tpcc.cc:3398):     ERROR warehouse_id:2, cid:89766, maxbytes:2
20251110-03:35.53-7218(us) 19435 ! txn_stock_level (tpcc.cc:3398):     ERROR warehouse_id:2, cid:89766, maxbytes:2
20251110-03:35.53-7328(us) 19435 ! txn_stock_level (tpcc.cc:3398):     ERROR warehouse_id:2, cid:89766, maxbytes:2
20251110-03:35.53-49274(us) 19435 ! txn_stock_level (tpcc.cc:3398):     ERROR warehouse_id:1, cid:63203, maxbytes:2
20251110-03:35.53-49354(us) 19435 ! txn_stock_level (tpcc.cc:3398):     ERROR warehouse_id:1, cid:63203, maxbytes:2
20251110-03:35.53-49371(us) 19435 ! txn_stock_level (tpcc.cc:3398):     ERROR warehouse_id:1, cid:63203, maxbytes:2
20251110-03:35.53-49611(us) 19435 ! txn_stock_level (tpcc.cc:3398):     ERROR warehouse_id:1, cid:63203, maxbytes:2
20251110-03:35.53-50366(us) 19435 ! txn_stock_level (tpcc.cc:3398):     ERROR warehouse_id:1, cid:63203, maxbytes:2
20251110-03:35.53-50554(us) 19435 ! txn_stock_level (tpcc.cc:3398):     ERROR warehouse_id:1, cid:63203, maxbytes:2
20251110-03:35.53-52344(us) 19435 ! txn_stock_level (tpcc.cc:3398):     ERROR warehouse_id:1, cid:63203, maxbytes:2
20251110-03:35.53-52398(us) 19435 ! txn_stock_level (tpcc.cc:3398):     ERROR warehouse_id:1, cid:63203, maxbytes:2
20251110-03:35.53-52864(us) 19435 ! txn_stock_level (tpcc.cc:3398):     ERROR warehouse_id:1, cid:63203, maxbytes:2
20251110-03:35.53-52887(us) 19435 ! txn_stock_level (tpcc.cc:3398):     ERROR warehouse_id:1, cid:63203, maxbytes:2
20251110-03:35.53-53065(us) 19435 ! txn_stock_level (tpcc.cc:3398):     ERROR warehouse_id:1, cid:63203, maxbytes:2
20251110-03:35.53-53082(us) 19435 ! txn_stock_level (tpcc.cc:3398):     ERROR warehouse_id:1, cid:63203, maxbytes:2
20251110-03:35.53-53126(us) 19435 ! txn_stock_level (tpcc.cc:3398):     ERROR warehouse_id:1, cid:63203, maxbytes:2
20251110-03:35.53-53139(us) 19435 ! txn_stock_level (tpcc.cc:3398):     ERROR warehouse_id:1, cid:63203, maxbytes:2
20251110-03:35.53-53263(us) 19435 ! txn_stock_level (tpcc.cc:3398):     ERROR warehouse_id:1, cid:63203, maxbytes:2
20251110-03:35.53-54243(us) 19435 ! txn_stock_level (tpcc.cc:3398):     ERROR warehouse_id:1, cid:63203, maxbytes:2
20251110-03:35.53-54394(us) 19435 ! txn_stock_level (tpcc.cc:3398):     ERROR warehouse_id:1, cid:63203, maxbytes:2
20251110-03:35.53-54665(us) 19435 ! txn_stock_level (tpcc.cc:3398):     ERROR warehouse_id:1, cid:63203, maxbytes:2
20251110-03:35.53-56690(us) 19435 ! txn_stock_level (tpcc.cc:3398):     ERROR warehouse_id:1, cid:63203, maxbytes:2
20251110-03:35.53-56712(us) 19435 ! txn_stock_level (tpcc.cc:3398):     ERROR warehouse_id:1, cid:63203, maxbytes:2
20251110-03:35.53-56767(us) 19435 ! txn_stock_level (tpcc.cc:3398):     ERROR warehouse_id:1, cid:63203, maxbytes:2
20251110-03:35.53-56776(us) 19435 ! txn_stock_level (tpcc.cc:3398):     ERROR warehouse_id:1, cid:63203, maxbytes:2
20251110-03:35.53-267701(us) 19435 ! run             (bench.cc:473):     runtime time left:3000 ms, bool:1
20251110-03:35.53-365927(us) 19435 ! txn_stock_level (tpcc.cc:3398):     ERROR warehouse_id:2, cid:56935, maxbytes:2
20251110-03:35.53-366050(us) 19435 ! txn_stock_level (tpcc.cc:3398):     ERROR warehouse_id:2, cid:56935, maxbytes:2
20251110-03:35.53-366067(us) 19435 ! txn_stock_level (tpcc.cc:3398):     ERROR warehouse_id:2, cid:56935, maxbytes:2
20251110-03:35.53-367401(us) 19435 ! txn_stock_level (tpcc.cc:3398):     ERROR warehouse_id:2, cid:56935, maxbytes:2
20251110-03:35.53-367437(us) 19435 ! txn_stock_level (tpcc.cc:3398):     ERROR warehouse_id:2, cid:56935, maxbytes:2
20251110-03:35.53-367445(us) 19435 ! txn_stock_level (tpcc.cc:3398):     ERROR warehouse_id:2, cid:56935, maxbytes:2
20251110-03:35.53-367476(us) 19435 ! txn_stock_level (tpcc.cc:3398):     ERROR warehouse_id:2, cid:56935, maxbytes:2
20251110-03:35.53-367504(us) 19435 ! txn_stock_level (tpcc.cc:3398):     ERROR warehouse_id:2, cid:56935, maxbytes:2
20251110-03:35.53-367696(us) 19435 ! txn_stock_level (tpcc.cc:3398):     ERROR warehouse_id:2, cid:56935, maxbytes:2
20251110-03:35.53-367771(us) 19435 ! txn_stock_level (tpcc.cc:3398):     ERROR warehouse_id:2, cid:56935, maxbytes:2
20251110-03:35.53-521156(us) 19435 ! txn_stock_level (tpcc.cc:3398):     ERROR warehouse_id:1, cid:98014, maxbytes:2
20251110-03:35.53-523416(us) 19435 ! txn_stock_level (tpcc.cc:3398):     ERROR warehouse_id:1, cid:98014, maxbytes:2
20251110-03:35.53-523448(us) 19435 ! txn_stock_level (tpcc.cc:3398):     ERROR warehouse_id:1, cid:98014, maxbytes:2
20251110-03:35.53-523517(us) 19435 ! txn_stock_level (tpcc.cc:3398):     ERROR warehouse_id:1, cid:98014, maxbytes:2
20251110-03:35.53-525201(us) 19435 ! txn_stock_level (tpcc.cc:3398):     ERROR warehouse_id:1, cid:98014, maxbytes:2
20251110-03:35.53-526315(us) 19435 ! txn_stock_level (tpcc.cc:3398):     ERROR warehouse_id:1, cid:98014, maxbytes:2
20251110-03:35.53-528921(us) 19435 ! txn_stock_level (tpcc.cc:3398):     ERROR warehouse_id:1, cid:98014, maxbytes:2
20251110-03:35.53-529022(us) 19435 ! txn_stock_level (tpcc.cc:3398):     ERROR warehouse_id:1, cid:98014, maxbytes:2
20251110-03:35.53-529167(us) 19435 ! txn_stock_level (tpcc.cc:3398):     ERROR warehouse_id:1, cid:98014, maxbytes:2
20251110-03:35.53-529707(us) 19435 ! txn_stock_level (tpcc.cc:3398):     ERROR warehouse_id:1, cid:98014, maxbytes:2
20251110-03:35.53-529757(us) 19435 ! txn_stock_level (tpcc.cc:3398):     ERROR warehouse_id:1, cid:98014, maxbytes:2
20251110-03:35.53-530793(us) 19435 ! txn_stock_level (tpcc.cc:3398):     ERROR warehouse_id:1, cid:98014, maxbytes:2
20251110-03:35.53-695569(us) 19435 ! txn_stock_level (tpcc.cc:3398):     ERROR warehouse_id:1, cid:71, maxbytes:2
20251110-03:35.53-696930(us) 19435 ! txn_stock_level (tpcc.cc:3398):     ERROR warehouse_id:1, cid:71, maxbytes:2
20251110-03:35.53-697018(us) 19435 ! txn_stock_level (tpcc.cc:3398):     ERROR warehouse_id:1, cid:71, maxbytes:2
20251110-03:35.53-697053(us) 19435 ! txn_stock_level (tpcc.cc:3398):     ERROR warehouse_id:1, cid:71, maxbytes:2
20251110-03:35.53-697084(us) 19435 ! txn_stock_level (tpcc.cc:3398):     ERROR warehouse_id:1, cid:71, maxbytes:2
20251110-03:35.53-697138(us) 19435 ! txn_stock_level (tpcc.cc:3398):     ERROR warehouse_id:1, cid:71, maxbytes:2
20251110-03:35.53-697378(us) 19435 ! txn_stock_level (tpcc.cc:3398):     ERROR warehouse_id:1, cid:71, maxbytes:2
20251110-03:35.53-697412(us) 19435 ! txn_stock_level (tpcc.cc:3398):     ERROR warehouse_id:1, cid:71, maxbytes:2
20251110-03:35.53-697508(us) 19435 ! txn_stock_level (tpcc.cc:3398):     ERROR warehouse_id:1, cid:71, maxbytes:2
20251110-03:35.53-697649(us) 19435 ! txn_stock_level (tpcc.cc:3398):     ERROR warehouse_id:1, cid:71, maxbytes:2
20251110-03:35.53-697692(us) 19435 ! txn_stock_level (tpcc.cc:3398):     ERROR warehouse_id:1, cid:71, maxbytes:2
20251110-03:35.53-697863(us) 19435 ! txn_stock_level (tpcc.cc:3398):     ERROR warehouse_id:1, cid:71, maxbytes:2
20251110-03:35.53-697932(us) 19435 ! txn_stock_level (tpcc.cc:3398):     ERROR warehouse_id:1, cid:71, maxbytes:2
20251110-03:35.53-697984(us) 19435 ! txn_stock_level (tpcc.cc:3398):     ERROR warehouse_id:1, cid:71, maxbytes:2
20251110-03:35.53-698022(us) 19435 ! txn_stock_level (tpcc.cc:3398):     ERROR warehouse_id:1, cid:71, maxbytes:2
20251110-03:35.53-698178(us) 19435 ! txn_stock_level (tpcc.cc:3398):     ERROR warehouse_id:1, cid:71, maxbytes:2
20251110-03:35.53-698311(us) 19435 ! txn_stock_level (tpcc.cc:3398):     ERROR warehouse_id:1, cid:71, maxbytes:2
20251110-03:35.53-699185(us) 19435 ! txn_stock_level (tpcc.cc:3398):     ERROR warehouse_id:1, cid:71, maxbytes:2
20251110-03:35.53-699292(us) 19435 ! txn_stock_level (tpcc.cc:3398):     ERROR warehouse_id:1, cid:71, maxbytes:2
20251110-03:35.53-699486(us) 19435 ! txn_stock_level (tpcc.cc:3398):     ERROR warehouse_id:1, cid:71, maxbytes:2
20251110-03:35.53-699651(us) 19435 ! txn_stock_level (tpcc.cc:3398):     ERROR warehouse_id:1, cid:71, maxbytes:2
20251110-03:35.53-699850(us) 19435 ! txn_stock_level (tpcc.cc:3398):     ERROR warehouse_id:1, cid:71, maxbytes:2
20251110-03:35.53-700865(us) 19435 ! txn_stock_level (tpcc.cc:3398):     ERROR warehouse_id:1, cid:71, maxbytes:2
20251110-03:35.53-700941(us) 19435 ! txn_stock_level (tpcc.cc:3398):     ERROR warehouse_id:1, cid:71, maxbytes:2
20251110-03:35.53-701889(us) 19435 ! txn_stock_level (tpcc.cc:3398):     ERROR warehouse_id:1, cid:71, maxbytes:2
20251110-03:35.53-702295(us) 19435 ! txn_stock_level (tpcc.cc:3398):     ERROR warehouse_id:1, cid:71, maxbytes:2
20251110-03:35.53-702329(us) 19435 ! txn_stock_level (tpcc.cc:3398):     ERROR warehouse_id:1, cid:40679, maxbytes:2
20251110-03:35.53-702374(us) 19435 ! txn_stock_level (tpcc.cc:3398):     ERROR warehouse_id:1, cid:71, maxbytes:2
20251110-03:35.53-703826(us) 19435 ! txn_stock_level (tpcc.cc:3398):     ERROR warehouse_id:1, cid:40679, maxbytes:2
20251110-03:35.53-703908(us) 19435 ! txn_stock_level (tpcc.cc:3398):     ERROR warehouse_id:1, cid:71, maxbytes:2
20251110-03:35.53-703961(us) 19435 ! txn_stock_level (tpcc.cc:3398):     ERROR warehouse_id:1, cid:40679, maxbytes:2
20251110-03:35.53-704072(us) 19435 ! txn_stock_level (tpcc.cc:3398):     ERROR warehouse_id:1, cid:71, maxbytes:2
20251110-03:35.53-704560(us) 19435 ! txn_stock_level (tpcc.cc:3398):     ERROR warehouse_id:1, cid:40679, maxbytes:2
20251110-03:35.53-705576(us) 19435 ! txn_stock_level (tpcc.cc:3398):     ERROR warehouse_id:1, cid:40679, maxbytes:2
20251110-03:35.53-705708(us) 19435 ! txn_stock_level (tpcc.cc:3398):     ERROR warehouse_id:1, cid:40679, maxbytes:2
20251110-03:35.53-706942(us) 19435 ! txn_stock_level (tpcc.cc:3398):     ERROR warehouse_id:1, cid:40679, maxbytes:2
20251110-03:35.53-706979(us) 19435 ! txn_stock_level (tpcc.cc:3398):     ERROR warehouse_id:1, cid:40679, maxbytes:2
20251110-03:35.53-708141(us) 19435 ! txn_stock_level (tpcc.cc:3398):     ERROR warehouse_id:1, cid:40679, maxbytes:2
20251110-03:35.53-709344(us) 19435 ! txn_stock_level (tpcc.cc:3398):     ERROR warehouse_id:1, cid:40679, maxbytes:2
20251110-03:35.53-711264(us) 19435 ! txn_stock_level (tpcc.cc:3398):     ERROR warehouse_id:1, cid:40679, maxbytes:2
20251110-03:35.53-711294(us) 19435 ! txn_stock_level (tpcc.cc:3398):     ERROR warehouse_id:1, cid:40679, maxbytes:2
20251110-03:35.53-711302(us) 19435 ! txn_stock_level (tpcc.cc:3398):     ERROR warehouse_id:1, cid:40679, maxbytes:2
20251110-03:35.53-711384(us) 19435 ! txn_stock_level (tpcc.cc:3398):     ERROR warehouse_id:1, cid:40679, maxbytes:2
20251110-03:35.53-711482(us) 19435 ! txn_stock_level (tpcc.cc:3398):     ERROR warehouse_id:1, cid:40679, maxbytes:2
20251110-03:35.53-711556(us) 19435 ! txn_stock_level (tpcc.cc:3398):     ERROR warehouse_id:1, cid:40679, maxbytes:2
20251110-03:35.53-711564(us) 19435 ! txn_stock_level (tpcc.cc:3398):     ERROR warehouse_id:1, cid:40679, maxbytes:2
20251110-03:35.53-711743(us) 19435 ! txn_stock_level (tpcc.cc:3398):     ERROR warehouse_id:1, cid:40679, maxbytes:2
20251110-03:35.53-805728(us) 19435 ! txn_stock_level (tpcc.cc:3398):     ERROR warehouse_id:2, cid:48871, maxbytes:2
20251110-03:35.53-807223(us) 19435 ! txn_stock_level (tpcc.cc:3398):     ERROR warehouse_id:2, cid:48871, maxbytes:2
20251110-03:35.53-807280(us) 19435 ! txn_stock_level (tpcc.cc:3398):     ERROR warehouse_id:2, cid:48871, maxbytes:2
20251110-03:35.53-807383(us) 19435 ! txn_stock_level (tpcc.cc:3398):     ERROR warehouse_id:2, cid:48871, maxbytes:2
20251110-03:35.53-807455(us) 19435 ! txn_stock_level (tpcc.cc:3398):     ERROR warehouse_id:2, cid:48871, maxbytes:2
20251110-03:35.54-67247(us) 19435 ! txn_stock_level (tpcc.cc:3398):     ERROR warehouse_id:1, cid:16087, maxbytes:2
20251110-03:35.54-67273(us) 19435 ! txn_stock_level (tpcc.cc:3398):     ERROR warehouse_id:1, cid:16087, maxbytes:2
20251110-03:35.54-68368(us) 19435 ! txn_stock_level (tpcc.cc:3398):     ERROR warehouse_id:1, cid:16087, maxbytes:2
20251110-03:35.54-68415(us) 19435 ! txn_stock_level (tpcc.cc:3398):     ERROR warehouse_id:1, cid:16087, maxbytes:2
20251110-03:35.54-68848(us) 19435 ! txn_stock_level (tpcc.cc:3398):     ERROR warehouse_id:1, cid:16087, maxbytes:2
20251110-03:35.54-68871(us) 19435 ! txn_stock_level (tpcc.cc:3398):     ERROR warehouse_id:1, cid:16087, maxbytes:2
20251110-03:35.54-69688(us) 19435 ! txn_stock_level (tpcc.cc:3398):     ERROR warehouse_id:1, cid:16087, maxbytes:2
20251110-03:35.54-71843(us) 19435 ! txn_stock_level (tpcc.cc:3398):     ERROR warehouse_id:1, cid:16087, maxbytes:2
20251110-03:35.54-71964(us) 19435 ! txn_stock_level (tpcc.cc:3398):     ERROR warehouse_id:1, cid:16087, maxbytes:2
20251110-03:35.54-71995(us) 19435 ! txn_stock_level (tpcc.cc:3398):     ERROR warehouse_id:1, cid:16087, maxbytes:2
20251110-03:35.54-130331(us) 19435 ! txn_stock_level (tpcc.cc:3398):     ERROR warehouse_id:1, cid:81639, maxbytes:2
20251110-03:35.54-130413(us) 19435 ! txn_stock_level (tpcc.cc:3398):     ERROR warehouse_id:1, cid:81639, maxbytes:2
20251110-03:35.54-130660(us) 19435 ! txn_stock_level (tpcc.cc:3398):     ERROR warehouse_id:1, cid:81639, maxbytes:2
20251110-03:35.54-131697(us) 19435 ! txn_stock_level (tpcc.cc:3398):     ERROR warehouse_id:1, cid:81639, maxbytes:2
20251110-03:35.54-131770(us) 19435 ! txn_stock_level (tpcc.cc:3398):     ERROR warehouse_id:1, cid:81639, maxbytes:2
20251110-03:35.54-134307(us) 19435 ! txn_stock_level (tpcc.cc:3398):     ERROR warehouse_id:2, cid:81127, maxbytes:2
20251110-03:35.54-134351(us) 19435 ! txn_stock_level (tpcc.cc:3398):     ERROR warehouse_id:2, cid:81127, maxbytes:2
20251110-03:35.54-134519(us) 19435 ! txn_stock_level (tpcc.cc:3398):     ERROR warehouse_id:2, cid:81127, maxbytes:2
20251110-03:35.54-137487(us) 19435 ! txn_stock_level (tpcc.cc:3398):     ERROR warehouse_id:2, cid:81127, maxbytes:2
20251110-03:35.54-137514(us) 19435 ! txn_stock_level (tpcc.cc:3398):     ERROR warehouse_id:2, cid:81127, maxbytes:2
20251110-03:35.54-137950(us) 19435 ! txn_stock_level (tpcc.cc:3398):     ERROR warehouse_id:2, cid:81127, maxbytes:2
20251110-03:35.54-141187(us) 19435 ! txn_stock_level (tpcc.cc:3398):     ERROR warehouse_id:2, cid:81127, maxbytes:2
20251110-03:35.54-273313(us) 19435 ! run             (bench.cc:473):     runtime time left:2000 ms, bool:1
20251110-03:35.54-931005(us) 19435 ! txn_stock_level (tpcc.cc:3398):     ERROR warehouse_id:1, cid:63047, maxbytes:2
20251110-03:35.54-931065(us) 19435 ! txn_stock_level (tpcc.cc:3398):     ERROR warehouse_id:1, cid:63047, maxbytes:2
20251110-03:35.54-932302(us) 19435 ! txn_stock_level (tpcc.cc:3398):     ERROR warehouse_id:1, cid:63047, maxbytes:2
20251110-03:35.55-50777(us) 19435 ! txn_stock_level (tpcc.cc:3398):     ERROR warehouse_id:2, cid:14951, maxbytes:2
20251110-03:35.55-50838(us) 19435 ! txn_stock_level (tpcc.cc:3398):     ERROR warehouse_id:2, cid:14951, maxbytes:2
20251110-03:35.55-51718(us) 19435 ! txn_stock_level (tpcc.cc:3398):     ERROR warehouse_id:2, cid:14951, maxbytes:2
20251110-03:35.55-254058(us) 19435 ! txn_stock_level (tpcc.cc:3398):     ERROR warehouse_id:2, cid:56551, maxbytes:2
20251110-03:35.55-255323(us) 19435 ! txn_stock_level (tpcc.cc:3398):     ERROR warehouse_id:2, cid:56551, maxbytes:2
20251110-03:35.55-255353(us) 19435 ! txn_stock_level (tpcc.cc:3398):     ERROR warehouse_id:2, cid:56551, maxbytes:2
20251110-03:35.55-255447(us) 19435 ! txn_stock_level (tpcc.cc:3398):     ERROR warehouse_id:2, cid:56551, maxbytes:2
20251110-03:35.55-255501(us) 19435 ! txn_stock_level (tpcc.cc:3398):     ERROR warehouse_id:2, cid:56551, maxbytes:2
20251110-03:35.55-257435(us) 19435 ! txn_stock_level (tpcc.cc:3398):     ERROR warehouse_id:2, cid:56551, maxbytes:2
20251110-03:35.55-258372(us) 19435 ! txn_stock_level (tpcc.cc:3398):     ERROR warehouse_id:2, cid:56551, maxbytes:2
20251110-03:35.55-258414(us) 19435 ! txn_stock_level (tpcc.cc:3398):     ERROR warehouse_id:2, cid:56551, maxbytes:2
20251110-03:35.55-258445(us) 19435 ! txn_stock_level (tpcc.cc:3398):     ERROR warehouse_id:2, cid:56551, maxbytes:2
20251110-03:35.55-258468(us) 19435 ! txn_stock_level (tpcc.cc:3398):     ERROR warehouse_id:2, cid:56551, maxbytes:2
20251110-03:35.55-258488(us) 19435 ! txn_stock_level (tpcc.cc:3398):     ERROR warehouse_id:2, cid:56551, maxbytes:2
20251110-03:35.55-278658(us) 19435 ! run             (bench.cc:473):     runtime time left:1000 ms, bool:1
20251110-03:35.55-391438(us) 19435 ! txn_stock_level (tpcc.cc:3398):     ERROR warehouse_id:2, cid:12003, maxbytes:2
20251110-03:35.55-391648(us) 19435 ! txn_stock_level (tpcc.cc:3398):     ERROR warehouse_id:2, cid:12003, maxbytes:2
20251110-03:35.55-538511(us) 19435 ! txn_stock_level (tpcc.cc:3398):     ERROR warehouse_id:2, cid:81607, maxbytes:2
20251110-03:35.55-539859(us) 19435 ! txn_stock_level (tpcc.cc:3398):     ERROR warehouse_id:2, cid:81607, maxbytes:2
20251110-03:35.55-540839(us) 19435 ! txn_stock_level (tpcc.cc:3398):     ERROR warehouse_id:2, cid:81607, maxbytes:2
20251110-03:35.55-540924(us) 19435 ! txn_stock_level (tpcc.cc:3398):     ERROR warehouse_id:2, cid:81607, maxbytes:2
20251110-03:35.55-540988(us) 19435 ! txn_stock_level (tpcc.cc:3398):     ERROR warehouse_id:2, cid:81607, maxbytes:2
20251110-03:35.55-543011(us) 19435 ! txn_stock_level (tpcc.cc:3398):     ERROR warehouse_id:2, cid:81607, maxbytes:2
20251110-03:35.55-544022(us) 19435 ! txn_stock_level (tpcc.cc:3398):     ERROR warehouse_id:2, cid:81607, maxbytes:2
20251110-03:35.55-544194(us) 19435 ! txn_stock_level (tpcc.cc:3398):     ERROR warehouse_id:2, cid:81607, maxbytes:2
20251110-03:35.55-653388(us) 19435 ! txn_stock_level (tpcc.cc:3398):     ERROR warehouse_id:1, cid:57063, maxbytes:2
20251110-03:35.55-653564(us) 19435 ! txn_stock_level (tpcc.cc:3398):     ERROR warehouse_id:1, cid:57063, maxbytes:2
20251110-03:35.55-757627(us) 19435 ! txn_stock_level (tpcc.cc:3398):     ERROR warehouse_id:2, cid:16100, maxbytes:2
20251110-03:35.55-757673(us) 19435 ! txn_stock_level (tpcc.cc:3398):     ERROR warehouse_id:2, cid:16100, maxbytes:2
20251110-03:35.55-757726(us) 19435 ! txn_stock_level (tpcc.cc:3398):     ERROR warehouse_id:2, cid:16100, maxbytes:2
20251110-03:35.55-757773(us) 19435 ! txn_stock_level (tpcc.cc:3398):     ERROR warehouse_id:2, cid:16100, maxbytes:2
20251110-03:35.55-758936(us) 19435 ! txn_stock_level (tpcc.cc:3398):     ERROR warehouse_id:2, cid:16100, maxbytes:2
20251110-03:35.55-759135(us) 19435 ! txn_stock_level (tpcc.cc:3398):     ERROR warehouse_id:2, cid:16100, maxbytes:2
20251110-03:35.55-759191(us) 19435 ! txn_stock_level (tpcc.cc:3398):     ERROR warehouse_id:2, cid:16100, maxbytes:2
20251110-03:35.55-760452(us) 19435 ! txn_stock_level (tpcc.cc:3398):     ERROR warehouse_id:2, cid:16100, maxbytes:2
20251110-03:35.55-760485(us) 19435 ! txn_stock_level (tpcc.cc:3398):     ERROR warehouse_id:2, cid:16100, maxbytes:2
20251110-03:35.55-761165(us) 19435 ! txn_stock_level (tpcc.cc:3398):     ERROR warehouse_id:2, cid:16100, maxbytes:2
20251110-03:35.55-761224(us) 19435 ! txn_stock_level (tpcc.cc:3398):     ERROR warehouse_id:2, cid:16100, maxbytes:2
20251110-03:35.55-762299(us) 19435 ! txn_stock_level (tpcc.cc:3398):     ERROR warehouse_id:2, cid:16100, maxbytes:2
20251110-03:35.56-26639(us) 19435 ! txn_stock_level (tpcc.cc:3398):     ERROR warehouse_id:2, cid:81383, maxbytes:2
20251110-03:35.56-26757(us) 19435 ! txn_stock_level (tpcc.cc:3398):     ERROR warehouse_id:2, cid:81383, maxbytes:2
20251110-03:35.56-26954(us) 19435 ! txn_stock_level (tpcc.cc:3398):     ERROR warehouse_id:2, cid:81383, maxbytes:2
20251110-03:35.56-28596(us) 19435 ! txn_stock_level (tpcc.cc:3398):     ERROR warehouse_id:2, cid:81383, maxbytes:2
20251110-03:35.56-28671(us) 19435 ! txn_stock_level (tpcc.cc:3398):     ERROR warehouse_id:2, cid:81383, maxbytes:2
20251110-03:35.56-284023(us) 19435 ! run             (bench.cc:483):     runtime_plus:0
[SHUTDOWN] Setting running=false to stop database worker threads
[SHUTDOWN] Calling first stop() to stop client transports
20251110-03:35.56-284053(us) 19435 ! stop            (bench.cc:332):     stop all erpc clients. set stop=false
20251110-03:35.56-284060(us) 19435 * Stop            (rrr_rpc_backend.cc:599): RrrRpcBackend::Stop: BEGIN - Setting stop flag
20251110-03:35.56-284065(us) 19435 * Stop            (rrr_rpc_backend.cc:602): RrrRpcBackend::Stop: Waiting for event loop to exit...
20251110-03:35.56-284069(us) 19435 * Stop            (rrr_rpc_backend.cc:618): RrrRpcBackend::Stop: Event loop exited successfully
20251110-03:35.56-284073(us) 19435 * Stop            (rrr_rpc_backend.cc:622): RrrRpcBackend::Stop: Signaling 0 request queues to stop
20251110-03:35.56-284078(us) 19435 * Stop            (rrr_rpc_backend.cc:630): RrrRpcBackend::Stop: Signaling 0 response queues to stop
20251110-03:35.56-284082(us) 19435 * Stop            (rrr_rpc_backend.cc:641): RrrRpcBackend::Stop: Server cleanup deferred to destructor
20251110-03:35.56-284090(us) 19435 * Stop            (rrr_rpc_backend.cc:644): RrrRpcBackend::Stop: Closing client connections
20251110-03:35.56-284097(us) 19435 * Stop            (rrr_rpc_backend.cc:648): RrrRpcBackend::Stop: Found 2 client connections to close
20251110-03:35.56-284102(us) 19435 ! SendBatchToAll  (rrr_rpc_backend.cc:488): RrrRpcBackend::SendBatchToAll: stop requested after wait, aborting (req_type=10)
20251110-03:35.56-284121(us) 19435 ! SendToAll       (rrr_rpc_backend.cc:340): RrrRpcBackend::SendToAll: stop requested, not sending (req_type=8)
20251110-03:35.56-284127(us) 19435 ! SendToAll       (rrr_rpc_backend.cc:340): RrrRpcBackend::SendToAll: stop requested, not sending (req_type=3)
20251110-03:35.56-284132(us) 19435 * Stop            (rrr_rpc_backend.cc:668): RrrRpcBackend::Stop: Closed 2 client connections
20251110-03:35.56-284140(us) 19435 * Stop            (rrr_rpc_backend.cc:680): RrrRpcBackend stats: msg_size_resp_sent: 0 bytes, counter: 0, avg: -nan
20251110-03:35.56-284148(us) 19435 * Stop            (rrr_rpc_backend.cc:683): RrrRpcBackend::Stop: END
20251110-03:35.56-284154(us) 19435 * Stop            (rrr_rpc_backend.cc:599): RrrRpcBackend::Stop: BEGIN - Setting stop flag
20251110-03:35.56-284169(us) 19435 * Stop            (rrr_rpc_backend.cc:602): RrrRpcBackend::Stop: Waiting for event loop to exit...
20251110-03:35.56-284173(us) 19435 * Stop            (rrr_rpc_backend.cc:618): RrrRpcBackend::Stop: Event loop exited successfully
20251110-03:35.56-284177(us) 19435 * Stop            (rrr_rpc_backend.cc:622): RrrRpcBackend::Stop: Signaling 0 request queues to stop
20251110-03:35.56-284184(us) 19435 * Stop            (rrr_rpc_backend.cc:630): RrrRpcBackend::Stop: Signaling 0 response queues to stop
20251110-03:35.56-284189(us) 19435 * Stop            (rrr_rpc_backend.cc:641): RrrRpcBackend::Stop: Server cleanup deferred to destructor
20251110-03:35.56-284195(us) 19435 * Stop            (rrr_rpc_backend.cc:644): RrrRpcBackend::Stop: Closing client connections
20251110-03:35.56-284200(us) 19435 * Stop            (rrr_rpc_backend.cc:648): RrrRpcBackend::Stop: Found 2 client connections to close
20251110-03:35.56-284210(us) 19435 ! SendToAll       (rrr_rpc_backend.cc:340): RrrRpcBackend::SendToAll: stop requested, not sending (req_type=4)
jump out the while loop
20251110-03:35.56-284220(us) 19435 * PrintStats      (rrr_rpc_backend.cc:689): RrrRpcBackend request stats: msg_size_req_sent: 7167525 bytes, counter: 140117, avg: 51.153857
20251110-03:35.56-284233(us) 19435 * Stop            (rrr_rpc_backend.cc:668): RrrRpcBackend::Stop: Closed 2 client connections
20251110-03:35.56-284238(us) 19435 * Stop            (rrr_rpc_backend.cc:680): RrrRpcBackend stats: msg_size_resp_sent: 0 bytes, counter: 0, avg: -nan
20251110-03:35.56-284245(us) 19435 * Stop            (rrr_rpc_backend.cc:683): RrrRpcBackend::Stop: END
[SHUTDOWN] First stop() completed
[SHUTDOWN] Joining 2 worker threads
[SHUTDOWN] Joining worker 0
20251110-03:35.56-284251(us) 19435 ! SendBatchToAll  (rrr_rpc_backend.cc:488): RrrRpcBackend::SendBatchToAll: stop requested after wait, aborting (req_type=10)
20251110-03:35.56-284269(us) 19435 ! SendToAll       (rrr_rpc_backend.cc:340): RrrRpcBackend::SendToAll: stop requested, not sending (req_type=8)
20251110-03:35.56-284275(us) 19435 ! SendToAll       (rrr_rpc_backend.cc:340): RrrRpcBackend::SendToAll: stop requested, not sending (req_type=3)
20251110-03:35.56-284281(us) 19435 ! SendToAll       (rrr_rpc_backend.cc:340): RrrRpcBackend::SendToAll: stop requested, not sending (req_type=4)
jump out the while loop
20251110-03:35.56-284288(us) 19435 * PrintStats      (rrr_rpc_backend.cc:689): RrrRpcBackend request stats: msg_size_req_sent: 7232125 bytes, counter: 140020, avg: 51.650657
[SHUTDOWN] Worker 0 joined
[SHUTDOWN] Joining worker 1
[SHUTDOWN] Worker 1 joined
[SHUTDOWN] All workers joined
[SHUTDOWN] Calling stop_erpc_server()
[STOP_SERVER] Stopping 2 server transports
[STOP_SERVER] Stopping server transport 0
20251110-03:35.57-284639(us) 19435 * Stop            (rrr_rpc_backend.cc:599): RrrRpcBackend::Stop: BEGIN - Setting stop flag
20251110-03:35.57-284656(us) 19435 * Stop            (rrr_rpc_backend.cc:602): RrrRpcBackend::Stop: Waiting for event loop to exit...
20251110-03:35.57-284752(us) 19435 * RunEventLoop    (rrr_rpc_backend.cc:583): RrrRpcBackend::RunEventLoop: Stop flag detected, exiting event loop
20251110-03:35.57-284768(us) 19435 * RunEventLoop    (rrr_rpc_backend.cc:587): RrrRpcBackend::RunEventLoop: Exited cleanly
20251110-03:35.57-284773(us) 19435 * erpc_server     (rpc_setup.cc:121): the erpc_server is terminated on shardIdx:2, alpha:0!
20251110-03:35.57-294723(us) 19435 * Stop            (rrr_rpc_backend.cc:618): RrrRpcBackend::Stop: Event loop exited successfully
20251110-03:35.57-294740(us) 19435 * Stop            (rrr_rpc_backend.cc:622): RrrRpcBackend::Stop: Signaling 2 request queues to stop
20251110-03:35.57-294746(us) 19435 * Stop            (rrr_rpc_backend.cc:625): RrrRpcBackend::Stop: Stopping request queue for server_id 2
20251110-03:35.57-294754(us) 19435 * Stop            (rrr_rpc_backend.cc:625): RrrRpcBackend::Stop: Stopping request queue for server_id 0
20251110-03:35.57-294763(us) 19435 * Stop            (rrr_rpc_backend.cc:630): RrrRpcBackend::Stop: Signaling 2 response queues to stop
20251110-03:35.57-294776(us) 19435 * Stop            (rrr_rpc_backend.cc:633): RrrRpcBackend::Stop: Stopping response queue for server_id 2
20251110-03:35.57-294782(us) 19435 * Stop            (rrr_rpc_backend.cc:633): RrrRpcBackend::Stop: Stopping response queue for server_id 0
20251110-03:35.57-294786(us) 19435 * Stop            (rrr_rpc_backend.cc:641): RrrRpcBackend::Stop: Server cleanup deferred to destructor
20251110-03:35.57-294790(us) 19435 * Stop            (rrr_rpc_backend.cc:644): RrrRpcBackend::Stop: Closing client connections
20251110-03:35.57-294795(us) 19435 * Stop            (rrr_rpc_backend.cc:648): RrrRpcBackend::Stop: Found 0 client connections to close
20251110-03:35.57-294799(us) 19435 * Stop            (rrr_rpc_backend.cc:668): RrrRpcBackend::Stop: Closed 0 client connections
20251110-03:35.57-294803(us) 19435 * Stop            (rrr_rpc_backend.cc:680): RrrRpcBackend stats: msg_size_resp_sent: 5069842 bytes, counter: 137302, avg: 36.924750
20251110-03:35.57-294809(us) 19435 * Stop            (rrr_rpc_backend.cc:683): RrrRpcBackend::Stop: END
[STOP_SERVER] Server transport 0 stopped
[STOP_SERVER] Stopping server transport 1
20251110-03:35.57-294822(us) 19435 * Stop            (rrr_rpc_backend.cc:599): RrrRpcBackend::Stop: BEGIN - Setting stop flag
20251110-03:35.57-294826(us) 19435 * Stop            (rrr_rpc_backend.cc:602): RrrRpcBackend::Stop: Waiting for event loop to exit...
20251110-03:35.57-294913(us) 19435 * RunEventLoop    (rrr_rpc_backend.cc:583): RrrRpcBackend::RunEventLoop: Stop flag detected, exiting event loop
20251110-03:35.57-294956(us) 19435 * RunEventLoop    (rrr_rpc_backend.cc:587): RrrRpcBackend::RunEventLoop: Exited cleanly
20251110-03:35.57-294966(us) 19435 * erpc_server     (rpc_setup.cc:121): the erpc_server is terminated on shardIdx:2, alpha:1!
20251110-03:35.57-304890(us) 19435 * Stop            (rrr_rpc_backend.cc:618): RrrRpcBackend::Stop: Event loop exited successfully
20251110-03:35.57-304903(us) 19435 * Stop            (rrr_rpc_backend.cc:622): RrrRpcBackend::Stop: Signaling 2 request queues to stop
20251110-03:35.57-304908(us) 19435 * Stop            (rrr_rpc_backend.cc:625): RrrRpcBackend::Stop: Stopping request queue for server_id 3
20251110-03:35.57-304916(us) 19435 * Stop            (rrr_rpc_backend.cc:625): RrrRpcBackend::Stop: Stopping request queue for server_id 1
20251110-03:35.57-304924(us) 19435 * Stop            (rrr_rpc_backend.cc:630): RrrRpcBackend::Stop: Signaling 2 response queues to stop
20251110-03:35.57-304928(us) 19435 * Stop            (rrr_rpc_backend.cc:633): RrrRpcBackend::Stop: Stopping response queue for server_id 3
20251110-03:35.57-304932(us) 19435 * Stop            (rrr_rpc_backend.cc:633): RrrRpcBackend::Stop: Stopping response queue for server_id 1
20251110-03:35.57-304937(us) 19435 * Stop            (rrr_rpc_backend.cc:641): RrrRpcBackend::Stop: Server cleanup deferred to destructor
20251110-03:35.57-304941(us) 19435 * Stop            (rrr_rpc_backend.cc:644): RrrRpcBackend::Stop: Closing client connections
20251110-03:35.57-304945(us) 19435 * Stop            (rrr_rpc_backend.cc:648): RrrRpcBackend::Stop: Found 0 client connections to close
20251110-03:35.57-304949(us) 19435 * Stop            (rrr_rpc_backend.cc:668): RrrRpcBackend::Stop: Closed 0 client connections
20251110-03:35.57-304953(us) 19435 * Stop            (rrr_rpc_backend.cc:680): RrrRpcBackend stats: msg_size_resp_sent: 4514481 bytes, counter: 121238, avg: 37.236518
20251110-03:35.57-304959(us) 19435 * Stop            (rrr_rpc_backend.cc:683): RrrRpcBackend::Stop: END
[STOP_SERVER] Server transport 1 stopped
[STOP_SERVER] All server transports stopped
[SHUTDOWN] stop_erpc_server() completed
[SHUTDOWN] Calling second stop()
20251110-03:35.57-304976(us) 19435 ! stop            (bench.cc:332):     stop all erpc clients. set stop=false
[SHUTDOWN] Second stop() completed
[SHUTDOWN] Calling do_txn_finish()
[SHUTDOWN] do_txn_finish() completed
--- n_commits per partition ---
 par_id: 0, n_commits: 1276846
 par_id: 1, n_commits: 1291958
--- benchmark statistics ---
runtime: 30.1889 sec
memory delta: 9022.24 MB
n_commits: 2568804
latency_numer_us: 13442791
latency_numer_us_remote: 44866500
memory delta rate: 298.86 MB/sec
logical memory delta: 35.7422 MB
logical memory delta rate: 1.18395 MB/sec
agg_nosync_throughput: 85091.1 ops/sec
avg_nosync_per_core_throughput: 42545.5 ops/sec/core
agg_throughput: 85091 ops/sec
avg_per_core_throughput: 42545.5 ops/sec/core
agg_persist_throughput: 85091 ops/sec
avg_per_core_persist_throughput: 42545.5 ops/sec/core
avg_latency: 0.00523309 ms
avg_persist_latency: 0 ms
agg_abort_rate: 2967.15 aborts/sec
avg_per_core_abort_rate: 1483.58 aborts/sec/core
  NewOrder_local_commit_latency: 0.0226152 ms
  NewOrder_local_abort_latency: 0.01253 ms
  NewOrder_local_abort_ratio: 0.0606673
  Payment_local_commit_latency: 0.00680825 ms
  Payment_local_abort_latency: 0.00288806 ms
  Payment_local_abort_ratio: 0.00153698
  OrderStatus_local_commit_latency: 0.00428393 ms
  OrderStatus_local_abort_latency: 0.00172264 ms
  OrderStatus_local_abort_ratio: 0.0027345
  StockLevel_local_commit_latency: 0.00331981 ms
  StockLevel_local_abort_latency: 0.00201505 ms
  StockLevel_local_abort_ratio: 0.0657558
  NewOrder_remote_ratio: 7.68343 %
  NewOrder_remote_abort_ratio: 7.03838 %
  NewOrder_remote_commit_latency: 0.82509 ms
  NewOrder_remote_abort_latency: 0.200377 ms
  Payment_remote_ratio: 12.0756 %
  Payment_remote_abort_ratio: 0.313101 %
  Payment_remote_commit_latency: 0.910061 ms
  Payment_remote_abort_latency: 0.501151 ms
--- system counters (for benchmark) ---
--- perf counters (if enabled, for benchmark) ---
--- allocator stats ---
[allocator] ncpus=2
[allocator] cpu=0 fully_faulted?=0 remaining=536870912 bytes
[allocator] cpu=1 fully_faulted?=0 remaining=536870912 bytes
---------------------------------------
--- system counters for n_comits ---
[STOP_SERVER] Stopping 2 server transports
[STOP_SERVER] Stopping server transport 0
20251110-03:35.57-305227(us) 19435 * Stop            (rrr_rpc_backend.cc:595): RrrRpcBackend::Stop: Already stopped, returning
[STOP_SERVER] Server transport 0 stopped
[STOP_SERVER] Stopping server transport 1
20251110-03:35.57-305236(us) 19435 * Stop            (rrr_rpc_backend.cc:595): RrrRpcBackend::Stop: Already stopped, returning
[STOP_SERVER] Server transport 1 stopped
[STOP_SERVER] All server transports stopped
20251110-03:35.57-305260(us) 19435 ! send_end_signal (mako.hh:834):      ######--------------###### send endLlogs #####---------------######
20251110-03:35.57-305275(us) 19435 * db_close        (mako.hh:861):      Leader sent end signal, waiting 3 seconds for propagation...
20251110-03:35.57-356530(us) 19435 ! operator()      (mako.hh:391):      Recieved a zero length log
20251110-03:35.57-356561(us) 19435 ! operator()      (mako.hh:391):      Recieved a zero length log
I [/opt/actions-runner/_work/mako-fast-reads/mako-fast-reads/src/deptran/paxos_worker.cc:140] 2025-12-10 03:35:57.356 | Recieved a zero length log
I [/opt/actions-runner/_work/mako-fast-reads/mako-fast-reads/src/deptran/paxos_worker.cc:140] 2025-12-10 03:35:57.356 | Recieved a zero length log
I [/opt/actions-runner/_work/mako-fast-reads/mako-fast-reads/src/deptran/paxos_main_helper.cc:999] 2025-12-10 03:36:02.305 | shutdown Server Control Service after task finish total submit 0
I [/opt/actions-runner/_work/mako-fast-reads/mako-fast-reads/src/deptran/benchmark_control_rpc.cc:43] 2025-12-10 03:36:02.305 | Shutdown Server Control Service
I [/opt/actions-runner/_work/mako-fast-reads/mako-fast-reads/src/deptran/benchmark_control_rpc.cc:43] 2025-12-10 03:36:02.305 | Shutdown Server Control Service
I [/opt/actions-runner/_work/mako-fast-reads/mako-fast-reads/src/deptran/paxos_main_helper.cc:311] 2025-12-10 03:36:02.305 | all server workers have shut down.
I [/opt/actions-runner/_work/mako-fast-reads/mako-fast-reads/src/deptran/paxos_worker.cc:288] 2025-12-10 03:36:02.405 | site s101 deleting services, num: 1 0 1056 1056
I [/opt/actions-runner/_work/mako-fast-reads/mako-fast-reads/src/deptran/paxos/server.h:47] 2025-12-10 03:36:02.456 | site par 0, loc 0: prepare 0, accept 1056, commit 1056
I [/opt/actions-runner/_work/mako-fast-reads/mako-fast-reads/src/deptran/paxos_worker.cc:288] 2025-12-10 03:36:02.462 | site s102 deleting services, num: 1 0 878 878
I [/opt/actions-runner/_work/mako-fast-reads/mako-fast-reads/src/deptran/paxos/server.h:47] 2025-12-10 03:36:02.512 | site par 1, loc 0: prepare 0, accept 878, commit 878
I [/opt/actions-runner/_work/mako-fast-reads/mako-fast-reads/src/deptran/paxos_worker.cc:649] 2025-12-10 03:36:02.567 | Ending worker with n_tot 1056 and n_current 1056
I [/opt/actions-runner/_work/mako-fast-reads/mako-fast-reads/src/deptran/paxos_worker.cc:649] 2025-12-10 03:36:02.578 | Ending worker with n_tot 878 and n_current 878
I [/opt/actions-runner/_work/mako-fast-reads/mako-fast-reads/src/deptran/paxos_main_helper.cc:332] 2025-12-10 03:36:02.588 | exit process.
END of advancer
