=========================================
Configuration:
=========================================
  Number of shards:  3
  Shard index:       1
  Number of threads: 2
  Cluster:           localhost
  Micro benchmark:   disabled
  Replicated mode:   enabled
=========================================
20251110-03:35.17-54070(us) 19324 * ParseOldFormat  (configuration.cc:66): Using old configuration format
I [/opt/actions-runner/_work/mako-fast-reads/mako-fast-reads/src/deptran/paxos_main_helper.cc:78] 2025-12-10 03:35:17.054 | PWD : /opt/actions-runner/_work/mako-fast-reads/mako-fast-reads
I [/opt/actions-runner/_work/mako-fast-reads/mako-fast-reads/src/deptran/paxos_main_helper.cc:276] 2025-12-10 03:35:17.054 | starting process 19324
I [/opt/actions-runner/_work/mako-fast-reads/mako-fast-reads/src/deptran/config.cc:290] 2025-12-10 03:35:17.054 | LoadYML: config/1leader_2followers/paxos2_shardidx1.yml
I [/opt/actions-runner/_work/mako-fast-reads/mako-fast-reads/src/deptran/config.cc:290] 2025-12-10 03:35:17.054 | LoadYML: config/occ_paxos.yml
I [/opt/actions-runner/_work/mako-fast-reads/mako-fast-reads/src/deptran/paxos_main_helper.cc:285] 2025-12-10 03:35:17.054 | server_infos, number of sites: 2, proc_name: localhost
I [/opt/actions-runner/_work/mako-fast-reads/mako-fast-reads/src/deptran/paxos_main_helper.cc:291] 2025-12-10 03:35:17.060 | parition id of each Paxos group is 1, site-name: s102, site-id: 4
I [/opt/actions-runner/_work/mako-fast-reads/mako-fast-reads/src/deptran/paxos_main_helper.cc:291] 2025-12-10 03:35:17.065 | parition id of each Paxos group is 0, site-name: s101, site-id: 0
I [/opt/actions-runner/_work/mako-fast-reads/mako-fast-reads/src/deptran/paxos_main_helper.cc:297] 2025-12-10 03:35:17.065 | running machine-id: 0
I [/opt/actions-runner/_work/mako-fast-reads/mako-fast-reads/src/deptran/paxos_main_helper.cc:92] 2025-12-10 03:35:17.065 | launching site: 0, bind address 0.0.0.0:18001
I [/opt/actions-runner/_work/mako-fast-reads/mako-fast-reads/src/deptran/paxos_main_helper.cc:106] 2025-12-10 03:35:17.065 | waiting for server setup threads.
I [/opt/actions-runner/_work/mako-fast-reads/mako-fast-reads/src/deptran/paxos_main_helper.cc:92] 2025-12-10 03:35:17.065 | launching site: 4, bind address 0.0.0.0:18002
I [/opt/actions-runner/_work/mako-fast-reads/mako-fast-reads/src/deptran/paxos_worker.cc:198] 2025-12-10 03:35:17.065 | [service]loc_id: 0, name: s101, proc: localhost, id: 0
I [/opt/actions-runner/_work/mako-fast-reads/mako-fast-reads/src/deptran/paxos_worker.cc:198] 2025-12-10 03:35:17.065 | [service]loc_id: 0, name: s102, proc: localhost, id: 4
starting server at 0.0.0.0:18001
starting server at 0.0.0.0:18002
I [/opt/actions-runner/_work/mako-fast-reads/mako-fast-reads/src/deptran/paxos_worker.cc:221] 2025-12-10 03:35:17.065 | Server s101 ready at 0.0.0.0:18001
I [/opt/actions-runner/_work/mako-fast-reads/mako-fast-reads/src/deptran/communicator.cc:14] 2025-12-10 03:35:17.065 | setup paxos communicator
I [/opt/actions-runner/_work/mako-fast-reads/mako-fast-reads/src/deptran/paxos_worker.cc:221] 2025-12-10 03:35:17.065 | Server s102 ready at 0.0.0.0:18002
I [/opt/actions-runner/_work/mako-fast-reads/mako-fast-reads/src/deptran/communicator.cc:14] 2025-12-10 03:35:17.065 | setup paxos communicator
I [/opt/actions-runner/_work/mako-fast-reads/mako-fast-reads/src/deptran/communicator.cc:175] 2025-12-10 03:35:17.065 | connect to site: 127.0.0.1:18001 (attempt 0)
I [/opt/actions-runner/_work/mako-fast-reads/mako-fast-reads/src/deptran/communicator.cc:175] 2025-12-10 03:35:17.065 | connect to site: 127.0.0.1:18001 (attempt 0)
I [/opt/actions-runner/_work/mako-fast-reads/mako-fast-reads/src/deptran/communicator.cc:175] 2025-12-10 03:35:17.066 | connect to site: 127.0.0.1:18101 (attempt 0)
I [/opt/actions-runner/_work/mako-fast-reads/mako-fast-reads/src/deptran/communicator.cc:175] 2025-12-10 03:35:17.066 | connect to site: 127.0.0.1:18101 (attempt 0)
E [/opt/actions-runner/_work/mako-fast-reads/mako-fast-reads/src/rrr/rpc/client.cpp:194] 2025-12-10 03:35:17.066 | rrr::Client: connect(127.0.0.1:18101): Connection refused
E [/opt/actions-runner/_work/mako-fast-reads/mako-fast-reads/src/rrr/rpc/client.cpp:194] 2025-12-10 03:35:17.066 | rrr::Client: connect(127.0.0.1:18101): Connection refused
I [/opt/actions-runner/_work/mako-fast-reads/mako-fast-reads/src/deptran/communicator.cc:175] 2025-12-10 03:35:18.066 | connect to site: 127.0.0.1:18101 (attempt 1)
I [/opt/actions-runner/_work/mako-fast-reads/mako-fast-reads/src/deptran/communicator.cc:175] 2025-12-10 03:35:18.066 | connect to site: 127.0.0.1:18101 (attempt 1)
E [/opt/actions-runner/_work/mako-fast-reads/mako-fast-reads/src/rrr/rpc/client.cpp:194] 2025-12-10 03:35:18.066 | rrr::Client: connect(127.0.0.1:18101): Connection refused
E [/opt/actions-runner/_work/mako-fast-reads/mako-fast-reads/src/rrr/rpc/client.cpp:194] 2025-12-10 03:35:18.066 | rrr::Client: connect(127.0.0.1:18101): Connection refused
I [/opt/actions-runner/_work/mako-fast-reads/mako-fast-reads/src/deptran/communicator.cc:175] 2025-12-10 03:35:19.066 | connect to site: 127.0.0.1:18101 (attempt 2)
I [/opt/actions-runner/_work/mako-fast-reads/mako-fast-reads/src/deptran/communicator.cc:175] 2025-12-10 03:35:19.066 | connect to site: 127.0.0.1:18101 (attempt 2)
I [/opt/actions-runner/_work/mako-fast-reads/mako-fast-reads/src/deptran/communicator.cc:175] 2025-12-10 03:35:19.066 | connect to site: 127.0.0.1:18201 (attempt 0)
I [/opt/actions-runner/_work/mako-fast-reads/mako-fast-reads/src/deptran/communicator.cc:175] 2025-12-10 03:35:19.066 | connect to site: 127.0.0.1:18201 (attempt 0)
I [/opt/actions-runner/_work/mako-fast-reads/mako-fast-reads/src/deptran/communicator.cc:175] 2025-12-10 03:35:19.066 | connect to site: 127.0.0.1:18301 (attempt 0)
I [/opt/actions-runner/_work/mako-fast-reads/mako-fast-reads/src/deptran/communicator.cc:175] 2025-12-10 03:35:19.066 | connect to site: 127.0.0.1:18301 (attempt 0)
I [/opt/actions-runner/_work/mako-fast-reads/mako-fast-reads/src/deptran/communicator.cc:175] 2025-12-10 03:35:19.066 | connect to site: 127.0.0.1:18002 (attempt 0)
I [/opt/actions-runner/_work/mako-fast-reads/mako-fast-reads/src/deptran/communicator.cc:175] 2025-12-10 03:35:19.066 | connect to site: 127.0.0.1:18002 (attempt 0)
I [/opt/actions-runner/_work/mako-fast-reads/mako-fast-reads/src/deptran/communicator.cc:175] 2025-12-10 03:35:19.066 | connect to site: 127.0.0.1:18102 (attempt 0)
I [/opt/actions-runner/_work/mako-fast-reads/mako-fast-reads/src/deptran/communicator.cc:175] 2025-12-10 03:35:19.066 | connect to site: 127.0.0.1:18102 (attempt 0)
I [/opt/actions-runner/_work/mako-fast-reads/mako-fast-reads/src/deptran/communicator.cc:175] 2025-12-10 03:35:19.066 | connect to site: 127.0.0.1:18202 (attempt 0)
IDisk persistence disabled by DISABLE_DISK flag
 [/opt/actions-runner/_work/mako-fast-reads/mako-fast-reads/src/deptran/communicator.cc:175] 2025-12-10 03:35:19.066 | connect to site: 127.0.0.1:18202 (attempt 0)
I [/opt/actions-runner/_work/mako-fast-reads/mako-fast-reads/src/deptran/communicator.cc:175] 2025-12-10 03:35:19.066 | connect to site: 127.0.0.1:18302 (attempt 0)
I [/opt/actions-runner/_work/mako-fast-reads/mako-fast-reads/src/deptran/communicator.cc:175] 2025-12-10 03:35:19.066 | connect to site: 127.0.0.1:18302 (attempt 0)
I [/opt/actions-runner/_work/mako-fast-reads/mako-fast-reads/src/deptran/paxos_main_helper.cc:103] 2025-12-10 03:35:19.066 | site 4 launched!
I [/opt/actions-runner/_work/mako-fast-reads/mako-fast-reads/src/deptran/paxos_main_helper.cc:103] 2025-12-10 03:35:19.066 | site 0 launched!
I [/opt/actions-runner/_work/mako-fast-reads/mako-fast-reads/src/deptran/paxos_main_helper.cc:110] 2025-12-10 03:35:19.066 | done waiting for server setup threads.
I [/opt/actions-runner/_work/mako-fast-reads/mako-fast-reads/src/deptran/paxos_worker.cc:255] 2025-12-10 03:35:19.066 | heartbeat setup for s101 on 0.0.0.0:28001
I [/opt/actions-runner/_work/mako-fast-reads/mako-fast-reads/src/deptran/paxos_worker.cc:255] 2025-12-10 03:35:19.066 | heartbeat setup for s102 on 0.0.0.0:28002
I [/opt/actions-runner/_work/mako-fast-reads/mako-fast-reads/src/deptran/paxos_main_helper.cc:117] 2025-12-10 03:35:19.066 | server workers' communicators setup
allocator::Initialize()
  hugepgsize: 2097152
  use MADV_WILLNEED: 1
  mmap() region [0x744b17a00000, 0x744b57c00000)
cpu0 owns [0x744b17a00000, 0x744b37a00000)
cpu1 owns [0x744b37a00000, 0x744b57a00000)
Database Benchmark:
  pid: 19324
settings:
  num-cpus    : 32
  num-threads : 2
  shardIndex  : 1
  paxos_proc_name  : localhost
  nshards     : 3
  is_micro    : 0
  is_replicated : 1
  var-encode  : yes
  allocator   : jemalloc
system properties:
  tuple_prefetch          : no
  btree_node_prefetch     : yes
tpcc settings:
  cross_partition_transactions : 1
  read_only_snapshots          : 1
  partition_locks              : 0
  separate_tree_per_partition  : 1
  new_order_remote_item_pct    : 1
  new_order_fast_id_gen        : 1
  uniform_item_dist            : 0
  order_status_scan_hack       : 0
  workload_mix                 : [10, 10, 0, 40, 40]
new table is createded with name: customer_0, table-id: 201, on shard-server id:1
new table is createded with name: customer_1, table-id: 202, on shard-server id:1
new table is createded with name: customer_name_idx_0, table-id: 203, on shard-server id:1
new table is createded with name: customer_name_idx_1, table-id: 204, on shard-server id:1
new table is createded with name: district_0, table-id: 205, on shard-server id:1
new table is createded with name: district_1, table-id: 206, on shard-server id:1
new table is createded with name: history_0, table-id: 207, on shard-server id:1
new table is createded with name: history_1, table-id: 208, on shard-server id:1
new table is createded with name: new_order_0, table-id: 209, on shard-server id:1
new table is createded with name: new_order_1, table-id: 210, on shard-server id:1
new table is createded with name: oorder_0, table-id: 211, on shard-server id:1
new table is createded with name: oorder_1, table-id: 212, on shard-server id:1
new table is createded with name: oorder_c_id_idx_0, table-id: 213, on shard-server id:1
new table is createded with name: oorder_c_id_idx_1, table-id: 214, on shard-server id:1
new table is createded with name: order_line_0, table-id: 215, on shard-server id:1
new table is createded with name: order_line_1, table-id: 216, on shard-server id:1
new table is createded with name: stock_0, table-id: 217, on shard-server id:1
new table is createded with name: stock_1, table-id: 218, on shard-server id:1
new table is createded with name: stock_data_0, table-id: 219, on shard-server id:1
new table is createded with name: stock_data_1, table-id: 220, on shard-server id:1
new table is createded with name: warehouse_0, table-id: 221, on shard-server id:1
new table is createded with name: warehouse_1, table-id: 222, on shard-server id:1
new table is createded with name: item, table-id: 223, on shard-server id:1
new table is createded with name: customer_remote_1, table-id: 1, on shard-server id:0
new table is createded with name: customer_remote_2, table-id: 2, on shard-server id:0
new table is createded with name: customer_remote_5, table-id: 401, on shard-server id:2
new table is createded with name: customer_remote_6, table-id: 402, on shard-server id:2
new table is createded with name: customer_name_idx_remote_1, table-id: 3, on shard-server id:0
new table is createded with name: customer_name_idx_remote_2, table-id: 4, on shard-server id:0
new table is createded with name: customer_name_idx_remote_5, table-id: 403, on shard-server id:2
new table is createded with name: customer_name_idx_remote_6, table-id: 404, on shard-server id:2
new table is createded with name: district_remote_1, table-id: 5, on shard-server id:0
new table is createded with name: district_remote_2, table-id: 6, on shard-server id:0
new table is createded with name: district_remote_5, table-id: 405, on shard-server id:2
new table is createded with name: district_remote_6, table-id: 406, on shard-server id:2
new table is createded with name: history_remote_1, table-id: 7, on shard-server id:0
new table is createded with name: history_remote_2, table-id: 8, on shard-server id:0
new table is createded with name: history_remote_5, table-id: 407, on shard-server id:2
new table is createded with name: history_remote_6, table-id: 408, on shard-server id:2
new table is createded with name: new_order_remote_1, table-id: 9, on shard-server id:0
new table is createded with name: new_order_remote_2, table-id: 10, on shard-server id:0
new table is createded with name: new_order_remote_5, table-id: 409, on shard-server id:2
new table is createded with name: new_order_remote_6, table-id: 410, on shard-server id:2
new table is createded with name: oorder_remote_1, table-id: 11, on shard-server id:0
new table is createded with name: oorder_remote_2, table-id: 12, on shard-server id:0
new table is createded with name: oorder_remote_5, table-id: 411, on shard-server id:2
new table is createded with name: oorder_remote_6, table-id: 412, on shard-server id:2
new table is createded with name: oorder_c_id_idx_remote_1, table-id: 13, on shard-server id:0
new table is createded with name: oorder_c_id_idx_remote_2, table-id: 14, on shard-server id:0
new table is createded with name: oorder_c_id_idx_remote_5, table-id: 413, on shard-server id:2
new table is createded with name: oorder_c_id_idx_remote_6, table-id: 414, on shard-server id:2
new table is createded with name: order_line_remote_1, table-id: 15, on shard-server id:0
new table is createded with name: order_line_remote_2, table-id: 16, on shard-server id:0
new table is createded with name: order_line_remote_5, table-id: 415, on shard-server id:2
new table is createded with name: order_line_remote_6, table-id: 416, on shard-server id:2
new table is createded with name: stock_remote_1, table-id: 17, on shard-server id:0
new table is createded with name: stock_remote_2, table-id: 18, on shard-server id:0
new table is createded with name: stock_remote_5, table-id: 417, on shard-server id:2
new table is createded with name: stock_remote_6, table-id: 418, on shard-server id:2
new table is createded with name: stock_data_remote_1, table-id: 19, on shard-server id:0
new table is createded with name: stock_data_remote_2, table-id: 20, on shard-server id:0
new table is createded with name: stock_data_remote_5, table-id: 419, on shard-server id:2
new table is createded with name: stock_data_remote_6, table-id: 420, on shard-server id:2
new table is createded with name: warehouse_remote_1, table-id: 21, on shard-server id:0
new table is createded with name: warehouse_remote_2, table-id: 22, on shard-server id:0
new table is createded with name: warehouse_remote_5, table-id: 421, on shard-server id:2
new table is createded with name: warehouse_remote_6, table-id: 422, on shard-server id:2
new table is createded with name: item_remote_1, table-id: 23, on shard-server id:0
new table is createded with name: item_remote_2, table-id: 24, on shard-server id:0
new table is createded with name: item_remote_5, table-id: 423, on shard-server id:2
new table is createded with name: item_remote_6, table-id: 424, on shard-server id:2
20251110-03:35.22-67683(us) 19324 * ParseOldFormat  (configuration.cc:66): Using old configuration format
20251110-03:35.22-67739(us) 19324 * ParseOldFormat  (configuration.cc:66): Using old configuration format
[TRANSPORT] Using default: rrr
[TRANSPORT] Using default: rrr
20251110-03:35.22-67873(us) 19324 * Initialize      (rrr_rpc_backend.cc:58): RrrRpcBackend::Initialize: poll_thread_worker_ created, is_some=1
20251110-03:35.22-67903(us) 19324 * Initialize      (rrr_rpc_backend.cc:88): RrrRpcBackend initialized on 127.0.0.1:31107 (listening on 0.0.0.0:31107)
20251110-03:35.22-67912(us) 19324 * FastTransport   (fasttransport.cc:116): FastTransport initialized with rrr/rpc backend on 127.0.0.1:31107
20251110-03:35.22-67925(us) 19324 * Initialize      (rrr_rpc_backend.cc:58): RrrRpcBackend::Initialize: poll_thread_worker_ created, is_some=1
20251110-03:35.22-67952(us) 19324 * RunEventLoop    (rrr_rpc_backend.cc:518): RrrRpcBackend::RunEventLoop: Starting event loop
20251110-03:35.22-67964(us) 19324 * Initialize      (rrr_rpc_backend.cc:88): RrrRpcBackend initialized on 127.0.0.1:31108 (listening on 0.0.0.0:31108)
20251110-03:35.22-67974(us) 19324 * FastTransport   (fasttransport.cc:116): FastTransport initialized with rrr/rpc backend on 127.0.0.1:31108
20251110-03:35.22-67985(us) 19324 * RunEventLoop    (rrr_rpc_backend.cc:518): RrrRpcBackend::RunEventLoop: Starting event loop
20251110-03:35.22-68486(us) 19324 * ParseOldFormat  (configuration.cc:66): Using old configuration format
20251110-03:35.22-68504(us) 19324 * ParseOldFormat  (configuration.cc:66): Using old configuration format
20251110-03:35.22-68620(us) 19324 * ParseOldFormat  (configuration.cc:66): Using old configuration format
20251110-03:35.22-68672(us) 19324 * ParseOldFormat  (configuration.cc:66): Using old configuration format
20251110-03:35.22-68753(us) 19324 * ParseOldFormat  (configuration.cc:66): Using old configuration format
20251110-03:35.22-68772(us) 19324 * ParseOldFormat  (configuration.cc:66): Using old configuration format
20251110-03:35.22-68866(us) 19324 * ParseOldFormat  (configuration.cc:66): Using old configuration format
20251110-03:35.22-68920(us) 19324 * ParseOldFormat  (configuration.cc:66): Using old configuration format
20251110-03:35.22-70187(us) 19324 ! run             (bench.cc:357):     # of loaders size:6
start worker:2102
[INFO] finished loading warehouse
[INFO]   * average warehouse record length: 97 bytes
[INFO] finished loading item
[INFO]   * average item record length: 84.1739 bytes
PinToWarehouseId(): coreid=2 pinned to whse=1 (partid=0)
PinToWarehouseId(): coreid=3 pinned to whse=1 (partid=0)
PinToWarehouseId(): coreid=3 pinned to whse=2 (partid=1)
[INFO] finished loading district
[INFO]   * average district record length: 99 bytes
PinToWarehouseId(): coreid=2 pinned to whse=2 (partid=1)
[INFO] finished loading stock
[INFO]   * average stock record length: 8 bytes
PinToWarehouseId(): coreid=5 pinned to whse=1 (partid=0)
num batches: 30
PinToWarehouseId(): coreid=4 pinned to whse=1 (partid=0)
PinToWarehouseId(): coreid=5 pinned to whse=2 (partid=1)
[INFO] finished loading order
[INFO]   * average order_line record length: 11.1187 bytes
[INFO]   * average oorder record length: 7.7038 bytes
[INFO]   * average new_order record length: 12 bytes
PinToWarehouseId(): coreid=4 pinned to whse=2 (partid=1)
[INFO] finished loading customer
[INFO]   * average customer record length: 153.862 bytes 
timed region dataloading took 2016.4 ms
DB size: 1199.05 MB
[0, 0, 0] txns persisted in loading phase
20251110-03:35.24-86634(us) 19324 ! run             (bench.cc:410):     # of nthreads:2
starting benchmark...
--------------Finish loading data and wait for others completing load phase ------------
tpcc: worker id 32 => warehouses [1, 2)
tpcc: worker id 33 => warehouses [2, 3)
No JEMALLOC_NO_RENAME
No JEMALLOC_NO_RENAME
20251110-03:35.26-115137(us) 19324 * ParseOldFormat  (configuration.cc:66): Using old configuration format
20251110-03:35.26-115192(us) 19324 * ParseOldFormat  (configuration.cc:66): Using old configuration format
20251110-03:35.26-115419(us) 19324 * ParseOldFormat  (configuration.cc:66): Using old configuration format
20251110-03:35.26-115443(us) 19324 * ParseOldFormat  (configuration.cc:66): Using old configuration format
[TRANSPORT] Using default: rrr
[TRANSPORT] Using default: rrr
20251110-03:35.26-115593(us) 19324 * Initialize      (rrr_rpc_backend.cc:58): RrrRpcBackend::Initialize: poll_thread_worker_ created, is_some=1
20251110-03:35.26-115616(us) 19324 * Initialize      (rrr_rpc_backend.cc:58): RrrRpcBackend::Initialize: poll_thread_worker_ created, is_some=1
20251110-03:35.26-115630(us) 19324 * Initialize      (rrr_rpc_backend.cc:88): RrrRpcBackend initialized on 127.0.0.1:31100 (listening on 0.0.0.0:31100)
20251110-03:35.26-115636(us) 19324 * FastTransport   (fasttransport.cc:116): FastTransport initialized with rrr/rpc backend on 127.0.0.1:31100
20251110-03:35.26-115641(us) 19324 * Initialize      (rrr_rpc_backend.cc:88): RrrRpcBackend initialized on 127.0.0.1:31101 (listening on 0.0.0.0:31101)
20251110-03:35.26-115647(us) 19324 * FastTransport   (fasttransport.cc:116): FastTransport initialized with rrr/rpc backend on 127.0.0.1:31101
20251110-03:35.26-115872(us) 19324 * ParseOldFormat  (configuration.cc:66): Using old configuration format
20251110-03:35.26-115894(us) 19324 * ParseOldFormat  (configuration.cc:66): Using old configuration format
20251110-03:35.26-115988(us) 19324 ! run             (bench.cc:461):     start the running time, runTime:30
20251110-03:35.26-116001(us) 19324 ! run             (bench.cc:473):     runtime time left:30000 ms, bool:1
we can start a advancer
start the advancer thread...
20251110-03:35.26-425472(us) 19324 ! txn_stock_level (tpcc.cc:3398):     ERROR warehouse_id:1, cid:87271, maxbytes:2
20251110-03:35.26-425681(us) 19324 ! txn_stock_level (tpcc.cc:3398):     ERROR warehouse_id:1, cid:87271, maxbytes:2
20251110-03:35.26-426834(us) 19324 ! txn_stock_level (tpcc.cc:3398):     ERROR warehouse_id:1, cid:87271, maxbytes:2
20251110-03:35.26-648326(us) 19324 ! txn_stock_level (tpcc.cc:3398):     ERROR warehouse_id:2, cid:71397, maxbytes:2
20251110-03:35.26-648451(us) 19324 ! txn_stock_level (tpcc.cc:3398):     ERROR warehouse_id:2, cid:71397, maxbytes:2
20251110-03:35.26-984599(us) 19324 ! txn_stock_level (tpcc.cc:3398):     ERROR warehouse_id:2, cid:24295, maxbytes:2
20251110-03:35.26-984846(us) 19324 ! txn_stock_level (tpcc.cc:3398):     ERROR warehouse_id:2, cid:24295, maxbytes:2
20251110-03:35.26-984868(us) 19324 ! txn_stock_level (tpcc.cc:3398):     ERROR warehouse_id:2, cid:24295, maxbytes:2
20251110-03:35.26-985007(us) 19324 ! txn_stock_level (tpcc.cc:3398):     ERROR warehouse_id:2, cid:24295, maxbytes:2
20251110-03:35.26-986355(us) 19324 ! txn_stock_level (tpcc.cc:3398):     ERROR warehouse_id:2, cid:24295, maxbytes:2
20251110-03:35.26-986447(us) 19324 ! txn_stock_level (tpcc.cc:3398):     ERROR warehouse_id:2, cid:24295, maxbytes:2
20251110-03:35.26-986716(us) 19324 ! txn_stock_level (tpcc.cc:3398):     ERROR warehouse_id:2, cid:24295, maxbytes:2
20251110-03:35.26-986873(us) 19324 ! txn_stock_level (tpcc.cc:3398):     ERROR warehouse_id:2, cid:24295, maxbytes:2
20251110-03:35.26-986895(us) 19324 ! txn_stock_level (tpcc.cc:3398):     ERROR warehouse_id:2, cid:24295, maxbytes:2
20251110-03:35.26-986921(us) 19324 ! txn_stock_level (tpcc.cc:3398):     ERROR warehouse_id:2, cid:24295, maxbytes:2
20251110-03:35.26-990623(us) 19324 ! txn_stock_level (tpcc.cc:3398):     ERROR warehouse_id:2, cid:24295, maxbytes:2
20251110-03:35.27-25686(us) 19324 ! txn_stock_level (tpcc.cc:3398):     ERROR warehouse_id:2, cid:6215, maxbytes:2
20251110-03:35.27-25719(us) 19324 ! txn_stock_level (tpcc.cc:3398):     ERROR warehouse_id:2, cid:6215, maxbytes:2
20251110-03:35.27-25754(us) 19324 ! txn_stock_level (tpcc.cc:3398):     ERROR warehouse_id:2, cid:6215, maxbytes:2
20251110-03:35.27-26782(us) 19324 ! txn_stock_level (tpcc.cc:3398):     ERROR warehouse_id:2, cid:6215, maxbytes:2
20251110-03:35.27-26816(us) 19324 ! txn_stock_level (tpcc.cc:3398):     ERROR warehouse_id:2, cid:6215, maxbytes:2
20251110-03:35.27-27932(us) 19324 ! txn_stock_level (tpcc.cc:3398):     ERROR warehouse_id:2, cid:6215, maxbytes:2
20251110-03:35.27-30019(us) 19324 ! txn_stock_level (tpcc.cc:3398):     ERROR warehouse_id:2, cid:6215, maxbytes:2
20251110-03:35.27-31114(us) 19324 ! txn_stock_level (tpcc.cc:3398):     ERROR warehouse_id:2, cid:6215, maxbytes:2
20251110-03:35.27-31148(us) 19324 ! txn_stock_level (tpcc.cc:3398):     ERROR warehouse_id:2, cid:6215, maxbytes:2
20251110-03:35.27-51943(us) 19324 ! txn_stock_level (tpcc.cc:3398):     ERROR warehouse_id:2, cid:79591, maxbytes:2
20251110-03:35.27-52000(us) 19324 ! txn_stock_level (tpcc.cc:3398):     ERROR warehouse_id:2, cid:79591, maxbytes:2
20251110-03:35.27-52021(us) 19324 ! txn_stock_level (tpcc.cc:3398):     ERROR warehouse_id:2, cid:79591, maxbytes:2
20251110-03:35.27-52103(us) 19324 ! txn_stock_level (tpcc.cc:3398):     ERROR warehouse_id:2, cid:79591, maxbytes:2
20251110-03:35.27-121597(us) 19324 ! run             (bench.cc:473):     runtime time left:29000 ms, bool:1
20251110-03:35.27-131922(us) 19324 ! txn_stock_level (tpcc.cc:3398):     ERROR warehouse_id:2, cid:56551, maxbytes:2
20251110-03:35.27-132836(us) 19324 ! txn_stock_level (tpcc.cc:3398):     ERROR warehouse_id:2, cid:56551, maxbytes:2
20251110-03:35.27-132929(us) 19324 ! txn_stock_level (tpcc.cc:3398):     ERROR warehouse_id:2, cid:56551, maxbytes:2
20251110-03:35.27-134186(us) 19324 ! txn_stock_level (tpcc.cc:3398):     ERROR warehouse_id:2, cid:56551, maxbytes:2
20251110-03:35.27-394305(us) 19324 ! txn_stock_level (tpcc.cc:3398):     ERROR warehouse_id:2, cid:14991, maxbytes:2
20251110-03:35.27-394502(us) 19324 ! txn_stock_level (tpcc.cc:3398):     ERROR warehouse_id:2, cid:14991, maxbytes:2
20251110-03:35.27-394728(us) 19324 ! txn_stock_level (tpcc.cc:3398):     ERROR warehouse_id:2, cid:14991, maxbytes:2
20251110-03:35.27-394753(us) 19324 ! txn_stock_level (tpcc.cc:3398):     ERROR warehouse_id:2, cid:14991, maxbytes:2
20251110-03:35.27-395241(us) 19324 ! txn_stock_level (tpcc.cc:3398):     ERROR warehouse_id:2, cid:14991, maxbytes:2
20251110-03:35.27-395758(us) 19324 ! txn_stock_level (tpcc.cc:3398):     ERROR warehouse_id:2, cid:14991, maxbytes:2
20251110-03:35.27-395956(us) 19324 ! txn_stock_level (tpcc.cc:3398):     ERROR warehouse_id:2, cid:14991, maxbytes:2
20251110-03:35.27-395972(us) 19324 ! txn_stock_level (tpcc.cc:3398):     ERROR warehouse_id:2, cid:14991, maxbytes:2
20251110-03:35.27-396004(us) 19324 ! txn_stock_level (tpcc.cc:3398):     ERROR warehouse_id:2, cid:14991, maxbytes:2
20251110-03:35.27-397004(us) 19324 ! txn_stock_level (tpcc.cc:3398):     ERROR warehouse_id:2, cid:14991, maxbytes:2
20251110-03:35.27-397164(us) 19324 ! txn_stock_level (tpcc.cc:3398):     ERROR warehouse_id:2, cid:14991, maxbytes:2
20251110-03:35.27-397206(us) 19324 ! txn_stock_level (tpcc.cc:3398):     ERROR warehouse_id:2, cid:14991, maxbytes:2
20251110-03:35.27-397335(us) 19324 ! txn_stock_level (tpcc.cc:3398):     ERROR warehouse_id:2, cid:14991, maxbytes:2
20251110-03:35.27-397386(us) 19324 ! txn_stock_level (tpcc.cc:3398):     ERROR warehouse_id:2, cid:14991, maxbytes:2
20251110-03:35.27-492170(us) 19324 ! txn_stock_level (tpcc.cc:3398):     ERROR warehouse_id:1, cid:56551, maxbytes:2
20251110-03:35.27-492210(us) 19324 ! txn_stock_level (tpcc.cc:3398):     ERROR warehouse_id:1, cid:56551, maxbytes:2
20251110-03:35.27-494442(us) 19324 ! txn_stock_level (tpcc.cc:3398):     ERROR warehouse_id:1, cid:56551, maxbytes:2
20251110-03:35.27-494502(us) 19324 ! txn_stock_level (tpcc.cc:3398):     ERROR warehouse_id:1, cid:56551, maxbytes:2
20251110-03:35.27-507831(us) 19324 ! txn_stock_level (tpcc.cc:3398):     ERROR warehouse_id:1, cid:40677, maxbytes:2
20251110-03:35.27-508918(us) 19324 ! txn_stock_level (tpcc.cc:3398):     ERROR warehouse_id:1, cid:40677, maxbytes:2
20251110-03:35.27-510798(us) 19324 ! txn_stock_level (tpcc.cc:3398):     ERROR warehouse_id:1, cid:40677, maxbytes:2
20251110-03:35.27-510829(us) 19324 ! txn_stock_level (tpcc.cc:3398):     ERROR warehouse_id:1, cid:40677, maxbytes:2
20251110-03:35.27-510884(us) 19324 ! txn_stock_level (tpcc.cc:3398):     ERROR warehouse_id:1, cid:40677, maxbytes:2
20251110-03:35.27-537253(us) 19324 ! txn_stock_level (tpcc.cc:3398):     ERROR warehouse_id:1, cid:81633, maxbytes:2
20251110-03:35.27-537377(us) 19324 ! txn_stock_level (tpcc.cc:3398):     ERROR warehouse_id:1, cid:81633, maxbytes:2
20251110-03:35.27-541393(us) 19324 ! txn_stock_level (tpcc.cc:3398):     ERROR warehouse_id:1, cid:81633, maxbytes:2
20251110-03:35.27-541605(us) 19324 ! txn_stock_level (tpcc.cc:3398):     ERROR warehouse_id:1, cid:81633, maxbytes:2
20251110-03:35.27-541790(us) 19324 ! txn_stock_level (tpcc.cc:3398):     ERROR warehouse_id:1, cid:81633, maxbytes:2
20251110-03:35.27-542950(us) 19324 ! txn_stock_level (tpcc.cc:3398):     ERROR warehouse_id:1, cid:81633, maxbytes:2
20251110-03:35.27-703009(us) 19324 ! txn_stock_level (tpcc.cc:3398):     ERROR warehouse_id:1, cid:13895, maxbytes:2
20251110-03:35.27-704679(us) 19324 ! txn_stock_level (tpcc.cc:3398):     ERROR warehouse_id:1, cid:13895, maxbytes:2
20251110-03:35.27-704874(us) 19324 ! txn_stock_level (tpcc.cc:3398):     ERROR warehouse_id:1, cid:13895, maxbytes:2
20251110-03:35.27-704898(us) 19324 ! txn_stock_level (tpcc.cc:3398):     ERROR warehouse_id:1, cid:13895, maxbytes:2
20251110-03:35.27-705001(us) 19324 ! txn_stock_level (tpcc.cc:3398):     ERROR warehouse_id:1, cid:13895, maxbytes:2
20251110-03:35.27-765275(us) 19324 ! txn_stock_level (tpcc.cc:3398):     ERROR warehouse_id:2, cid:81573, maxbytes:2
20251110-03:35.27-765481(us) 19324 ! txn_stock_level (tpcc.cc:3398):     ERROR warehouse_id:2, cid:81573, maxbytes:2
20251110-03:35.27-766829(us) 19324 ! txn_stock_level (tpcc.cc:3398):     ERROR warehouse_id:2, cid:81573, maxbytes:2
20251110-03:35.27-768926(us) 19324 ! txn_stock_level (tpcc.cc:3398):     ERROR warehouse_id:2, cid:81573, maxbytes:2
20251110-03:35.27-769166(us) 19324 ! txn_stock_level (tpcc.cc:3398):     ERROR warehouse_id:2, cid:81573, maxbytes:2
20251110-03:35.27-769193(us) 19324 ! txn_stock_level (tpcc.cc:3398):     ERROR warehouse_id:2, cid:81573, maxbytes:2
20251110-03:35.27-769321(us) 19324 ! txn_stock_level (tpcc.cc:3398):     ERROR warehouse_id:2, cid:81573, maxbytes:2
20251110-03:35.27-769432(us) 19324 ! txn_stock_level (tpcc.cc:3398):     ERROR warehouse_id:2, cid:81573, maxbytes:2
20251110-03:35.27-769486(us) 19324 ! txn_stock_level (tpcc.cc:3398):     ERROR warehouse_id:2, cid:81573, maxbytes:2
20251110-03:35.27-770564(us) 19324 ! txn_stock_level (tpcc.cc:3398):     ERROR warehouse_id:2, cid:81573, maxbytes:2
20251110-03:35.27-770694(us) 19324 ! txn_stock_level (tpcc.cc:3398):     ERROR warehouse_id:2, cid:81573, maxbytes:2
20251110-03:35.27-770962(us) 19324 ! txn_stock_level (tpcc.cc:3398):     ERROR warehouse_id:2, cid:81573, maxbytes:2
20251110-03:35.27-771530(us) 19324 ! txn_stock_level (tpcc.cc:3398):     ERROR warehouse_id:2, cid:81573, maxbytes:2
20251110-03:35.27-771565(us) 19324 ! txn_stock_level (tpcc.cc:3398):     ERROR warehouse_id:2, cid:81573, maxbytes:2
20251110-03:35.27-772678(us) 19324 ! txn_stock_level (tpcc.cc:3398):     ERROR warehouse_id:2, cid:97893, maxbytes:2
20251110-03:35.27-772866(us) 19324 ! txn_stock_level (tpcc.cc:3398):     ERROR warehouse_id:2, cid:97893, maxbytes:2
20251110-03:35.27-772926(us) 19324 ! txn_stock_level (tpcc.cc:3398):     ERROR warehouse_id:2, cid:32103, maxbytes:2
20251110-03:35.27-772968(us) 19324 ! txn_stock_level (tpcc.cc:3398):     ERROR warehouse_id:2, cid:97893, maxbytes:2
20251110-03:35.27-772987(us) 19324 ! txn_stock_level (tpcc.cc:3398):     ERROR warehouse_id:2, cid:81573, maxbytes:2
20251110-03:35.27-773009(us) 19324 ! txn_stock_level (tpcc.cc:3398):     ERROR warehouse_id:2, cid:97893, maxbytes:2
20251110-03:35.27-773199(us) 19324 ! txn_stock_level (tpcc.cc:3398):     ERROR warehouse_id:2, cid:97893, maxbytes:2
20251110-03:35.27-783289(us) 19324 ! txn_stock_level (tpcc.cc:3398):     ERROR warehouse_id:2, cid:32103, maxbytes:2
20251110-03:35.27-784403(us) 19324 ! txn_stock_level (tpcc.cc:3398):     ERROR warehouse_id:2, cid:32103, maxbytes:2
20251110-03:35.27-784459(us) 19324 ! txn_stock_level (tpcc.cc:3398):     ERROR warehouse_id:2, cid:32103, maxbytes:2
20251110-03:35.27-784623(us) 19324 ! txn_stock_level (tpcc.cc:3398):     ERROR warehouse_id:2, cid:32103, maxbytes:2
20251110-03:35.27-784719(us) 19324 ! txn_stock_level (tpcc.cc:3398):     ERROR warehouse_id:2, cid:32103, maxbytes:2
20251110-03:35.27-786400(us) 19324 ! txn_stock_level (tpcc.cc:3398):     ERROR warehouse_id:2, cid:32103, maxbytes:2
20251110-03:35.27-787691(us) 19324 ! txn_stock_level (tpcc.cc:3398):     ERROR warehouse_id:2, cid:32103, maxbytes:2
20251110-03:35.27-787832(us) 19324 ! txn_stock_level (tpcc.cc:3398):     ERROR warehouse_id:2, cid:32103, maxbytes:2
20251110-03:35.27-788943(us) 19324 ! txn_stock_level (tpcc.cc:3398):     ERROR warehouse_id:2, cid:32103, maxbytes:2
20251110-03:35.27-789886(us) 19324 ! txn_stock_level (tpcc.cc:3398):     ERROR warehouse_id:2, cid:32103, maxbytes:2
20251110-03:35.27-789973(us) 19324 ! txn_stock_level (tpcc.cc:3398):     ERROR warehouse_id:2, cid:32103, maxbytes:2
20251110-03:35.27-791034(us) 19324 ! txn_stock_level (tpcc.cc:3398):     ERROR warehouse_id:2, cid:32103, maxbytes:2
20251110-03:35.27-791059(us) 19324 ! txn_stock_level (tpcc.cc:3398):     ERROR warehouse_id:2, cid:32103, maxbytes:2
20251110-03:35.27-791102(us) 19324 ! txn_stock_level (tpcc.cc:3398):     ERROR warehouse_id:2, cid:32103, maxbytes:2
20251110-03:35.27-793210(us) 19324 ! txn_stock_level (tpcc.cc:3398):     ERROR warehouse_id:2, cid:32103, maxbytes:2
20251110-03:35.27-794124(us) 19324 ! txn_stock_level (tpcc.cc:3398):     ERROR warehouse_id:2, cid:32103, maxbytes:2
20251110-03:35.27-794212(us) 19324 ! txn_stock_level (tpcc.cc:3398):     ERROR warehouse_id:2, cid:32103, maxbytes:2
20251110-03:35.27-794283(us) 19324 ! txn_stock_level (tpcc.cc:3398):     ERROR warehouse_id:2, cid:32103, maxbytes:2
20251110-03:35.27-795146(us) 19324 ! txn_stock_level (tpcc.cc:3398):     ERROR warehouse_id:2, cid:32103, maxbytes:2
20251110-03:35.27-827051(us) 19324 ! txn_stock_level (tpcc.cc:3398):     ERROR warehouse_id:1, cid:72415, maxbytes:2
20251110-03:35.27-827887(us) 19324 ! txn_stock_level (tpcc.cc:3398):     ERROR warehouse_id:1, cid:72415, maxbytes:2
20251110-03:35.27-827937(us) 19324 ! txn_stock_level (tpcc.cc:3398):     ERROR warehouse_id:1, cid:72415, maxbytes:2
20251110-03:35.27-833219(us) 19324 ! txn_stock_level (tpcc.cc:3398):     ERROR warehouse_id:1, cid:72415, maxbytes:2
20251110-03:35.27-834151(us) 19324 ! txn_stock_level (tpcc.cc:3398):     ERROR warehouse_id:1, cid:72415, maxbytes:2
20251110-03:35.27-835145(us) 19324 ! txn_stock_level (tpcc.cc:3398):     ERROR warehouse_id:1, cid:72415, maxbytes:2
20251110-03:35.27-835288(us) 19324 ! txn_stock_level (tpcc.cc:3398):     ERROR warehouse_id:1, cid:72415, maxbytes:2
20251110-03:35.27-835313(us) 19324 ! txn_stock_level (tpcc.cc:3398):     ERROR warehouse_id:1, cid:72415, maxbytes:2
20251110-03:35.27-835343(us) 19324 ! txn_stock_level (tpcc.cc:3398):     ERROR warehouse_id:1, cid:72415, maxbytes:2
20251110-03:35.27-835462(us) 19324 ! txn_stock_level (tpcc.cc:3398):     ERROR warehouse_id:1, cid:72415, maxbytes:2
20251110-03:35.27-836546(us) 19324 ! txn_stock_level (tpcc.cc:3398):     ERROR warehouse_id:1, cid:72415, maxbytes:2
20251110-03:35.27-836598(us) 19324 ! txn_stock_level (tpcc.cc:3398):     ERROR warehouse_id:1, cid:72415, maxbytes:2
20251110-03:35.27-836670(us) 19324 ! txn_stock_level (tpcc.cc:3398):     ERROR warehouse_id:1, cid:72415, maxbytes:2
20251110-03:35.27-836686(us) 19324 ! txn_stock_level (tpcc.cc:3398):     ERROR warehouse_id:1, cid:72415, maxbytes:2
20251110-03:35.27-836736(us) 19324 ! txn_stock_level (tpcc.cc:3398):     ERROR warehouse_id:1, cid:72415, maxbytes:2
20251110-03:35.27-836772(us) 19324 ! txn_stock_level (tpcc.cc:3398):     ERROR warehouse_id:1, cid:72415, maxbytes:2
20251110-03:35.27-836784(us) 19324 ! txn_stock_level (tpcc.cc:3398):     ERROR warehouse_id:1, cid:72415, maxbytes:2
20251110-03:35.27-836891(us) 19324 ! txn_stock_level (tpcc.cc:3398):     ERROR warehouse_id:1, cid:72415, maxbytes:2
20251110-03:35.27-845846(us) 19324 ! txn_stock_level (tpcc.cc:3398):     ERROR warehouse_id:1, cid:56023, maxbytes:2
20251110-03:35.27-846913(us) 19324 ! txn_stock_level (tpcc.cc:3398):     ERROR warehouse_id:1, cid:56023, maxbytes:2
20251110-03:35.27-849079(us) 19324 ! txn_stock_level (tpcc.cc:3398):     ERROR warehouse_id:1, cid:56023, maxbytes:2
20251110-03:35.27-850007(us) 19324 ! txn_stock_level (tpcc.cc:3398):     ERROR warehouse_id:1, cid:56023, maxbytes:2
20251110-03:35.27-850107(us) 19324 ! txn_stock_level (tpcc.cc:3398):     ERROR warehouse_id:1, cid:56023, maxbytes:2
20251110-03:35.27-903126(us) 19324 ! txn_stock_level (tpcc.cc:3398):     ERROR warehouse_id:1, cid:6215, maxbytes:2
20251110-03:35.27-906028(us) 19324 ! txn_stock_level (tpcc.cc:3398):     ERROR warehouse_id:1, cid:89831, maxbytes:2
20251110-03:35.27-906147(us) 19324 ! txn_stock_level (tpcc.cc:3398):     ERROR warehouse_id:1, cid:89831, maxbytes:2
20251110-03:35.27-906166(us) 19324 ! txn_stock_level (tpcc.cc:3398):     ERROR warehouse_id:1, cid:89831, maxbytes:2
20251110-03:35.27-912057(us) 19324 ! txn_stock_level (tpcc.cc:3398):     ERROR warehouse_id:1, cid:16095, maxbytes:2
20251110-03:35.27-912469(us) 19324 ! txn_stock_level (tpcc.cc:3398):     ERROR warehouse_id:1, cid:16095, maxbytes:2
20251110-03:35.27-912797(us) 19324 ! txn_stock_level (tpcc.cc:3398):     ERROR warehouse_id:1, cid:16095, maxbytes:2
20251110-03:35.27-914353(us) 19324 ! txn_stock_level (tpcc.cc:3398):     ERROR warehouse_id:1, cid:16095, maxbytes:2
20251110-03:35.27-916834(us) 19324 ! txn_stock_level (tpcc.cc:3398):     ERROR warehouse_id:1, cid:16095, maxbytes:2
20251110-03:35.27-916879(us) 19324 ! txn_stock_level (tpcc.cc:3398):     ERROR warehouse_id:1, cid:16095, maxbytes:2
20251110-03:35.27-916922(us) 19324 ! txn_stock_level (tpcc.cc:3398):     ERROR warehouse_id:1, cid:16095, maxbytes:2
20251110-03:35.27-917001(us) 19324 ! txn_stock_level (tpcc.cc:3398):     ERROR warehouse_id:1, cid:16095, maxbytes:2
20251110-03:35.27-917347(us) 19324 ! txn_stock_level (tpcc.cc:3398):     ERROR warehouse_id:1, cid:16095, maxbytes:2
20251110-03:35.27-917410(us) 19324 ! txn_stock_level (tpcc.cc:3398):     ERROR warehouse_id:1, cid:16095, maxbytes:2
20251110-03:35.27-918744(us) 19324 ! txn_stock_level (tpcc.cc:3398):     ERROR warehouse_id:1, cid:16095, maxbytes:2
20251110-03:35.28-41276(us) 19324 ! txn_stock_level (tpcc.cc:3398):     ERROR warehouse_id:1, cid:54983, maxbytes:2
20251110-03:35.28-42265(us) 19324 ! txn_stock_level (tpcc.cc:3398):     ERROR warehouse_id:1, cid:54983, maxbytes:2
20251110-03:35.28-42317(us) 19324 ! txn_stock_level (tpcc.cc:3398):     ERROR warehouse_id:1, cid:54983, maxbytes:2
20251110-03:35.28-43568(us) 19324 ! txn_stock_level (tpcc.cc:3398):     ERROR warehouse_id:1, cid:54983, maxbytes:2
20251110-03:35.28-46098(us) 19324 ! txn_stock_level (tpcc.cc:3398):     ERROR warehouse_id:1, cid:54983, maxbytes:2
20251110-03:35.28-46156(us) 19324 ! txn_stock_level (tpcc.cc:3398):     ERROR warehouse_id:1, cid:54983, maxbytes:2
20251110-03:35.28-48166(us) 19324 ! txn_stock_level (tpcc.cc:3398):     ERROR warehouse_id:1, cid:54983, maxbytes:2
20251110-03:35.28-48355(us) 19324 ! txn_stock_level (tpcc.cc:3398):     ERROR warehouse_id:1, cid:54983, maxbytes:2
20251110-03:35.28-48375(us) 19324 ! txn_stock_level (tpcc.cc:3398):     ERROR warehouse_id:1, cid:54983, maxbytes:2
20251110-03:35.28-83630(us) 19324 ! txn_stock_level (tpcc.cc:3398):     ERROR warehouse_id:1, cid:71399, maxbytes:2
20251110-03:35.28-83689(us) 19324 ! txn_stock_level (tpcc.cc:3398):     ERROR warehouse_id:1, cid:71399, maxbytes:2
20251110-03:35.28-83758(us) 19324 ! txn_stock_level (tpcc.cc:3398):     ERROR warehouse_id:1, cid:71399, maxbytes:2
20251110-03:35.28-84661(us) 19324 ! txn_stock_level (tpcc.cc:3398):     ERROR warehouse_id:1, cid:71399, maxbytes:2
20251110-03:35.28-84758(us) 19324 ! txn_stock_level (tpcc.cc:3398):     ERROR warehouse_id:1, cid:71399, maxbytes:2
20251110-03:35.28-127255(us) 19324 ! run             (bench.cc:473):     runtime time left:28000 ms, bool:1
20251110-03:35.28-197242(us) 19324 ! txn_stock_level (tpcc.cc:3398):     ERROR warehouse_id:1, cid:16103, maxbytes:2
20251110-03:35.28-197355(us) 19324 ! txn_stock_level (tpcc.cc:3398):     ERROR warehouse_id:1, cid:16103, maxbytes:2
20251110-03:35.28-197368(us) 19324 ! txn_stock_level (tpcc.cc:3398):     ERROR warehouse_id:1, cid:16103, maxbytes:2
20251110-03:35.28-201654(us) 19324 ! txn_stock_level (tpcc.cc:3398):     ERROR warehouse_id:1, cid:44775, maxbytes:2
20251110-03:35.28-201843(us) 19324 ! txn_stock_level (tpcc.cc:3398):     ERROR warehouse_id:1, cid:44775, maxbytes:2
20251110-03:35.28-201863(us) 19324 ! txn_stock_level (tpcc.cc:3398):     ERROR warehouse_id:1, cid:44775, maxbytes:2
20251110-03:35.28-201918(us) 19324 ! txn_stock_level (tpcc.cc:3398):     ERROR warehouse_id:1, cid:44775, maxbytes:2
20251110-03:35.28-204111(us) 19324 ! txn_stock_level (tpcc.cc:3398):     ERROR warehouse_id:1, cid:44775, maxbytes:2
20251110-03:35.28-204220(us) 19324 ! txn_stock_level (tpcc.cc:3398):     ERROR warehouse_id:1, cid:44775, maxbytes:2
20251110-03:35.28-204618(us) 19324 ! txn_stock_level (tpcc.cc:3398):     ERROR warehouse_id:1, cid:44775, maxbytes:2
20251110-03:35.28-204644(us) 19324 ! txn_stock_level (tpcc.cc:3398):     ERROR warehouse_id:1, cid:44775, maxbytes:2
20251110-03:35.28-204682(us) 19324 ! txn_stock_level (tpcc.cc:3398):     ERROR warehouse_id:1, cid:44775, maxbytes:2
20251110-03:35.28-204714(us) 19324 ! txn_stock_level (tpcc.cc:3398):     ERROR warehouse_id:1, cid:44775, maxbytes:2
20251110-03:35.28-305926(us) 19324 ! txn_stock_level (tpcc.cc:3398):     ERROR warehouse_id:1, cid:24135, maxbytes:2
20251110-03:35.28-307124(us) 19324 ! txn_stock_level (tpcc.cc:3398):     ERROR warehouse_id:1, cid:24135, maxbytes:2
20251110-03:35.28-307290(us) 19324 ! txn_stock_level (tpcc.cc:3398):     ERROR warehouse_id:1, cid:24135, maxbytes:2
20251110-03:35.28-308450(us) 19324 ! txn_stock_level (tpcc.cc:3398):     ERROR warehouse_id:1, cid:24135, maxbytes:2
20251110-03:35.28-309705(us) 19324 ! txn_stock_level (tpcc.cc:3398):     ERROR warehouse_id:1, cid:24135, maxbytes:2
20251110-03:35.28-309758(us) 19324 ! txn_stock_level (tpcc.cc:3398):     ERROR warehouse_id:1, cid:24135, maxbytes:2
20251110-03:35.28-309959(us) 19324 ! txn_stock_level (tpcc.cc:3398):     ERROR warehouse_id:1, cid:24135, maxbytes:2
20251110-03:35.28-309970(us) 19324 ! txn_stock_level (tpcc.cc:3398):     ERROR warehouse_id:1, cid:24135, maxbytes:2
20251110-03:35.28-442068(us) 19324 ! txn_stock_level (tpcc.cc:3398):     ERROR warehouse_id:1, cid:71397, maxbytes:2
20251110-03:35.28-442112(us) 19324 ! txn_stock_level (tpcc.cc:3398):     ERROR warehouse_id:1, cid:71397, maxbytes:2
20251110-03:35.28-442129(us) 19324 ! txn_stock_level (tpcc.cc:3398):     ERROR warehouse_id:1, cid:71397, maxbytes:2
20251110-03:35.28-442228(us) 19324 ! txn_stock_level (tpcc.cc:3398):     ERROR warehouse_id:1, cid:71397, maxbytes:2
20251110-03:35.28-443438(us) 19324 ! txn_stock_level (tpcc.cc:3398):     ERROR warehouse_id:1, cid:71397, maxbytes:2
20251110-03:35.28-443768(us) 19324 ! txn_stock_level (tpcc.cc:3398):     ERROR warehouse_id:1, cid:71397, maxbytes:2
20251110-03:35.28-443888(us) 19324 ! txn_stock_level (tpcc.cc:3398):     ERROR warehouse_id:1, cid:71397, maxbytes:2
20251110-03:35.28-445298(us) 19324 ! txn_stock_level (tpcc.cc:3398):     ERROR warehouse_id:1, cid:71397, maxbytes:2
20251110-03:35.28-447072(us) 19324 ! txn_stock_level (tpcc.cc:3398):     ERROR warehouse_id:2, cid:45767, maxbytes:2
20251110-03:35.28-447118(us) 19324 ! txn_stock_level (tpcc.cc:3398):     ERROR warehouse_id:2, cid:45767, maxbytes:2
20251110-03:35.28-447206(us) 19324 ! txn_stock_level (tpcc.cc:3398):     ERROR warehouse_id:2, cid:45767, maxbytes:2
20251110-03:35.28-447225(us) 19324 ! txn_stock_level (tpcc.cc:3398):     ERROR warehouse_id:2, cid:45767, maxbytes:2
20251110-03:35.28-448313(us) 19324 ! txn_stock_level (tpcc.cc:3398):     ERROR warehouse_id:2, cid:45767, maxbytes:2
20251110-03:35.28-449214(us) 19324 ! txn_stock_level (tpcc.cc:3398):     ERROR warehouse_id:2, cid:45767, maxbytes:2
20251110-03:35.28-451403(us) 19324 ! txn_stock_level (tpcc.cc:3398):     ERROR warehouse_id:2, cid:45767, maxbytes:2
20251110-03:35.28-452637(us) 19324 ! txn_stock_level (tpcc.cc:3398):     ERROR warehouse_id:2, cid:45767, maxbytes:2
20251110-03:35.28-452674(us) 19324 ! txn_stock_level (tpcc.cc:3398):     ERROR warehouse_id:2, cid:45767, maxbytes:2
20251110-03:35.28-453024(us) 19324 ! txn_stock_level (tpcc.cc:3398):     ERROR warehouse_id:1, cid:89831, maxbytes:2
20251110-03:35.28-453057(us) 19324 ! txn_stock_level (tpcc.cc:3398):     ERROR warehouse_id:1, cid:89831, maxbytes:2
20251110-03:35.28-453075(us) 19324 ! txn_stock_level (tpcc.cc:3398):     ERROR warehouse_id:1, cid:89831, maxbytes:2
20251110-03:35.28-453463(us) 19324 ! txn_stock_level (tpcc.cc:3398):     ERROR warehouse_id:2, cid:45767, maxbytes:2
20251110-03:35.28-454037(us) 19324 ! txn_stock_level (tpcc.cc:3398):     ERROR warehouse_id:1, cid:89831, maxbytes:2
20251110-03:35.28-454107(us) 19324 ! txn_stock_level (tpcc.cc:3398):     ERROR warehouse_id:1, cid:89831, maxbytes:2
20251110-03:35.28-454344(us) 19324 ! txn_stock_level (tpcc.cc:3398):     ERROR warehouse_id:1, cid:89831, maxbytes:2
20251110-03:35.28-454404(us) 19324 ! txn_stock_level (tpcc.cc:3398):     ERROR warehouse_id:2, cid:45767, maxbytes:2
20251110-03:35.28-454439(us) 19324 ! txn_stock_level (tpcc.cc:3398):     ERROR warehouse_id:2, cid:45767, maxbytes:2
20251110-03:35.28-455178(us) 19324 ! txn_stock_level (tpcc.cc:3398):     ERROR warehouse_id:1, cid:89831, maxbytes:2
20251110-03:35.28-455327(us) 19324 ! txn_stock_level (tpcc.cc:3398):     ERROR warehouse_id:1, cid:89831, maxbytes:2
20251110-03:35.28-455459(us) 19324 ! txn_stock_level (tpcc.cc:3398):     ERROR warehouse_id:1, cid:89831, maxbytes:2
20251110-03:35.28-455535(us) 19324 ! txn_stock_level (tpcc.cc:3398):     ERROR warehouse_id:2, cid:45767, maxbytes:2
20251110-03:35.28-455682(us) 19324 ! txn_stock_level (tpcc.cc:3398):     ERROR warehouse_id:1, cid:89831, maxbytes:2
20251110-03:35.28-456454(us) 19324 ! txn_stock_level (tpcc.cc:3398):     ERROR warehouse_id:2, cid:45767, maxbytes:2
20251110-03:35.28-456491(us) 19324 ! txn_stock_level (tpcc.cc:3398):     ERROR warehouse_id:2, cid:45767, maxbytes:2
20251110-03:35.28-456632(us) 19324 ! txn_stock_level (tpcc.cc:3398):     ERROR warehouse_id:2, cid:45767, maxbytes:2
20251110-03:35.28-456722(us) 19324 ! txn_stock_level (tpcc.cc:3398):     ERROR warehouse_id:1, cid:89831, maxbytes:2
20251110-03:35.28-456744(us) 19324 ! txn_stock_level (tpcc.cc:3398):     ERROR warehouse_id:1, cid:89831, maxbytes:2
20251110-03:35.28-456916(us) 19324 ! txn_stock_level (tpcc.cc:3398):     ERROR warehouse_id:2, cid:45767, maxbytes:2
20251110-03:35.28-456971(us) 19324 ! txn_stock_level (tpcc.cc:3398):     ERROR warehouse_id:2, cid:45767, maxbytes:2
20251110-03:35.28-457861(us) 19324 ! txn_stock_level (tpcc.cc:3398):     ERROR warehouse_id:1, cid:89831, maxbytes:2
20251110-03:35.28-457940(us) 19324 ! txn_stock_level (tpcc.cc:3398):     ERROR warehouse_id:1, cid:89831, maxbytes:2
20251110-03:35.28-457954(us) 19324 ! txn_stock_level (tpcc.cc:3398):     ERROR warehouse_id:1, cid:89831, maxbytes:2
20251110-03:35.28-458034(us) 19324 ! txn_stock_level (tpcc.cc:3398):     ERROR warehouse_id:1, cid:89831, maxbytes:2
20251110-03:35.28-458115(us) 19324 ! txn_stock_level (tpcc.cc:3398):     ERROR warehouse_id:1, cid:89831, maxbytes:2
20251110-03:35.28-460083(us) 19324 ! txn_stock_level (tpcc.cc:3398):     ERROR warehouse_id:1, cid:89831, maxbytes:2
20251110-03:35.28-460209(us) 19324 ! txn_stock_level (tpcc.cc:3398):     ERROR warehouse_id:1, cid:89831, maxbytes:2
20251110-03:35.28-460304(us) 19324 ! txn_stock_level (tpcc.cc:3398):     ERROR warehouse_id:1, cid:89831, maxbytes:2
20251110-03:35.28-461328(us) 19324 ! txn_stock_level (tpcc.cc:3398):     ERROR warehouse_id:1, cid:89831, maxbytes:2
20251110-03:35.28-461375(us) 19324 ! txn_stock_level (tpcc.cc:3398):     ERROR warehouse_id:1, cid:89831, maxbytes:2
20251110-03:35.28-463997(us) 19324 ! txn_stock_level (tpcc.cc:3398):     ERROR warehouse_id:1, cid:89831, maxbytes:2
20251110-03:35.28-464044(us) 19324 ! txn_stock_level (tpcc.cc:3398):     ERROR warehouse_id:1, cid:89831, maxbytes:2
20251110-03:35.28-464091(us) 19324 ! txn_stock_level (tpcc.cc:3398):     ERROR warehouse_id:1, cid:89831, maxbytes:2
20251110-03:35.28-464939(us) 19324 ! txn_stock_level (tpcc.cc:3398):     ERROR warehouse_id:1, cid:89831, maxbytes:2
20251110-03:35.28-466400(us) 19324 ! txn_stock_level (tpcc.cc:3398):     ERROR warehouse_id:1, cid:89831, maxbytes:2
20251110-03:35.28-466521(us) 19324 ! txn_stock_level (tpcc.cc:3398):     ERROR warehouse_id:1, cid:89831, maxbytes:2
20251110-03:35.28-466571(us) 19324 ! txn_stock_level (tpcc.cc:3398):     ERROR warehouse_id:1, cid:89831, maxbytes:2
20251110-03:35.28-466690(us) 19324 ! txn_stock_level (tpcc.cc:3398):     ERROR warehouse_id:1, cid:89831, maxbytes:2
20251110-03:35.28-466705(us) 19324 ! txn_stock_level (tpcc.cc:3398):     ERROR warehouse_id:1, cid:89831, maxbytes:2
20251110-03:35.28-466760(us) 19324 ! txn_stock_level (tpcc.cc:3398):     ERROR warehouse_id:1, cid:89831, maxbytes:2
20251110-03:35.28-468039(us) 19324 ! txn_stock_level (tpcc.cc:3398):     ERROR warehouse_id:1, cid:2114, maxbytes:2
20251110-03:35.28-468123(us) 19324 ! txn_stock_level (tpcc.cc:3398):     ERROR warehouse_id:1, cid:2114, maxbytes:2
20251110-03:35.28-468161(us) 19324 ! txn_stock_level (tpcc.cc:3398):     ERROR warehouse_id:1, cid:2114, maxbytes:2
20251110-03:35.28-468337(us) 19324 ! txn_stock_level (tpcc.cc:3398):     ERROR warehouse_id:1, cid:2114, maxbytes:2
20251110-03:35.28-469239(us) 19324 ! txn_stock_level (tpcc.cc:3398):     ERROR warehouse_id:1, cid:2114, maxbytes:2
20251110-03:35.28-469295(us) 19324 ! txn_stock_level (tpcc.cc:3398):     ERROR warehouse_id:1, cid:2114, maxbytes:2
20251110-03:35.28-469343(us) 19324 ! txn_stock_level (tpcc.cc:3398):     ERROR warehouse_id:1, cid:2114, maxbytes:2
20251110-03:35.28-469372(us) 19324 ! txn_stock_level (tpcc.cc:3398):     ERROR warehouse_id:1, cid:2114, maxbytes:2
20251110-03:35.28-470798(us) 19324 ! txn_stock_level (tpcc.cc:3398):     ERROR warehouse_id:1, cid:2114, maxbytes:2
20251110-03:35.28-470923(us) 19324 ! txn_stock_level (tpcc.cc:3398):     ERROR warehouse_id:1, cid:2114, maxbytes:2
20251110-03:35.28-472855(us) 19324 ! txn_stock_level (tpcc.cc:3398):     ERROR warehouse_id:1, cid:2114, maxbytes:2
20251110-03:35.28-472976(us) 19324 ! txn_stock_level (tpcc.cc:3398):     ERROR warehouse_id:1, cid:2114, maxbytes:2
20251110-03:35.28-473767(us) 19324 ! txn_stock_level (tpcc.cc:3398):     ERROR warehouse_id:1, cid:2114, maxbytes:2
20251110-03:35.28-473793(us) 19324 ! txn_stock_level (tpcc.cc:3398):     ERROR warehouse_id:1, cid:2114, maxbytes:2
20251110-03:35.28-473979(us) 19324 ! txn_stock_level (tpcc.cc:3398):     ERROR warehouse_id:1, cid:2114, maxbytes:2
20251110-03:35.28-474016(us) 19324 ! txn_stock_level (tpcc.cc:3398):     ERROR warehouse_id:1, cid:2114, maxbytes:2
20251110-03:35.28-474024(us) 19324 ! txn_stock_level (tpcc.cc:3398):     ERROR warehouse_id:1, cid:2114, maxbytes:2
20251110-03:35.28-474050(us) 19324 ! txn_stock_level (tpcc.cc:3398):     ERROR warehouse_id:1, cid:2114, maxbytes:2
20251110-03:35.28-478953(us) 19324 ! txn_stock_level (tpcc.cc:3398):     ERROR warehouse_id:1, cid:2114, maxbytes:2
20251110-03:35.28-479038(us) 19324 ! txn_stock_level (tpcc.cc:3398):     ERROR warehouse_id:1, cid:2114, maxbytes:2
20251110-03:35.28-479096(us) 19324 ! txn_stock_level (tpcc.cc:3398):     ERROR warehouse_id:1, cid:2114, maxbytes:2
20251110-03:35.28-479132(us) 19324 ! txn_stock_level (tpcc.cc:3398):     ERROR warehouse_id:1, cid:2114, maxbytes:2
20251110-03:35.28-480314(us) 19324 ! txn_stock_level (tpcc.cc:3398):     ERROR warehouse_id:1, cid:2114, maxbytes:2
20251110-03:35.28-481417(us) 19324 ! txn_stock_level (tpcc.cc:3398):     ERROR warehouse_id:1, cid:2114, maxbytes:2
20251110-03:35.28-484373(us) 19324 ! txn_stock_level (tpcc.cc:3398):     ERROR warehouse_id:1, cid:2114, maxbytes:2
20251110-03:35.28-485594(us) 19324 ! txn_stock_level (tpcc.cc:3398):     ERROR warehouse_id:2, cid:32479, maxbytes:2
20251110-03:35.28-485618(us) 19324 ! txn_stock_level (tpcc.cc:3398):     ERROR warehouse_id:2, cid:32479, maxbytes:2
20251110-03:35.28-486548(us) 19324 ! txn_stock_level (tpcc.cc:3398):     ERROR warehouse_id:2, cid:32479, maxbytes:2
20251110-03:35.28-486574(us) 19324 ! txn_stock_level (tpcc.cc:3398):     ERROR warehouse_id:2, cid:32479, maxbytes:2
20251110-03:35.28-486719(us) 19324 ! txn_stock_level (tpcc.cc:3398):     ERROR warehouse_id:2, cid:32479, maxbytes:2
20251110-03:35.28-487820(us) 19324 ! txn_stock_level (tpcc.cc:3398):     ERROR warehouse_id:2, cid:32479, maxbytes:2
20251110-03:35.28-488879(us) 19324 ! txn_stock_level (tpcc.cc:3398):     ERROR warehouse_id:2, cid:32479, maxbytes:2
20251110-03:35.28-491026(us) 19324 ! txn_stock_level (tpcc.cc:3398):     ERROR warehouse_id:2, cid:32479, maxbytes:2
20251110-03:35.28-491063(us) 19324 ! txn_stock_level (tpcc.cc:3398):     ERROR warehouse_id:2, cid:32479, maxbytes:2
20251110-03:35.28-491085(us) 19324 ! txn_stock_level (tpcc.cc:3398):     ERROR warehouse_id:2, cid:32479, maxbytes:2
20251110-03:35.28-492316(us) 19324 ! txn_stock_level (tpcc.cc:3398):     ERROR warehouse_id:2, cid:32479, maxbytes:2
20251110-03:35.28-492403(us) 19324 ! txn_stock_level (tpcc.cc:3398):     ERROR warehouse_id:2, cid:32479, maxbytes:2
20251110-03:35.28-493264(us) 19324 ! txn_stock_level (tpcc.cc:3398):     ERROR warehouse_id:2, cid:32479, maxbytes:2
20251110-03:35.28-493363(us) 19324 ! txn_stock_level (tpcc.cc:3398):     ERROR warehouse_id:2, cid:32479, maxbytes:2
20251110-03:35.28-494635(us) 19324 ! txn_stock_level (tpcc.cc:3398):     ERROR warehouse_id:2, cid:32479, maxbytes:2
20251110-03:35.28-494797(us) 19324 ! txn_stock_level (tpcc.cc:3398):     ERROR warehouse_id:2, cid:32479, maxbytes:2
20251110-03:35.28-495728(us) 19324 ! txn_stock_level (tpcc.cc:3398):     ERROR warehouse_id:2, cid:32479, maxbytes:2
20251110-03:35.28-496520(us) 19324 ! txn_stock_level (tpcc.cc:3398):     ERROR warehouse_id:2, cid:32479, maxbytes:2
20251110-03:35.28-496708(us) 19324 ! txn_stock_level (tpcc.cc:3398):     ERROR warehouse_id:2, cid:32479, maxbytes:2
20251110-03:35.28-496739(us) 19324 ! txn_stock_level (tpcc.cc:3398):     ERROR warehouse_id:2, cid:32479, maxbytes:2
20251110-03:35.28-497887(us) 19324 ! txn_stock_level (tpcc.cc:3398):     ERROR warehouse_id:2, cid:32479, maxbytes:2
20251110-03:35.28-498061(us) 19324 ! txn_stock_level (tpcc.cc:3398):     ERROR warehouse_id:2, cid:32479, maxbytes:2
20251110-03:35.28-498093(us) 19324 ! txn_stock_level (tpcc.cc:3398):     ERROR warehouse_id:2, cid:32479, maxbytes:2
20251110-03:35.28-498131(us) 19324 ! txn_stock_level (tpcc.cc:3398):     ERROR warehouse_id:2, cid:32479, maxbytes:2
20251110-03:35.28-498292(us) 19324 ! txn_stock_level (tpcc.cc:3398):     ERROR warehouse_id:2, cid:32479, maxbytes:2
20251110-03:35.28-661200(us) 19324 ! txn_stock_level (tpcc.cc:3398):     ERROR warehouse_id:2, cid:24007, maxbytes:2
20251110-03:35.28-661289(us) 19324 ! txn_stock_level (tpcc.cc:3398):     ERROR warehouse_id:2, cid:24007, maxbytes:2
20251110-03:35.28-661339(us) 19324 ! txn_stock_level (tpcc.cc:3398):     ERROR warehouse_id:2, cid:24007, maxbytes:2
20251110-03:35.28-661412(us) 19324 ! txn_stock_level (tpcc.cc:3398):     ERROR warehouse_id:2, cid:24007, maxbytes:2
20251110-03:35.28-661466(us) 19324 ! txn_stock_level (tpcc.cc:3398):     ERROR warehouse_id:2, cid:24007, maxbytes:2
20251110-03:35.28-661624(us) 19324 ! txn_stock_level (tpcc.cc:3398):     ERROR warehouse_id:2, cid:24007, maxbytes:2
20251110-03:35.28-661656(us) 19324 ! txn_stock_level (tpcc.cc:3398):     ERROR warehouse_id:2, cid:24007, maxbytes:2
20251110-03:35.28-661668(us) 19324 ! txn_stock_level (tpcc.cc:3398):     ERROR warehouse_id:2, cid:24007, maxbytes:2
20251110-03:35.28-661723(us) 19324 ! txn_stock_level (tpcc.cc:3398):     ERROR warehouse_id:2, cid:24007, maxbytes:2
20251110-03:35.28-664022(us) 19324 ! txn_stock_level (tpcc.cc:3398):     ERROR warehouse_id:2, cid:24007, maxbytes:2
20251110-03:35.28-665000(us) 19324 ! txn_stock_level (tpcc.cc:3398):     ERROR warehouse_id:2, cid:24007, maxbytes:2
20251110-03:35.28-672830(us) 19324 ! txn_stock_level (tpcc.cc:3398):     ERROR warehouse_id:1, cid:40423, maxbytes:2
20251110-03:35.28-673058(us) 19324 ! txn_stock_level (tpcc.cc:3398):     ERROR warehouse_id:1, cid:40423, maxbytes:2
20251110-03:35.28-674907(us) 19324 ! txn_stock_level (tpcc.cc:3398):     ERROR warehouse_id:1, cid:40423, maxbytes:2
20251110-03:35.28-675099(us) 19324 ! txn_stock_level (tpcc.cc:3398):     ERROR warehouse_id:1, cid:40423, maxbytes:2
20251110-03:35.28-676077(us) 19324 ! txn_stock_level (tpcc.cc:3398):     ERROR warehouse_id:1, cid:40423, maxbytes:2
20251110-03:35.28-678682(us) 19324 ! txn_stock_level (tpcc.cc:3398):     ERROR warehouse_id:1, cid:40423, maxbytes:2
20251110-03:35.28-678710(us) 19324 ! txn_stock_level (tpcc.cc:3398):     ERROR warehouse_id:1, cid:40423, maxbytes:2
20251110-03:35.28-678755(us) 19324 ! txn_stock_level (tpcc.cc:3398):     ERROR warehouse_id:1, cid:40423, maxbytes:2
20251110-03:35.28-678777(us) 19324 ! txn_stock_level (tpcc.cc:3398):     ERROR warehouse_id:1, cid:40423, maxbytes:2
20251110-03:35.28-792694(us) 19324 ! txn_stock_level (tpcc.cc:3398):     ERROR warehouse_id:2, cid:79590, maxbytes:2
20251110-03:35.28-792817(us) 19324 ! txn_stock_level (tpcc.cc:3398):     ERROR warehouse_id:2, cid:79590, maxbytes:2
20251110-03:35.28-793908(us) 19324 ! txn_stock_level (tpcc.cc:3398):     ERROR warehouse_id:2, cid:79590, maxbytes:2
20251110-03:35.28-794071(us) 19324 ! txn_stock_level (tpcc.cc:3398):     ERROR warehouse_id:2, cid:79590, maxbytes:2
20251110-03:35.28-794238(us) 19324 ! txn_stock_level (tpcc.cc:3398):     ERROR warehouse_id:2, cid:79590, maxbytes:2
20251110-03:35.28-794400(us) 19324 ! txn_stock_level (tpcc.cc:3398):     ERROR warehouse_id:2, cid:79590, maxbytes:2
20251110-03:35.28-794438(us) 19324 ! txn_stock_level (tpcc.cc:3398):     ERROR warehouse_id:2, cid:79590, maxbytes:2
20251110-03:35.28-795437(us) 19324 ! txn_stock_level (tpcc.cc:3398):     ERROR warehouse_id:2, cid:79590, maxbytes:2
20251110-03:35.28-795502(us) 19324 ! txn_stock_level (tpcc.cc:3398):     ERROR warehouse_id:2, cid:79590, maxbytes:2
20251110-03:35.28-796370(us) 19324 ! txn_stock_level (tpcc.cc:3398):     ERROR warehouse_id:2, cid:79590, maxbytes:2
20251110-03:35.28-796475(us) 19324 ! txn_stock_level (tpcc.cc:3398):     ERROR warehouse_id:2, cid:79590, maxbytes:2
20251110-03:35.28-797708(us) 19324 ! txn_stock_level (tpcc.cc:3398):     ERROR warehouse_id:2, cid:79590, maxbytes:2
20251110-03:35.28-797866(us) 19324 ! txn_stock_level (tpcc.cc:3398):     ERROR warehouse_id:2, cid:79590, maxbytes:2
20251110-03:35.28-797919(us) 19324 ! txn_stock_level (tpcc.cc:3398):     ERROR warehouse_id:2, cid:79590, maxbytes:2
20251110-03:35.28-797983(us) 19324 ! txn_stock_level (tpcc.cc:3398):     ERROR warehouse_id:2, cid:79590, maxbytes:2
20251110-03:35.28-798065(us) 19324 ! txn_stock_level (tpcc.cc:3398):     ERROR warehouse_id:2, cid:79590, maxbytes:2
20251110-03:35.28-798176(us) 19324 ! txn_stock_level (tpcc.cc:3398):     ERROR warehouse_id:2, cid:79590, maxbytes:2
20251110-03:35.28-798417(us) 19324 ! txn_stock_level (tpcc.cc:3398):     ERROR warehouse_id:2, cid:79590, maxbytes:2
20251110-03:35.28-800445(us) 19324 ! txn_stock_level (tpcc.cc:3398):     ERROR warehouse_id:2, cid:79590, maxbytes:2
20251110-03:35.28-800568(us) 19324 ! txn_stock_level (tpcc.cc:3398):     ERROR warehouse_id:2, cid:79590, maxbytes:2
20251110-03:35.28-895133(us) 19324 ! txn_stock_level (tpcc.cc:3398):     ERROR warehouse_id:1, cid:24295, maxbytes:2
20251110-03:35.28-895683(us) 19324 ! txn_stock_level (tpcc.cc:3398):     ERROR warehouse_id:1, cid:24295, maxbytes:2
20251110-03:35.28-895721(us) 19324 ! txn_stock_level (tpcc.cc:3398):     ERROR warehouse_id:1, cid:24295, maxbytes:2
20251110-03:35.28-895767(us) 19324 ! txn_stock_level (tpcc.cc:3398):     ERROR warehouse_id:1, cid:24295, maxbytes:2
20251110-03:35.28-897046(us) 19324 ! txn_stock_level (tpcc.cc:3398):     ERROR warehouse_id:1, cid:24295, maxbytes:2
20251110-03:35.28-898084(us) 19324 ! txn_stock_level (tpcc.cc:3398):     ERROR warehouse_id:1, cid:24295, maxbytes:2
20251110-03:35.28-898106(us) 19324 ! txn_stock_level (tpcc.cc:3398):     ERROR warehouse_id:1, cid:24295, maxbytes:2
20251110-03:35.28-898167(us) 19324 ! txn_stock_level (tpcc.cc:3398):     ERROR warehouse_id:1, cid:24295, maxbytes:2
20251110-03:35.28-898266(us) 19324 ! txn_stock_level (tpcc.cc:3398):     ERROR warehouse_id:1, cid:24295, maxbytes:2
20251110-03:35.28-899364(us) 19324 ! txn_stock_level (tpcc.cc:3398):     ERROR warehouse_id:1, cid:24295, maxbytes:2
20251110-03:35.28-899503(us) 19324 ! txn_stock_level (tpcc.cc:3398):     ERROR warehouse_id:1, cid:24295, maxbytes:2
20251110-03:35.28-899522(us) 19324 ! txn_stock_level (tpcc.cc:3398):     ERROR warehouse_id:1, cid:24295, maxbytes:2
20251110-03:35.28-901395(us) 19324 ! txn_stock_level (tpcc.cc:3398):     ERROR warehouse_id:1, cid:24295, maxbytes:2
20251110-03:35.29-132284(us) 19324 ! txn_stock_level (tpcc.cc:3398):     ERROR warehouse_id:1, cid:6215, maxbytes:2
20251110-03:35.29-133009(us) 19324 ! run             (bench.cc:473):     runtime time left:27000 ms, bool:1
20251110-03:35.29-133632(us) 19324 ! txn_stock_level (tpcc.cc:3398):     ERROR warehouse_id:1, cid:6215, maxbytes:2
20251110-03:35.29-133696(us) 19324 ! txn_stock_level (tpcc.cc:3398):     ERROR warehouse_id:1, cid:6215, maxbytes:2
20251110-03:35.29-133727(us) 19324 ! txn_stock_level (tpcc.cc:3398):     ERROR warehouse_id:1, cid:6215, maxbytes:2
20251110-03:35.29-133807(us) 19324 ! txn_stock_level (tpcc.cc:3398):     ERROR warehouse_id:1, cid:6215, maxbytes:2
20251110-03:35.29-133853(us) 19324 ! txn_stock_level (tpcc.cc:3398):     ERROR warehouse_id:1, cid:6215, maxbytes:2
20251110-03:35.29-133918(us) 19324 ! txn_stock_level (tpcc.cc:3398):     ERROR warehouse_id:1, cid:6215, maxbytes:2
20251110-03:35.29-134799(us) 19324 ! txn_stock_level (tpcc.cc:3398):     ERROR warehouse_id:1, cid:6215, maxbytes:2
20251110-03:35.29-135720(us) 19324 ! txn_stock_level (tpcc.cc:3398):     ERROR warehouse_id:1, cid:6215, maxbytes:2
20251110-03:35.29-135758(us) 19324 ! txn_stock_level (tpcc.cc:3398):     ERROR warehouse_id:1, cid:6215, maxbytes:2
20251110-03:35.29-135820(us) 19324 ! txn_stock_level (tpcc.cc:3398):     ERROR warehouse_id:1, cid:6215, maxbytes:2
20251110-03:35.29-135958(us) 19324 ! txn_stock_level (tpcc.cc:3398):     ERROR warehouse_id:1, cid:6215, maxbytes:2
20251110-03:35.29-136021(us) 19324 ! txn_stock_level (tpcc.cc:3398):     ERROR warehouse_id:1, cid:6215, maxbytes:2
20251110-03:35.29-136886(us) 19324 ! txn_stock_level (tpcc.cc:3398):     ERROR warehouse_id:1, cid:6215, maxbytes:2
20251110-03:35.29-136919(us) 19324 ! txn_stock_level (tpcc.cc:3398):     ERROR warehouse_id:1, cid:6215, maxbytes:2
20251110-03:35.29-136935(us) 19324 ! txn_stock_level (tpcc.cc:3398):     ERROR warehouse_id:1, cid:6215, maxbytes:2
20251110-03:35.29-264110(us) 19324 ! txn_stock_level (tpcc.cc:3398):     ERROR warehouse_id:2, cid:77543, maxbytes:2
20251110-03:35.29-264214(us) 19324 ! txn_stock_level (tpcc.cc:3398):     ERROR warehouse_id:2, cid:77543, maxbytes:2
20251110-03:35.29-264384(us) 19324 ! txn_stock_level (tpcc.cc:3398):     ERROR warehouse_id:2, cid:77543, maxbytes:2
20251110-03:35.29-265444(us) 19324 ! txn_stock_level (tpcc.cc:3398):     ERROR warehouse_id:2, cid:77543, maxbytes:2
20251110-03:35.29-265616(us) 19324 ! txn_stock_level (tpcc.cc:3398):     ERROR warehouse_id:2, cid:77543, maxbytes:2
20251110-03:35.29-266807(us) 19324 ! txn_stock_level (tpcc.cc:3398):     ERROR warehouse_id:2, cid:77543, maxbytes:2
20251110-03:35.29-266830(us) 19324 ! txn_stock_level (tpcc.cc:3398):     ERROR warehouse_id:2, cid:77543, maxbytes:2
20251110-03:35.29-267042(us) 19324 ! txn_stock_level (tpcc.cc:3398):     ERROR warehouse_id:2, cid:77543, maxbytes:2
20251110-03:35.29-267927(us) 19324 ! txn_stock_level (tpcc.cc:3398):     ERROR warehouse_id:2, cid:77543, maxbytes:2
20251110-03:35.29-270941(us) 19324 ! txn_stock_level (tpcc.cc:3398):     ERROR warehouse_id:2, cid:77543, maxbytes:2
20251110-03:35.29-272158(us) 19324 ! txn_stock_level (tpcc.cc:3398):     ERROR warehouse_id:2, cid:77543, maxbytes:2
20251110-03:35.29-273024(us) 19324 ! txn_stock_level (tpcc.cc:3398):     ERROR warehouse_id:2, cid:77543, maxbytes:2
20251110-03:35.29-333956(us) 19324 ! txn_stock_level (tpcc.cc:3398):     ERROR warehouse_id:2, cid:56006, maxbytes:2
20251110-03:35.29-335912(us) 19324 ! txn_stock_level (tpcc.cc:3398):     ERROR warehouse_id:2, cid:56006, maxbytes:2
20251110-03:35.29-336067(us) 19324 ! txn_stock_level (tpcc.cc:3398):     ERROR warehouse_id:2, cid:56006, maxbytes:2
20251110-03:35.29-336100(us) 19324 ! txn_stock_level (tpcc.cc:3398):     ERROR warehouse_id:2, cid:56006, maxbytes:2
20251110-03:35.29-338343(us) 19324 ! txn_stock_level (tpcc.cc:3398):     ERROR warehouse_id:2, cid:56006, maxbytes:2
20251110-03:35.29-339337(us) 19324 ! txn_stock_level (tpcc.cc:3398):     ERROR warehouse_id:2, cid:56006, maxbytes:2
20251110-03:35.29-340541(us) 19324 ! txn_stock_level (tpcc.cc:3398):     ERROR warehouse_id:2, cid:56006, maxbytes:2
20251110-03:35.29-340707(us) 19324 ! txn_stock_level (tpcc.cc:3398):     ERROR warehouse_id:2, cid:56006, maxbytes:2
20251110-03:35.29-340843(us) 19324 ! txn_stock_level (tpcc.cc:3398):     ERROR warehouse_id:2, cid:56006, maxbytes:2
20251110-03:35.29-343140(us) 19324 ! txn_stock_level (tpcc.cc:3398):     ERROR warehouse_id:2, cid:56006, maxbytes:2
20251110-03:35.29-343346(us) 19324 ! txn_stock_level (tpcc.cc:3398):     ERROR warehouse_id:2, cid:56006, maxbytes:2
20251110-03:35.29-345549(us) 19324 ! txn_stock_level (tpcc.cc:3398):     ERROR warehouse_id:2, cid:56006, maxbytes:2
20251110-03:35.29-345644(us) 19324 ! txn_stock_level (tpcc.cc:3398):     ERROR warehouse_id:2, cid:56006, maxbytes:2
20251110-03:35.29-345672(us) 19324 ! txn_stock_level (tpcc.cc:3398):     ERROR warehouse_id:2, cid:56006, maxbytes:2
20251110-03:35.29-345864(us) 19324 ! txn_stock_level (tpcc.cc:3398):     ERROR warehouse_id:2, cid:56006, maxbytes:2
20251110-03:35.29-345915(us) 19324 ! txn_stock_level (tpcc.cc:3398):     ERROR warehouse_id:2, cid:56006, maxbytes:2
20251110-03:35.29-346008(us) 19324 ! txn_stock_level (tpcc.cc:3398):     ERROR warehouse_id:2, cid:56006, maxbytes:2
20251110-03:35.29-346097(us) 19324 ! txn_stock_level (tpcc.cc:3398):     ERROR warehouse_id:2, cid:56006, maxbytes:2
20251110-03:35.29-348448(us) 19324 ! txn_stock_level (tpcc.cc:3398):     ERROR warehouse_id:2, cid:81575, maxbytes:2
20251110-03:35.29-348538(us) 19324 ! txn_stock_level (tpcc.cc:3398):     ERROR warehouse_id:2, cid:81575, maxbytes:2
20251110-03:35.29-348792(us) 19324 ! txn_stock_level (tpcc.cc:3398):     ERROR warehouse_id:2, cid:81575, maxbytes:2
20251110-03:35.29-352005(us) 19324 ! txn_stock_level (tpcc.cc:3398):     ERROR warehouse_id:1, cid:73383, maxbytes:2
20251110-03:35.29-352201(us) 19324 ! txn_stock_level (tpcc.cc:3398):     ERROR warehouse_id:1, cid:73383, maxbytes:2
20251110-03:35.29-352311(us) 19324 ! txn_stock_level (tpcc.cc:3398):     ERROR warehouse_id:1, cid:73383, maxbytes:2
20251110-03:35.29-353393(us) 19324 ! txn_stock_level (tpcc.cc:3398):     ERROR warehouse_id:1, cid:73383, maxbytes:2
20251110-03:35.29-354492(us) 19324 ! txn_stock_level (tpcc.cc:3398):     ERROR warehouse_id:1, cid:73383, maxbytes:2
20251110-03:35.29-554442(us) 19324 ! txn_stock_level (tpcc.cc:3398):     ERROR warehouse_id:1, cid:73447, maxbytes:2
20251110-03:35.29-554483(us) 19324 ! txn_stock_level (tpcc.cc:3398):     ERROR warehouse_id:1, cid:73447, maxbytes:2
20251110-03:35.29-554492(us) 19324 ! txn_stock_level (tpcc.cc:3398):     ERROR warehouse_id:1, cid:73447, maxbytes:2
20251110-03:35.29-554798(us) 19324 ! txn_stock_level (tpcc.cc:3398):     ERROR warehouse_id:1, cid:73447, maxbytes:2
20251110-03:35.29-554861(us) 19324 ! txn_stock_level (tpcc.cc:3398):     ERROR warehouse_id:1, cid:73447, maxbytes:2
20251110-03:35.29-554979(us) 19324 ! txn_stock_level (tpcc.cc:3398):     ERROR warehouse_id:1, cid:73447, maxbytes:2
20251110-03:35.29-761867(us) 19324 ! txn_stock_level (tpcc.cc:3398):     ERROR warehouse_id:1, cid:6215, maxbytes:2
20251110-03:35.29-762058(us) 19324 ! txn_stock_level (tpcc.cc:3398):     ERROR warehouse_id:1, cid:6215, maxbytes:2
20251110-03:35.29-762153(us) 19324 ! txn_stock_level (tpcc.cc:3398):     ERROR warehouse_id:1, cid:6215, maxbytes:2
20251110-03:35.29-763256(us) 19324 ! txn_stock_level (tpcc.cc:3398):     ERROR warehouse_id:1, cid:6215, maxbytes:2
20251110-03:35.29-837437(us) 19324 ! txn_stock_level (tpcc.cc:3398):     ERROR warehouse_id:1, cid:32231, maxbytes:2
20251110-03:35.30-138653(us) 19324 ! run             (bench.cc:473):     runtime time left:26000 ms, bool:1
20251110-03:35.30-278174(us) 19324 ! txn_stock_level (tpcc.cc:3398):     ERROR warehouse_id:2, cid:48869, maxbytes:2
20251110-03:35.30-279197(us) 19324 ! txn_stock_level (tpcc.cc:3398):     ERROR warehouse_id:2, cid:48869, maxbytes:2
20251110-03:35.30-279493(us) 19324 ! txn_stock_level (tpcc.cc:3398):     ERROR warehouse_id:2, cid:48869, maxbytes:2
20251110-03:35.30-279529(us) 19324 ! txn_stock_level (tpcc.cc:3398):     ERROR warehouse_id:2, cid:48869, maxbytes:2
20251110-03:35.30-281678(us) 19324 ! txn_stock_level (tpcc.cc:3398):     ERROR warehouse_id:2, cid:48869, maxbytes:2
20251110-03:35.30-282077(us) 19324 ! txn_stock_level (tpcc.cc:3398):     ERROR warehouse_id:2, cid:48869, maxbytes:2
20251110-03:35.30-282095(us) 19324 ! txn_stock_level (tpcc.cc:3398):     ERROR warehouse_id:2, cid:48869, maxbytes:2
20251110-03:35.30-284063(us) 19324 ! txn_stock_level (tpcc.cc:3398):     ERROR warehouse_id:2, cid:48869, maxbytes:2
20251110-03:35.30-284868(us) 19324 ! txn_stock_level (tpcc.cc:3398):     ERROR warehouse_id:2, cid:48869, maxbytes:2
20251110-03:35.30-285893(us) 19324 ! txn_stock_level (tpcc.cc:3398):     ERROR warehouse_id:2, cid:48869, maxbytes:2
20251110-03:35.30-286811(us) 19324 ! txn_stock_level (tpcc.cc:3398):     ERROR warehouse_id:2, cid:48869, maxbytes:2
20251110-03:35.30-286923(us) 19324 ! txn_stock_level (tpcc.cc:3398):     ERROR warehouse_id:2, cid:48869, maxbytes:2
20251110-03:35.30-287970(us) 19324 ! txn_stock_level (tpcc.cc:3398):     ERROR warehouse_id:2, cid:48869, maxbytes:2
20251110-03:35.30-288016(us) 19324 ! txn_stock_level (tpcc.cc:3398):     ERROR warehouse_id:2, cid:48869, maxbytes:2
20251110-03:35.30-288051(us) 19324 ! txn_stock_level (tpcc.cc:3398):     ERROR warehouse_id:2, cid:48869, maxbytes:2
20251110-03:35.30-288062(us) 19324 ! txn_stock_level (tpcc.cc:3398):     ERROR warehouse_id:2, cid:48869, maxbytes:2
20251110-03:35.30-288093(us) 19324 ! txn_stock_level (tpcc.cc:3398):     ERROR warehouse_id:2, cid:48869, maxbytes:2
20251110-03:35.30-289253(us) 19324 ! txn_stock_level (tpcc.cc:3398):     ERROR warehouse_id:2, cid:48869, maxbytes:2
20251110-03:35.30-289276(us) 19324 ! txn_stock_level (tpcc.cc:3398):     ERROR warehouse_id:2, cid:48869, maxbytes:2
20251110-03:35.30-291347(us) 19324 ! txn_stock_level (tpcc.cc:3398):     ERROR warehouse_id:2, cid:48869, maxbytes:2
20251110-03:35.30-292463(us) 19324 ! txn_stock_level (tpcc.cc:3398):     ERROR warehouse_id:2, cid:48869, maxbytes:2
20251110-03:35.30-292481(us) 19324 ! txn_stock_level (tpcc.cc:3398):     ERROR warehouse_id:2, cid:48869, maxbytes:2
20251110-03:35.30-292624(us) 19324 ! txn_stock_level (tpcc.cc:3398):     ERROR warehouse_id:2, cid:48869, maxbytes:2
20251110-03:35.30-293662(us) 19324 ! txn_stock_level (tpcc.cc:3398):     ERROR warehouse_id:2, cid:48869, maxbytes:2
20251110-03:35.30-293790(us) 19324 ! txn_stock_level (tpcc.cc:3398):     ERROR warehouse_id:2, cid:48869, maxbytes:2
20251110-03:35.30-293926(us) 19324 ! txn_stock_level (tpcc.cc:3398):     ERROR warehouse_id:2, cid:48869, maxbytes:2
20251110-03:35.30-294275(us) 19324 ! txn_stock_level (tpcc.cc:3398):     ERROR warehouse_id:2, cid:48869, maxbytes:2
20251110-03:35.30-304767(us) 19324 ! txn_stock_level (tpcc.cc:3398):     ERROR warehouse_id:2, cid:87783, maxbytes:2
20251110-03:35.30-305808(us) 19324 ! txn_stock_level (tpcc.cc:3398):     ERROR warehouse_id:2, cid:87783, maxbytes:2
20251110-03:35.30-305880(us) 19324 ! txn_stock_level (tpcc.cc:3398):     ERROR warehouse_id:2, cid:87783, maxbytes:2
20251110-03:35.30-305948(us) 19324 ! txn_stock_level (tpcc.cc:3398):     ERROR warehouse_id:2, cid:87783, maxbytes:2
20251110-03:35.30-306086(us) 19324 ! txn_stock_level (tpcc.cc:3398):     ERROR warehouse_id:2, cid:87783, maxbytes:2
20251110-03:35.30-306449(us) 19324 ! txn_stock_level (tpcc.cc:3398):     ERROR warehouse_id:2, cid:87783, maxbytes:2
20251110-03:35.30-306474(us) 19324 ! txn_stock_level (tpcc.cc:3398):     ERROR warehouse_id:2, cid:87783, maxbytes:2
20251110-03:35.30-306545(us) 19324 ! txn_stock_level (tpcc.cc:3398):     ERROR warehouse_id:2, cid:87783, maxbytes:2
20251110-03:35.30-306617(us) 19324 ! txn_stock_level (tpcc.cc:3398):     ERROR warehouse_id:2, cid:87783, maxbytes:2
20251110-03:35.30-306667(us) 19324 ! txn_stock_level (tpcc.cc:3398):     ERROR warehouse_id:2, cid:87783, maxbytes:2
20251110-03:35.30-306677(us) 19324 ! txn_stock_level (tpcc.cc:3398):     ERROR warehouse_id:2, cid:87783, maxbytes:2
20251110-03:35.30-306868(us) 19324 ! txn_stock_level (tpcc.cc:3398):     ERROR warehouse_id:2, cid:87783, maxbytes:2
20251110-03:35.30-306892(us) 19324 ! txn_stock_level (tpcc.cc:3398):     ERROR warehouse_id:2, cid:87783, maxbytes:2
20251110-03:35.30-306922(us) 19324 ! txn_stock_level (tpcc.cc:3398):     ERROR warehouse_id:2, cid:87783, maxbytes:2
20251110-03:35.30-306933(us) 19324 ! txn_stock_level (tpcc.cc:3398):     ERROR warehouse_id:2, cid:87783, maxbytes:2
20251110-03:35.30-306954(us) 19324 ! txn_stock_level (tpcc.cc:3398):     ERROR warehouse_id:2, cid:87783, maxbytes:2
20251110-03:35.30-307039(us) 19324 ! txn_stock_level (tpcc.cc:3398):     ERROR warehouse_id:2, cid:87783, maxbytes:2
20251110-03:35.30-307051(us) 19324 ! txn_stock_level (tpcc.cc:3398):     ERROR warehouse_id:2, cid:87783, maxbytes:2
20251110-03:35.30-307120(us) 19324 ! txn_stock_level (tpcc.cc:3398):     ERROR warehouse_id:2, cid:87783, maxbytes:2
20251110-03:35.30-307235(us) 19324 ! txn_stock_level (tpcc.cc:3398):     ERROR warehouse_id:2, cid:87783, maxbytes:2
20251110-03:35.30-431157(us) 19324 ! txn_stock_level (tpcc.cc:3398):     ERROR warehouse_id:1, cid:64230, maxbytes:2
20251110-03:35.30-431208(us) 19324 ! txn_stock_level (tpcc.cc:3398):     ERROR warehouse_id:1, cid:64230, maxbytes:2
20251110-03:35.30-432799(us) 19324 ! txn_stock_level (tpcc.cc:3398):     ERROR warehouse_id:1, cid:64230, maxbytes:2
20251110-03:35.30-433880(us) 19324 ! txn_stock_level (tpcc.cc:3398):     ERROR warehouse_id:1, cid:64230, maxbytes:2
20251110-03:35.30-433906(us) 19324 ! txn_stock_level (tpcc.cc:3398):     ERROR warehouse_id:1, cid:64230, maxbytes:2
20251110-03:35.30-434207(us) 19324 ! txn_stock_level (tpcc.cc:3398):     ERROR warehouse_id:1, cid:64230, maxbytes:2
20251110-03:35.30-434310(us) 19324 ! txn_stock_level (tpcc.cc:3398):     ERROR warehouse_id:1, cid:64230, maxbytes:2
20251110-03:35.30-434457(us) 19324 ! txn_stock_level (tpcc.cc:3398):     ERROR warehouse_id:1, cid:64230, maxbytes:2
20251110-03:35.30-434612(us) 19324 ! txn_stock_level (tpcc.cc:3398):     ERROR warehouse_id:1, cid:64230, maxbytes:2
20251110-03:35.30-434630(us) 19324 ! txn_stock_level (tpcc.cc:3398):     ERROR warehouse_id:1, cid:64230, maxbytes:2
20251110-03:35.30-436016(us) 19324 ! txn_stock_level (tpcc.cc:3398):     ERROR warehouse_id:1, cid:64230, maxbytes:2
20251110-03:35.30-447151(us) 19324 ! txn_stock_level (tpcc.cc:3398):     ERROR warehouse_id:2, cid:47847, maxbytes:2
20251110-03:35.30-516563(us) 19324 ! txn_stock_level (tpcc.cc:3398):     ERROR warehouse_id:1, cid:32487, maxbytes:2
20251110-03:35.30-516674(us) 19324 ! txn_stock_level (tpcc.cc:3398):     ERROR warehouse_id:1, cid:32487, maxbytes:2
20251110-03:35.30-516721(us) 19324 ! txn_stock_level (tpcc.cc:3398):     ERROR warehouse_id:1, cid:32487, maxbytes:2
20251110-03:35.30-516736(us) 19324 ! txn_stock_level (tpcc.cc:3398):     ERROR warehouse_id:1, cid:32487, maxbytes:2
20251110-03:35.30-516878(us) 19324 ! txn_stock_level (tpcc.cc:3398):     ERROR warehouse_id:1, cid:32487, maxbytes:2
20251110-03:35.30-517930(us) 19324 ! txn_stock_level (tpcc.cc:3398):     ERROR warehouse_id:1, cid:32487, maxbytes:2
20251110-03:35.30-548240(us) 19324 ! txn_stock_level (tpcc.cc:3398):     ERROR warehouse_id:1, cid:96998, maxbytes:2
20251110-03:35.30-551550(us) 19324 ! txn_stock_level (tpcc.cc:3398):     ERROR warehouse_id:1, cid:96998, maxbytes:2
20251110-03:35.30-551651(us) 19324 ! txn_stock_level (tpcc.cc:3398):     ERROR warehouse_id:1, cid:96998, maxbytes:2
20251110-03:35.30-642200(us) 19324 ! txn_stock_level (tpcc.cc:3398):     ERROR warehouse_id:1, cid:97494, maxbytes:2
20251110-03:35.30-642389(us) 19324 ! txn_stock_level (tpcc.cc:3398):     ERROR warehouse_id:1, cid:97494, maxbytes:2
20251110-03:35.30-642475(us) 19324 ! txn_stock_level (tpcc.cc:3398):     ERROR warehouse_id:1, cid:97494, maxbytes:2
20251110-03:35.30-642504(us) 19324 ! txn_stock_level (tpcc.cc:3398):     ERROR warehouse_id:1, cid:97494, maxbytes:2
20251110-03:35.30-644871(us) 19324 ! txn_stock_level (tpcc.cc:3398):     ERROR warehouse_id:1, cid:97494, maxbytes:2
20251110-03:35.30-644897(us) 19324 ! txn_stock_level (tpcc.cc:3398):     ERROR warehouse_id:1, cid:97494, maxbytes:2
20251110-03:35.30-831324(us) 19324 ! txn_stock_level (tpcc.cc:3398):     ERROR warehouse_id:1, cid:73446, maxbytes:2
20251110-03:35.30-831374(us) 19324 ! txn_stock_level (tpcc.cc:3398):     ERROR warehouse_id:1, cid:73446, maxbytes:2
20251110-03:35.30-831404(us) 19324 ! txn_stock_level (tpcc.cc:3398):     ERROR warehouse_id:1, cid:73446, maxbytes:2
20251110-03:35.30-831504(us) 19324 ! txn_stock_level (tpcc.cc:3398):     ERROR warehouse_id:1, cid:73446, maxbytes:2
20251110-03:35.30-831550(us) 19324 ! txn_stock_level (tpcc.cc:3398):     ERROR warehouse_id:1, cid:73446, maxbytes:2
20251110-03:35.30-831562(us) 19324 ! txn_stock_level (tpcc.cc:3398):     ERROR warehouse_id:1, cid:73446, maxbytes:2
20251110-03:35.30-831596(us) 19324 ! txn_stock_level (tpcc.cc:3398):     ERROR warehouse_id:1, cid:73446, maxbytes:2
20251110-03:35.30-831687(us) 19324 ! txn_stock_level (tpcc.cc:3398):     ERROR warehouse_id:1, cid:73446, maxbytes:2
20251110-03:35.30-845519(us) 19324 ! txn_stock_level (tpcc.cc:3398):     ERROR warehouse_id:1, cid:48871, maxbytes:2
20251110-03:35.30-845649(us) 19324 ! txn_stock_level (tpcc.cc:3398):     ERROR warehouse_id:1, cid:48871, maxbytes:2
20251110-03:35.30-845702(us) 19324 ! txn_stock_level (tpcc.cc:3398):     ERROR warehouse_id:1, cid:48871, maxbytes:2
20251110-03:35.30-845725(us) 19324 ! txn_stock_level (tpcc.cc:3398):     ERROR warehouse_id:1, cid:48871, maxbytes:2
20251110-03:35.30-846669(us) 19324 ! txn_stock_level (tpcc.cc:3398):     ERROR warehouse_id:1, cid:48871, maxbytes:2
20251110-03:35.30-846700(us) 19324 ! txn_stock_level (tpcc.cc:3398):     ERROR warehouse_id:1, cid:48871, maxbytes:2
20251110-03:35.30-846799(us) 19324 ! txn_stock_level (tpcc.cc:3398):     ERROR warehouse_id:1, cid:48871, maxbytes:2
20251110-03:35.30-846861(us) 19324 ! txn_stock_level (tpcc.cc:3398):     ERROR warehouse_id:1, cid:48871, maxbytes:2
20251110-03:35.30-846995(us) 19324 ! txn_stock_level (tpcc.cc:3398):     ERROR warehouse_id:1, cid:48871, maxbytes:2
20251110-03:35.30-847269(us) 19324 ! txn_stock_level (tpcc.cc:3398):     ERROR warehouse_id:1, cid:48871, maxbytes:2
20251110-03:35.30-847468(us) 19324 ! txn_stock_level (tpcc.cc:3398):     ERROR warehouse_id:1, cid:48871, maxbytes:2
20251110-03:35.30-848797(us) 19324 ! txn_stock_level (tpcc.cc:3398):     ERROR warehouse_id:1, cid:48871, maxbytes:2
20251110-03:35.30-848864(us) 19324 ! txn_stock_level (tpcc.cc:3398):     ERROR warehouse_id:1, cid:48871, maxbytes:2
20251110-03:35.30-848970(us) 19324 ! txn_stock_level (tpcc.cc:3398):     ERROR warehouse_id:1, cid:48871, maxbytes:2
20251110-03:35.30-850171(us) 19324 ! txn_stock_level (tpcc.cc:3398):     ERROR warehouse_id:1, cid:48871, maxbytes:2
20251110-03:35.30-850193(us) 19324 ! txn_stock_level (tpcc.cc:3398):     ERROR warehouse_id:1, cid:48871, maxbytes:2
20251110-03:35.30-851070(us) 19324 ! txn_stock_level (tpcc.cc:3398):     ERROR warehouse_id:1, cid:48871, maxbytes:2
20251110-03:35.30-851183(us) 19324 ! txn_stock_level (tpcc.cc:3398):     ERROR warehouse_id:1, cid:48871, maxbytes:2
20251110-03:35.30-851209(us) 19324 ! txn_stock_level (tpcc.cc:3398):     ERROR warehouse_id:1, cid:48871, maxbytes:2
20251110-03:35.30-851349(us) 19324 ! txn_stock_level (tpcc.cc:3398):     ERROR warehouse_id:1, cid:48871, maxbytes:2
20251110-03:35.30-851634(us) 19324 ! txn_stock_level (tpcc.cc:3398):     ERROR warehouse_id:1, cid:48871, maxbytes:2
20251110-03:35.30-852622(us) 19324 ! txn_stock_level (tpcc.cc:3398):     ERROR warehouse_id:1, cid:48871, maxbytes:2
20251110-03:35.30-852671(us) 19324 ! txn_stock_level (tpcc.cc:3398):     ERROR warehouse_id:1, cid:48871, maxbytes:2
20251110-03:35.30-853529(us) 19324 ! txn_stock_level (tpcc.cc:3398):     ERROR warehouse_id:1, cid:48871, maxbytes:2
20251110-03:35.31-81463(us) 19324 ! txn_stock_level (tpcc.cc:3398):     ERROR warehouse_id:2, cid:14055, maxbytes:2
20251110-03:35.31-81870(us) 19324 ! txn_stock_level (tpcc.cc:3398):     ERROR warehouse_id:2, cid:14055, maxbytes:2
20251110-03:35.31-82031(us) 19324 ! txn_stock_level (tpcc.cc:3398):     ERROR warehouse_id:2, cid:14055, maxbytes:2
20251110-03:35.31-83714(us) 19324 ! txn_stock_level (tpcc.cc:3398):     ERROR warehouse_id:2, cid:14055, maxbytes:2
20251110-03:35.31-84794(us) 19324 ! txn_stock_level (tpcc.cc:3398):     ERROR warehouse_id:2, cid:14055, maxbytes:2
20251110-03:35.31-89942(us) 19324 ! txn_stock_level (tpcc.cc:3398):     ERROR warehouse_id:2, cid:14055, maxbytes:2
20251110-03:35.31-90174(us) 19324 ! txn_stock_level (tpcc.cc:3398):     ERROR warehouse_id:2, cid:14055, maxbytes:2
20251110-03:35.31-90241(us) 19324 ! txn_stock_level (tpcc.cc:3398):     ERROR warehouse_id:2, cid:14055, maxbytes:2
20251110-03:35.31-90252(us) 19324 ! txn_stock_level (tpcc.cc:3398):     ERROR warehouse_id:2, cid:14055, maxbytes:2
20251110-03:35.31-90293(us) 19324 ! txn_stock_level (tpcc.cc:3398):     ERROR warehouse_id:2, cid:14055, maxbytes:2
20251110-03:35.31-91403(us) 19324 ! txn_stock_level (tpcc.cc:3398):     ERROR warehouse_id:2, cid:14055, maxbytes:2
20251110-03:35.31-93204(us) 19324 ! txn_stock_level (tpcc.cc:3398):     ERROR warehouse_id:2, cid:14055, maxbytes:2
20251110-03:35.31-93314(us) 19324 ! txn_stock_level (tpcc.cc:3398):     ERROR warehouse_id:2, cid:14055, maxbytes:2
20251110-03:35.31-95204(us) 19324 ! txn_stock_level (tpcc.cc:3398):     ERROR warehouse_id:2, cid:14055, maxbytes:2
20251110-03:35.31-95362(us) 19324 ! txn_stock_level (tpcc.cc:3398):     ERROR warehouse_id:2, cid:14055, maxbytes:2
20251110-03:35.31-95380(us) 19324 ! txn_stock_level (tpcc.cc:3398):     ERROR warehouse_id:2, cid:14055, maxbytes:2
20251110-03:35.31-95478(us) 19324 ! txn_stock_level (tpcc.cc:3398):     ERROR warehouse_id:2, cid:14055, maxbytes:2
20251110-03:35.31-95488(us) 19324 ! txn_stock_level (tpcc.cc:3398):     ERROR warehouse_id:2, cid:14055, maxbytes:2
20251110-03:35.31-95661(us) 19324 ! txn_stock_level (tpcc.cc:3398):     ERROR warehouse_id:2, cid:14055, maxbytes:2
20251110-03:35.31-97736(us) 19324 ! txn_stock_level (tpcc.cc:3398):     ERROR warehouse_id:2, cid:14055, maxbytes:2
20251110-03:35.31-116336(us) 19324 ! txn_stock_level (tpcc.cc:3398):     ERROR warehouse_id:2, cid:48743, maxbytes:2
20251110-03:35.31-119335(us) 19324 ! txn_stock_level (tpcc.cc:3398):     ERROR warehouse_id:2, cid:48743, maxbytes:2
20251110-03:35.31-119439(us) 19324 ! txn_stock_level (tpcc.cc:3398):     ERROR warehouse_id:2, cid:48743, maxbytes:2
20251110-03:35.31-119614(us) 19324 ! txn_stock_level (tpcc.cc:3398):     ERROR warehouse_id:2, cid:48743, maxbytes:2
20251110-03:35.31-121403(us) 19324 ! txn_stock_level (tpcc.cc:3398):     ERROR warehouse_id:2, cid:48743, maxbytes:2
20251110-03:35.31-121640(us) 19324 ! txn_stock_level (tpcc.cc:3398):     ERROR warehouse_id:2, cid:48743, maxbytes:2
20251110-03:35.31-121804(us) 19324 ! txn_stock_level (tpcc.cc:3398):     ERROR warehouse_id:2, cid:48743, maxbytes:2
20251110-03:35.31-125725(us) 19324 ! txn_stock_level (tpcc.cc:3398):     ERROR warehouse_id:2, cid:48743, maxbytes:2
20251110-03:35.31-125824(us) 19324 ! txn_stock_level (tpcc.cc:3398):     ERROR warehouse_id:2, cid:48743, maxbytes:2
20251110-03:35.31-125876(us) 19324 ! txn_stock_level (tpcc.cc:3398):     ERROR warehouse_id:2, cid:48743, maxbytes:2
20251110-03:35.31-125971(us) 19324 ! txn_stock_level (tpcc.cc:3398):     ERROR warehouse_id:2, cid:48743, maxbytes:2
20251110-03:35.31-126041(us) 19324 ! txn_stock_level (tpcc.cc:3398):     ERROR warehouse_id:2, cid:48743, maxbytes:2
20251110-03:35.31-126128(us) 19324 ! txn_stock_level (tpcc.cc:3398):     ERROR warehouse_id:2, cid:48743, maxbytes:2
20251110-03:35.31-126167(us) 19324 ! txn_stock_level (tpcc.cc:3398):     ERROR warehouse_id:2, cid:48743, maxbytes:2
20251110-03:35.31-127152(us) 19324 ! txn_stock_level (tpcc.cc:3398):     ERROR warehouse_id:2, cid:48743, maxbytes:2
20251110-03:35.31-127349(us) 19324 ! txn_stock_level (tpcc.cc:3398):     ERROR warehouse_id:2, cid:48743, maxbytes:2
20251110-03:35.31-127679(us) 19324 ! txn_stock_level (tpcc.cc:3398):     ERROR warehouse_id:2, cid:48743, maxbytes:2
20251110-03:35.31-127832(us) 19324 ! txn_stock_level (tpcc.cc:3398):     ERROR warehouse_id:2, cid:48743, maxbytes:2
20251110-03:35.31-127969(us) 19324 ! txn_stock_level (tpcc.cc:3398):     ERROR warehouse_id:2, cid:48743, maxbytes:2
20251110-03:35.31-128941(us) 19324 ! txn_stock_level (tpcc.cc:3398):     ERROR warehouse_id:2, cid:48743, maxbytes:2
20251110-03:35.31-130233(us) 19324 ! txn_stock_level (tpcc.cc:3398):     ERROR warehouse_id:2, cid:48743, maxbytes:2
20251110-03:35.31-130401(us) 19324 ! txn_stock_level (tpcc.cc:3398):     ERROR warehouse_id:2, cid:48743, maxbytes:2
20251110-03:35.31-130427(us) 19324 ! txn_stock_level (tpcc.cc:3398):     ERROR warehouse_id:2, cid:48743, maxbytes:2
20251110-03:35.31-131385(us) 19324 ! txn_stock_level (tpcc.cc:3398):     ERROR warehouse_id:2, cid:48743, maxbytes:2
20251110-03:35.31-131419(us) 19324 ! txn_stock_level (tpcc.cc:3398):     ERROR warehouse_id:2, cid:48743, maxbytes:2
20251110-03:35.31-132469(us) 19324 ! txn_stock_level (tpcc.cc:3398):     ERROR warehouse_id:2, cid:48743, maxbytes:2
20251110-03:35.31-132606(us) 19324 ! txn_stock_level (tpcc.cc:3398):     ERROR warehouse_id:2, cid:48743, maxbytes:2
20251110-03:35.31-133869(us) 19324 ! txn_stock_level (tpcc.cc:3398):     ERROR warehouse_id:2, cid:48743, maxbytes:2
20251110-03:35.31-134295(us) 19324 ! txn_stock_level (tpcc.cc:3398):     ERROR warehouse_id:2, cid:48743, maxbytes:2
20251110-03:35.31-135472(us) 19324 ! txn_stock_level (tpcc.cc:3398):     ERROR warehouse_id:2, cid:48743, maxbytes:2
20251110-03:35.31-136408(us) 19324 ! txn_stock_level (tpcc.cc:3398):     ERROR warehouse_id:2, cid:48743, maxbytes:2
20251110-03:35.31-136519(us) 19324 ! txn_stock_level (tpcc.cc:3398):     ERROR warehouse_id:2, cid:48743, maxbytes:2
20251110-03:35.31-137613(us) 19324 ! txn_stock_level (tpcc.cc:3398):     ERROR warehouse_id:2, cid:48743, maxbytes:2
20251110-03:35.31-139545(us) 19324 ! txn_stock_level (tpcc.cc:3398):     ERROR warehouse_id:2, cid:48743, maxbytes:2
20251110-03:35.31-139628(us) 19324 ! txn_stock_level (tpcc.cc:3398):     ERROR warehouse_id:2, cid:48870, maxbytes:2
20251110-03:35.31-139858(us) 19324 ! txn_stock_level (tpcc.cc:3398):     ERROR warehouse_id:2, cid:48743, maxbytes:2
20251110-03:35.31-139904(us) 19324 ! txn_stock_level (tpcc.cc:3398):     ERROR warehouse_id:2, cid:48870, maxbytes:2
20251110-03:35.31-139978(us) 19324 ! txn_stock_level (tpcc.cc:3398):     ERROR warehouse_id:2, cid:48743, maxbytes:2
20251110-03:35.31-139993(us) 19324 ! txn_stock_level (tpcc.cc:3398):     ERROR warehouse_id:2, cid:48743, maxbytes:2
20251110-03:35.31-140007(us) 19324 ! txn_stock_level (tpcc.cc:3398):     ERROR warehouse_id:2, cid:48743, maxbytes:2
20251110-03:35.31-140075(us) 19324 ! txn_stock_level (tpcc.cc:3398):     ERROR warehouse_id:2, cid:48743, maxbytes:2
20251110-03:35.31-140101(us) 19324 ! txn_stock_level (tpcc.cc:3398):     ERROR warehouse_id:2, cid:48743, maxbytes:2
20251110-03:35.31-140112(us) 19324 ! txn_stock_level (tpcc.cc:3398):     ERROR warehouse_id:2, cid:48743, maxbytes:2
20251110-03:35.31-140284(us) 19324 ! txn_stock_level (tpcc.cc:3398):     ERROR warehouse_id:2, cid:48743, maxbytes:2
20251110-03:35.31-142746(us) 19324 ! txn_stock_level (tpcc.cc:3398):     ERROR warehouse_id:2, cid:48743, maxbytes:2
20251110-03:35.31-142773(us) 19324 ! txn_stock_level (tpcc.cc:3398):     ERROR warehouse_id:2, cid:48743, maxbytes:2
20251110-03:35.31-142858(us) 19324 ! txn_stock_level (tpcc.cc:3398):     ERROR warehouse_id:2, cid:48743, maxbytes:2
20251110-03:35.31-142880(us) 19324 ! txn_stock_level (tpcc.cc:3398):     ERROR warehouse_id:2, cid:48743, maxbytes:2
20251110-03:35.31-142951(us) 19324 ! txn_stock_level (tpcc.cc:3398):     ERROR warehouse_id:2, cid:48743, maxbytes:2
20251110-03:35.31-143019(us) 19324 ! txn_stock_level (tpcc.cc:3398):     ERROR warehouse_id:2, cid:48743, maxbytes:2
20251110-03:35.31-144243(us) 19324 ! run             (bench.cc:473):     runtime time left:25000 ms, bool:1
20251110-03:35.31-146773(us) 19324 ! txn_stock_level (tpcc.cc:3398):     ERROR warehouse_id:2, cid:48743, maxbytes:2
20251110-03:35.31-149839(us) 19324 ! txn_stock_level (tpcc.cc:3398):     ERROR warehouse_id:2, cid:48743, maxbytes:2
20251110-03:35.31-152236(us) 19324 ! txn_stock_level (tpcc.cc:3398):     ERROR warehouse_id:2, cid:48743, maxbytes:2
20251110-03:35.31-153142(us) 19324 ! txn_stock_level (tpcc.cc:3398):     ERROR warehouse_id:2, cid:48743, maxbytes:2
20251110-03:35.31-154070(us) 19324 ! txn_stock_level (tpcc.cc:3398):     ERROR warehouse_id:2, cid:48743, maxbytes:2
20251110-03:35.31-155573(us) 19324 ! txn_stock_level (tpcc.cc:3398):     ERROR warehouse_id:2, cid:48743, maxbytes:2
20251110-03:35.31-155669(us) 19324 ! txn_stock_level (tpcc.cc:3398):     ERROR warehouse_id:2, cid:48743, maxbytes:2
20251110-03:35.31-156919(us) 19324 ! txn_stock_level (tpcc.cc:3398):     ERROR warehouse_id:2, cid:48743, maxbytes:2
20251110-03:35.31-157031(us) 19324 ! txn_stock_level (tpcc.cc:3398):     ERROR warehouse_id:2, cid:48743, maxbytes:2
20251110-03:35.31-157051(us) 19324 ! txn_stock_level (tpcc.cc:3398):     ERROR warehouse_id:2, cid:48743, maxbytes:2
20251110-03:35.31-157086(us) 19324 ! txn_stock_level (tpcc.cc:3398):     ERROR warehouse_id:2, cid:48743, maxbytes:2
20251110-03:35.31-157203(us) 19324 ! txn_stock_level (tpcc.cc:3398):     ERROR warehouse_id:2, cid:48743, maxbytes:2
20251110-03:35.31-157265(us) 19324 ! txn_stock_level (tpcc.cc:3398):     ERROR warehouse_id:2, cid:48743, maxbytes:2
20251110-03:35.31-157276(us) 19324 ! txn_stock_level (tpcc.cc:3398):     ERROR warehouse_id:2, cid:48743, maxbytes:2
20251110-03:35.31-157362(us) 19324 ! txn_stock_level (tpcc.cc:3398):     ERROR warehouse_id:2, cid:48743, maxbytes:2
20251110-03:35.31-158541(us) 19324 ! txn_stock_level (tpcc.cc:3398):     ERROR warehouse_id:2, cid:48743, maxbytes:2
20251110-03:35.31-158613(us) 19324 ! txn_stock_level (tpcc.cc:3398):     ERROR warehouse_id:2, cid:48743, maxbytes:2
20251110-03:35.31-158771(us) 19324 ! txn_stock_level (tpcc.cc:3398):     ERROR warehouse_id:2, cid:48743, maxbytes:2
20251110-03:35.31-158840(us) 19324 ! txn_stock_level (tpcc.cc:3398):     ERROR warehouse_id:2, cid:48743, maxbytes:2
20251110-03:35.31-158919(us) 19324 ! txn_stock_level (tpcc.cc:3398):     ERROR warehouse_id:2, cid:48743, maxbytes:2
20251110-03:35.31-159010(us) 19324 ! txn_stock_level (tpcc.cc:3398):     ERROR warehouse_id:2, cid:48743, maxbytes:2
20251110-03:35.31-217489(us) 19324 ! txn_stock_level (tpcc.cc:3398):     ERROR warehouse_id:2, cid:15967, maxbytes:2
20251110-03:35.31-218511(us) 19324 ! txn_stock_level (tpcc.cc:3398):     ERROR warehouse_id:2, cid:15967, maxbytes:2
20251110-03:35.31-218543(us) 19324 ! txn_stock_level (tpcc.cc:3398):     ERROR warehouse_id:2, cid:15967, maxbytes:2
20251110-03:35.31-220873(us) 19324 ! txn_stock_level (tpcc.cc:3398):     ERROR warehouse_id:2, cid:15967, maxbytes:2
20251110-03:35.31-221019(us) 19324 ! txn_stock_level (tpcc.cc:3398):     ERROR warehouse_id:2, cid:15967, maxbytes:2
20251110-03:35.31-223112(us) 19324 ! txn_stock_level (tpcc.cc:3398):     ERROR warehouse_id:2, cid:15967, maxbytes:2
20251110-03:35.31-450543(us) 19324 ! txn_stock_level (tpcc.cc:3398):     ERROR warehouse_id:2, cid:56807, maxbytes:2
20251110-03:35.31-450567(us) 19324 ! txn_stock_level (tpcc.cc:3398):     ERROR warehouse_id:2, cid:56807, maxbytes:2
20251110-03:35.31-450739(us) 19324 ! txn_stock_level (tpcc.cc:3398):     ERROR warehouse_id:2, cid:56807, maxbytes:2
20251110-03:35.31-452848(us) 19324 ! txn_stock_level (tpcc.cc:3398):     ERROR warehouse_id:2, cid:56807, maxbytes:2
20251110-03:35.31-453005(us) 19324 ! txn_stock_level (tpcc.cc:3398):     ERROR warehouse_id:2, cid:56807, maxbytes:2
20251110-03:35.31-453031(us) 19324 ! txn_stock_level (tpcc.cc:3398):     ERROR warehouse_id:2, cid:56807, maxbytes:2
20251110-03:35.31-453043(us) 19324 ! txn_stock_level (tpcc.cc:3398):     ERROR warehouse_id:2, cid:56807, maxbytes:2
20251110-03:35.31-465243(us) 19324 ! txn_stock_level (tpcc.cc:3398):     ERROR warehouse_id:2, cid:6211, maxbytes:2
20251110-03:35.31-465393(us) 19324 ! txn_stock_level (tpcc.cc:3398):     ERROR warehouse_id:2, cid:6211, maxbytes:2
20251110-03:35.31-465537(us) 19324 ! txn_stock_level (tpcc.cc:3398):     ERROR warehouse_id:2, cid:6211, maxbytes:2
20251110-03:35.31-466459(us) 19324 ! txn_stock_level (tpcc.cc:3398):     ERROR warehouse_id:2, cid:6211, maxbytes:2
20251110-03:35.31-466498(us) 19324 ! txn_stock_level (tpcc.cc:3398):     ERROR warehouse_id:2, cid:6211, maxbytes:2
20251110-03:35.31-467462(us) 19324 ! txn_stock_level (tpcc.cc:3398):     ERROR warehouse_id:2, cid:6211, maxbytes:2
20251110-03:35.31-467523(us) 19324 ! txn_stock_level (tpcc.cc:3398):     ERROR warehouse_id:2, cid:6211, maxbytes:2
20251110-03:35.31-467694(us) 19324 ! txn_stock_level (tpcc.cc:3398):     ERROR warehouse_id:2, cid:6211, maxbytes:2
20251110-03:35.31-638818(us) 19324 ! txn_stock_level (tpcc.cc:3398):     ERROR warehouse_id:1, cid:73447, maxbytes:2
20251110-03:35.31-639068(us) 19324 ! txn_stock_level (tpcc.cc:3398):     ERROR warehouse_id:1, cid:73447, maxbytes:2
20251110-03:35.31-639940(us) 19324 ! txn_stock_level (tpcc.cc:3398):     ERROR warehouse_id:1, cid:73447, maxbytes:2
20251110-03:35.31-667612(us) 19324 ! txn_stock_level (tpcc.cc:3398):     ERROR warehouse_id:1, cid:65235, maxbytes:2
20251110-03:35.31-667733(us) 19324 ! txn_stock_level (tpcc.cc:3398):     ERROR warehouse_id:1, cid:65235, maxbytes:2
20251110-03:35.31-669735(us) 19324 ! txn_stock_level (tpcc.cc:3398):     ERROR warehouse_id:1, cid:65235, maxbytes:2
20251110-03:35.31-669790(us) 19324 ! txn_stock_level (tpcc.cc:3398):     ERROR warehouse_id:1, cid:65235, maxbytes:2
20251110-03:35.31-670694(us) 19324 ! txn_stock_level (tpcc.cc:3398):     ERROR warehouse_id:1, cid:65235, maxbytes:2
20251110-03:35.31-671970(us) 19324 ! txn_stock_level (tpcc.cc:3398):     ERROR warehouse_id:1, cid:65235, maxbytes:2
20251110-03:35.31-673124(us) 19324 ! txn_stock_level (tpcc.cc:3398):     ERROR warehouse_id:1, cid:65235, maxbytes:2
20251110-03:35.31-673156(us) 19324 ! txn_stock_level (tpcc.cc:3398):     ERROR warehouse_id:1, cid:65235, maxbytes:2
20251110-03:35.31-674202(us) 19324 ! txn_stock_level (tpcc.cc:3398):     ERROR warehouse_id:1, cid:65235, maxbytes:2
20251110-03:35.31-674283(us) 19324 ! txn_stock_level (tpcc.cc:3398):     ERROR warehouse_id:1, cid:65235, maxbytes:2
20251110-03:35.31-675089(us) 19324 ! txn_stock_level (tpcc.cc:3398):     ERROR warehouse_id:1, cid:65235, maxbytes:2
20251110-03:35.31-681906(us) 19324 ! txn_stock_level (tpcc.cc:3398):     ERROR warehouse_id:2, cid:40611, maxbytes:2
20251110-03:35.31-681941(us) 19324 ! txn_stock_level (tpcc.cc:3398):     ERROR warehouse_id:2, cid:40611, maxbytes:2
20251110-03:35.31-682970(us) 19324 ! txn_stock_level (tpcc.cc:3398):     ERROR warehouse_id:2, cid:40611, maxbytes:2
20251110-03:35.31-682990(us) 19324 ! txn_stock_level (tpcc.cc:3398):     ERROR warehouse_id:2, cid:40611, maxbytes:2
20251110-03:35.31-776247(us) 19324 ! txn_stock_level (tpcc.cc:3398):     ERROR warehouse_id:2, cid:16007, maxbytes:2
20251110-03:35.31-776362(us) 19324 ! txn_stock_level (tpcc.cc:3398):     ERROR warehouse_id:2, cid:16007, maxbytes:2
20251110-03:35.31-776616(us) 19324 ! txn_stock_level (tpcc.cc:3398):     ERROR warehouse_id:2, cid:16007, maxbytes:2
20251110-03:35.31-776655(us) 19324 ! txn_stock_level (tpcc.cc:3398):     ERROR warehouse_id:2, cid:16007, maxbytes:2
20251110-03:35.31-776741(us) 19324 ! txn_stock_level (tpcc.cc:3398):     ERROR warehouse_id:2, cid:16007, maxbytes:2
20251110-03:35.31-776921(us) 19324 ! txn_stock_level (tpcc.cc:3398):     ERROR warehouse_id:2, cid:16007, maxbytes:2
20251110-03:35.31-803506(us) 19324 ! txn_stock_level (tpcc.cc:3398):     ERROR warehouse_id:2, cid:47831, maxbytes:2
20251110-03:35.31-803771(us) 19324 ! txn_stock_level (tpcc.cc:3398):     ERROR warehouse_id:2, cid:47831, maxbytes:2
20251110-03:35.31-803818(us) 19324 ! txn_stock_level (tpcc.cc:3398):     ERROR warehouse_id:2, cid:47831, maxbytes:2
20251110-03:35.31-803900(us) 19324 ! txn_stock_level (tpcc.cc:3398):     ERROR warehouse_id:2, cid:47831, maxbytes:2
20251110-03:35.31-804799(us) 19324 ! txn_stock_level (tpcc.cc:3398):     ERROR warehouse_id:2, cid:47831, maxbytes:2
20251110-03:35.31-828881(us) 19324 ! txn_stock_level (tpcc.cc:3398):     ERROR warehouse_id:1, cid:24263, maxbytes:2
20251110-03:35.31-828920(us) 19324 ! txn_stock_level (tpcc.cc:3398):     ERROR warehouse_id:1, cid:24263, maxbytes:2
20251110-03:35.31-828949(us) 19324 ! txn_stock_level (tpcc.cc:3398):     ERROR warehouse_id:1, cid:24263, maxbytes:2
20251110-03:35.31-829054(us) 19324 ! txn_stock_level (tpcc.cc:3398):     ERROR warehouse_id:1, cid:24263, maxbytes:2
20251110-03:35.31-829175(us) 19324 ! txn_stock_level (tpcc.cc:3398):     ERROR warehouse_id:1, cid:24263, maxbytes:2
20251110-03:35.31-829273(us) 19324 ! txn_stock_level (tpcc.cc:3398):     ERROR warehouse_id:1, cid:24263, maxbytes:2
20251110-03:35.31-830563(us) 19324 ! txn_stock_level (tpcc.cc:3398):     ERROR warehouse_id:1, cid:24263, maxbytes:2
20251110-03:35.31-830630(us) 19324 ! txn_stock_level (tpcc.cc:3398):     ERROR warehouse_id:1, cid:24263, maxbytes:2
20251110-03:35.31-830857(us) 19324 ! txn_stock_level (tpcc.cc:3398):     ERROR warehouse_id:1, cid:24263, maxbytes:2
20251110-03:35.31-832830(us) 19324 ! txn_stock_level (tpcc.cc:3398):     ERROR warehouse_id:1, cid:24263, maxbytes:2
20251110-03:35.31-832913(us) 19324 ! txn_stock_level (tpcc.cc:3398):     ERROR warehouse_id:1, cid:24263, maxbytes:2
20251110-03:35.31-833034(us) 19324 ! txn_stock_level (tpcc.cc:3398):     ERROR warehouse_id:1, cid:24263, maxbytes:2
20251110-03:35.31-833228(us) 19324 ! txn_stock_level (tpcc.cc:3398):     ERROR warehouse_id:1, cid:24263, maxbytes:2
20251110-03:35.31-833286(us) 19324 ! txn_stock_level (tpcc.cc:3398):     ERROR warehouse_id:1, cid:24263, maxbytes:2
20251110-03:35.31-833318(us) 19324 ! txn_stock_level (tpcc.cc:3398):     ERROR warehouse_id:1, cid:24263, maxbytes:2
20251110-03:35.31-928829(us) 19324 ! txn_stock_level (tpcc.cc:3398):     ERROR warehouse_id:1, cid:79463, maxbytes:2
20251110-03:35.31-929741(us) 19324 ! txn_stock_level (tpcc.cc:3398):     ERROR warehouse_id:1, cid:79463, maxbytes:2
20251110-03:35.31-929770(us) 19324 ! txn_stock_level (tpcc.cc:3398):     ERROR warehouse_id:1, cid:79463, maxbytes:2
20251110-03:35.31-929860(us) 19324 ! txn_stock_level (tpcc.cc:3398):     ERROR warehouse_id:1, cid:79463, maxbytes:2
20251110-03:35.31-929869(us) 19324 ! txn_stock_level (tpcc.cc:3398):     ERROR warehouse_id:1, cid:79463, maxbytes:2
20251110-03:35.31-930020(us) 19324 ! txn_stock_level (tpcc.cc:3398):     ERROR warehouse_id:1, cid:79463, maxbytes:2
20251110-03:35.31-931141(us) 19324 ! txn_stock_level (tpcc.cc:3398):     ERROR warehouse_id:1, cid:79463, maxbytes:2
20251110-03:35.31-931356(us) 19324 ! txn_stock_level (tpcc.cc:3398):     ERROR warehouse_id:1, cid:79463, maxbytes:2
20251110-03:35.31-931378(us) 19324 ! txn_stock_level (tpcc.cc:3398):     ERROR warehouse_id:1, cid:79463, maxbytes:2
20251110-03:35.31-931502(us) 19324 ! txn_stock_level (tpcc.cc:3398):     ERROR warehouse_id:1, cid:79463, maxbytes:2
20251110-03:35.31-931545(us) 19324 ! txn_stock_level (tpcc.cc:3398):     ERROR warehouse_id:1, cid:79463, maxbytes:2
20251110-03:35.31-931561(us) 19324 ! txn_stock_level (tpcc.cc:3398):     ERROR warehouse_id:1, cid:79463, maxbytes:2
20251110-03:35.31-936093(us) 19324 ! txn_stock_level (tpcc.cc:3398):     ERROR warehouse_id:1, cid:18919, maxbytes:2
20251110-03:35.31-936267(us) 19324 ! txn_stock_level (tpcc.cc:3398):     ERROR warehouse_id:1, cid:18919, maxbytes:2
20251110-03:35.31-936507(us) 19324 ! txn_stock_level (tpcc.cc:3398):     ERROR warehouse_id:1, cid:18919, maxbytes:2
20251110-03:35.31-971749(us) 19324 ! txn_stock_level (tpcc.cc:3398):     ERROR warehouse_id:2, cid:95973, maxbytes:2
20251110-03:35.31-971983(us) 19324 ! txn_stock_level (tpcc.cc:3398):     ERROR warehouse_id:2, cid:95973, maxbytes:2
20251110-03:35.31-972058(us) 19324 ! txn_stock_level (tpcc.cc:3398):     ERROR warehouse_id:2, cid:95973, maxbytes:2
20251110-03:35.31-972096(us) 19324 ! txn_stock_level (tpcc.cc:3398):     ERROR warehouse_id:2, cid:95973, maxbytes:2
20251110-03:35.31-975100(us) 19324 ! txn_stock_level (tpcc.cc:3398):     ERROR warehouse_id:2, cid:95973, maxbytes:2
20251110-03:35.31-976153(us) 19324 ! txn_stock_level (tpcc.cc:3398):     ERROR warehouse_id:2, cid:95973, maxbytes:2
20251110-03:35.31-977564(us) 19324 ! txn_stock_level (tpcc.cc:3398):     ERROR warehouse_id:2, cid:95973, maxbytes:2
20251110-03:35.31-978782(us) 19324 ! txn_stock_level (tpcc.cc:3398):     ERROR warehouse_id:2, cid:95973, maxbytes:2
20251110-03:35.31-978856(us) 19324 ! txn_stock_level (tpcc.cc:3398):     ERROR warehouse_id:2, cid:95973, maxbytes:2
20251110-03:35.31-979126(us) 19324 ! txn_stock_level (tpcc.cc:3398):     ERROR warehouse_id:2, cid:95973, maxbytes:2
20251110-03:35.31-979567(us) 19324 ! txn_stock_level (tpcc.cc:3398):     ERROR warehouse_id:2, cid:95973, maxbytes:2
20251110-03:35.31-979687(us) 19324 ! txn_stock_level (tpcc.cc:3398):     ERROR warehouse_id:2, cid:46759, maxbytes:2
20251110-03:35.31-981625(us) 19324 ! txn_stock_level (tpcc.cc:3398):     ERROR warehouse_id:2, cid:46759, maxbytes:2
20251110-03:35.31-994061(us) 19324 ! txn_stock_level (tpcc.cc:3398):     ERROR warehouse_id:2, cid:16103, maxbytes:2
20251110-03:35.31-994171(us) 19324 ! txn_stock_level (tpcc.cc:3398):     ERROR warehouse_id:2, cid:16103, maxbytes:2
20251110-03:35.32-6301(us) 19324 ! txn_stock_level (tpcc.cc:3398):     ERROR warehouse_id:2, cid:85699, maxbytes:2
20251110-03:35.32-7508(us) 19324 ! txn_stock_level (tpcc.cc:3398):     ERROR warehouse_id:2, cid:85699, maxbytes:2
20251110-03:35.32-20287(us) 19324 ! txn_stock_level (tpcc.cc:3398):     ERROR warehouse_id:2, cid:48359, maxbytes:2
20251110-03:35.32-20375(us) 19324 ! txn_stock_level (tpcc.cc:3398):     ERROR warehouse_id:2, cid:48359, maxbytes:2
20251110-03:35.32-23597(us) 19324 ! txn_stock_level (tpcc.cc:3398):     ERROR warehouse_id:2, cid:48359, maxbytes:2
20251110-03:35.32-23645(us) 19324 ! txn_stock_level (tpcc.cc:3398):     ERROR warehouse_id:2, cid:48359, maxbytes:2
20251110-03:35.32-23891(us) 19324 ! txn_stock_level (tpcc.cc:3398):     ERROR warehouse_id:2, cid:48359, maxbytes:2
20251110-03:35.32-24026(us) 19324 ! txn_stock_level (tpcc.cc:3398):     ERROR warehouse_id:2, cid:48359, maxbytes:2
20251110-03:35.32-25576(us) 19324 ! txn_stock_level (tpcc.cc:3398):     ERROR warehouse_id:2, cid:48359, maxbytes:2
20251110-03:35.32-26798(us) 19324 ! txn_stock_level (tpcc.cc:3398):     ERROR warehouse_id:2, cid:48359, maxbytes:2
20251110-03:35.32-28715(us) 19324 ! txn_stock_level (tpcc.cc:3398):     ERROR warehouse_id:2, cid:48359, maxbytes:2
20251110-03:35.32-29002(us) 19324 ! txn_stock_level (tpcc.cc:3398):     ERROR warehouse_id:2, cid:48359, maxbytes:2
20251110-03:35.32-29142(us) 19324 ! txn_stock_level (tpcc.cc:3398):     ERROR warehouse_id:2, cid:48359, maxbytes:2
20251110-03:35.32-29265(us) 19324 ! txn_stock_level (tpcc.cc:3398):     ERROR warehouse_id:2, cid:48359, maxbytes:2
20251110-03:35.32-29479(us) 19324 ! txn_stock_level (tpcc.cc:3398):     ERROR warehouse_id:2, cid:48359, maxbytes:2
20251110-03:35.32-33225(us) 19324 ! txn_stock_level (tpcc.cc:3398):     ERROR warehouse_id:1, cid:98021, maxbytes:2
20251110-03:35.32-34390(us) 19324 ! txn_stock_level (tpcc.cc:3398):     ERROR warehouse_id:1, cid:98021, maxbytes:2
20251110-03:35.32-64156(us) 19324 ! txn_stock_level (tpcc.cc:3398):     ERROR warehouse_id:1, cid:24263, maxbytes:2
20251110-03:35.32-64177(us) 19324 ! txn_stock_level (tpcc.cc:3398):     ERROR warehouse_id:1, cid:24263, maxbytes:2
20251110-03:35.32-65980(us) 19324 ! txn_stock_level (tpcc.cc:3398):     ERROR warehouse_id:1, cid:24263, maxbytes:2
20251110-03:35.32-66134(us) 19324 ! txn_stock_level (tpcc.cc:3398):     ERROR warehouse_id:1, cid:24263, maxbytes:2
20251110-03:35.32-66262(us) 19324 ! txn_stock_level (tpcc.cc:3398):     ERROR warehouse_id:1, cid:24263, maxbytes:2
20251110-03:35.32-149778(us) 19324 ! run             (bench.cc:473):     runtime time left:24000 ms, bool:1
20251110-03:35.32-185196(us) 19324 ! txn_stock_level (tpcc.cc:3398):     ERROR warehouse_id:2, cid:24263, maxbytes:2
20251110-03:35.32-185419(us) 19324 ! txn_stock_level (tpcc.cc:3398):     ERROR warehouse_id:2, cid:24263, maxbytes:2
20251110-03:35.32-185534(us) 19324 ! txn_stock_level (tpcc.cc:3398):     ERROR warehouse_id:2, cid:24263, maxbytes:2
20251110-03:35.32-185568(us) 19324 ! txn_stock_level (tpcc.cc:3398):     ERROR warehouse_id:2, cid:24263, maxbytes:2
20251110-03:35.32-185658(us) 19324 ! txn_stock_level (tpcc.cc:3398):     ERROR warehouse_id:2, cid:24263, maxbytes:2
20251110-03:35.32-185780(us) 19324 ! txn_stock_level (tpcc.cc:3398):     ERROR warehouse_id:2, cid:24263, maxbytes:2
20251110-03:35.32-187822(us) 19324 ! txn_stock_level (tpcc.cc:3398):     ERROR warehouse_id:2, cid:24263, maxbytes:2
20251110-03:35.32-277126(us) 19324 ! txn_stock_level (tpcc.cc:3398):     ERROR warehouse_id:2, cid:80581, maxbytes:2
20251110-03:35.32-279172(us) 19324 ! txn_stock_level (tpcc.cc:3398):     ERROR warehouse_id:2, cid:80581, maxbytes:2
20251110-03:35.32-279497(us) 19324 ! txn_stock_level (tpcc.cc:3398):     ERROR warehouse_id:2, cid:80581, maxbytes:2
20251110-03:35.32-280827(us) 19324 ! txn_stock_level (tpcc.cc:3398):     ERROR warehouse_id:2, cid:80581, maxbytes:2
20251110-03:35.32-280963(us) 19324 ! txn_stock_level (tpcc.cc:3398):     ERROR warehouse_id:2, cid:80581, maxbytes:2
20251110-03:35.32-280986(us) 19324 ! txn_stock_level (tpcc.cc:3398):     ERROR warehouse_id:2, cid:80581, maxbytes:2
20251110-03:35.32-282147(us) 19324 ! txn_stock_level (tpcc.cc:3398):     ERROR warehouse_id:2, cid:80581, maxbytes:2
20251110-03:35.32-283425(us) 19324 ! txn_stock_level (tpcc.cc:3398):     ERROR warehouse_id:2, cid:80581, maxbytes:2
20251110-03:35.32-284292(us) 19324 ! txn_stock_level (tpcc.cc:3398):     ERROR warehouse_id:2, cid:80581, maxbytes:2
20251110-03:35.32-284400(us) 19324 ! txn_stock_level (tpcc.cc:3398):     ERROR warehouse_id:2, cid:80581, maxbytes:2
20251110-03:35.32-284464(us) 19324 ! txn_stock_level (tpcc.cc:3398):     ERROR warehouse_id:2, cid:80581, maxbytes:2
20251110-03:35.32-286382(us) 19324 ! txn_stock_level (tpcc.cc:3398):     ERROR warehouse_id:2, cid:80581, maxbytes:2
20251110-03:35.32-286499(us) 19324 ! txn_stock_level (tpcc.cc:3398):     ERROR warehouse_id:2, cid:80581, maxbytes:2
20251110-03:35.32-286531(us) 19324 ! txn_stock_level (tpcc.cc:3398):     ERROR warehouse_id:2, cid:80581, maxbytes:2
20251110-03:35.32-286556(us) 19324 ! txn_stock_level (tpcc.cc:3398):     ERROR warehouse_id:2, cid:80581, maxbytes:2
20251110-03:35.32-485143(us) 19324 ! txn_stock_level (tpcc.cc:3398):     ERROR warehouse_id:2, cid:48871, maxbytes:2
20251110-03:35.32-485326(us) 19324 ! txn_stock_level (tpcc.cc:3398):     ERROR warehouse_id:2, cid:48871, maxbytes:2
20251110-03:35.32-485628(us) 19324 ! txn_stock_level (tpcc.cc:3398):     ERROR warehouse_id:2, cid:48871, maxbytes:2
20251110-03:35.32-485670(us) 19324 ! txn_stock_level (tpcc.cc:3398):     ERROR warehouse_id:2, cid:48871, maxbytes:2
20251110-03:35.32-485682(us) 19324 ! txn_stock_level (tpcc.cc:3398):     ERROR warehouse_id:2, cid:48871, maxbytes:2
20251110-03:35.32-485693(us) 19324 ! txn_stock_level (tpcc.cc:3398):     ERROR warehouse_id:2, cid:48871, maxbytes:2
20251110-03:35.32-486636(us) 19324 ! txn_stock_level (tpcc.cc:3398):     ERROR warehouse_id:2, cid:48871, maxbytes:2
20251110-03:35.32-516550(us) 19324 ! txn_stock_level (tpcc.cc:3398):     ERROR warehouse_id:1, cid:55011, maxbytes:2
20251110-03:35.32-516636(us) 19324 ! txn_stock_level (tpcc.cc:3398):     ERROR warehouse_id:1, cid:55011, maxbytes:2
20251110-03:35.32-518719(us) 19324 ! txn_stock_level (tpcc.cc:3398):     ERROR warehouse_id:1, cid:55011, maxbytes:2
20251110-03:35.32-518821(us) 19324 ! txn_stock_level (tpcc.cc:3398):     ERROR warehouse_id:1, cid:55011, maxbytes:2
20251110-03:35.32-518841(us) 19324 ! txn_stock_level (tpcc.cc:3398):     ERROR warehouse_id:1, cid:55011, maxbytes:2
20251110-03:35.32-518859(us) 19324 ! txn_stock_level (tpcc.cc:3398):     ERROR warehouse_id:1, cid:55011, maxbytes:2
20251110-03:35.32-518903(us) 19324 ! txn_stock_level (tpcc.cc:3398):     ERROR warehouse_id:1, cid:55011, maxbytes:2
20251110-03:35.32-518979(us) 19324 ! txn_stock_level (tpcc.cc:3398):     ERROR warehouse_id:1, cid:55011, maxbytes:2
20251110-03:35.32-518998(us) 19324 ! txn_stock_level (tpcc.cc:3398):     ERROR warehouse_id:1, cid:55011, maxbytes:2
20251110-03:35.32-534279(us) 19324 ! txn_stock_level (tpcc.cc:3398):     ERROR warehouse_id:2, cid:6210, maxbytes:2
20251110-03:35.32-534344(us) 19324 ! txn_stock_level (tpcc.cc:3398):     ERROR warehouse_id:2, cid:6210, maxbytes:2
20251110-03:35.32-534528(us) 19324 ! txn_stock_level (tpcc.cc:3398):     ERROR warehouse_id:2, cid:6210, maxbytes:2
20251110-03:35.32-534561(us) 19324 ! txn_stock_level (tpcc.cc:3398):     ERROR warehouse_id:2, cid:6210, maxbytes:2
20251110-03:35.32-535213(us) 19324 ! txn_stock_level (tpcc.cc:3398):     ERROR warehouse_id:2, cid:6210, maxbytes:2
20251110-03:35.32-535415(us) 19324 ! txn_stock_level (tpcc.cc:3398):     ERROR warehouse_id:2, cid:6210, maxbytes:2
20251110-03:35.32-536501(us) 19324 ! txn_stock_level (tpcc.cc:3398):     ERROR warehouse_id:2, cid:6210, maxbytes:2
20251110-03:35.32-536538(us) 19324 ! txn_stock_level (tpcc.cc:3398):     ERROR warehouse_id:2, cid:6210, maxbytes:2
20251110-03:35.32-537625(us) 19324 ! txn_stock_level (tpcc.cc:3398):     ERROR warehouse_id:2, cid:6210, maxbytes:2
20251110-03:35.32-538646(us) 19324 ! txn_stock_level (tpcc.cc:3398):     ERROR warehouse_id:2, cid:6210, maxbytes:2
20251110-03:35.32-539701(us) 19324 ! txn_stock_level (tpcc.cc:3398):     ERROR warehouse_id:2, cid:6210, maxbytes:2
20251110-03:35.32-539814(us) 19324 ! txn_stock_level (tpcc.cc:3398):     ERROR warehouse_id:2, cid:6210, maxbytes:2
20251110-03:35.32-539909(us) 19324 ! txn_stock_level (tpcc.cc:3398):     ERROR warehouse_id:2, cid:6210, maxbytes:2
20251110-03:35.32-540984(us) 19324 ! txn_stock_level (tpcc.cc:3398):     ERROR warehouse_id:2, cid:6210, maxbytes:2
20251110-03:35.32-712401(us) 19324 ! txn_stock_level (tpcc.cc:3398):     ERROR warehouse_id:1, cid:65115, maxbytes:2
20251110-03:35.32-713375(us) 19324 ! txn_stock_level (tpcc.cc:3398):     ERROR warehouse_id:1, cid:65115, maxbytes:2
20251110-03:35.32-715214(us) 19324 ! txn_stock_level (tpcc.cc:3398):     ERROR warehouse_id:1, cid:65115, maxbytes:2
20251110-03:35.32-716041(us) 19324 ! txn_stock_level (tpcc.cc:3398):     ERROR warehouse_id:1, cid:65115, maxbytes:2
20251110-03:35.32-716163(us) 19324 ! txn_stock_level (tpcc.cc:3398):     ERROR warehouse_id:1, cid:65115, maxbytes:2
20251110-03:35.32-716177(us) 19324 ! txn_stock_level (tpcc.cc:3398):     ERROR warehouse_id:1, cid:65115, maxbytes:2
20251110-03:35.32-749227(us) 19324 ! txn_stock_level (tpcc.cc:3398):     ERROR warehouse_id:1, cid:4167, maxbytes:2
20251110-03:35.32-751834(us) 19324 ! txn_stock_level (tpcc.cc:3398):     ERROR warehouse_id:1, cid:4167, maxbytes:2
20251110-03:35.32-754925(us) 19324 ! txn_stock_level (tpcc.cc:3398):     ERROR warehouse_id:1, cid:4167, maxbytes:2
20251110-03:35.32-757325(us) 19324 ! txn_stock_level (tpcc.cc:3398):     ERROR warehouse_id:1, cid:4167, maxbytes:2
20251110-03:35.32-758746(us) 19324 ! txn_stock_level (tpcc.cc:3398):     ERROR warehouse_id:1, cid:4167, maxbytes:2
20251110-03:35.32-758806(us) 19324 ! txn_stock_level (tpcc.cc:3398):     ERROR warehouse_id:1, cid:4167, maxbytes:2
20251110-03:35.32-758850(us) 19324 ! txn_stock_level (tpcc.cc:3398):     ERROR warehouse_id:1, cid:4167, maxbytes:2
20251110-03:35.32-758877(us) 19324 ! txn_stock_level (tpcc.cc:3398):     ERROR warehouse_id:1, cid:4167, maxbytes:2
20251110-03:35.32-758899(us) 19324 ! txn_stock_level (tpcc.cc:3398):     ERROR warehouse_id:1, cid:4167, maxbytes:2
20251110-03:35.33-155539(us) 19324 ! run             (bench.cc:473):     runtime time left:23000 ms, bool:1
20251110-03:35.33-531859(us) 19324 ! txn_stock_level (tpcc.cc:3398):     ERROR warehouse_id:1, cid:77543, maxbytes:2
20251110-03:35.33-532042(us) 19324 ! txn_stock_level (tpcc.cc:3398):     ERROR warehouse_id:1, cid:77543, maxbytes:2
20251110-03:35.33-533265(us) 19324 ! txn_stock_level (tpcc.cc:3398):     ERROR warehouse_id:1, cid:77543, maxbytes:2
20251110-03:35.33-534181(us) 19324 ! txn_stock_level (tpcc.cc:3398):     ERROR warehouse_id:1, cid:77543, maxbytes:2
20251110-03:35.33-534608(us) 19324 ! txn_stock_level (tpcc.cc:3398):     ERROR warehouse_id:1, cid:77543, maxbytes:2
20251110-03:35.33-534724(us) 19324 ! txn_stock_level (tpcc.cc:3398):     ERROR warehouse_id:1, cid:77543, maxbytes:2
20251110-03:35.33-534818(us) 19324 ! txn_stock_level (tpcc.cc:3398):     ERROR warehouse_id:1, cid:77543, maxbytes:2
20251110-03:35.33-536186(us) 19324 ! txn_stock_level (tpcc.cc:3398):     ERROR warehouse_id:1, cid:77543, maxbytes:2
20251110-03:35.33-536383(us) 19324 ! txn_stock_level (tpcc.cc:3398):     ERROR warehouse_id:1, cid:77543, maxbytes:2
20251110-03:35.33-536641(us) 19324 ! txn_stock_level (tpcc.cc:3398):     ERROR warehouse_id:1, cid:77543, maxbytes:2
20251110-03:35.33-537687(us) 19324 ! txn_stock_level (tpcc.cc:3398):     ERROR warehouse_id:1, cid:77543, maxbytes:2
20251110-03:35.33-537866(us) 19324 ! txn_stock_level (tpcc.cc:3398):     ERROR warehouse_id:1, cid:77543, maxbytes:2
20251110-03:35.33-540768(us) 19324 ! txn_stock_level (tpcc.cc:3398):     ERROR warehouse_id:1, cid:77543, maxbytes:2
20251110-03:35.33-540811(us) 19324 ! txn_stock_level (tpcc.cc:3398):     ERROR warehouse_id:1, cid:77543, maxbytes:2
20251110-03:35.33-542888(us) 19324 ! txn_stock_level (tpcc.cc:3398):     ERROR warehouse_id:1, cid:77543, maxbytes:2
20251110-03:35.33-543058(us) 19324 ! txn_stock_level (tpcc.cc:3398):     ERROR warehouse_id:1, cid:77543, maxbytes:2
20251110-03:35.33-545364(us) 19324 ! txn_stock_level (tpcc.cc:3398):     ERROR warehouse_id:1, cid:77543, maxbytes:2
20251110-03:35.33-546190(us) 19324 ! txn_stock_level (tpcc.cc:3398):     ERROR warehouse_id:1, cid:77543, maxbytes:2
20251110-03:35.33-546346(us) 19324 ! txn_stock_level (tpcc.cc:3398):     ERROR warehouse_id:1, cid:77543, maxbytes:2
20251110-03:35.33-546401(us) 19324 ! txn_stock_level (tpcc.cc:3398):     ERROR warehouse_id:1, cid:77543, maxbytes:2
20251110-03:35.33-561665(us) 19324 ! txn_stock_level (tpcc.cc:3398):     ERROR warehouse_id:2, cid:48870, maxbytes:2
20251110-03:35.33-561808(us) 19324 ! txn_stock_level (tpcc.cc:3398):     ERROR warehouse_id:2, cid:48870, maxbytes:2
20251110-03:35.33-562922(us) 19324 ! txn_stock_level (tpcc.cc:3398):     ERROR warehouse_id:2, cid:48870, maxbytes:2
20251110-03:35.33-640565(us) 19324 ! txn_stock_level (tpcc.cc:3398):     ERROR warehouse_id:2, cid:48358, maxbytes:2
20251110-03:35.33-643625(us) 19324 ! txn_stock_level (tpcc.cc:3398):     ERROR warehouse_id:2, cid:48358, maxbytes:2
20251110-03:35.33-643655(us) 19324 ! txn_stock_level (tpcc.cc:3398):     ERROR warehouse_id:2, cid:48358, maxbytes:2
20251110-03:35.33-645019(us) 19324 ! txn_stock_level (tpcc.cc:3398):     ERROR warehouse_id:2, cid:97991, maxbytes:2
20251110-03:35.33-645086(us) 19324 ! txn_stock_level (tpcc.cc:3398):     ERROR warehouse_id:2, cid:48358, maxbytes:2
20251110-03:35.33-645288(us) 19324 ! txn_stock_level (tpcc.cc:3398):     ERROR warehouse_id:2, cid:48358, maxbytes:2
20251110-03:35.33-645539(us) 19324 ! txn_stock_level (tpcc.cc:3398):     ERROR warehouse_id:2, cid:97991, maxbytes:2
20251110-03:35.33-645615(us) 19324 ! txn_stock_level (tpcc.cc:3398):     ERROR warehouse_id:2, cid:97991, maxbytes:2
20251110-03:35.33-645641(us) 19324 ! txn_stock_level (tpcc.cc:3398):     ERROR warehouse_id:2, cid:48358, maxbytes:2
20251110-03:35.33-645659(us) 19324 ! txn_stock_level (tpcc.cc:3398):     ERROR warehouse_id:2, cid:97991, maxbytes:2
20251110-03:35.33-645748(us) 19324 ! txn_stock_level (tpcc.cc:3398):     ERROR warehouse_id:2, cid:97991, maxbytes:2
20251110-03:35.33-645938(us) 19324 ! txn_stock_level (tpcc.cc:3398):     ERROR warehouse_id:2, cid:97991, maxbytes:2
20251110-03:35.33-646000(us) 19324 ! txn_stock_level (tpcc.cc:3398):     ERROR warehouse_id:2, cid:48358, maxbytes:2
20251110-03:35.33-646015(us) 19324 ! txn_stock_level (tpcc.cc:3398):     ERROR warehouse_id:2, cid:48358, maxbytes:2
20251110-03:35.33-646100(us) 19324 ! txn_stock_level (tpcc.cc:3398):     ERROR warehouse_id:2, cid:30439, maxbytes:2
20251110-03:35.33-646123(us) 19324 ! txn_stock_level (tpcc.cc:3398):     ERROR warehouse_id:2, cid:97991, maxbytes:2
20251110-03:35.33-648031(us) 19324 ! txn_stock_level (tpcc.cc:3398):     ERROR warehouse_id:2, cid:30439, maxbytes:2
20251110-03:35.33-648158(us) 19324 ! txn_stock_level (tpcc.cc:3398):     ERROR warehouse_id:2, cid:48358, maxbytes:2
20251110-03:35.33-648207(us) 19324 ! txn_stock_level (tpcc.cc:3398):     ERROR warehouse_id:2, cid:97991, maxbytes:2
20251110-03:35.33-648327(us) 19324 ! txn_stock_level (tpcc.cc:3398):     ERROR warehouse_id:2, cid:97991, maxbytes:2
20251110-03:35.33-650542(us) 19324 ! txn_stock_level (tpcc.cc:3398):     ERROR warehouse_id:2, cid:97991, maxbytes:2
20251110-03:35.33-650700(us) 19324 ! txn_stock_level (tpcc.cc:3398):     ERROR warehouse_id:2, cid:97991, maxbytes:2
20251110-03:35.33-650723(us) 19324 ! txn_stock_level (tpcc.cc:3398):     ERROR warehouse_id:2, cid:97991, maxbytes:2
20251110-03:35.33-650860(us) 19324 ! txn_stock_level (tpcc.cc:3398):     ERROR warehouse_id:2, cid:97991, maxbytes:2
20251110-03:35.33-650905(us) 19324 ! txn_stock_level (tpcc.cc:3398):     ERROR warehouse_id:2, cid:97991, maxbytes:2
20251110-03:35.33-651008(us) 19324 ! txn_stock_level (tpcc.cc:3398):     ERROR warehouse_id:2, cid:97991, maxbytes:2
20251110-03:35.33-651219(us) 19324 ! txn_stock_level (tpcc.cc:3398):     ERROR warehouse_id:2, cid:97991, maxbytes:2
20251110-03:35.33-651324(us) 19324 ! txn_stock_level (tpcc.cc:3398):     ERROR warehouse_id:2, cid:97991, maxbytes:2
20251110-03:35.33-653361(us) 19324 ! txn_stock_level (tpcc.cc:3398):     ERROR warehouse_id:2, cid:97991, maxbytes:2
20251110-03:35.33-653542(us) 19324 ! txn_stock_level (tpcc.cc:3398):     ERROR warehouse_id:2, cid:97991, maxbytes:2
20251110-03:35.33-653633(us) 19324 ! txn_stock_level (tpcc.cc:3398):     ERROR warehouse_id:2, cid:97991, maxbytes:2
20251110-03:35.33-653669(us) 19324 ! txn_stock_level (tpcc.cc:3398):     ERROR warehouse_id:2, cid:97991, maxbytes:2
20251110-03:35.33-682238(us) 19324 ! txn_stock_level (tpcc.cc:3398):     ERROR warehouse_id:1, cid:16103, maxbytes:2
20251110-03:35.33-682306(us) 19324 ! txn_stock_level (tpcc.cc:3398):     ERROR warehouse_id:1, cid:16103, maxbytes:2
20251110-03:35.33-682492(us) 19324 ! txn_stock_level (tpcc.cc:3398):     ERROR warehouse_id:1, cid:16103, maxbytes:2
20251110-03:35.33-684639(us) 19324 ! txn_stock_level (tpcc.cc:3398):     ERROR warehouse_id:1, cid:16103, maxbytes:2
20251110-03:35.33-684702(us) 19324 ! txn_stock_level (tpcc.cc:3398):     ERROR warehouse_id:1, cid:16103, maxbytes:2
20251110-03:35.33-684848(us) 19324 ! txn_stock_level (tpcc.cc:3398):     ERROR warehouse_id:1, cid:16103, maxbytes:2
20251110-03:35.33-685004(us) 19324 ! txn_stock_level (tpcc.cc:3398):     ERROR warehouse_id:1, cid:16103, maxbytes:2
20251110-03:35.33-685015(us) 19324 ! txn_stock_level (tpcc.cc:3398):     ERROR warehouse_id:1, cid:16103, maxbytes:2
20251110-03:35.33-686466(us) 19324 ! txn_stock_level (tpcc.cc:3398):     ERROR warehouse_id:1, cid:16103, maxbytes:2
20251110-03:35.33-686631(us) 19324 ! txn_stock_level (tpcc.cc:3398):     ERROR warehouse_id:1, cid:16103, maxbytes:2
20251110-03:35.33-687728(us) 19324 ! txn_stock_level (tpcc.cc:3398):     ERROR warehouse_id:1, cid:16103, maxbytes:2
20251110-03:35.33-687962(us) 19324 ! txn_stock_level (tpcc.cc:3398):     ERROR warehouse_id:1, cid:16103, maxbytes:2
20251110-03:35.33-688069(us) 19324 ! txn_stock_level (tpcc.cc:3398):     ERROR warehouse_id:1, cid:16103, maxbytes:2
20251110-03:35.33-688144(us) 19324 ! txn_stock_level (tpcc.cc:3398):     ERROR warehouse_id:1, cid:16103, maxbytes:2
20251110-03:35.33-690698(us) 19324 ! txn_stock_level (tpcc.cc:3398):     ERROR warehouse_id:1, cid:89831, maxbytes:2
20251110-03:35.33-691668(us) 19324 ! txn_stock_level (tpcc.cc:3398):     ERROR warehouse_id:1, cid:89831, maxbytes:2
20251110-03:35.33-691874(us) 19324 ! txn_stock_level (tpcc.cc:3398):     ERROR warehouse_id:1, cid:89831, maxbytes:2
20251110-03:35.33-692019(us) 19324 ! txn_stock_level (tpcc.cc:3398):     ERROR warehouse_id:1, cid:89831, maxbytes:2
20251110-03:35.33-702540(us) 19324 ! txn_stock_level (tpcc.cc:3398):     ERROR warehouse_id:1, cid:38373, maxbytes:2
20251110-03:35.33-702630(us) 19324 ! txn_stock_level (tpcc.cc:3398):     ERROR warehouse_id:1, cid:38373, maxbytes:2
20251110-03:35.33-702644(us) 19324 ! txn_stock_level (tpcc.cc:3398):     ERROR warehouse_id:1, cid:38373, maxbytes:2
20251110-03:35.33-703699(us) 19324 ! txn_stock_level (tpcc.cc:3398):     ERROR warehouse_id:1, cid:38373, maxbytes:2
20251110-03:35.33-704799(us) 19324 ! txn_stock_level (tpcc.cc:3398):     ERROR warehouse_id:1, cid:38373, maxbytes:2
20251110-03:35.33-705004(us) 19324 ! txn_stock_level (tpcc.cc:3398):     ERROR warehouse_id:1, cid:38373, maxbytes:2
20251110-03:35.33-705786(us) 19324 ! txn_stock_level (tpcc.cc:3398):     ERROR warehouse_id:1, cid:38373, maxbytes:2
20251110-03:35.33-715562(us) 19324 ! txn_stock_level (tpcc.cc:3398):     ERROR warehouse_id:1, cid:39903, maxbytes:2
20251110-03:35.33-715617(us) 19324 ! txn_stock_level (tpcc.cc:3398):     ERROR warehouse_id:1, cid:39903, maxbytes:2
20251110-03:35.33-715750(us) 19324 ! txn_stock_level (tpcc.cc:3398):     ERROR warehouse_id:1, cid:39903, maxbytes:2
20251110-03:35.33-720344(us) 19324 ! txn_stock_level (tpcc.cc:3398):     ERROR warehouse_id:1, cid:64981, maxbytes:2
20251110-03:35.33-720489(us) 19324 ! txn_stock_level (tpcc.cc:3398):     ERROR warehouse_id:1, cid:64981, maxbytes:2
20251110-03:35.33-722885(us) 19324 ! txn_stock_level (tpcc.cc:3398):     ERROR warehouse_id:1, cid:64981, maxbytes:2
20251110-03:35.33-724448(us) 19324 ! txn_stock_level (tpcc.cc:3398):     ERROR warehouse_id:1, cid:64981, maxbytes:2
20251110-03:35.33-724475(us) 19324 ! txn_stock_level (tpcc.cc:3398):     ERROR warehouse_id:1, cid:64981, maxbytes:2
20251110-03:35.33-724492(us) 19324 ! txn_stock_level (tpcc.cc:3398):     ERROR warehouse_id:1, cid:64981, maxbytes:2
20251110-03:35.33-724653(us) 19324 ! txn_stock_level (tpcc.cc:3398):     ERROR warehouse_id:1, cid:64981, maxbytes:2
20251110-03:35.33-725999(us) 19324 ! txn_stock_level (tpcc.cc:3398):     ERROR warehouse_id:1, cid:64981, maxbytes:2
20251110-03:35.33-726942(us) 19324 ! txn_stock_level (tpcc.cc:3398):     ERROR warehouse_id:1, cid:64981, maxbytes:2
20251110-03:35.33-726985(us) 19324 ! txn_stock_level (tpcc.cc:3398):     ERROR warehouse_id:1, cid:64981, maxbytes:2
20251110-03:35.33-727963(us) 19324 ! txn_stock_level (tpcc.cc:3398):     ERROR warehouse_id:1, cid:64981, maxbytes:2
20251110-03:35.33-728047(us) 19324 ! txn_stock_level (tpcc.cc:3398):     ERROR warehouse_id:1, cid:64981, maxbytes:2
20251110-03:35.33-728935(us) 19324 ! txn_stock_level (tpcc.cc:3398):     ERROR warehouse_id:1, cid:64981, maxbytes:2
20251110-03:35.33-728966(us) 19324 ! txn_stock_level (tpcc.cc:3398):     ERROR warehouse_id:1, cid:64981, maxbytes:2
20251110-03:35.33-729908(us) 19324 ! txn_stock_level (tpcc.cc:3398):     ERROR warehouse_id:1, cid:64981, maxbytes:2
20251110-03:35.33-730221(us) 19324 ! txn_stock_level (tpcc.cc:3398):     ERROR warehouse_id:1, cid:64981, maxbytes:2
20251110-03:35.33-730381(us) 19324 ! txn_stock_level (tpcc.cc:3398):     ERROR warehouse_id:1, cid:64981, maxbytes:2
20251110-03:35.33-730412(us) 19324 ! txn_stock_level (tpcc.cc:3398):     ERROR warehouse_id:1, cid:64981, maxbytes:2
20251110-03:35.33-730560(us) 19324 ! txn_stock_level (tpcc.cc:3398):     ERROR warehouse_id:1, cid:64981, maxbytes:2
20251110-03:35.33-891666(us) 19324 ! txn_stock_level (tpcc.cc:3398):     ERROR warehouse_id:1, cid:65255, maxbytes:2
20251110-03:35.33-935452(us) 19324 ! txn_stock_level (tpcc.cc:3398):     ERROR warehouse_id:2, cid:63591, maxbytes:2
20251110-03:35.33-935511(us) 19324 ! txn_stock_level (tpcc.cc:3398):     ERROR warehouse_id:2, cid:63591, maxbytes:2
20251110-03:35.33-935568(us) 19324 ! txn_stock_level (tpcc.cc:3398):     ERROR warehouse_id:2, cid:63591, maxbytes:2
20251110-03:35.33-935625(us) 19324 ! txn_stock_level (tpcc.cc:3398):     ERROR warehouse_id:2, cid:63591, maxbytes:2
20251110-03:35.33-936775(us) 19324 ! txn_stock_level (tpcc.cc:3398):     ERROR warehouse_id:2, cid:63591, maxbytes:2
20251110-03:35.33-936968(us) 19324 ! txn_stock_level (tpcc.cc:3398):     ERROR warehouse_id:2, cid:63591, maxbytes:2
20251110-03:35.33-937017(us) 19324 ! txn_stock_level (tpcc.cc:3398):     ERROR warehouse_id:2, cid:63591, maxbytes:2
20251110-03:35.33-937173(us) 19324 ! txn_stock_level (tpcc.cc:3398):     ERROR warehouse_id:2, cid:63591, maxbytes:2
20251110-03:35.33-937242(us) 19324 ! txn_stock_level (tpcc.cc:3398):     ERROR warehouse_id:2, cid:63591, maxbytes:2
20251110-03:35.33-937327(us) 19324 ! txn_stock_level (tpcc.cc:3398):     ERROR warehouse_id:2, cid:63591, maxbytes:2
20251110-03:35.33-937394(us) 19324 ! txn_stock_level (tpcc.cc:3398):     ERROR warehouse_id:2, cid:63591, maxbytes:2
20251110-03:35.34-32450(us) 19324 ! txn_stock_level (tpcc.cc:3398):     ERROR warehouse_id:2, cid:15975, maxbytes:2
20251110-03:35.34-33351(us) 19324 ! txn_stock_level (tpcc.cc:3398):     ERROR warehouse_id:2, cid:15975, maxbytes:2
20251110-03:35.34-33493(us) 19324 ! txn_stock_level (tpcc.cc:3398):     ERROR warehouse_id:2, cid:15975, maxbytes:2
20251110-03:35.34-33706(us) 19324 ! txn_stock_level (tpcc.cc:3398):     ERROR warehouse_id:2, cid:15975, maxbytes:2
20251110-03:35.34-33992(us) 19324 ! txn_stock_level (tpcc.cc:3398):     ERROR warehouse_id:2, cid:15975, maxbytes:2
20251110-03:35.34-34296(us) 19324 ! txn_stock_level (tpcc.cc:3398):     ERROR warehouse_id:2, cid:15975, maxbytes:2
20251110-03:35.34-34430(us) 19324 ! txn_stock_level (tpcc.cc:3398):     ERROR warehouse_id:2, cid:15975, maxbytes:2
20251110-03:35.34-35368(us) 19324 ! txn_stock_level (tpcc.cc:3398):     ERROR warehouse_id:2, cid:15975, maxbytes:2
20251110-03:35.34-36508(us) 19324 ! txn_stock_level (tpcc.cc:3398):     ERROR warehouse_id:2, cid:15975, maxbytes:2
20251110-03:35.34-47460(us) 19324 ! txn_stock_level (tpcc.cc:3398):     ERROR warehouse_id:1, cid:57055, maxbytes:2
20251110-03:35.34-47515(us) 19324 ! txn_stock_level (tpcc.cc:3398):     ERROR warehouse_id:1, cid:57055, maxbytes:2
20251110-03:35.34-56866(us) 19324 ! txn_stock_level (tpcc.cc:3398):     ERROR warehouse_id:1, cid:15071, maxbytes:2
20251110-03:35.34-59640(us) 19324 ! txn_stock_level (tpcc.cc:3398):     ERROR warehouse_id:1, cid:15071, maxbytes:2
20251110-03:35.34-61655(us) 19324 ! txn_stock_level (tpcc.cc:3398):     ERROR warehouse_id:1, cid:15071, maxbytes:2
20251110-03:35.34-63476(us) 19324 ! txn_stock_level (tpcc.cc:3398):     ERROR warehouse_id:1, cid:15071, maxbytes:2
20251110-03:35.34-63559(us) 19324 ! txn_stock_level (tpcc.cc:3398):     ERROR warehouse_id:1, cid:15071, maxbytes:2
20251110-03:35.34-63600(us) 19324 ! txn_stock_level (tpcc.cc:3398):     ERROR warehouse_id:1, cid:15071, maxbytes:2
20251110-03:35.34-63671(us) 19324 ! txn_stock_level (tpcc.cc:3398):     ERROR warehouse_id:1, cid:15071, maxbytes:2
20251110-03:35.34-63912(us) 19324 ! txn_stock_level (tpcc.cc:3398):     ERROR warehouse_id:1, cid:15071, maxbytes:2
20251110-03:35.34-64011(us) 19324 ! txn_stock_level (tpcc.cc:3398):     ERROR warehouse_id:1, cid:15071, maxbytes:2
20251110-03:35.34-65008(us) 19324 ! txn_stock_level (tpcc.cc:3398):     ERROR warehouse_id:1, cid:15071, maxbytes:2
20251110-03:35.34-66057(us) 19324 ! txn_stock_level (tpcc.cc:3398):     ERROR warehouse_id:1, cid:15071, maxbytes:2
20251110-03:35.34-67679(us) 19324 ! txn_stock_level (tpcc.cc:3398):     ERROR warehouse_id:1, cid:15071, maxbytes:2
20251110-03:35.34-69651(us) 19324 ! txn_stock_level (tpcc.cc:3398):     ERROR warehouse_id:1, cid:15071, maxbytes:2
20251110-03:35.34-69905(us) 19324 ! txn_stock_level (tpcc.cc:3398):     ERROR warehouse_id:1, cid:15071, maxbytes:2
20251110-03:35.34-69966(us) 19324 ! txn_stock_level (tpcc.cc:3398):     ERROR warehouse_id:1, cid:15071, maxbytes:2
20251110-03:35.34-73823(us) 19324 ! txn_stock_level (tpcc.cc:3398):     ERROR warehouse_id:1, cid:72295, maxbytes:2
20251110-03:35.34-73871(us) 19324 ! txn_stock_level (tpcc.cc:3398):     ERROR warehouse_id:1, cid:72295, maxbytes:2
20251110-03:35.34-73907(us) 19324 ! txn_stock_level (tpcc.cc:3398):     ERROR warehouse_id:1, cid:72295, maxbytes:2
20251110-03:35.34-75454(us) 19324 ! txn_stock_level (tpcc.cc:3398):     ERROR warehouse_id:1, cid:72295, maxbytes:2
20251110-03:35.34-75596(us) 19324 ! txn_stock_level (tpcc.cc:3398):     ERROR warehouse_id:1, cid:72295, maxbytes:2
20251110-03:35.34-108828(us) 19324 ! txn_stock_level (tpcc.cc:3398):     ERROR warehouse_id:1, cid:52967, maxbytes:2
20251110-03:35.34-108991(us) 19324 ! txn_stock_level (tpcc.cc:3398):     ERROR warehouse_id:1, cid:52967, maxbytes:2
20251110-03:35.34-111311(us) 19324 ! txn_stock_level (tpcc.cc:3398):     ERROR warehouse_id:1, cid:52967, maxbytes:2
20251110-03:35.34-161085(us) 19324 ! run             (bench.cc:473):     runtime time left:22000 ms, bool:1
20251110-03:35.34-280294(us) 19324 ! txn_stock_level (tpcc.cc:3398):     ERROR warehouse_id:1, cid:48615, maxbytes:2
20251110-03:35.34-280423(us) 19324 ! txn_stock_level (tpcc.cc:3398):     ERROR warehouse_id:1, cid:48615, maxbytes:2
20251110-03:35.34-280666(us) 19324 ! txn_stock_level (tpcc.cc:3398):     ERROR warehouse_id:1, cid:48615, maxbytes:2
20251110-03:35.34-280744(us) 19324 ! txn_stock_level (tpcc.cc:3398):     ERROR warehouse_id:1, cid:48615, maxbytes:2
20251110-03:35.34-280766(us) 19324 ! txn_stock_level (tpcc.cc:3398):     ERROR warehouse_id:1, cid:48615, maxbytes:2
20251110-03:35.34-282595(us) 19324 ! txn_stock_level (tpcc.cc:3398):     ERROR warehouse_id:1, cid:48615, maxbytes:2
20251110-03:35.34-284871(us) 19324 ! txn_stock_level (tpcc.cc:3398):     ERROR warehouse_id:1, cid:48615, maxbytes:2
20251110-03:35.34-284899(us) 19324 ! txn_stock_level (tpcc.cc:3398):     ERROR warehouse_id:1, cid:48615, maxbytes:2
20251110-03:35.34-285808(us) 19324 ! txn_stock_level (tpcc.cc:3398):     ERROR warehouse_id:1, cid:48615, maxbytes:2
20251110-03:35.34-288740(us) 19324 ! txn_stock_level (tpcc.cc:3398):     ERROR warehouse_id:1, cid:40679, maxbytes:2
20251110-03:35.34-288791(us) 19324 ! txn_stock_level (tpcc.cc:3398):     ERROR warehouse_id:1, cid:40679, maxbytes:2
20251110-03:35.34-289769(us) 19324 ! txn_stock_level (tpcc.cc:3398):     ERROR warehouse_id:1, cid:40679, maxbytes:2
20251110-03:35.34-460113(us) 19324 ! txn_stock_level (tpcc.cc:3398):     ERROR warehouse_id:2, cid:57055, maxbytes:2
20251110-03:35.34-460179(us) 19324 ! txn_stock_level (tpcc.cc:3398):     ERROR warehouse_id:2, cid:57055, maxbytes:2
20251110-03:35.34-460255(us) 19324 ! txn_stock_level (tpcc.cc:3398):     ERROR warehouse_id:2, cid:57055, maxbytes:2
20251110-03:35.34-461382(us) 19324 ! txn_stock_level (tpcc.cc:3398):     ERROR warehouse_id:2, cid:57055, maxbytes:2
20251110-03:35.34-461467(us) 19324 ! txn_stock_level (tpcc.cc:3398):     ERROR warehouse_id:2, cid:57055, maxbytes:2
20251110-03:35.34-462907(us) 19324 ! txn_stock_level (tpcc.cc:3398):     ERROR warehouse_id:2, cid:57055, maxbytes:2
20251110-03:35.34-463040(us) 19324 ! txn_stock_level (tpcc.cc:3398):     ERROR warehouse_id:2, cid:57055, maxbytes:2
20251110-03:35.34-463122(us) 19324 ! txn_stock_level (tpcc.cc:3398):     ERROR warehouse_id:2, cid:57055, maxbytes:2
20251110-03:35.34-464239(us) 19324 ! txn_stock_level (tpcc.cc:3398):     ERROR warehouse_id:2, cid:57055, maxbytes:2
20251110-03:35.34-464413(us) 19324 ! txn_stock_level (tpcc.cc:3398):     ERROR warehouse_id:2, cid:57055, maxbytes:2
20251110-03:35.34-464467(us) 19324 ! txn_stock_level (tpcc.cc:3398):     ERROR warehouse_id:2, cid:57055, maxbytes:2
20251110-03:35.34-464478(us) 19324 ! txn_stock_level (tpcc.cc:3398):     ERROR warehouse_id:2, cid:57055, maxbytes:2
20251110-03:35.34-464664(us) 19324 ! txn_stock_level (tpcc.cc:3398):     ERROR warehouse_id:2, cid:57055, maxbytes:2
20251110-03:35.34-464879(us) 19324 ! txn_stock_level (tpcc.cc:3398):     ERROR warehouse_id:2, cid:57055, maxbytes:2
20251110-03:35.34-466124(us) 19324 ! txn_stock_level (tpcc.cc:3398):     ERROR warehouse_id:2, cid:57055, maxbytes:2
20251110-03:35.34-467471(us) 19324 ! txn_stock_level (tpcc.cc:3398):     ERROR warehouse_id:2, cid:57055, maxbytes:2
20251110-03:35.34-468490(us) 19324 ! txn_stock_level (tpcc.cc:3398):     ERROR warehouse_id:2, cid:57055, maxbytes:2
20251110-03:35.34-468523(us) 19324 ! txn_stock_level (tpcc.cc:3398):     ERROR warehouse_id:2, cid:57055, maxbytes:2
20251110-03:35.34-469491(us) 19324 ! txn_stock_level (tpcc.cc:3398):     ERROR warehouse_id:2, cid:57055, maxbytes:2
20251110-03:35.34-469514(us) 19324 ! txn_stock_level (tpcc.cc:3398):     ERROR warehouse_id:2, cid:57055, maxbytes:2
20251110-03:35.34-469927(us) 19324 ! txn_stock_level (tpcc.cc:3398):     ERROR warehouse_id:2, cid:57055, maxbytes:2
20251110-03:35.34-595599(us) 19324 ! txn_stock_level (tpcc.cc:3398):     ERROR warehouse_id:1, cid:81127, maxbytes:2
20251110-03:35.34-595633(us) 19324 ! txn_stock_level (tpcc.cc:3398):     ERROR warehouse_id:1, cid:81127, maxbytes:2
20251110-03:35.34-611305(us) 19324 ! txn_stock_level (tpcc.cc:3398):     ERROR warehouse_id:1, cid:46823, maxbytes:2
20251110-03:35.34-611331(us) 19324 ! txn_stock_level (tpcc.cc:3398):     ERROR warehouse_id:1, cid:46823, maxbytes:2
20251110-03:35.34-611414(us) 19324 ! txn_stock_level (tpcc.cc:3398):     ERROR warehouse_id:1, cid:46823, maxbytes:2
20251110-03:35.34-611569(us) 19324 ! txn_stock_level (tpcc.cc:3398):     ERROR warehouse_id:1, cid:46823, maxbytes:2
20251110-03:35.34-612601(us) 19324 ! txn_stock_level (tpcc.cc:3398):     ERROR warehouse_id:1, cid:46823, maxbytes:2
20251110-03:35.34-614950(us) 19324 ! txn_stock_level (tpcc.cc:3398):     ERROR warehouse_id:1, cid:46823, maxbytes:2
20251110-03:35.34-988003(us) 19324 ! txn_stock_level (tpcc.cc:3398):     ERROR warehouse_id:1, cid:65126, maxbytes:2
20251110-03:35.34-988034(us) 19324 ! txn_stock_level (tpcc.cc:3398):     ERROR warehouse_id:1, cid:65126, maxbytes:2
20251110-03:35.34-988118(us) 19324 ! txn_stock_level (tpcc.cc:3398):     ERROR warehouse_id:1, cid:65126, maxbytes:2
20251110-03:35.35-41515(us) 19324 ! txn_stock_level (tpcc.cc:3398):     ERROR warehouse_id:1, cid:43239, maxbytes:2
20251110-03:35.35-42816(us) 19324 ! txn_stock_level (tpcc.cc:3398):     ERROR warehouse_id:1, cid:43239, maxbytes:2
20251110-03:35.35-42993(us) 19324 ! txn_stock_level (tpcc.cc:3398):     ERROR warehouse_id:1, cid:43239, maxbytes:2
20251110-03:35.35-43105(us) 19324 ! txn_stock_level (tpcc.cc:3398):     ERROR warehouse_id:1, cid:43239, maxbytes:2
20251110-03:35.35-44309(us) 19324 ! txn_stock_level (tpcc.cc:3398):     ERROR warehouse_id:1, cid:43239, maxbytes:2
20251110-03:35.35-47570(us) 19324 ! txn_stock_level (tpcc.cc:3398):     ERROR warehouse_id:1, cid:43239, maxbytes:2
20251110-03:35.35-47673(us) 19324 ! txn_stock_level (tpcc.cc:3398):     ERROR warehouse_id:1, cid:43239, maxbytes:2
20251110-03:35.35-47785(us) 19324 ! txn_stock_level (tpcc.cc:3398):     ERROR warehouse_id:1, cid:43239, maxbytes:2
20251110-03:35.35-48082(us) 19324 ! txn_stock_level (tpcc.cc:3398):     ERROR warehouse_id:1, cid:43239, maxbytes:2
20251110-03:35.35-56339(us) 19324 ! txn_stock_level (tpcc.cc:3398):     ERROR warehouse_id:1, cid:48823, maxbytes:2
20251110-03:35.35-56394(us) 19324 ! txn_stock_level (tpcc.cc:3398):     ERROR warehouse_id:1, cid:48823, maxbytes:2
20251110-03:35.35-56419(us) 19324 ! txn_stock_level (tpcc.cc:3398):     ERROR warehouse_id:1, cid:48823, maxbytes:2
20251110-03:35.35-56568(us) 19324 ! txn_stock_level (tpcc.cc:3398):     ERROR warehouse_id:1, cid:48823, maxbytes:2
20251110-03:35.35-56595(us) 19324 ! txn_stock_level (tpcc.cc:3398):     ERROR warehouse_id:1, cid:48823, maxbytes:2
20251110-03:35.35-56632(us) 19324 ! txn_stock_level (tpcc.cc:3398):     ERROR warehouse_id:1, cid:48823, maxbytes:2
20251110-03:35.35-56772(us) 19324 ! txn_stock_level (tpcc.cc:3398):     ERROR warehouse_id:1, cid:48823, maxbytes:2
20251110-03:35.35-57803(us) 19324 ! txn_stock_level (tpcc.cc:3398):     ERROR warehouse_id:1, cid:48823, maxbytes:2
20251110-03:35.35-58754(us) 19324 ! txn_stock_level (tpcc.cc:3398):     ERROR warehouse_id:1, cid:48823, maxbytes:2
20251110-03:35.35-59779(us) 19324 ! txn_stock_level (tpcc.cc:3398):     ERROR warehouse_id:1, cid:48823, maxbytes:2
20251110-03:35.35-60847(us) 19324 ! txn_stock_level (tpcc.cc:3398):     ERROR warehouse_id:1, cid:48823, maxbytes:2
20251110-03:35.35-60905(us) 19324 ! txn_stock_level (tpcc.cc:3398):     ERROR warehouse_id:1, cid:48823, maxbytes:2
20251110-03:35.35-97532(us) 19324 ! txn_stock_level (tpcc.cc:3398):     ERROR warehouse_id:1, cid:48871, maxbytes:2
20251110-03:35.35-97762(us) 19324 ! txn_stock_level (tpcc.cc:3398):     ERROR warehouse_id:1, cid:48871, maxbytes:2
20251110-03:35.35-98988(us) 19324 ! txn_stock_level (tpcc.cc:3398):     ERROR warehouse_id:1, cid:48871, maxbytes:2
20251110-03:35.35-99187(us) 19324 ! txn_stock_level (tpcc.cc:3398):     ERROR warehouse_id:1, cid:48871, maxbytes:2
20251110-03:35.35-99245(us) 19324 ! txn_stock_level (tpcc.cc:3398):     ERROR warehouse_id:1, cid:48871, maxbytes:2
20251110-03:35.35-99342(us) 19324 ! txn_stock_level (tpcc.cc:3398):     ERROR warehouse_id:1, cid:48871, maxbytes:2
20251110-03:35.35-142876(us) 19324 ! txn_stock_level (tpcc.cc:3398):     ERROR warehouse_id:2, cid:24286, maxbytes:2
20251110-03:35.35-143124(us) 19324 ! txn_stock_level (tpcc.cc:3398):     ERROR warehouse_id:2, cid:24286, maxbytes:2
20251110-03:35.35-143371(us) 19324 ! txn_stock_level (tpcc.cc:3398):     ERROR warehouse_id:2, cid:24286, maxbytes:2
20251110-03:35.35-143403(us) 19324 ! txn_stock_level (tpcc.cc:3398):     ERROR warehouse_id:2, cid:24286, maxbytes:2
20251110-03:35.35-146463(us) 19324 ! txn_stock_level (tpcc.cc:3398):     ERROR warehouse_id:2, cid:24286, maxbytes:2
20251110-03:35.35-146521(us) 19324 ! txn_stock_level (tpcc.cc:3398):     ERROR warehouse_id:2, cid:24286, maxbytes:2
20251110-03:35.35-146599(us) 19324 ! txn_stock_level (tpcc.cc:3398):     ERROR warehouse_id:2, cid:24286, maxbytes:2
20251110-03:35.35-146617(us) 19324 ! txn_stock_level (tpcc.cc:3398):     ERROR warehouse_id:2, cid:24286, maxbytes:2
20251110-03:35.35-148416(us) 19324 ! txn_stock_level (tpcc.cc:3398):     ERROR warehouse_id:2, cid:24286, maxbytes:2
20251110-03:35.35-148464(us) 19324 ! txn_stock_level (tpcc.cc:3398):     ERROR warehouse_id:2, cid:24286, maxbytes:2
20251110-03:35.35-150485(us) 19324 ! txn_stock_level (tpcc.cc:3398):     ERROR warehouse_id:2, cid:24286, maxbytes:2
20251110-03:35.35-150650(us) 19324 ! txn_stock_level (tpcc.cc:3398):     ERROR warehouse_id:2, cid:24286, maxbytes:2
20251110-03:35.35-150704(us) 19324 ! txn_stock_level (tpcc.cc:3398):     ERROR warehouse_id:2, cid:24286, maxbytes:2
20251110-03:35.35-150728(us) 19324 ! txn_stock_level (tpcc.cc:3398):     ERROR warehouse_id:2, cid:24286, maxbytes:2
20251110-03:35.35-151798(us) 19324 ! txn_stock_level (tpcc.cc:3398):     ERROR warehouse_id:2, cid:24286, maxbytes:2
20251110-03:35.35-152880(us) 19324 ! txn_stock_level (tpcc.cc:3398):     ERROR warehouse_id:2, cid:24286, maxbytes:2
20251110-03:35.35-152935(us) 19324 ! txn_stock_level (tpcc.cc:3398):     ERROR warehouse_id:2, cid:24286, maxbytes:2
20251110-03:35.35-154244(us) 19324 ! txn_stock_level (tpcc.cc:3398):     ERROR warehouse_id:2, cid:24286, maxbytes:2
20251110-03:35.35-154354(us) 19324 ! txn_stock_level (tpcc.cc:3398):     ERROR warehouse_id:2, cid:24286, maxbytes:2
20251110-03:35.35-154463(us) 19324 ! txn_stock_level (tpcc.cc:3398):     ERROR warehouse_id:2, cid:24286, maxbytes:2
20251110-03:35.35-166592(us) 19324 ! run             (bench.cc:473):     runtime time left:21000 ms, bool:1
20251110-03:35.35-169389(us) 19324 ! txn_stock_level (tpcc.cc:3398):     ERROR warehouse_id:2, cid:64735, maxbytes:2
20251110-03:35.35-236090(us) 19324 ! txn_stock_level (tpcc.cc:3398):     ERROR warehouse_id:2, cid:48743, maxbytes:2
20251110-03:35.35-236192(us) 19324 ! txn_stock_level (tpcc.cc:3398):     ERROR warehouse_id:2, cid:48743, maxbytes:2
20251110-03:35.35-236285(us) 19324 ! txn_stock_level (tpcc.cc:3398):     ERROR warehouse_id:2, cid:48743, maxbytes:2
20251110-03:35.35-236331(us) 19324 ! txn_stock_level (tpcc.cc:3398):     ERROR warehouse_id:2, cid:48743, maxbytes:2
20251110-03:35.35-236371(us) 19324 ! txn_stock_level (tpcc.cc:3398):     ERROR warehouse_id:2, cid:48743, maxbytes:2
20251110-03:35.35-236443(us) 19324 ! txn_stock_level (tpcc.cc:3398):     ERROR warehouse_id:2, cid:48743, maxbytes:2
20251110-03:35.35-236490(us) 19324 ! txn_stock_level (tpcc.cc:3398):     ERROR warehouse_id:2, cid:48743, maxbytes:2
20251110-03:35.35-236652(us) 19324 ! txn_stock_level (tpcc.cc:3398):     ERROR warehouse_id:2, cid:48743, maxbytes:2
20251110-03:35.35-236706(us) 19324 ! txn_stock_level (tpcc.cc:3398):     ERROR warehouse_id:2, cid:48743, maxbytes:2
20251110-03:35.35-236802(us) 19324 ! txn_stock_level (tpcc.cc:3398):     ERROR warehouse_id:2, cid:48743, maxbytes:2
20251110-03:35.35-243138(us) 19324 ! txn_stock_level (tpcc.cc:3398):     ERROR warehouse_id:2, cid:57062, maxbytes:2
20251110-03:35.35-243186(us) 19324 ! txn_stock_level (tpcc.cc:3398):     ERROR warehouse_id:2, cid:57062, maxbytes:2
20251110-03:35.35-243605(us) 19324 ! txn_stock_level (tpcc.cc:3398):     ERROR warehouse_id:2, cid:57062, maxbytes:2
20251110-03:35.35-244845(us) 19324 ! txn_stock_level (tpcc.cc:3398):     ERROR warehouse_id:2, cid:57062, maxbytes:2
20251110-03:35.35-245303(us) 19324 ! txn_stock_level (tpcc.cc:3398):     ERROR warehouse_id:2, cid:57062, maxbytes:2
20251110-03:35.35-274569(us) 19324 ! txn_stock_level (tpcc.cc:3398):     ERROR warehouse_id:2, cid:32487, maxbytes:2
20251110-03:35.35-293227(us) 19324 ! txn_stock_level (tpcc.cc:3398):     ERROR warehouse_id:1, cid:57062, maxbytes:2
20251110-03:35.35-293260(us) 19324 ! txn_stock_level (tpcc.cc:3398):     ERROR warehouse_id:1, cid:57062, maxbytes:2
20251110-03:35.35-295146(us) 19324 ! txn_stock_level (tpcc.cc:3398):     ERROR warehouse_id:1, cid:57062, maxbytes:2
20251110-03:35.35-385826(us) 19324 ! txn_stock_level (tpcc.cc:3398):     ERROR warehouse_id:1, cid:73443, maxbytes:2
20251110-03:35.35-477677(us) 19324 ! txn_stock_level (tpcc.cc:3398):     ERROR warehouse_id:1, cid:63207, maxbytes:2
20251110-03:35.35-477841(us) 19324 ! txn_stock_level (tpcc.cc:3398):     ERROR warehouse_id:1, cid:63207, maxbytes:2
20251110-03:35.35-477892(us) 19324 ! txn_stock_level (tpcc.cc:3398):     ERROR warehouse_id:1, cid:63207, maxbytes:2
20251110-03:35.35-477908(us) 19324 ! txn_stock_level (tpcc.cc:3398):     ERROR warehouse_id:1, cid:63207, maxbytes:2
20251110-03:35.35-477933(us) 19324 ! txn_stock_level (tpcc.cc:3398):     ERROR warehouse_id:1, cid:63207, maxbytes:2
20251110-03:35.35-478082(us) 19324 ! txn_stock_level (tpcc.cc:3398):     ERROR warehouse_id:1, cid:63207, maxbytes:2
20251110-03:35.35-478100(us) 19324 ! txn_stock_level (tpcc.cc:3398):     ERROR warehouse_id:1, cid:63207, maxbytes:2
20251110-03:35.35-478167(us) 19324 ! txn_stock_level (tpcc.cc:3398):     ERROR warehouse_id:1, cid:63207, maxbytes:2
20251110-03:35.35-478202(us) 19324 ! txn_stock_level (tpcc.cc:3398):     ERROR warehouse_id:1, cid:63207, maxbytes:2
20251110-03:35.35-480107(us) 19324 ! txn_stock_level (tpcc.cc:3398):     ERROR warehouse_id:1, cid:63207, maxbytes:2
20251110-03:35.35-480211(us) 19324 ! txn_stock_level (tpcc.cc:3398):     ERROR warehouse_id:1, cid:63207, maxbytes:2
20251110-03:35.35-480270(us) 19324 ! txn_stock_level (tpcc.cc:3398):     ERROR warehouse_id:1, cid:63207, maxbytes:2
20251110-03:35.35-481319(us) 19324 ! txn_stock_level (tpcc.cc:3398):     ERROR warehouse_id:1, cid:63207, maxbytes:2
20251110-03:35.35-482567(us) 19324 ! txn_stock_level (tpcc.cc:3398):     ERROR warehouse_id:1, cid:63207, maxbytes:2
20251110-03:35.35-482664(us) 19324 ! txn_stock_level (tpcc.cc:3398):     ERROR warehouse_id:1, cid:63207, maxbytes:2
20251110-03:35.35-482678(us) 19324 ! txn_stock_level (tpcc.cc:3398):     ERROR warehouse_id:1, cid:63207, maxbytes:2
20251110-03:35.35-482936(us) 19324 ! txn_stock_level (tpcc.cc:3398):     ERROR warehouse_id:1, cid:63207, maxbytes:2
20251110-03:35.35-482967(us) 19324 ! txn_stock_level (tpcc.cc:3398):     ERROR warehouse_id:1, cid:63207, maxbytes:2
20251110-03:35.35-482996(us) 19324 ! txn_stock_level (tpcc.cc:3398):     ERROR warehouse_id:1, cid:63207, maxbytes:2
20251110-03:35.35-483071(us) 19324 ! txn_stock_level (tpcc.cc:3398):     ERROR warehouse_id:1, cid:63207, maxbytes:2
20251110-03:35.35-483214(us) 19324 ! txn_stock_level (tpcc.cc:3398):     ERROR warehouse_id:1, cid:63207, maxbytes:2
20251110-03:35.35-483226(us) 19324 ! txn_stock_level (tpcc.cc:3398):     ERROR warehouse_id:1, cid:63207, maxbytes:2
20251110-03:35.35-483235(us) 19324 ! txn_stock_level (tpcc.cc:3398):     ERROR warehouse_id:1, cid:63207, maxbytes:2
20251110-03:35.35-485385(us) 19324 ! txn_stock_level (tpcc.cc:3398):     ERROR warehouse_id:1, cid:63207, maxbytes:2
20251110-03:35.35-485468(us) 19324 ! txn_stock_level (tpcc.cc:3398):     ERROR warehouse_id:1, cid:63207, maxbytes:2
20251110-03:35.35-485548(us) 19324 ! txn_stock_level (tpcc.cc:3398):     ERROR warehouse_id:1, cid:63207, maxbytes:2
20251110-03:35.35-487787(us) 19324 ! txn_stock_level (tpcc.cc:3398):     ERROR warehouse_id:1, cid:63207, maxbytes:2
20251110-03:35.35-491001(us) 19324 ! txn_stock_level (tpcc.cc:3398):     ERROR warehouse_id:1, cid:40543, maxbytes:2
20251110-03:35.35-491057(us) 19324 ! txn_stock_level (tpcc.cc:3398):     ERROR warehouse_id:1, cid:40543, maxbytes:2
20251110-03:35.35-493173(us) 19324 ! txn_stock_level (tpcc.cc:3398):     ERROR warehouse_id:1, cid:40543, maxbytes:2
20251110-03:35.35-493495(us) 19324 ! txn_stock_level (tpcc.cc:3398):     ERROR warehouse_id:1, cid:40543, maxbytes:2
20251110-03:35.35-493509(us) 19324 ! txn_stock_level (tpcc.cc:3398):     ERROR warehouse_id:1, cid:40543, maxbytes:2
20251110-03:35.35-493520(us) 19324 ! txn_stock_level (tpcc.cc:3398):     ERROR warehouse_id:1, cid:40543, maxbytes:2
20251110-03:35.35-493606(us) 19324 ! txn_stock_level (tpcc.cc:3398):     ERROR warehouse_id:1, cid:40543, maxbytes:2
20251110-03:35.35-493703(us) 19324 ! txn_stock_level (tpcc.cc:3398):     ERROR warehouse_id:1, cid:40543, maxbytes:2
20251110-03:35.35-493821(us) 19324 ! txn_stock_level (tpcc.cc:3398):     ERROR warehouse_id:1, cid:40543, maxbytes:2
20251110-03:35.35-495058(us) 19324 ! txn_stock_level (tpcc.cc:3398):     ERROR warehouse_id:1, cid:40543, maxbytes:2
20251110-03:35.35-495090(us) 19324 ! txn_stock_level (tpcc.cc:3398):     ERROR warehouse_id:1, cid:40543, maxbytes:2
20251110-03:35.35-495114(us) 19324 ! txn_stock_level (tpcc.cc:3398):     ERROR warehouse_id:1, cid:40543, maxbytes:2
20251110-03:35.35-499258(us) 19324 ! txn_stock_level (tpcc.cc:3398):     ERROR warehouse_id:1, cid:40543, maxbytes:2
20251110-03:35.35-499378(us) 19324 ! txn_stock_level (tpcc.cc:3398):     ERROR warehouse_id:1, cid:40543, maxbytes:2
20251110-03:35.35-499459(us) 19324 ! txn_stock_level (tpcc.cc:3398):     ERROR warehouse_id:1, cid:40543, maxbytes:2
20251110-03:35.35-499560(us) 19324 ! txn_stock_level (tpcc.cc:3398):     ERROR warehouse_id:1, cid:63207, maxbytes:2
20251110-03:35.35-499598(us) 19324 ! txn_stock_level (tpcc.cc:3398):     ERROR warehouse_id:1, cid:63207, maxbytes:2
20251110-03:35.35-500593(us) 19324 ! txn_stock_level (tpcc.cc:3398):     ERROR warehouse_id:1, cid:63207, maxbytes:2
20251110-03:35.35-562816(us) 19324 ! txn_stock_level (tpcc.cc:3398):     ERROR warehouse_id:1, cid:3142, maxbytes:2
20251110-03:35.35-562874(us) 19324 ! txn_stock_level (tpcc.cc:3398):     ERROR warehouse_id:1, cid:3142, maxbytes:2
20251110-03:35.35-562929(us) 19324 ! txn_stock_level (tpcc.cc:3398):     ERROR warehouse_id:1, cid:3142, maxbytes:2
20251110-03:35.35-563890(us) 19324 ! txn_stock_level (tpcc.cc:3398):     ERROR warehouse_id:1, cid:3142, maxbytes:2
20251110-03:35.35-565986(us) 19324 ! txn_stock_level (tpcc.cc:3398):     ERROR warehouse_id:1, cid:3142, maxbytes:2
20251110-03:35.35-566161(us) 19324 ! txn_stock_level (tpcc.cc:3398):     ERROR warehouse_id:1, cid:3142, maxbytes:2
20251110-03:35.35-570086(us) 19324 ! txn_stock_level (tpcc.cc:3398):     ERROR warehouse_id:1, cid:3142, maxbytes:2
20251110-03:35.35-571094(us) 19324 ! txn_stock_level (tpcc.cc:3398):     ERROR warehouse_id:1, cid:3142, maxbytes:2
20251110-03:35.35-571565(us) 19324 ! txn_stock_level (tpcc.cc:3398):     ERROR warehouse_id:1, cid:3142, maxbytes:2
20251110-03:35.35-571865(us) 19324 ! txn_stock_level (tpcc.cc:3398):     ERROR warehouse_id:1, cid:3142, maxbytes:2
20251110-03:35.35-571950(us) 19324 ! txn_stock_level (tpcc.cc:3398):     ERROR warehouse_id:1, cid:3142, maxbytes:2
20251110-03:35.35-573030(us) 19324 ! txn_stock_level (tpcc.cc:3398):     ERROR warehouse_id:1, cid:3142, maxbytes:2
20251110-03:35.35-573158(us) 19324 ! txn_stock_level (tpcc.cc:3398):     ERROR warehouse_id:1, cid:3142, maxbytes:2
20251110-03:35.35-574472(us) 19324 ! txn_stock_level (tpcc.cc:3398):     ERROR warehouse_id:1, cid:3142, maxbytes:2
20251110-03:35.35-574549(us) 19324 ! txn_stock_level (tpcc.cc:3398):     ERROR warehouse_id:1, cid:3142, maxbytes:2
20251110-03:35.35-577520(us) 19324 ! txn_stock_level (tpcc.cc:3398):     ERROR warehouse_id:1, cid:3142, maxbytes:2
20251110-03:35.35-577549(us) 19324 ! txn_stock_level (tpcc.cc:3398):     ERROR warehouse_id:1, cid:3142, maxbytes:2
20251110-03:35.35-579020(us) 19324 ! txn_stock_level (tpcc.cc:3398):     ERROR warehouse_id:1, cid:3142, maxbytes:2
20251110-03:35.35-579126(us) 19324 ! txn_stock_level (tpcc.cc:3398):     ERROR warehouse_id:1, cid:3142, maxbytes:2
20251110-03:35.35-580299(us) 19324 ! txn_stock_level (tpcc.cc:3398):     ERROR warehouse_id:1, cid:3142, maxbytes:2
20251110-03:35.35-580372(us) 19324 ! txn_stock_level (tpcc.cc:3398):     ERROR warehouse_id:1, cid:3142, maxbytes:2
20251110-03:35.35-580398(us) 19324 ! txn_stock_level (tpcc.cc:3398):     ERROR warehouse_id:1, cid:3142, maxbytes:2
20251110-03:35.35-580636(us) 19324 ! txn_stock_level (tpcc.cc:3398):     ERROR warehouse_id:1, cid:3142, maxbytes:2
20251110-03:35.35-580748(us) 19324 ! txn_stock_level (tpcc.cc:3398):     ERROR warehouse_id:1, cid:3142, maxbytes:2
20251110-03:35.35-635703(us) 19324 ! txn_stock_level (tpcc.cc:3398):     ERROR warehouse_id:1, cid:89829, maxbytes:2
20251110-03:35.35-635749(us) 19324 ! txn_stock_level (tpcc.cc:3398):     ERROR warehouse_id:1, cid:89829, maxbytes:2
20251110-03:35.35-637849(us) 19324 ! txn_stock_level (tpcc.cc:3398):     ERROR warehouse_id:1, cid:89829, maxbytes:2
20251110-03:35.35-637926(us) 19324 ! txn_stock_level (tpcc.cc:3398):     ERROR warehouse_id:1, cid:89829, maxbytes:2
20251110-03:35.35-639248(us) 19324 ! txn_stock_level (tpcc.cc:3398):     ERROR warehouse_id:1, cid:89829, maxbytes:2
20251110-03:35.35-639341(us) 19324 ! txn_stock_level (tpcc.cc:3398):     ERROR warehouse_id:1, cid:89829, maxbytes:2
20251110-03:35.35-639411(us) 19324 ! txn_stock_level (tpcc.cc:3398):     ERROR warehouse_id:1, cid:89829, maxbytes:2
20251110-03:35.35-652324(us) 19324 ! txn_stock_level (tpcc.cc:3398):     ERROR warehouse_id:1, cid:32325, maxbytes:2
20251110-03:35.35-675472(us) 19324 ! txn_stock_level (tpcc.cc:3398):     ERROR warehouse_id:2, cid:38575, maxbytes:2
20251110-03:35.35-676456(us) 19324 ! txn_stock_level (tpcc.cc:3398):     ERROR warehouse_id:2, cid:38575, maxbytes:2
20251110-03:35.35-677668(us) 19324 ! txn_stock_level (tpcc.cc:3398):     ERROR warehouse_id:2, cid:38575, maxbytes:2
20251110-03:35.35-731298(us) 19324 ! txn_stock_level (tpcc.cc:3398):     ERROR warehouse_id:2, cid:13023, maxbytes:2
20251110-03:35.35-731507(us) 19324 ! txn_stock_level (tpcc.cc:3398):     ERROR warehouse_id:2, cid:13023, maxbytes:2
20251110-03:35.35-732520(us) 19324 ! txn_stock_level (tpcc.cc:3398):     ERROR warehouse_id:2, cid:13023, maxbytes:2
20251110-03:35.35-732871(us) 19324 ! txn_stock_level (tpcc.cc:3398):     ERROR warehouse_id:2, cid:13023, maxbytes:2
20251110-03:35.35-734629(us) 19324 ! txn_stock_level (tpcc.cc:3398):     ERROR warehouse_id:2, cid:13023, maxbytes:2
20251110-03:35.35-735670(us) 19324 ! txn_stock_level (tpcc.cc:3398):     ERROR warehouse_id:2, cid:13023, maxbytes:2
20251110-03:35.35-736786(us) 19324 ! txn_stock_level (tpcc.cc:3398):     ERROR warehouse_id:2, cid:13023, maxbytes:2
20251110-03:35.35-736840(us) 19324 ! txn_stock_level (tpcc.cc:3398):     ERROR warehouse_id:2, cid:13023, maxbytes:2
20251110-03:35.35-736908(us) 19324 ! txn_stock_level (tpcc.cc:3398):     ERROR warehouse_id:2, cid:13023, maxbytes:2
20251110-03:35.35-736959(us) 19324 ! txn_stock_level (tpcc.cc:3398):     ERROR warehouse_id:2, cid:13023, maxbytes:2
20251110-03:35.35-740264(us) 19324 ! txn_stock_level (tpcc.cc:3398):     ERROR warehouse_id:2, cid:13023, maxbytes:2
20251110-03:35.35-838115(us) 19324 ! txn_stock_level (tpcc.cc:3398):     ERROR warehouse_id:2, cid:89702, maxbytes:2
20251110-03:35.35-840140(us) 19324 ! txn_stock_level (tpcc.cc:3398):     ERROR warehouse_id:2, cid:89702, maxbytes:2
20251110-03:35.35-840322(us) 19324 ! txn_stock_level (tpcc.cc:3398):     ERROR warehouse_id:2, cid:89702, maxbytes:2
20251110-03:35.35-840539(us) 19324 ! txn_stock_level (tpcc.cc:3398):     ERROR warehouse_id:2, cid:89702, maxbytes:2
20251110-03:35.35-840557(us) 19324 ! txn_stock_level (tpcc.cc:3398):     ERROR warehouse_id:2, cid:89702, maxbytes:2
20251110-03:35.35-840598(us) 19324 ! txn_stock_level (tpcc.cc:3398):     ERROR warehouse_id:2, cid:89702, maxbytes:2
20251110-03:35.35-840614(us) 19324 ! txn_stock_level (tpcc.cc:3398):     ERROR warehouse_id:2, cid:89702, maxbytes:2
20251110-03:35.35-840635(us) 19324 ! txn_stock_level (tpcc.cc:3398):     ERROR warehouse_id:2, cid:89702, maxbytes:2
20251110-03:35.35-840740(us) 19324 ! txn_stock_level (tpcc.cc:3398):     ERROR warehouse_id:2, cid:89702, maxbytes:2
20251110-03:35.35-840970(us) 19324 ! txn_stock_level (tpcc.cc:3398):     ERROR warehouse_id:2, cid:89702, maxbytes:2
20251110-03:35.35-841014(us) 19324 ! txn_stock_level (tpcc.cc:3398):     ERROR warehouse_id:2, cid:89702, maxbytes:2
20251110-03:35.35-842927(us) 19324 ! txn_stock_level (tpcc.cc:3398):     ERROR warehouse_id:2, cid:89702, maxbytes:2
20251110-03:35.35-842971(us) 19324 ! txn_stock_level (tpcc.cc:3398):     ERROR warehouse_id:2, cid:89702, maxbytes:2
20251110-03:35.35-843041(us) 19324 ! txn_stock_level (tpcc.cc:3398):     ERROR warehouse_id:2, cid:89702, maxbytes:2
20251110-03:35.35-843092(us) 19324 ! txn_stock_level (tpcc.cc:3398):     ERROR warehouse_id:2, cid:89702, maxbytes:2
20251110-03:35.35-844165(us) 19324 ! txn_stock_level (tpcc.cc:3398):     ERROR warehouse_id:2, cid:89702, maxbytes:2
20251110-03:35.35-844225(us) 19324 ! txn_stock_level (tpcc.cc:3398):     ERROR warehouse_id:2, cid:89702, maxbytes:2
20251110-03:35.35-844248(us) 19324 ! txn_stock_level (tpcc.cc:3398):     ERROR warehouse_id:2, cid:89702, maxbytes:2
20251110-03:35.35-845406(us) 19324 ! txn_stock_level (tpcc.cc:3398):     ERROR warehouse_id:2, cid:89702, maxbytes:2
20251110-03:35.35-845560(us) 19324 ! txn_stock_level (tpcc.cc:3398):     ERROR warehouse_id:2, cid:89702, maxbytes:2
20251110-03:35.35-846737(us) 19324 ! txn_stock_level (tpcc.cc:3398):     ERROR warehouse_id:2, cid:89702, maxbytes:2
20251110-03:35.35-846771(us) 19324 ! txn_stock_level (tpcc.cc:3398):     ERROR warehouse_id:2, cid:89702, maxbytes:2
20251110-03:35.35-846806(us) 19324 ! txn_stock_level (tpcc.cc:3398):     ERROR warehouse_id:2, cid:89702, maxbytes:2
20251110-03:35.35-846825(us) 19324 ! txn_stock_level (tpcc.cc:3398):     ERROR warehouse_id:2, cid:89702, maxbytes:2
20251110-03:35.35-847039(us) 19324 ! txn_stock_level (tpcc.cc:3398):     ERROR warehouse_id:2, cid:89702, maxbytes:2
20251110-03:35.35-847102(us) 19324 ! txn_stock_level (tpcc.cc:3398):     ERROR warehouse_id:2, cid:89702, maxbytes:2
20251110-03:35.35-847253(us) 19324 ! txn_stock_level (tpcc.cc:3398):     ERROR warehouse_id:2, cid:89702, maxbytes:2
20251110-03:35.35-847274(us) 19324 ! txn_stock_level (tpcc.cc:3398):     ERROR warehouse_id:2, cid:89702, maxbytes:2
20251110-03:35.35-887051(us) 19324 ! txn_stock_level (tpcc.cc:3398):     ERROR warehouse_id:1, cid:24293, maxbytes:2
20251110-03:35.35-887128(us) 19324 ! txn_stock_level (tpcc.cc:3398):     ERROR warehouse_id:1, cid:24293, maxbytes:2
20251110-03:35.35-888063(us) 19324 ! txn_stock_level (tpcc.cc:3398):     ERROR warehouse_id:1, cid:24293, maxbytes:2
20251110-03:35.35-888266(us) 19324 ! txn_stock_level (tpcc.cc:3398):     ERROR warehouse_id:1, cid:24293, maxbytes:2
20251110-03:35.35-891343(us) 19324 ! txn_stock_level (tpcc.cc:3398):     ERROR warehouse_id:1, cid:24293, maxbytes:2
20251110-03:35.35-891373(us) 19324 ! txn_stock_level (tpcc.cc:3398):     ERROR warehouse_id:1, cid:24293, maxbytes:2
20251110-03:35.35-891424(us) 19324 ! txn_stock_level (tpcc.cc:3398):     ERROR warehouse_id:1, cid:24293, maxbytes:2
20251110-03:35.35-891448(us) 19324 ! txn_stock_level (tpcc.cc:3398):     ERROR warehouse_id:1, cid:24293, maxbytes:2
20251110-03:35.35-892369(us) 19324 ! txn_stock_level (tpcc.cc:3398):     ERROR warehouse_id:1, cid:24293, maxbytes:2
20251110-03:35.35-905170(us) 19324 ! txn_stock_level (tpcc.cc:3398):     ERROR warehouse_id:1, cid:32423, maxbytes:2
20251110-03:35.35-906798(us) 19324 ! txn_stock_level (tpcc.cc:3398):     ERROR warehouse_id:2, cid:63143, maxbytes:2
20251110-03:35.35-907647(us) 19324 ! txn_stock_level (tpcc.cc:3398):     ERROR warehouse_id:2, cid:63143, maxbytes:2
20251110-03:35.35-909485(us) 19324 ! txn_stock_level (tpcc.cc:3398):     ERROR warehouse_id:2, cid:63143, maxbytes:2
20251110-03:35.35-909632(us) 19324 ! txn_stock_level (tpcc.cc:3398):     ERROR warehouse_id:2, cid:63143, maxbytes:2
20251110-03:35.35-909721(us) 19324 ! txn_stock_level (tpcc.cc:3398):     ERROR warehouse_id:2, cid:63143, maxbytes:2
20251110-03:35.35-909856(us) 19324 ! txn_stock_level (tpcc.cc:3398):     ERROR warehouse_id:2, cid:63143, maxbytes:2
20251110-03:35.35-909870(us) 19324 ! txn_stock_level (tpcc.cc:3398):     ERROR warehouse_id:2, cid:63143, maxbytes:2
20251110-03:35.35-909980(us) 19324 ! txn_stock_level (tpcc.cc:3398):     ERROR warehouse_id:2, cid:63143, maxbytes:2
20251110-03:35.35-911050(us) 19324 ! txn_stock_level (tpcc.cc:3398):     ERROR warehouse_id:2, cid:63143, maxbytes:2
20251110-03:35.35-913284(us) 19324 ! txn_stock_level (tpcc.cc:3398):     ERROR warehouse_id:2, cid:63143, maxbytes:2
20251110-03:35.35-913400(us) 19324 ! txn_stock_level (tpcc.cc:3398):     ERROR warehouse_id:2, cid:63143, maxbytes:2
20251110-03:35.35-914621(us) 19324 ! txn_stock_level (tpcc.cc:3398):     ERROR warehouse_id:2, cid:63143, maxbytes:2
20251110-03:35.35-914757(us) 19324 ! txn_stock_level (tpcc.cc:3398):     ERROR warehouse_id:2, cid:63143, maxbytes:2
20251110-03:35.35-915066(us) 19324 ! txn_stock_level (tpcc.cc:3398):     ERROR warehouse_id:2, cid:63143, maxbytes:2
20251110-03:35.35-915166(us) 19324 ! txn_stock_level (tpcc.cc:3398):     ERROR warehouse_id:2, cid:63143, maxbytes:2
20251110-03:35.35-915177(us) 19324 ! txn_stock_level (tpcc.cc:3398):     ERROR warehouse_id:2, cid:63143, maxbytes:2
20251110-03:35.35-915320(us) 19324 ! txn_stock_level (tpcc.cc:3398):     ERROR warehouse_id:2, cid:63143, maxbytes:2
20251110-03:35.35-937061(us) 19324 ! txn_stock_level (tpcc.cc:3398):     ERROR warehouse_id:1, cid:97895, maxbytes:2
20251110-03:35.35-938620(us) 19324 ! txn_stock_level (tpcc.cc:3398):     ERROR warehouse_id:1, cid:97895, maxbytes:2
20251110-03:35.35-938760(us) 19324 ! txn_stock_level (tpcc.cc:3398):     ERROR warehouse_id:1, cid:97895, maxbytes:2
20251110-03:35.35-938867(us) 19324 ! txn_stock_level (tpcc.cc:3398):     ERROR warehouse_id:1, cid:97895, maxbytes:2
20251110-03:35.35-938889(us) 19324 ! txn_stock_level (tpcc.cc:3398):     ERROR warehouse_id:1, cid:97895, maxbytes:2
20251110-03:35.35-938977(us) 19324 ! txn_stock_level (tpcc.cc:3398):     ERROR warehouse_id:1, cid:97895, maxbytes:2
20251110-03:35.35-939075(us) 19324 ! txn_stock_level (tpcc.cc:3398):     ERROR warehouse_id:1, cid:97895, maxbytes:2
20251110-03:35.35-939222(us) 19324 ! txn_stock_level (tpcc.cc:3398):     ERROR warehouse_id:1, cid:97895, maxbytes:2
20251110-03:35.35-939547(us) 19324 ! txn_stock_level (tpcc.cc:3398):     ERROR warehouse_id:1, cid:97895, maxbytes:2
20251110-03:35.35-939615(us) 19324 ! txn_stock_level (tpcc.cc:3398):     ERROR warehouse_id:1, cid:97895, maxbytes:2
20251110-03:35.35-939639(us) 19324 ! txn_stock_level (tpcc.cc:3398):     ERROR warehouse_id:1, cid:97895, maxbytes:2
20251110-03:35.35-939707(us) 19324 ! txn_stock_level (tpcc.cc:3398):     ERROR warehouse_id:1, cid:97895, maxbytes:2
20251110-03:35.35-939773(us) 19324 ! txn_stock_level (tpcc.cc:3398):     ERROR warehouse_id:1, cid:97895, maxbytes:2
20251110-03:35.35-940100(us) 19324 ! txn_stock_level (tpcc.cc:3398):     ERROR warehouse_id:1, cid:97895, maxbytes:2
20251110-03:35.35-941103(us) 19324 ! txn_stock_level (tpcc.cc:3398):     ERROR warehouse_id:1, cid:97895, maxbytes:2
20251110-03:35.35-987507(us) 19324 ! txn_stock_level (tpcc.cc:3398):     ERROR warehouse_id:1, cid:95943, maxbytes:2
20251110-03:35.35-987607(us) 19324 ! txn_stock_level (tpcc.cc:3398):     ERROR warehouse_id:1, cid:95943, maxbytes:2
20251110-03:35.35-987808(us) 19324 ! txn_stock_level (tpcc.cc:3398):     ERROR warehouse_id:1, cid:95943, maxbytes:2
20251110-03:35.35-988727(us) 19324 ! txn_stock_level (tpcc.cc:3398):     ERROR warehouse_id:1, cid:95943, maxbytes:2
20251110-03:35.35-988890(us) 19324 ! txn_stock_level (tpcc.cc:3398):     ERROR warehouse_id:1, cid:95943, maxbytes:2
20251110-03:35.35-988951(us) 19324 ! txn_stock_level (tpcc.cc:3398):     ERROR warehouse_id:1, cid:95943, maxbytes:2
20251110-03:35.35-989206(us) 19324 ! txn_stock_level (tpcc.cc:3398):     ERROR warehouse_id:1, cid:95943, maxbytes:2
20251110-03:35.35-991016(us) 19324 ! txn_stock_level (tpcc.cc:3398):     ERROR warehouse_id:1, cid:95943, maxbytes:2
20251110-03:35.35-992225(us) 19324 ! txn_stock_level (tpcc.cc:3398):     ERROR warehouse_id:1, cid:95943, maxbytes:2
20251110-03:35.35-992296(us) 19324 ! txn_stock_level (tpcc.cc:3398):     ERROR warehouse_id:1, cid:95943, maxbytes:2
20251110-03:35.35-994539(us) 19324 ! txn_stock_level (tpcc.cc:3398):     ERROR warehouse_id:1, cid:95943, maxbytes:2
20251110-03:35.36-38966(us) 19324 ! txn_stock_level (tpcc.cc:3398):     ERROR warehouse_id:2, cid:32468, maxbytes:2
20251110-03:35.36-39951(us) 19324 ! txn_stock_level (tpcc.cc:3398):     ERROR warehouse_id:2, cid:32468, maxbytes:2
20251110-03:35.36-159349(us) 19324 ! txn_stock_level (tpcc.cc:3398):     ERROR warehouse_id:2, cid:44775, maxbytes:2
20251110-03:35.36-161874(us) 19324 ! txn_stock_level (tpcc.cc:3398):     ERROR warehouse_id:2, cid:44775, maxbytes:2
20251110-03:35.36-162873(us) 19324 ! txn_stock_level (tpcc.cc:3398):     ERROR warehouse_id:2, cid:44775, maxbytes:2
20251110-03:35.36-163806(us) 19324 ! txn_stock_level (tpcc.cc:3398):     ERROR warehouse_id:2, cid:44775, maxbytes:2
20251110-03:35.36-163884(us) 19324 ! txn_stock_level (tpcc.cc:3398):     ERROR warehouse_id:2, cid:44775, maxbytes:2
20251110-03:35.36-164813(us) 19324 ! txn_stock_level (tpcc.cc:3398):     ERROR warehouse_id:2, cid:44775, maxbytes:2
20251110-03:35.36-164851(us) 19324 ! txn_stock_level (tpcc.cc:3398):     ERROR warehouse_id:2, cid:44775, maxbytes:2
20251110-03:35.36-164882(us) 19324 ! txn_stock_level (tpcc.cc:3398):     ERROR warehouse_id:2, cid:44775, maxbytes:2
20251110-03:35.36-165725(us) 19324 ! txn_stock_level (tpcc.cc:3398):     ERROR warehouse_id:2, cid:44775, maxbytes:2
20251110-03:35.36-165804(us) 19324 ! txn_stock_level (tpcc.cc:3398):     ERROR warehouse_id:2, cid:44775, maxbytes:2
20251110-03:35.36-165842(us) 19324 ! txn_stock_level (tpcc.cc:3398):     ERROR warehouse_id:2, cid:44775, maxbytes:2
20251110-03:35.36-166825(us) 19324 ! txn_stock_level (tpcc.cc:3398):     ERROR warehouse_id:2, cid:95975, maxbytes:2
20251110-03:35.36-166899(us) 19324 ! txn_stock_level (tpcc.cc:3398):     ERROR warehouse_id:2, cid:95975, maxbytes:2
20251110-03:35.36-168851(us) 19324 ! txn_stock_level (tpcc.cc:3398):     ERROR warehouse_id:2, cid:95975, maxbytes:2
20251110-03:35.36-169904(us) 19324 ! txn_stock_level (tpcc.cc:3398):     ERROR warehouse_id:2, cid:95975, maxbytes:2
20251110-03:35.36-170448(us) 19324 ! txn_stock_level (tpcc.cc:3398):     ERROR warehouse_id:2, cid:95975, maxbytes:2
20251110-03:35.36-170663(us) 19324 ! txn_stock_level (tpcc.cc:3398):     ERROR warehouse_id:2, cid:95975, maxbytes:2
20251110-03:35.36-172100(us) 19324 ! run             (bench.cc:473):     runtime time left:20000 ms, bool:1
20251110-03:35.36-172678(us) 19324 ! txn_stock_level (tpcc.cc:3398):     ERROR warehouse_id:2, cid:95975, maxbytes:2
20251110-03:35.36-172973(us) 19324 ! txn_stock_level (tpcc.cc:3398):     ERROR warehouse_id:2, cid:95975, maxbytes:2
20251110-03:35.36-172992(us) 19324 ! txn_stock_level (tpcc.cc:3398):     ERROR warehouse_id:2, cid:95975, maxbytes:2
20251110-03:35.36-173012(us) 19324 ! txn_stock_level (tpcc.cc:3398):     ERROR warehouse_id:2, cid:95975, maxbytes:2
20251110-03:35.36-173031(us) 19324 ! txn_stock_level (tpcc.cc:3398):     ERROR warehouse_id:2, cid:95975, maxbytes:2
20251110-03:35.36-173072(us) 19324 ! txn_stock_level (tpcc.cc:3398):     ERROR warehouse_id:2, cid:95975, maxbytes:2
20251110-03:35.36-173086(us) 19324 ! txn_stock_level (tpcc.cc:3398):     ERROR warehouse_id:2, cid:95975, maxbytes:2
20251110-03:35.36-173125(us) 19324 ! txn_stock_level (tpcc.cc:3398):     ERROR warehouse_id:2, cid:95975, maxbytes:2
20251110-03:35.36-173136(us) 19324 ! txn_stock_level (tpcc.cc:3398):     ERROR warehouse_id:2, cid:95975, maxbytes:2
20251110-03:35.36-236842(us) 19324 ! txn_stock_level (tpcc.cc:3398):     ERROR warehouse_id:2, cid:6211, maxbytes:2
20251110-03:35.36-236881(us) 19324 ! txn_stock_level (tpcc.cc:3398):     ERROR warehouse_id:2, cid:6211, maxbytes:2
20251110-03:35.36-236964(us) 19324 ! txn_stock_level (tpcc.cc:3398):     ERROR warehouse_id:2, cid:6211, maxbytes:2
20251110-03:35.36-237053(us) 19324 ! txn_stock_level (tpcc.cc:3398):     ERROR warehouse_id:2, cid:6211, maxbytes:2
20251110-03:35.36-237184(us) 19324 ! txn_stock_level (tpcc.cc:3398):     ERROR warehouse_id:2, cid:6211, maxbytes:2
20251110-03:35.36-238195(us) 19324 ! txn_stock_level (tpcc.cc:3398):     ERROR warehouse_id:2, cid:6211, maxbytes:2
20251110-03:35.36-238409(us) 19324 ! txn_stock_level (tpcc.cc:3398):     ERROR warehouse_id:2, cid:6211, maxbytes:2
20251110-03:35.36-307917(us) 19324 ! txn_stock_level (tpcc.cc:3398):     ERROR warehouse_id:2, cid:24279, maxbytes:2
20251110-03:35.36-308042(us) 19324 ! txn_stock_level (tpcc.cc:3398):     ERROR warehouse_id:2, cid:24279, maxbytes:2
20251110-03:35.36-308069(us) 19324 ! txn_stock_level (tpcc.cc:3398):     ERROR warehouse_id:2, cid:24279, maxbytes:2
20251110-03:35.36-308086(us) 19324 ! txn_stock_level (tpcc.cc:3398):     ERROR warehouse_id:2, cid:24279, maxbytes:2
20251110-03:35.36-308101(us) 19324 ! txn_stock_level (tpcc.cc:3398):     ERROR warehouse_id:2, cid:24279, maxbytes:2
20251110-03:35.36-309337(us) 19324 ! txn_stock_level (tpcc.cc:3398):     ERROR warehouse_id:2, cid:24279, maxbytes:2
20251110-03:35.36-310360(us) 19324 ! txn_stock_level (tpcc.cc:3398):     ERROR warehouse_id:2, cid:24279, maxbytes:2
20251110-03:35.36-311472(us) 19324 ! txn_stock_level (tpcc.cc:3398):     ERROR warehouse_id:2, cid:24279, maxbytes:2
20251110-03:35.36-314742(us) 19324 ! txn_stock_level (tpcc.cc:3398):     ERROR warehouse_id:2, cid:24279, maxbytes:2
20251110-03:35.36-360061(us) 19324 ! txn_stock_level (tpcc.cc:3398):     ERROR warehouse_id:2, cid:6215, maxbytes:2
20251110-03:35.36-360111(us) 19324 ! txn_stock_level (tpcc.cc:3398):     ERROR warehouse_id:2, cid:6215, maxbytes:2
20251110-03:35.36-361250(us) 19324 ! txn_stock_level (tpcc.cc:3398):     ERROR warehouse_id:2, cid:6215, maxbytes:2
20251110-03:35.36-362355(us) 19324 ! txn_stock_level (tpcc.cc:3398):     ERROR warehouse_id:2, cid:6215, maxbytes:2
20251110-03:35.36-362391(us) 19324 ! txn_stock_level (tpcc.cc:3398):     ERROR warehouse_id:2, cid:6215, maxbytes:2
20251110-03:35.36-362568(us) 19324 ! txn_stock_level (tpcc.cc:3398):     ERROR warehouse_id:2, cid:6215, maxbytes:2
20251110-03:35.36-362646(us) 19324 ! txn_stock_level (tpcc.cc:3398):     ERROR warehouse_id:2, cid:6215, maxbytes:2
20251110-03:35.36-363667(us) 19324 ! txn_stock_level (tpcc.cc:3398):     ERROR warehouse_id:2, cid:6215, maxbytes:2
20251110-03:35.36-363737(us) 19324 ! txn_stock_level (tpcc.cc:3398):     ERROR warehouse_id:2, cid:6215, maxbytes:2
20251110-03:35.36-363752(us) 19324 ! txn_stock_level (tpcc.cc:3398):     ERROR warehouse_id:2, cid:6215, maxbytes:2
20251110-03:35.36-364206(us) 19324 ! txn_stock_level (tpcc.cc:3398):     ERROR warehouse_id:2, cid:6215, maxbytes:2
20251110-03:35.36-364349(us) 19324 ! txn_stock_level (tpcc.cc:3398):     ERROR warehouse_id:2, cid:6215, maxbytes:2
20251110-03:35.36-365288(us) 19324 ! txn_stock_level (tpcc.cc:3398):     ERROR warehouse_id:2, cid:6215, maxbytes:2
20251110-03:35.36-365462(us) 19324 ! txn_stock_level (tpcc.cc:3398):     ERROR warehouse_id:2, cid:6215, maxbytes:2
20251110-03:35.36-366357(us) 19324 ! txn_stock_level (tpcc.cc:3398):     ERROR warehouse_id:2, cid:6215, maxbytes:2
20251110-03:35.36-366406(us) 19324 ! txn_stock_level (tpcc.cc:3398):     ERROR warehouse_id:2, cid:6215, maxbytes:2
20251110-03:35.36-367533(us) 19324 ! txn_stock_level (tpcc.cc:3398):     ERROR warehouse_id:2, cid:6215, maxbytes:2
20251110-03:35.36-367782(us) 19324 ! txn_stock_level (tpcc.cc:3398):     ERROR warehouse_id:2, cid:6215, maxbytes:2
20251110-03:35.36-372821(us) 19324 ! txn_stock_level (tpcc.cc:3398):     ERROR warehouse_id:2, cid:48615, maxbytes:2
20251110-03:35.36-372930(us) 19324 ! txn_stock_level (tpcc.cc:3398):     ERROR warehouse_id:2, cid:48615, maxbytes:2
20251110-03:35.36-373031(us) 19324 ! txn_stock_level (tpcc.cc:3398):     ERROR warehouse_id:2, cid:48615, maxbytes:2
20251110-03:35.36-373957(us) 19324 ! txn_stock_level (tpcc.cc:3398):     ERROR warehouse_id:2, cid:48615, maxbytes:2
20251110-03:35.36-374993(us) 19324 ! txn_stock_level (tpcc.cc:3398):     ERROR warehouse_id:2, cid:48615, maxbytes:2
20251110-03:35.36-496396(us) 19324 ! txn_stock_level (tpcc.cc:3398):     ERROR warehouse_id:1, cid:13751, maxbytes:2
20251110-03:35.36-497703(us) 19324 ! txn_stock_level (tpcc.cc:3398):     ERROR warehouse_id:1, cid:13751, maxbytes:2
20251110-03:35.36-497775(us) 19324 ! txn_stock_level (tpcc.cc:3398):     ERROR warehouse_id:1, cid:13751, maxbytes:2
20251110-03:35.36-498977(us) 19324 ! txn_stock_level (tpcc.cc:3398):     ERROR warehouse_id:1, cid:13751, maxbytes:2
20251110-03:35.36-499159(us) 19324 ! txn_stock_level (tpcc.cc:3398):     ERROR warehouse_id:1, cid:13751, maxbytes:2
20251110-03:35.36-499272(us) 19324 ! txn_stock_level (tpcc.cc:3398):     ERROR warehouse_id:1, cid:13751, maxbytes:2
20251110-03:35.36-499392(us) 19324 ! txn_stock_level (tpcc.cc:3398):     ERROR warehouse_id:1, cid:13751, maxbytes:2
20251110-03:35.36-500353(us) 19324 ! txn_stock_level (tpcc.cc:3398):     ERROR warehouse_id:1, cid:13751, maxbytes:2
20251110-03:35.36-501712(us) 19324 ! txn_stock_level (tpcc.cc:3398):     ERROR warehouse_id:1, cid:13751, maxbytes:2
20251110-03:35.36-503723(us) 19324 ! txn_stock_level (tpcc.cc:3398):     ERROR warehouse_id:1, cid:13751, maxbytes:2
20251110-03:35.36-504130(us) 19324 ! txn_stock_level (tpcc.cc:3398):     ERROR warehouse_id:1, cid:13751, maxbytes:2
20251110-03:35.36-504954(us) 19324 ! txn_stock_level (tpcc.cc:3398):     ERROR warehouse_id:1, cid:89575, maxbytes:2
20251110-03:35.36-504981(us) 19324 ! txn_stock_level (tpcc.cc:3398):     ERROR warehouse_id:1, cid:89575, maxbytes:2
20251110-03:35.36-505004(us) 19324 ! txn_stock_level (tpcc.cc:3398):     ERROR warehouse_id:1, cid:89575, maxbytes:2
20251110-03:35.36-537343(us) 19324 ! txn_stock_level (tpcc.cc:3398):     ERROR warehouse_id:1, cid:40671, maxbytes:2
20251110-03:35.36-538693(us) 19324 ! txn_stock_level (tpcc.cc:3398):     ERROR warehouse_id:1, cid:40671, maxbytes:2
20251110-03:35.36-539559(us) 19324 ! txn_stock_level (tpcc.cc:3398):     ERROR warehouse_id:1, cid:40671, maxbytes:2
20251110-03:35.36-539599(us) 19324 ! txn_stock_level (tpcc.cc:3398):     ERROR warehouse_id:1, cid:40671, maxbytes:2
20251110-03:35.36-539652(us) 19324 ! txn_stock_level (tpcc.cc:3398):     ERROR warehouse_id:1, cid:89575, maxbytes:2
20251110-03:35.36-539823(us) 19324 ! txn_stock_level (tpcc.cc:3398):     ERROR warehouse_id:1, cid:89575, maxbytes:2
20251110-03:35.36-539953(us) 19324 ! txn_stock_level (tpcc.cc:3398):     ERROR warehouse_id:1, cid:89575, maxbytes:2
20251110-03:35.36-540169(us) 19324 ! txn_stock_level (tpcc.cc:3398):     ERROR warehouse_id:1, cid:89575, maxbytes:2
20251110-03:35.36-540205(us) 19324 ! txn_stock_level (tpcc.cc:3398):     ERROR warehouse_id:1, cid:89575, maxbytes:2
20251110-03:35.36-540252(us) 19324 ! txn_stock_level (tpcc.cc:3398):     ERROR warehouse_id:1, cid:89575, maxbytes:2
20251110-03:35.36-540650(us) 19324 ! txn_stock_level (tpcc.cc:3398):     ERROR warehouse_id:1, cid:89575, maxbytes:2
20251110-03:35.36-540822(us) 19324 ! txn_stock_level (tpcc.cc:3398):     ERROR warehouse_id:1, cid:89575, maxbytes:2
20251110-03:35.36-541645(us) 19324 ! txn_stock_level (tpcc.cc:3398):     ERROR warehouse_id:1, cid:89575, maxbytes:2
20251110-03:35.36-541679(us) 19324 ! txn_stock_level (tpcc.cc:3398):     ERROR warehouse_id:1, cid:89575, maxbytes:2
20251110-03:35.36-541833(us) 19324 ! txn_stock_level (tpcc.cc:3398):     ERROR warehouse_id:1, cid:89575, maxbytes:2
20251110-03:35.36-553478(us) 19324 ! txn_stock_level (tpcc.cc:3398):     ERROR warehouse_id:2, cid:87783, maxbytes:2
20251110-03:35.36-554701(us) 19324 ! txn_stock_level (tpcc.cc:3398):     ERROR warehouse_id:2, cid:87783, maxbytes:2
20251110-03:35.36-555803(us) 19324 ! txn_stock_level (tpcc.cc:3398):     ERROR warehouse_id:2, cid:87783, maxbytes:2
20251110-03:35.36-555868(us) 19324 ! txn_stock_level (tpcc.cc:3398):     ERROR warehouse_id:2, cid:87783, maxbytes:2
20251110-03:35.36-555915(us) 19324 ! txn_stock_level (tpcc.cc:3398):     ERROR warehouse_id:2, cid:65191, maxbytes:2
20251110-03:35.36-555976(us) 19324 ! txn_stock_level (tpcc.cc:3398):     ERROR warehouse_id:2, cid:65191, maxbytes:2
20251110-03:35.36-556046(us) 19324 ! txn_stock_level (tpcc.cc:3398):     ERROR warehouse_id:2, cid:87783, maxbytes:2
20251110-03:35.36-556083(us) 19324 ! txn_stock_level (tpcc.cc:3398):     ERROR warehouse_id:2, cid:65191, maxbytes:2
20251110-03:35.36-556111(us) 19324 ! txn_stock_level (tpcc.cc:3398):     ERROR warehouse_id:2, cid:65191, maxbytes:2
20251110-03:35.36-557234(us) 19324 ! txn_stock_level (tpcc.cc:3398):     ERROR warehouse_id:2, cid:65191, maxbytes:2
20251110-03:35.36-557334(us) 19324 ! txn_stock_level (tpcc.cc:3398):     ERROR warehouse_id:2, cid:65191, maxbytes:2
20251110-03:35.36-557394(us) 19324 ! txn_stock_level (tpcc.cc:3398):     ERROR warehouse_id:2, cid:65191, maxbytes:2
20251110-03:35.36-557445(us) 19324 ! txn_stock_level (tpcc.cc:3398):     ERROR warehouse_id:2, cid:65191, maxbytes:2
20251110-03:35.36-557522(us) 19324 ! txn_stock_level (tpcc.cc:3398):     ERROR warehouse_id:2, cid:87783, maxbytes:2
20251110-03:35.36-557597(us) 19324 ! txn_stock_level (tpcc.cc:3398):     ERROR warehouse_id:2, cid:87783, maxbytes:2
20251110-03:35.36-557670(us) 19324 ! txn_stock_level (tpcc.cc:3398):     ERROR warehouse_id:2, cid:65191, maxbytes:2
20251110-03:35.36-557684(us) 19324 ! txn_stock_level (tpcc.cc:3398):     ERROR warehouse_id:2, cid:87783, maxbytes:2
20251110-03:35.36-557824(us) 19324 ! txn_stock_level (tpcc.cc:3398):     ERROR warehouse_id:2, cid:87783, maxbytes:2
20251110-03:35.36-557982(us) 19324 ! txn_stock_level (tpcc.cc:3398):     ERROR warehouse_id:2, cid:87783, maxbytes:2
20251110-03:35.36-558079(us) 19324 ! txn_stock_level (tpcc.cc:3398):     ERROR warehouse_id:2, cid:87783, maxbytes:2
20251110-03:35.36-558242(us) 19324 ! txn_stock_level (tpcc.cc:3398):     ERROR warehouse_id:2, cid:87783, maxbytes:2
20251110-03:35.36-558347(us) 19324 ! txn_stock_level (tpcc.cc:3398):     ERROR warehouse_id:2, cid:87783, maxbytes:2
20251110-03:35.36-558380(us) 19324 ! txn_stock_level (tpcc.cc:3398):     ERROR warehouse_id:2, cid:87783, maxbytes:2
20251110-03:35.36-558391(us) 19324 ! txn_stock_level (tpcc.cc:3398):     ERROR warehouse_id:2, cid:87783, maxbytes:2
20251110-03:35.36-558400(us) 19324 ! txn_stock_level (tpcc.cc:3398):     ERROR warehouse_id:2, cid:87783, maxbytes:2
20251110-03:35.36-559388(us) 19324 ! txn_stock_level (tpcc.cc:3398):     ERROR warehouse_id:2, cid:87783, maxbytes:2
20251110-03:35.36-559652(us) 19324 ! txn_stock_level (tpcc.cc:3398):     ERROR warehouse_id:2, cid:87783, maxbytes:2
20251110-03:35.36-559960(us) 19324 ! txn_stock_level (tpcc.cc:3398):     ERROR warehouse_id:2, cid:87783, maxbytes:2
20251110-03:35.36-560207(us) 19324 ! txn_stock_level (tpcc.cc:3398):     ERROR warehouse_id:2, cid:87783, maxbytes:2
20251110-03:35.36-561253(us) 19324 ! txn_stock_level (tpcc.cc:3398):     ERROR warehouse_id:2, cid:87783, maxbytes:2
20251110-03:35.36-561362(us) 19324 ! txn_stock_level (tpcc.cc:3398):     ERROR warehouse_id:2, cid:87783, maxbytes:2
20251110-03:35.36-561383(us) 19324 ! txn_stock_level (tpcc.cc:3398):     ERROR warehouse_id:2, cid:87783, maxbytes:2
20251110-03:35.36-562452(us) 19324 ! txn_stock_level (tpcc.cc:3398):     ERROR warehouse_id:2, cid:87783, maxbytes:2
20251110-03:35.36-562626(us) 19324 ! txn_stock_level (tpcc.cc:3398):     ERROR warehouse_id:2, cid:87783, maxbytes:2
20251110-03:35.36-562745(us) 19324 ! txn_stock_level (tpcc.cc:3398):     ERROR warehouse_id:2, cid:87783, maxbytes:2
20251110-03:35.36-839830(us) 19324 ! txn_stock_level (tpcc.cc:3398):     ERROR warehouse_id:2, cid:72423, maxbytes:2
20251110-03:35.36-839950(us) 19324 ! txn_stock_level (tpcc.cc:3398):     ERROR warehouse_id:2, cid:72423, maxbytes:2
20251110-03:35.36-839965(us) 19324 ! txn_stock_level (tpcc.cc:3398):     ERROR warehouse_id:2, cid:72423, maxbytes:2
20251110-03:35.36-840228(us) 19324 ! txn_stock_level (tpcc.cc:3398):     ERROR warehouse_id:2, cid:72423, maxbytes:2
20251110-03:35.36-840299(us) 19324 ! txn_stock_level (tpcc.cc:3398):     ERROR warehouse_id:2, cid:72423, maxbytes:2
20251110-03:35.36-842257(us) 19324 ! txn_stock_level (tpcc.cc:3398):     ERROR warehouse_id:2, cid:72423, maxbytes:2
20251110-03:35.36-842303(us) 19324 ! txn_stock_level (tpcc.cc:3398):     ERROR warehouse_id:2, cid:72423, maxbytes:2
20251110-03:35.36-842367(us) 19324 ! txn_stock_level (tpcc.cc:3398):     ERROR warehouse_id:2, cid:72423, maxbytes:2
20251110-03:35.36-845109(us) 19324 ! txn_stock_level (tpcc.cc:3398):     ERROR warehouse_id:2, cid:72423, maxbytes:2
20251110-03:35.36-845278(us) 19324 ! txn_stock_level (tpcc.cc:3398):     ERROR warehouse_id:2, cid:72423, maxbytes:2
20251110-03:35.36-845314(us) 19324 ! txn_stock_level (tpcc.cc:3398):     ERROR warehouse_id:2, cid:72423, maxbytes:2
20251110-03:35.36-845430(us) 19324 ! txn_stock_level (tpcc.cc:3398):     ERROR warehouse_id:2, cid:72423, maxbytes:2
20251110-03:35.36-846596(us) 19324 ! txn_stock_level (tpcc.cc:3398):     ERROR warehouse_id:2, cid:72423, maxbytes:2
20251110-03:35.36-846676(us) 19324 ! txn_stock_level (tpcc.cc:3398):     ERROR warehouse_id:2, cid:72423, maxbytes:2
20251110-03:35.36-846830(us) 19324 ! txn_stock_level (tpcc.cc:3398):     ERROR warehouse_id:2, cid:72423, maxbytes:2
20251110-03:35.36-849224(us) 19324 ! txn_stock_level (tpcc.cc:3398):     ERROR warehouse_id:2, cid:72423, maxbytes:2
20251110-03:35.36-849328(us) 19324 ! txn_stock_level (tpcc.cc:3398):     ERROR warehouse_id:2, cid:72423, maxbytes:2
20251110-03:35.36-849402(us) 19324 ! txn_stock_level (tpcc.cc:3398):     ERROR warehouse_id:2, cid:72423, maxbytes:2
20251110-03:35.37-62201(us) 19324 ! txn_stock_level (tpcc.cc:3398):     ERROR warehouse_id:2, cid:16103, maxbytes:2
20251110-03:35.37-62421(us) 19324 ! txn_stock_level (tpcc.cc:3398):     ERROR warehouse_id:2, cid:16103, maxbytes:2
20251110-03:35.37-62521(us) 19324 ! txn_stock_level (tpcc.cc:3398):     ERROR warehouse_id:2, cid:16103, maxbytes:2
20251110-03:35.37-62531(us) 19324 ! txn_stock_level (tpcc.cc:3398):     ERROR warehouse_id:2, cid:16103, maxbytes:2
20251110-03:35.37-62820(us) 19324 ! txn_stock_level (tpcc.cc:3398):     ERROR warehouse_id:2, cid:16103, maxbytes:2
20251110-03:35.37-62968(us) 19324 ! txn_stock_level (tpcc.cc:3398):     ERROR warehouse_id:2, cid:16103, maxbytes:2
20251110-03:35.37-149995(us) 19324 ! txn_stock_level (tpcc.cc:3398):     ERROR warehouse_id:1, cid:6215, maxbytes:2
20251110-03:35.37-150157(us) 19324 ! txn_stock_level (tpcc.cc:3398):     ERROR warehouse_id:1, cid:6215, maxbytes:2
20251110-03:35.37-150187(us) 19324 ! txn_stock_level (tpcc.cc:3398):     ERROR warehouse_id:1, cid:6215, maxbytes:2
20251110-03:35.37-150210(us) 19324 ! txn_stock_level (tpcc.cc:3398):     ERROR warehouse_id:1, cid:6215, maxbytes:2
20251110-03:35.37-150258(us) 19324 ! txn_stock_level (tpcc.cc:3398):     ERROR warehouse_id:1, cid:6215, maxbytes:2
20251110-03:35.37-153165(us) 19324 ! txn_stock_level (tpcc.cc:3398):     ERROR warehouse_id:1, cid:6215, maxbytes:2
20251110-03:35.37-153401(us) 19324 ! txn_stock_level (tpcc.cc:3398):     ERROR warehouse_id:1, cid:6215, maxbytes:2
20251110-03:35.37-153426(us) 19324 ! txn_stock_level (tpcc.cc:3398):     ERROR warehouse_id:1, cid:6215, maxbytes:2
20251110-03:35.37-154541(us) 19324 ! txn_stock_level (tpcc.cc:3398):     ERROR warehouse_id:1, cid:6215, maxbytes:2
20251110-03:35.37-154875(us) 19324 ! txn_stock_level (tpcc.cc:3398):     ERROR warehouse_id:1, cid:6215, maxbytes:2
20251110-03:35.37-155039(us) 19324 ! txn_stock_level (tpcc.cc:3398):     ERROR warehouse_id:1, cid:6215, maxbytes:2
20251110-03:35.37-155065(us) 19324 ! txn_stock_level (tpcc.cc:3398):     ERROR warehouse_id:1, cid:6215, maxbytes:2
20251110-03:35.37-155101(us) 19324 ! txn_stock_level (tpcc.cc:3398):     ERROR warehouse_id:1, cid:6215, maxbytes:2
20251110-03:35.37-155534(us) 19324 ! txn_stock_level (tpcc.cc:3398):     ERROR warehouse_id:1, cid:6215, maxbytes:2
20251110-03:35.37-155626(us) 19324 ! txn_stock_level (tpcc.cc:3398):     ERROR warehouse_id:1, cid:6215, maxbytes:2
20251110-03:35.37-156745(us) 19324 ! txn_stock_level (tpcc.cc:3398):     ERROR warehouse_id:1, cid:6215, maxbytes:2
20251110-03:35.37-156802(us) 19324 ! txn_stock_level (tpcc.cc:3398):     ERROR warehouse_id:1, cid:6215, maxbytes:2
20251110-03:35.37-157665(us) 19324 ! txn_stock_level (tpcc.cc:3398):     ERROR warehouse_id:1, cid:6215, maxbytes:2
20251110-03:35.37-157789(us) 19324 ! txn_stock_level (tpcc.cc:3398):     ERROR warehouse_id:1, cid:6215, maxbytes:2
20251110-03:35.37-157879(us) 19324 ! txn_stock_level (tpcc.cc:3398):     ERROR warehouse_id:1, cid:6215, maxbytes:2
20251110-03:35.37-173848(us) 19324 ! txn_stock_level (tpcc.cc:3398):     ERROR warehouse_id:2, cid:85671, maxbytes:2
20251110-03:35.37-173874(us) 19324 ! txn_stock_level (tpcc.cc:3398):     ERROR warehouse_id:2, cid:85671, maxbytes:2
20251110-03:35.37-173912(us) 19324 ! txn_stock_level (tpcc.cc:3398):     ERROR warehouse_id:2, cid:85671, maxbytes:2
20251110-03:35.37-173977(us) 19324 ! txn_stock_level (tpcc.cc:3398):     ERROR warehouse_id:2, cid:85671, maxbytes:2
20251110-03:35.37-174040(us) 19324 ! txn_stock_level (tpcc.cc:3398):     ERROR warehouse_id:2, cid:85671, maxbytes:2
20251110-03:35.37-174055(us) 19324 ! txn_stock_level (tpcc.cc:3398):     ERROR warehouse_id:2, cid:85671, maxbytes:2
20251110-03:35.37-178025(us) 19324 ! run             (bench.cc:473):     runtime time left:19000 ms, bool:1
20251110-03:35.37-394965(us) 19324 ! txn_stock_level (tpcc.cc:3398):     ERROR warehouse_id:2, cid:89829, maxbytes:2
20251110-03:35.37-395042(us) 19324 ! txn_stock_level (tpcc.cc:3398):     ERROR warehouse_id:2, cid:89829, maxbytes:2
20251110-03:35.37-395107(us) 19324 ! txn_stock_level (tpcc.cc:3398):     ERROR warehouse_id:2, cid:89829, maxbytes:2
20251110-03:35.37-395197(us) 19324 ! txn_stock_level (tpcc.cc:3398):     ERROR warehouse_id:2, cid:89829, maxbytes:2
20251110-03:35.37-395226(us) 19324 ! txn_stock_level (tpcc.cc:3398):     ERROR warehouse_id:2, cid:89829, maxbytes:2
20251110-03:35.37-395361(us) 19324 ! txn_stock_level (tpcc.cc:3398):     ERROR warehouse_id:2, cid:89829, maxbytes:2
20251110-03:35.37-395398(us) 19324 ! txn_stock_level (tpcc.cc:3398):     ERROR warehouse_id:2, cid:89829, maxbytes:2
20251110-03:35.37-395416(us) 19324 ! txn_stock_level (tpcc.cc:3398):     ERROR warehouse_id:2, cid:89829, maxbytes:2
20251110-03:35.37-397201(us) 19324 ! txn_stock_level (tpcc.cc:3398):     ERROR warehouse_id:2, cid:89829, maxbytes:2
20251110-03:35.37-397455(us) 19324 ! txn_stock_level (tpcc.cc:3398):     ERROR warehouse_id:2, cid:89829, maxbytes:2
20251110-03:35.37-397514(us) 19324 ! txn_stock_level (tpcc.cc:3398):     ERROR warehouse_id:2, cid:89829, maxbytes:2
20251110-03:35.37-397638(us) 19324 ! txn_stock_level (tpcc.cc:3398):     ERROR warehouse_id:2, cid:89829, maxbytes:2
20251110-03:35.37-398645(us) 19324 ! txn_stock_level (tpcc.cc:3398):     ERROR warehouse_id:2, cid:89829, maxbytes:2
20251110-03:35.37-399607(us) 19324 ! txn_stock_level (tpcc.cc:3398):     ERROR warehouse_id:2, cid:89829, maxbytes:2
20251110-03:35.37-399648(us) 19324 ! txn_stock_level (tpcc.cc:3398):     ERROR warehouse_id:2, cid:89829, maxbytes:2
20251110-03:35.37-401525(us) 19324 ! txn_stock_level (tpcc.cc:3398):     ERROR warehouse_id:2, cid:89829, maxbytes:2
20251110-03:35.37-439234(us) 19324 ! txn_stock_level (tpcc.cc:3398):     ERROR warehouse_id:2, cid:73447, maxbytes:2
20251110-03:35.37-440344(us) 19324 ! txn_stock_level (tpcc.cc:3398):     ERROR warehouse_id:2, cid:73447, maxbytes:2
20251110-03:35.37-441534(us) 19324 ! txn_stock_level (tpcc.cc:3398):     ERROR warehouse_id:2, cid:73447, maxbytes:2
20251110-03:35.37-441568(us) 19324 ! txn_stock_level (tpcc.cc:3398):     ERROR warehouse_id:2, cid:73447, maxbytes:2
20251110-03:35.37-465977(us) 19324 ! txn_stock_level (tpcc.cc:3398):     ERROR warehouse_id:1, cid:73446, maxbytes:2
20251110-03:35.37-467698(us) 19324 ! txn_stock_level (tpcc.cc:3398):     ERROR warehouse_id:1, cid:73446, maxbytes:2
20251110-03:35.37-467862(us) 19324 ! txn_stock_level (tpcc.cc:3398):     ERROR warehouse_id:1, cid:73446, maxbytes:2
20251110-03:35.37-467939(us) 19324 ! txn_stock_level (tpcc.cc:3398):     ERROR warehouse_id:1, cid:73446, maxbytes:2
20251110-03:35.37-468016(us) 19324 ! txn_stock_level (tpcc.cc:3398):     ERROR warehouse_id:1, cid:73446, maxbytes:2
20251110-03:35.37-468048(us) 19324 ! txn_stock_level (tpcc.cc:3398):     ERROR warehouse_id:1, cid:73446, maxbytes:2
20251110-03:35.37-468134(us) 19324 ! txn_stock_level (tpcc.cc:3398):     ERROR warehouse_id:1, cid:73446, maxbytes:2
20251110-03:35.37-469064(us) 19324 ! txn_stock_level (tpcc.cc:3398):     ERROR warehouse_id:1, cid:73446, maxbytes:2
20251110-03:35.37-469494(us) 19324 ! txn_stock_level (tpcc.cc:3398):     ERROR warehouse_id:1, cid:73446, maxbytes:2
20251110-03:35.37-470480(us) 19324 ! txn_stock_level (tpcc.cc:3398):     ERROR warehouse_id:1, cid:73446, maxbytes:2
20251110-03:35.37-494736(us) 19324 ! txn_stock_level (tpcc.cc:3398):     ERROR warehouse_id:2, cid:88790, maxbytes:2
20251110-03:35.37-494871(us) 19324 ! txn_stock_level (tpcc.cc:3398):     ERROR warehouse_id:2, cid:88790, maxbytes:2
20251110-03:35.37-495069(us) 19324 ! txn_stock_level (tpcc.cc:3398):     ERROR warehouse_id:2, cid:88790, maxbytes:2
20251110-03:35.37-499544(us) 19324 ! txn_stock_level (tpcc.cc:3398):     ERROR warehouse_id:1, cid:63175, maxbytes:2
20251110-03:35.37-499639(us) 19324 ! txn_stock_level (tpcc.cc:3398):     ERROR warehouse_id:1, cid:63175, maxbytes:2
20251110-03:35.37-499776(us) 19324 ! txn_stock_level (tpcc.cc:3398):     ERROR warehouse_id:1, cid:63175, maxbytes:2
20251110-03:35.37-502155(us) 19324 ! txn_stock_level (tpcc.cc:3398):     ERROR warehouse_id:1, cid:63175, maxbytes:2
20251110-03:35.37-502258(us) 19324 ! txn_stock_level (tpcc.cc:3398):     ERROR warehouse_id:1, cid:63175, maxbytes:2
20251110-03:35.37-502314(us) 19324 ! txn_stock_level (tpcc.cc:3398):     ERROR warehouse_id:1, cid:63175, maxbytes:2
20251110-03:35.37-503450(us) 19324 ! txn_stock_level (tpcc.cc:3398):     ERROR warehouse_id:1, cid:63175, maxbytes:2
20251110-03:35.37-503515(us) 19324 ! txn_stock_level (tpcc.cc:3398):     ERROR warehouse_id:1, cid:63175, maxbytes:2
20251110-03:35.37-503529(us) 19324 ! txn_stock_level (tpcc.cc:3398):     ERROR warehouse_id:1, cid:63175, maxbytes:2
20251110-03:35.37-503688(us) 19324 ! txn_stock_level (tpcc.cc:3398):     ERROR warehouse_id:1, cid:63175, maxbytes:2
20251110-03:35.37-505115(us) 19324 ! txn_stock_level (tpcc.cc:3398):     ERROR warehouse_id:1, cid:63175, maxbytes:2
20251110-03:35.37-505420(us) 19324 ! txn_stock_level (tpcc.cc:3398):     ERROR warehouse_id:1, cid:63175, maxbytes:2
20251110-03:35.37-506394(us) 19324 ! txn_stock_level (tpcc.cc:3398):     ERROR warehouse_id:1, cid:63175, maxbytes:2
20251110-03:35.37-506601(us) 19324 ! txn_stock_level (tpcc.cc:3398):     ERROR warehouse_id:1, cid:63175, maxbytes:2
20251110-03:35.37-506626(us) 19324 ! txn_stock_level (tpcc.cc:3398):     ERROR warehouse_id:1, cid:63175, maxbytes:2
20251110-03:35.37-508947(us) 19324 ! txn_stock_level (tpcc.cc:3398):     ERROR warehouse_id:1, cid:63175, maxbytes:2
20251110-03:35.37-508987(us) 19324 ! txn_stock_level (tpcc.cc:3398):     ERROR warehouse_id:1, cid:63175, maxbytes:2
20251110-03:35.37-559907(us) 19324 ! txn_stock_level (tpcc.cc:3398):     ERROR warehouse_id:2, cid:6053, maxbytes:2
20251110-03:35.37-559977(us) 19324 ! txn_stock_level (tpcc.cc:3398):     ERROR warehouse_id:2, cid:6053, maxbytes:2
20251110-03:35.37-559997(us) 19324 ! txn_stock_level (tpcc.cc:3398):     ERROR warehouse_id:2, cid:6053, maxbytes:2
20251110-03:35.37-561170(us) 19324 ! txn_stock_level (tpcc.cc:3398):     ERROR warehouse_id:2, cid:6053, maxbytes:2
20251110-03:35.37-561212(us) 19324 ! txn_stock_level (tpcc.cc:3398):     ERROR warehouse_id:2, cid:6053, maxbytes:2
20251110-03:35.37-561228(us) 19324 ! txn_stock_level (tpcc.cc:3398):     ERROR warehouse_id:2, cid:6053, maxbytes:2
20251110-03:35.37-563130(us) 19324 ! txn_stock_level (tpcc.cc:3398):     ERROR warehouse_id:2, cid:6053, maxbytes:2
20251110-03:35.37-565274(us) 19324 ! txn_stock_level (tpcc.cc:3398):     ERROR warehouse_id:2, cid:6053, maxbytes:2
20251110-03:35.37-565317(us) 19324 ! txn_stock_level (tpcc.cc:3398):     ERROR warehouse_id:2, cid:6053, maxbytes:2
20251110-03:35.37-565642(us) 19324 ! txn_stock_level (tpcc.cc:3398):     ERROR warehouse_id:2, cid:6053, maxbytes:2
20251110-03:35.37-565663(us) 19324 ! txn_stock_level (tpcc.cc:3398):     ERROR warehouse_id:2, cid:6053, maxbytes:2
20251110-03:35.37-567592(us) 19324 ! txn_stock_level (tpcc.cc:3398):     ERROR warehouse_id:2, cid:6053, maxbytes:2
20251110-03:35.37-568470(us) 19324 ! txn_stock_level (tpcc.cc:3398):     ERROR warehouse_id:2, cid:6053, maxbytes:2
20251110-03:35.37-568495(us) 19324 ! txn_stock_level (tpcc.cc:3398):     ERROR warehouse_id:2, cid:6053, maxbytes:2
20251110-03:35.37-569306(us) 19324 ! txn_stock_level (tpcc.cc:3398):     ERROR warehouse_id:2, cid:6053, maxbytes:2
20251110-03:35.37-571328(us) 19324 ! txn_stock_level (tpcc.cc:3398):     ERROR warehouse_id:2, cid:6053, maxbytes:2
20251110-03:35.37-571538(us) 19324 ! txn_stock_level (tpcc.cc:3398):     ERROR warehouse_id:2, cid:6053, maxbytes:2
20251110-03:35.37-572883(us) 19324 ! txn_stock_level (tpcc.cc:3398):     ERROR warehouse_id:2, cid:6053, maxbytes:2
20251110-03:35.37-574221(us) 19324 ! txn_stock_level (tpcc.cc:3398):     ERROR warehouse_id:2, cid:6053, maxbytes:2
20251110-03:35.37-574240(us) 19324 ! txn_stock_level (tpcc.cc:3398):     ERROR warehouse_id:2, cid:6053, maxbytes:2
20251110-03:35.37-574435(us) 19324 ! txn_stock_level (tpcc.cc:3398):     ERROR warehouse_id:2, cid:6053, maxbytes:2
20251110-03:35.37-574536(us) 19324 ! txn_stock_level (tpcc.cc:3398):     ERROR warehouse_id:2, cid:6053, maxbytes:2
20251110-03:35.37-574918(us) 19324 ! txn_stock_level (tpcc.cc:3398):     ERROR warehouse_id:2, cid:6053, maxbytes:2
20251110-03:35.37-574938(us) 19324 ! txn_stock_level (tpcc.cc:3398):     ERROR warehouse_id:2, cid:6053, maxbytes:2
20251110-03:35.37-575808(us) 19324 ! txn_stock_level (tpcc.cc:3398):     ERROR warehouse_id:2, cid:6053, maxbytes:2
20251110-03:35.37-576002(us) 19324 ! txn_stock_level (tpcc.cc:3398):     ERROR warehouse_id:2, cid:6053, maxbytes:2
20251110-03:35.37-576054(us) 19324 ! txn_stock_level (tpcc.cc:3398):     ERROR warehouse_id:2, cid:6053, maxbytes:2
20251110-03:35.37-576070(us) 19324 ! txn_stock_level (tpcc.cc:3398):     ERROR warehouse_id:2, cid:6053, maxbytes:2
20251110-03:35.37-578022(us) 19324 ! txn_stock_level (tpcc.cc:3398):     ERROR warehouse_id:2, cid:6053, maxbytes:2
20251110-03:35.37-578099(us) 19324 ! txn_stock_level (tpcc.cc:3398):     ERROR warehouse_id:2, cid:6053, maxbytes:2
20251110-03:35.37-578121(us) 19324 ! txn_stock_level (tpcc.cc:3398):     ERROR warehouse_id:2, cid:6053, maxbytes:2
20251110-03:35.37-579450(us) 19324 ! txn_stock_level (tpcc.cc:3398):     ERROR warehouse_id:2, cid:6053, maxbytes:2
20251110-03:35.37-579493(us) 19324 ! txn_stock_level (tpcc.cc:3398):     ERROR warehouse_id:2, cid:6053, maxbytes:2
20251110-03:35.37-579528(us) 19324 ! txn_stock_level (tpcc.cc:3398):     ERROR warehouse_id:2, cid:6053, maxbytes:2
20251110-03:35.37-579812(us) 19324 ! txn_stock_level (tpcc.cc:3398):     ERROR warehouse_id:2, cid:6053, maxbytes:2
20251110-03:35.37-579904(us) 19324 ! txn_stock_level (tpcc.cc:3398):     ERROR warehouse_id:2, cid:6053, maxbytes:2
20251110-03:35.37-579988(us) 19324 ! txn_stock_level (tpcc.cc:3398):     ERROR warehouse_id:2, cid:6053, maxbytes:2
20251110-03:35.37-582158(us) 19324 ! txn_stock_level (tpcc.cc:3398):     ERROR warehouse_id:2, cid:6053, maxbytes:2
20251110-03:35.37-583073(us) 19324 ! txn_stock_level (tpcc.cc:3398):     ERROR warehouse_id:2, cid:6053, maxbytes:2
20251110-03:35.37-583183(us) 19324 ! txn_stock_level (tpcc.cc:3398):     ERROR warehouse_id:2, cid:6053, maxbytes:2
20251110-03:35.37-584256(us) 19324 ! txn_stock_level (tpcc.cc:3398):     ERROR warehouse_id:2, cid:6053, maxbytes:2
20251110-03:35.37-584307(us) 19324 ! txn_stock_level (tpcc.cc:3398):     ERROR warehouse_id:2, cid:6053, maxbytes:2
20251110-03:35.37-585267(us) 19324 ! txn_stock_level (tpcc.cc:3398):     ERROR warehouse_id:2, cid:6053, maxbytes:2
20251110-03:35.37-586782(us) 19324 ! txn_stock_level (tpcc.cc:3398):     ERROR warehouse_id:2, cid:6053, maxbytes:2
20251110-03:35.37-587110(us) 19324 ! txn_stock_level (tpcc.cc:3398):     ERROR warehouse_id:2, cid:6053, maxbytes:2
20251110-03:35.37-587155(us) 19324 ! txn_stock_level (tpcc.cc:3398):     ERROR warehouse_id:2, cid:6053, maxbytes:2
20251110-03:35.37-587181(us) 19324 ! txn_stock_level (tpcc.cc:3398):     ERROR warehouse_id:2, cid:6053, maxbytes:2
20251110-03:35.37-725141(us) 19324 ! txn_stock_level (tpcc.cc:3398):     ERROR warehouse_id:2, cid:56935, maxbytes:2
20251110-03:35.37-726348(us) 19324 ! txn_stock_level (tpcc.cc:3398):     ERROR warehouse_id:2, cid:56935, maxbytes:2
20251110-03:35.37-726418(us) 19324 ! txn_stock_level (tpcc.cc:3398):     ERROR warehouse_id:2, cid:56935, maxbytes:2
20251110-03:35.37-726558(us) 19324 ! txn_stock_level (tpcc.cc:3398):     ERROR warehouse_id:2, cid:56935, maxbytes:2
20251110-03:35.37-726573(us) 19324 ! txn_stock_level (tpcc.cc:3398):     ERROR warehouse_id:2, cid:56935, maxbytes:2
20251110-03:35.37-726684(us) 19324 ! txn_stock_level (tpcc.cc:3398):     ERROR warehouse_id:2, cid:56935, maxbytes:2
20251110-03:35.37-726722(us) 19324 ! txn_stock_level (tpcc.cc:3398):     ERROR warehouse_id:2, cid:56935, maxbytes:2
20251110-03:35.37-726838(us) 19324 ! txn_stock_level (tpcc.cc:3398):     ERROR warehouse_id:2, cid:56935, maxbytes:2
20251110-03:35.37-727782(us) 19324 ! txn_stock_level (tpcc.cc:3398):     ERROR warehouse_id:2, cid:56935, maxbytes:2
20251110-03:35.37-727865(us) 19324 ! txn_stock_level (tpcc.cc:3398):     ERROR warehouse_id:2, cid:56935, maxbytes:2
20251110-03:35.37-727882(us) 19324 ! txn_stock_level (tpcc.cc:3398):     ERROR warehouse_id:2, cid:56935, maxbytes:2
20251110-03:35.37-728017(us) 19324 ! txn_stock_level (tpcc.cc:3398):     ERROR warehouse_id:2, cid:56935, maxbytes:2
20251110-03:35.37-728126(us) 19324 ! txn_stock_level (tpcc.cc:3398):     ERROR warehouse_id:2, cid:56935, maxbytes:2
20251110-03:35.37-728150(us) 19324 ! txn_stock_level (tpcc.cc:3398):     ERROR warehouse_id:2, cid:56935, maxbytes:2
20251110-03:35.37-729017(us) 19324 ! txn_stock_level (tpcc.cc:3398):     ERROR warehouse_id:2, cid:56935, maxbytes:2
20251110-03:35.37-730028(us) 19324 ! txn_stock_level (tpcc.cc:3398):     ERROR warehouse_id:2, cid:56935, maxbytes:2
20251110-03:35.37-730063(us) 19324 ! txn_stock_level (tpcc.cc:3398):     ERROR warehouse_id:2, cid:56935, maxbytes:2
20251110-03:35.37-730107(us) 19324 ! txn_stock_level (tpcc.cc:3398):     ERROR warehouse_id:2, cid:56935, maxbytes:2
20251110-03:35.37-730148(us) 19324 ! txn_stock_level (tpcc.cc:3398):     ERROR warehouse_id:2, cid:56935, maxbytes:2
20251110-03:35.37-730235(us) 19324 ! txn_stock_level (tpcc.cc:3398):     ERROR warehouse_id:2, cid:56935, maxbytes:2
20251110-03:35.37-730283(us) 19324 ! txn_stock_level (tpcc.cc:3398):     ERROR warehouse_id:2, cid:56935, maxbytes:2
20251110-03:35.37-730338(us) 19324 ! txn_stock_level (tpcc.cc:3398):     ERROR warehouse_id:2, cid:56935, maxbytes:2
20251110-03:35.37-735910(us) 19324 ! txn_stock_level (tpcc.cc:3398):     ERROR warehouse_id:2, cid:64231, maxbytes:2
20251110-03:35.37-736839(us) 19324 ! txn_stock_level (tpcc.cc:3398):     ERROR warehouse_id:2, cid:64231, maxbytes:2
20251110-03:35.37-736889(us) 19324 ! txn_stock_level (tpcc.cc:3398):     ERROR warehouse_id:2, cid:64231, maxbytes:2
20251110-03:35.37-737058(us) 19324 ! txn_stock_level (tpcc.cc:3398):     ERROR warehouse_id:2, cid:64231, maxbytes:2
20251110-03:35.37-737205(us) 19324 ! txn_stock_level (tpcc.cc:3398):     ERROR warehouse_id:2, cid:64231, maxbytes:2
20251110-03:35.37-737219(us) 19324 ! txn_stock_level (tpcc.cc:3398):     ERROR warehouse_id:2, cid:64231, maxbytes:2
20251110-03:35.37-737237(us) 19324 ! txn_stock_level (tpcc.cc:3398):     ERROR warehouse_id:2, cid:64231, maxbytes:2
20251110-03:35.37-737263(us) 19324 ! txn_stock_level (tpcc.cc:3398):     ERROR warehouse_id:2, cid:64231, maxbytes:2
20251110-03:35.37-737363(us) 19324 ! txn_stock_level (tpcc.cc:3398):     ERROR warehouse_id:2, cid:64231, maxbytes:2
20251110-03:35.37-738553(us) 19324 ! txn_stock_level (tpcc.cc:3398):     ERROR warehouse_id:2, cid:64231, maxbytes:2
20251110-03:35.37-738688(us) 19324 ! txn_stock_level (tpcc.cc:3398):     ERROR warehouse_id:2, cid:64231, maxbytes:2
20251110-03:35.37-738700(us) 19324 ! txn_stock_level (tpcc.cc:3398):     ERROR warehouse_id:2, cid:64231, maxbytes:2
20251110-03:35.37-840334(us) 19324 ! txn_stock_level (tpcc.cc:3398):     ERROR warehouse_id:2, cid:32487, maxbytes:2
20251110-03:35.37-840372(us) 19324 ! txn_stock_level (tpcc.cc:3398):     ERROR warehouse_id:2, cid:32487, maxbytes:2
20251110-03:35.37-840475(us) 19324 ! txn_stock_level (tpcc.cc:3398):     ERROR warehouse_id:2, cid:32487, maxbytes:2
20251110-03:35.37-843521(us) 19324 ! txn_stock_level (tpcc.cc:3398):     ERROR warehouse_id:2, cid:32487, maxbytes:2
20251110-03:35.37-844777(us) 19324 ! txn_stock_level (tpcc.cc:3398):     ERROR warehouse_id:2, cid:32487, maxbytes:2
20251110-03:35.37-844877(us) 19324 ! txn_stock_level (tpcc.cc:3398):     ERROR warehouse_id:2, cid:32487, maxbytes:2
20251110-03:35.37-846190(us) 19324 ! txn_stock_level (tpcc.cc:3398):     ERROR warehouse_id:2, cid:48871, maxbytes:2
20251110-03:35.37-848446(us) 19324 ! txn_stock_level (tpcc.cc:3398):     ERROR warehouse_id:2, cid:32487, maxbytes:2
20251110-03:35.37-848490(us) 19324 ! txn_stock_level (tpcc.cc:3398):     ERROR warehouse_id:2, cid:32487, maxbytes:2
20251110-03:35.37-848509(us) 19324 ! txn_stock_level (tpcc.cc:3398):     ERROR warehouse_id:2, cid:32487, maxbytes:2
20251110-03:35.37-848527(us) 19324 ! txn_stock_level (tpcc.cc:3398):     ERROR warehouse_id:2, cid:32487, maxbytes:2
20251110-03:35.37-848549(us) 19324 ! txn_stock_level (tpcc.cc:3398):     ERROR warehouse_id:2, cid:32487, maxbytes:2
20251110-03:35.37-848685(us) 19324 ! txn_stock_level (tpcc.cc:3398):     ERROR warehouse_id:2, cid:32487, maxbytes:2
20251110-03:35.37-850021(us) 19324 ! txn_stock_level (tpcc.cc:3398):     ERROR warehouse_id:2, cid:32487, maxbytes:2
20251110-03:35.37-851167(us) 19324 ! txn_stock_level (tpcc.cc:3398):     ERROR warehouse_id:2, cid:32487, maxbytes:2
20251110-03:35.38-9685(us) 19324 ! txn_stock_level (tpcc.cc:3398):     ERROR warehouse_id:1, cid:4167, maxbytes:2
20251110-03:35.38-9827(us) 19324 ! txn_stock_level (tpcc.cc:3398):     ERROR warehouse_id:1, cid:4167, maxbytes:2
20251110-03:35.38-94752(us) 19324 ! txn_stock_level (tpcc.cc:3398):     ERROR warehouse_id:1, cid:16039, maxbytes:2
20251110-03:35.38-98458(us) 19324 ! txn_stock_level (tpcc.cc:3398):     ERROR warehouse_id:1, cid:16103, maxbytes:2
20251110-03:35.38-98755(us) 19324 ! txn_stock_level (tpcc.cc:3398):     ERROR warehouse_id:1, cid:16103, maxbytes:2
20251110-03:35.38-98949(us) 19324 ! txn_stock_level (tpcc.cc:3398):     ERROR warehouse_id:1, cid:16103, maxbytes:2
20251110-03:35.38-100673(us) 19324 ! txn_stock_level (tpcc.cc:3398):     ERROR warehouse_id:1, cid:16103, maxbytes:2
20251110-03:35.38-100710(us) 19324 ! txn_stock_level (tpcc.cc:3398):     ERROR warehouse_id:1, cid:16103, maxbytes:2
20251110-03:35.38-101852(us) 19324 ! txn_stock_level (tpcc.cc:3398):     ERROR warehouse_id:1, cid:16103, maxbytes:2
20251110-03:35.38-101886(us) 19324 ! txn_stock_level (tpcc.cc:3398):     ERROR warehouse_id:1, cid:16103, maxbytes:2
20251110-03:35.38-101913(us) 19324 ! txn_stock_level (tpcc.cc:3398):     ERROR warehouse_id:1, cid:16103, maxbytes:2
20251110-03:35.38-102012(us) 19324 ! txn_stock_level (tpcc.cc:3398):     ERROR warehouse_id:1, cid:16103, maxbytes:2
20251110-03:35.38-102135(us) 19324 ! txn_stock_level (tpcc.cc:3398):     ERROR warehouse_id:1, cid:16103, maxbytes:2
20251110-03:35.38-102150(us) 19324 ! txn_stock_level (tpcc.cc:3398):     ERROR warehouse_id:1, cid:16103, maxbytes:2
20251110-03:35.38-102234(us) 19324 ! txn_stock_level (tpcc.cc:3398):     ERROR warehouse_id:1, cid:16103, maxbytes:2
20251110-03:35.38-102377(us) 19324 ! txn_stock_level (tpcc.cc:3398):     ERROR warehouse_id:1, cid:16103, maxbytes:2
20251110-03:35.38-102400(us) 19324 ! txn_stock_level (tpcc.cc:3398):     ERROR warehouse_id:1, cid:16103, maxbytes:2
20251110-03:35.38-102467(us) 19324 ! txn_stock_level (tpcc.cc:3398):     ERROR warehouse_id:1, cid:16103, maxbytes:2
20251110-03:35.38-102503(us) 19324 ! txn_stock_level (tpcc.cc:3398):     ERROR warehouse_id:1, cid:16103, maxbytes:2
20251110-03:35.38-103783(us) 19324 ! txn_stock_level (tpcc.cc:3398):     ERROR warehouse_id:1, cid:16103, maxbytes:2
20251110-03:35.38-103963(us) 19324 ! txn_stock_level (tpcc.cc:3398):     ERROR warehouse_id:1, cid:16103, maxbytes:2
20251110-03:35.38-104880(us) 19324 ! txn_stock_level (tpcc.cc:3398):     ERROR warehouse_id:1, cid:16103, maxbytes:2
20251110-03:35.38-105163(us) 19324 ! txn_stock_level (tpcc.cc:3398):     ERROR warehouse_id:1, cid:16103, maxbytes:2
20251110-03:35.38-146176(us) 19324 ! txn_stock_level (tpcc.cc:3398):     ERROR warehouse_id:1, cid:40679, maxbytes:2
20251110-03:35.38-146243(us) 19324 ! txn_stock_level (tpcc.cc:3398):     ERROR warehouse_id:1, cid:40679, maxbytes:2
20251110-03:35.38-146313(us) 19324 ! txn_stock_level (tpcc.cc:3398):     ERROR warehouse_id:1, cid:40679, maxbytes:2
20251110-03:35.38-148379(us) 19324 ! txn_stock_level (tpcc.cc:3398):     ERROR warehouse_id:1, cid:40679, maxbytes:2
20251110-03:35.38-150306(us) 19324 ! txn_stock_level (tpcc.cc:3398):     ERROR warehouse_id:1, cid:40679, maxbytes:2
20251110-03:35.38-151193(us) 19324 ! txn_stock_level (tpcc.cc:3398):     ERROR warehouse_id:1, cid:40679, maxbytes:2
20251110-03:35.38-151261(us) 19324 ! txn_stock_level (tpcc.cc:3398):     ERROR warehouse_id:1, cid:40679, maxbytes:2
20251110-03:35.38-151275(us) 19324 ! txn_stock_level (tpcc.cc:3398):     ERROR warehouse_id:1, cid:40679, maxbytes:2
20251110-03:35.38-151368(us) 19324 ! txn_stock_level (tpcc.cc:3398):     ERROR warehouse_id:1, cid:40679, maxbytes:2
20251110-03:35.38-152727(us) 19324 ! txn_stock_level (tpcc.cc:3398):     ERROR warehouse_id:1, cid:40679, maxbytes:2
20251110-03:35.38-154489(us) 19324 ! txn_stock_level (tpcc.cc:3398):     ERROR warehouse_id:1, cid:40679, maxbytes:2
20251110-03:35.38-155758(us) 19324 ! txn_stock_level (tpcc.cc:3398):     ERROR warehouse_id:2, cid:57063, maxbytes:2
20251110-03:35.38-155822(us) 19324 ! txn_stock_level (tpcc.cc:3398):     ERROR warehouse_id:2, cid:57063, maxbytes:2
20251110-03:35.38-155884(us) 19324 ! txn_stock_level (tpcc.cc:3398):     ERROR warehouse_id:2, cid:57063, maxbytes:2
20251110-03:35.38-155897(us) 19324 ! txn_stock_level (tpcc.cc:3398):     ERROR warehouse_id:2, cid:57063, maxbytes:2
20251110-03:35.38-156079(us) 19324 ! txn_stock_level (tpcc.cc:3398):     ERROR warehouse_id:2, cid:57063, maxbytes:2
20251110-03:35.38-156386(us) 19324 ! txn_stock_level (tpcc.cc:3398):     ERROR warehouse_id:2, cid:57063, maxbytes:2
20251110-03:35.38-156551(us) 19324 ! txn_stock_level (tpcc.cc:3398):     ERROR warehouse_id:1, cid:40679, maxbytes:2
20251110-03:35.38-156640(us) 19324 ! txn_stock_level (tpcc.cc:3398):     ERROR warehouse_id:1, cid:40679, maxbytes:2
20251110-03:35.38-156669(us) 19324 ! txn_stock_level (tpcc.cc:3398):     ERROR warehouse_id:1, cid:40679, maxbytes:2
20251110-03:35.38-157480(us) 19324 ! txn_stock_level (tpcc.cc:3398):     ERROR warehouse_id:2, cid:57063, maxbytes:2
20251110-03:35.38-157610(us) 19324 ! txn_stock_level (tpcc.cc:3398):     ERROR warehouse_id:1, cid:40679, maxbytes:2
20251110-03:35.38-157690(us) 19324 ! txn_stock_level (tpcc.cc:3398):     ERROR warehouse_id:1, cid:40679, maxbytes:2
20251110-03:35.38-157730(us) 19324 ! txn_stock_level (tpcc.cc:3398):     ERROR warehouse_id:1, cid:40679, maxbytes:2
20251110-03:35.38-158514(us) 19324 ! txn_stock_level (tpcc.cc:3398):     ERROR warehouse_id:2, cid:57063, maxbytes:2
20251110-03:35.38-159462(us) 19324 ! txn_stock_level (tpcc.cc:3398):     ERROR warehouse_id:2, cid:57063, maxbytes:2
20251110-03:35.38-159493(us) 19324 ! txn_stock_level (tpcc.cc:3398):     ERROR warehouse_id:2, cid:57063, maxbytes:2
20251110-03:35.38-159569(us) 19324 ! txn_stock_level (tpcc.cc:3398):     ERROR warehouse_id:2, cid:57063, maxbytes:2
20251110-03:35.38-183780(us) 19324 ! run             (bench.cc:473):     runtime time left:18000 ms, bool:1
20251110-03:35.38-239552(us) 19324 ! txn_stock_level (tpcc.cc:3398):     ERROR warehouse_id:1, cid:40647, maxbytes:2
20251110-03:35.38-239656(us) 19324 ! txn_stock_level (tpcc.cc:3398):     ERROR warehouse_id:1, cid:40647, maxbytes:2
20251110-03:35.38-240653(us) 19324 ! txn_stock_level (tpcc.cc:3398):     ERROR warehouse_id:1, cid:40647, maxbytes:2
20251110-03:35.38-240709(us) 19324 ! txn_stock_level (tpcc.cc:3398):     ERROR warehouse_id:1, cid:40647, maxbytes:2
20251110-03:35.38-240904(us) 19324 ! txn_stock_level (tpcc.cc:3398):     ERROR warehouse_id:1, cid:40647, maxbytes:2
20251110-03:35.38-241850(us) 19324 ! txn_stock_level (tpcc.cc:3398):     ERROR warehouse_id:1, cid:40647, maxbytes:2
20251110-03:35.38-242128(us) 19324 ! txn_stock_level (tpcc.cc:3398):     ERROR warehouse_id:1, cid:40647, maxbytes:2
20251110-03:35.38-389759(us) 19324 ! txn_stock_level (tpcc.cc:3398):     ERROR warehouse_id:1, cid:36583, maxbytes:2
20251110-03:35.38-390773(us) 19324 ! txn_stock_level (tpcc.cc:3398):     ERROR warehouse_id:1, cid:36583, maxbytes:2
20251110-03:35.38-390818(us) 19324 ! txn_stock_level (tpcc.cc:3398):     ERROR warehouse_id:1, cid:36583, maxbytes:2
20251110-03:35.38-390910(us) 19324 ! txn_stock_level (tpcc.cc:3398):     ERROR warehouse_id:1, cid:36583, maxbytes:2
20251110-03:35.38-390962(us) 19324 ! txn_stock_level (tpcc.cc:3398):     ERROR warehouse_id:1, cid:36583, maxbytes:2
20251110-03:35.38-390991(us) 19324 ! txn_stock_level (tpcc.cc:3398):     ERROR warehouse_id:1, cid:36583, maxbytes:2
20251110-03:35.38-392983(us) 19324 ! txn_stock_level (tpcc.cc:3398):     ERROR warehouse_id:1, cid:36583, maxbytes:2
20251110-03:35.38-394300(us) 19324 ! txn_stock_level (tpcc.cc:3398):     ERROR warehouse_id:1, cid:36583, maxbytes:2
20251110-03:35.38-395210(us) 19324 ! txn_stock_level (tpcc.cc:3398):     ERROR warehouse_id:1, cid:36583, maxbytes:2
20251110-03:35.38-395431(us) 19324 ! txn_stock_level (tpcc.cc:3398):     ERROR warehouse_id:1, cid:36583, maxbytes:2
20251110-03:35.38-395538(us) 19324 ! txn_stock_level (tpcc.cc:3398):     ERROR warehouse_id:1, cid:36583, maxbytes:2
20251110-03:35.38-395673(us) 19324 ! txn_stock_level (tpcc.cc:3398):     ERROR warehouse_id:1, cid:36583, maxbytes:2
20251110-03:35.38-397605(us) 19324 ! txn_stock_level (tpcc.cc:3398):     ERROR warehouse_id:1, cid:36583, maxbytes:2
20251110-03:35.38-397648(us) 19324 ! txn_stock_level (tpcc.cc:3398):     ERROR warehouse_id:1, cid:36583, maxbytes:2
20251110-03:35.38-397676(us) 19324 ! txn_stock_level (tpcc.cc:3398):     ERROR warehouse_id:1, cid:36583, maxbytes:2
20251110-03:35.38-398557(us) 19324 ! txn_stock_level (tpcc.cc:3398):     ERROR warehouse_id:1, cid:36583, maxbytes:2
20251110-03:35.38-399024(us) 19324 ! txn_stock_level (tpcc.cc:3398):     ERROR warehouse_id:1, cid:36583, maxbytes:2
20251110-03:35.38-507419(us) 19324 ! txn_stock_level (tpcc.cc:3398):     ERROR warehouse_id:2, cid:97763, maxbytes:2
20251110-03:35.38-507533(us) 19324 ! txn_stock_level (tpcc.cc:3398):     ERROR warehouse_id:2, cid:97763, maxbytes:2
20251110-03:35.38-510707(us) 19324 ! txn_stock_level (tpcc.cc:3398):     ERROR warehouse_id:2, cid:97763, maxbytes:2
20251110-03:35.38-510883(us) 19324 ! txn_stock_level (tpcc.cc:3398):     ERROR warehouse_id:2, cid:97763, maxbytes:2
20251110-03:35.38-511927(us) 19324 ! txn_stock_level (tpcc.cc:3398):     ERROR warehouse_id:2, cid:97763, maxbytes:2
20251110-03:35.38-545544(us) 19324 ! txn_stock_level (tpcc.cc:3398):     ERROR warehouse_id:2, cid:44263, maxbytes:2
20251110-03:35.38-549823(us) 19324 ! txn_stock_level (tpcc.cc:3398):     ERROR warehouse_id:2, cid:44263, maxbytes:2
20251110-03:35.38-726315(us) 19324 ! txn_stock_level (tpcc.cc:3398):     ERROR warehouse_id:1, cid:44775, maxbytes:2
20251110-03:35.38-727374(us) 19324 ! txn_stock_level (tpcc.cc:3398):     ERROR warehouse_id:1, cid:44775, maxbytes:2
20251110-03:35.38-727490(us) 19324 ! txn_stock_level (tpcc.cc:3398):     ERROR warehouse_id:1, cid:44775, maxbytes:2
20251110-03:35.38-752773(us) 19324 ! txn_stock_level (tpcc.cc:3398):     ERROR warehouse_id:2, cid:89447, maxbytes:2
20251110-03:35.38-752864(us) 19324 ! txn_stock_level (tpcc.cc:3398):     ERROR warehouse_id:2, cid:89447, maxbytes:2
20251110-03:35.38-888063(us) 19324 ! txn_stock_level (tpcc.cc:3398):     ERROR warehouse_id:2, cid:73447, maxbytes:2
20251110-03:35.38-889119(us) 19324 ! txn_stock_level (tpcc.cc:3398):     ERROR warehouse_id:2, cid:73447, maxbytes:2
20251110-03:35.38-889227(us) 19324 ! txn_stock_level (tpcc.cc:3398):     ERROR warehouse_id:2, cid:73447, maxbytes:2
20251110-03:35.38-889426(us) 19324 ! txn_stock_level (tpcc.cc:3398):     ERROR warehouse_id:2, cid:73447, maxbytes:2
20251110-03:35.38-889539(us) 19324 ! txn_stock_level (tpcc.cc:3398):     ERROR warehouse_id:2, cid:73447, maxbytes:2
20251110-03:35.38-890545(us) 19324 ! txn_stock_level (tpcc.cc:3398):     ERROR warehouse_id:2, cid:73447, maxbytes:2
20251110-03:35.38-891622(us) 19324 ! txn_stock_level (tpcc.cc:3398):     ERROR warehouse_id:2, cid:73447, maxbytes:2
20251110-03:35.38-891680(us) 19324 ! txn_stock_level (tpcc.cc:3398):     ERROR warehouse_id:2, cid:73447, maxbytes:2
20251110-03:35.38-891842(us) 19324 ! txn_stock_level (tpcc.cc:3398):     ERROR warehouse_id:2, cid:73447, maxbytes:2
20251110-03:35.38-892723(us) 19324 ! txn_stock_level (tpcc.cc:3398):     ERROR warehouse_id:2, cid:73447, maxbytes:2
20251110-03:35.38-892892(us) 19324 ! txn_stock_level (tpcc.cc:3398):     ERROR warehouse_id:2, cid:73447, maxbytes:2
20251110-03:35.38-894991(us) 19324 ! txn_stock_level (tpcc.cc:3398):     ERROR warehouse_id:2, cid:73447, maxbytes:2
20251110-03:35.38-902090(us) 19324 ! txn_stock_level (tpcc.cc:3398):     ERROR warehouse_id:1, cid:32486, maxbytes:2
20251110-03:35.38-902530(us) 19324 ! txn_stock_level (tpcc.cc:3398):     ERROR warehouse_id:1, cid:32486, maxbytes:2
20251110-03:35.38-902673(us) 19324 ! txn_stock_level (tpcc.cc:3398):     ERROR warehouse_id:1, cid:32486, maxbytes:2
20251110-03:35.38-902876(us) 19324 ! txn_stock_level (tpcc.cc:3398):     ERROR warehouse_id:1, cid:32486, maxbytes:2
20251110-03:35.38-904026(us) 19324 ! txn_stock_level (tpcc.cc:3398):     ERROR warehouse_id:1, cid:32486, maxbytes:2
20251110-03:35.38-904074(us) 19324 ! txn_stock_level (tpcc.cc:3398):     ERROR warehouse_id:1, cid:32486, maxbytes:2
20251110-03:35.38-904095(us) 19324 ! txn_stock_level (tpcc.cc:3398):     ERROR warehouse_id:1, cid:32486, maxbytes:2
20251110-03:35.38-904268(us) 19324 ! txn_stock_level (tpcc.cc:3398):     ERROR warehouse_id:1, cid:32486, maxbytes:2
20251110-03:35.38-904323(us) 19324 ! txn_stock_level (tpcc.cc:3398):     ERROR warehouse_id:1, cid:32486, maxbytes:2
20251110-03:35.38-904703(us) 19324 ! txn_stock_level (tpcc.cc:3398):     ERROR warehouse_id:1, cid:32486, maxbytes:2
20251110-03:35.38-904847(us) 19324 ! txn_stock_level (tpcc.cc:3398):     ERROR warehouse_id:1, cid:32486, maxbytes:2
20251110-03:35.38-904901(us) 19324 ! txn_stock_level (tpcc.cc:3398):     ERROR warehouse_id:1, cid:32486, maxbytes:2
20251110-03:35.38-904914(us) 19324 ! txn_stock_level (tpcc.cc:3398):     ERROR warehouse_id:1, cid:32486, maxbytes:2
20251110-03:35.38-904945(us) 19324 ! txn_stock_level (tpcc.cc:3398):     ERROR warehouse_id:1, cid:32486, maxbytes:2
20251110-03:35.38-905095(us) 19324 ! txn_stock_level (tpcc.cc:3398):     ERROR warehouse_id:1, cid:32486, maxbytes:2
20251110-03:35.38-905139(us) 19324 ! txn_stock_level (tpcc.cc:3398):     ERROR warehouse_id:1, cid:32486, maxbytes:2
20251110-03:35.38-905207(us) 19324 ! txn_stock_level (tpcc.cc:3398):     ERROR warehouse_id:1, cid:32486, maxbytes:2
20251110-03:35.38-905229(us) 19324 ! txn_stock_level (tpcc.cc:3398):     ERROR warehouse_id:1, cid:32486, maxbytes:2
20251110-03:35.38-905315(us) 19324 ! txn_stock_level (tpcc.cc:3398):     ERROR warehouse_id:1, cid:32486, maxbytes:2
20251110-03:35.38-906500(us) 19324 ! txn_stock_level (tpcc.cc:3398):     ERROR warehouse_id:1, cid:32486, maxbytes:2
20251110-03:35.38-906926(us) 19324 ! txn_stock_level (tpcc.cc:3398):     ERROR warehouse_id:1, cid:32486, maxbytes:2
20251110-03:35.38-907123(us) 19324 ! txn_stock_level (tpcc.cc:3398):     ERROR warehouse_id:1, cid:32486, maxbytes:2
20251110-03:35.38-907236(us) 19324 ! txn_stock_level (tpcc.cc:3398):     ERROR warehouse_id:1, cid:32486, maxbytes:2
20251110-03:35.38-907434(us) 19324 ! txn_stock_level (tpcc.cc:3398):     ERROR warehouse_id:1, cid:32486, maxbytes:2
20251110-03:35.38-907642(us) 19324 ! txn_stock_level (tpcc.cc:3398):     ERROR warehouse_id:1, cid:32486, maxbytes:2
20251110-03:35.38-909873(us) 19324 ! txn_stock_level (tpcc.cc:3398):     ERROR warehouse_id:1, cid:32486, maxbytes:2
20251110-03:35.38-911139(us) 19324 ! txn_stock_level (tpcc.cc:3398):     ERROR warehouse_id:1, cid:89703, maxbytes:2
20251110-03:35.38-911233(us) 19324 ! txn_stock_level (tpcc.cc:3398):     ERROR warehouse_id:1, cid:89703, maxbytes:2
20251110-03:35.38-911277(us) 19324 ! txn_stock_level (tpcc.cc:3398):     ERROR warehouse_id:1, cid:89703, maxbytes:2
20251110-03:35.38-911319(us) 19324 ! txn_stock_level (tpcc.cc:3398):     ERROR warehouse_id:1, cid:89703, maxbytes:2
20251110-03:35.38-916727(us) 19324 ! txn_stock_level (tpcc.cc:3398):     ERROR warehouse_id:1, cid:32485, maxbytes:2
20251110-03:35.38-916854(us) 19324 ! txn_stock_level (tpcc.cc:3398):     ERROR warehouse_id:1, cid:48870, maxbytes:2
20251110-03:35.38-917865(us) 19324 ! txn_stock_level (tpcc.cc:3398):     ERROR warehouse_id:1, cid:48870, maxbytes:2
20251110-03:35.38-917890(us) 19324 ! txn_stock_level (tpcc.cc:3398):     ERROR warehouse_id:1, cid:48870, maxbytes:2
20251110-03:35.38-919640(us) 19324 ! txn_stock_level (tpcc.cc:3398):     ERROR warehouse_id:1, cid:48870, maxbytes:2
20251110-03:35.38-920458(us) 19324 ! txn_stock_level (tpcc.cc:3398):     ERROR warehouse_id:1, cid:48870, maxbytes:2
20251110-03:35.38-920709(us) 19324 ! txn_stock_level (tpcc.cc:3398):     ERROR warehouse_id:1, cid:48870, maxbytes:2
20251110-03:35.38-924501(us) 19324 ! txn_stock_level (tpcc.cc:3398):     ERROR warehouse_id:1, cid:48870, maxbytes:2
20251110-03:35.38-925345(us) 19324 ! txn_stock_level (tpcc.cc:3398):     ERROR warehouse_id:1, cid:48870, maxbytes:2
20251110-03:35.38-927681(us) 19324 ! txn_stock_level (tpcc.cc:3398):     ERROR warehouse_id:1, cid:48870, maxbytes:2
20251110-03:35.38-928068(us) 19324 ! txn_stock_level (tpcc.cc:3398):     ERROR warehouse_id:1, cid:48870, maxbytes:2
20251110-03:35.38-928116(us) 19324 ! txn_stock_level (tpcc.cc:3398):     ERROR warehouse_id:1, cid:48870, maxbytes:2
20251110-03:35.38-929319(us) 19324 ! txn_stock_level (tpcc.cc:3398):     ERROR warehouse_id:1, cid:48870, maxbytes:2
20251110-03:35.38-929494(us) 19324 ! txn_stock_level (tpcc.cc:3398):     ERROR warehouse_id:1, cid:48870, maxbytes:2
20251110-03:35.38-929628(us) 19324 ! txn_stock_level (tpcc.cc:3398):     ERROR warehouse_id:1, cid:48870, maxbytes:2
20251110-03:35.38-931946(us) 19324 ! txn_stock_level (tpcc.cc:3398):     ERROR warehouse_id:1, cid:48870, maxbytes:2
20251110-03:35.38-931995(us) 19324 ! txn_stock_level (tpcc.cc:3398):     ERROR warehouse_id:1, cid:48870, maxbytes:2
20251110-03:35.38-932164(us) 19324 ! txn_stock_level (tpcc.cc:3398):     ERROR warehouse_id:1, cid:48870, maxbytes:2
20251110-03:35.38-932296(us) 19324 ! txn_stock_level (tpcc.cc:3398):     ERROR warehouse_id:1, cid:48870, maxbytes:2
20251110-03:35.39-71089(us) 19324 ! txn_stock_level (tpcc.cc:3398):     ERROR warehouse_id:1, cid:28391, maxbytes:2
20251110-03:35.39-71158(us) 19324 ! txn_stock_level (tpcc.cc:3398):     ERROR warehouse_id:1, cid:28391, maxbytes:2
20251110-03:35.39-71186(us) 19324 ! txn_stock_level (tpcc.cc:3398):     ERROR warehouse_id:1, cid:28391, maxbytes:2
20251110-03:35.39-71719(us) 19324 ! txn_stock_level (tpcc.cc:3398):     ERROR warehouse_id:1, cid:28391, maxbytes:2
20251110-03:35.39-72332(us) 19324 ! txn_stock_level (tpcc.cc:3398):     ERROR warehouse_id:1, cid:28391, maxbytes:2
20251110-03:35.39-72366(us) 19324 ! txn_stock_level (tpcc.cc:3398):     ERROR warehouse_id:1, cid:28391, maxbytes:2
20251110-03:35.39-72515(us) 19324 ! txn_stock_level (tpcc.cc:3398):     ERROR warehouse_id:1, cid:81639, maxbytes:2
20251110-03:35.39-72565(us) 19324 ! txn_stock_level (tpcc.cc:3398):     ERROR warehouse_id:1, cid:81639, maxbytes:2
20251110-03:35.39-72601(us) 19324 ! txn_stock_level (tpcc.cc:3398):     ERROR warehouse_id:1, cid:81639, maxbytes:2
20251110-03:35.39-73674(us) 19324 ! txn_stock_level (tpcc.cc:3398):     ERROR warehouse_id:1, cid:28391, maxbytes:2
20251110-03:35.39-73860(us) 19324 ! txn_stock_level (tpcc.cc:3398):     ERROR warehouse_id:1, cid:28391, maxbytes:2
20251110-03:35.39-74888(us) 19324 ! txn_stock_level (tpcc.cc:3398):     ERROR warehouse_id:1, cid:81639, maxbytes:2
20251110-03:35.39-74982(us) 19324 ! txn_stock_level (tpcc.cc:3398):     ERROR warehouse_id:1, cid:81639, maxbytes:2
20251110-03:35.39-75114(us) 19324 ! txn_stock_level (tpcc.cc:3398):     ERROR warehouse_id:1, cid:28391, maxbytes:2
20251110-03:35.39-75142(us) 19324 ! txn_stock_level (tpcc.cc:3398):     ERROR warehouse_id:1, cid:28391, maxbytes:2
20251110-03:35.39-78573(us) 19324 ! txn_stock_level (tpcc.cc:3398):     ERROR warehouse_id:1, cid:28391, maxbytes:2
20251110-03:35.39-79870(us) 19324 ! txn_stock_level (tpcc.cc:3398):     ERROR warehouse_id:1, cid:28391, maxbytes:2
20251110-03:35.39-80070(us) 19324 ! txn_stock_level (tpcc.cc:3398):     ERROR warehouse_id:1, cid:81639, maxbytes:2
20251110-03:35.39-80153(us) 19324 ! txn_stock_level (tpcc.cc:3398):     ERROR warehouse_id:1, cid:28391, maxbytes:2
20251110-03:35.39-80200(us) 19324 ! txn_stock_level (tpcc.cc:3398):     ERROR warehouse_id:1, cid:28391, maxbytes:2
20251110-03:35.39-80443(us) 19324 ! txn_stock_level (tpcc.cc:3398):     ERROR warehouse_id:1, cid:81639, maxbytes:2
20251110-03:35.39-80651(us) 19324 ! txn_stock_level (tpcc.cc:3398):     ERROR warehouse_id:1, cid:28391, maxbytes:2
20251110-03:35.39-80680(us) 19324 ! txn_stock_level (tpcc.cc:3398):     ERROR warehouse_id:1, cid:28391, maxbytes:2
20251110-03:35.39-80704(us) 19324 ! txn_stock_level (tpcc.cc:3398):     ERROR warehouse_id:1, cid:81639, maxbytes:2
20251110-03:35.39-80720(us) 19324 ! txn_stock_level (tpcc.cc:3398):     ERROR warehouse_id:1, cid:81639, maxbytes:2
20251110-03:35.39-81720(us) 19324 ! txn_stock_level (tpcc.cc:3398):     ERROR warehouse_id:1, cid:28391, maxbytes:2
20251110-03:35.39-81738(us) 19324 ! txn_stock_level (tpcc.cc:3398):     ERROR warehouse_id:1, cid:28391, maxbytes:2
20251110-03:35.39-82603(us) 19324 ! txn_stock_level (tpcc.cc:3398):     ERROR warehouse_id:1, cid:81639, maxbytes:2
20251110-03:35.39-82685(us) 19324 ! txn_stock_level (tpcc.cc:3398):     ERROR warehouse_id:1, cid:28391, maxbytes:2
20251110-03:35.39-82728(us) 19324 ! txn_stock_level (tpcc.cc:3398):     ERROR warehouse_id:1, cid:81639, maxbytes:2
20251110-03:35.39-82745(us) 19324 ! txn_stock_level (tpcc.cc:3398):     ERROR warehouse_id:1, cid:81639, maxbytes:2
20251110-03:35.39-82788(us) 19324 ! txn_stock_level (tpcc.cc:3398):     ERROR warehouse_id:1, cid:81639, maxbytes:2
20251110-03:35.39-82878(us) 19324 ! txn_stock_level (tpcc.cc:3398):     ERROR warehouse_id:1, cid:28391, maxbytes:2
20251110-03:35.39-82897(us) 19324 ! txn_stock_level (tpcc.cc:3398):     ERROR warehouse_id:1, cid:81639, maxbytes:2
20251110-03:35.39-83958(us) 19324 ! txn_stock_level (tpcc.cc:3398):     ERROR warehouse_id:1, cid:28391, maxbytes:2
20251110-03:35.39-84038(us) 19324 ! txn_stock_level (tpcc.cc:3398):     ERROR warehouse_id:1, cid:81639, maxbytes:2
20251110-03:35.39-84054(us) 19324 ! txn_stock_level (tpcc.cc:3398):     ERROR warehouse_id:1, cid:28391, maxbytes:2
20251110-03:35.39-84086(us) 19324 ! txn_stock_level (tpcc.cc:3398):     ERROR warehouse_id:1, cid:28391, maxbytes:2
20251110-03:35.39-84175(us) 19324 ! txn_stock_level (tpcc.cc:3398):     ERROR warehouse_id:1, cid:28391, maxbytes:2
20251110-03:35.39-84287(us) 19324 ! txn_stock_level (tpcc.cc:3398):     ERROR warehouse_id:1, cid:28391, maxbytes:2
20251110-03:35.39-91679(us) 19324 ! txn_stock_level (tpcc.cc:3398):     ERROR warehouse_id:1, cid:81634, maxbytes:2
20251110-03:35.39-91780(us) 19324 ! txn_stock_level (tpcc.cc:3398):     ERROR warehouse_id:1, cid:81634, maxbytes:2
20251110-03:35.39-91877(us) 19324 ! txn_stock_level (tpcc.cc:3398):     ERROR warehouse_id:1, cid:81634, maxbytes:2
20251110-03:35.39-92127(us) 19324 ! txn_stock_level (tpcc.cc:3398):     ERROR warehouse_id:1, cid:81634, maxbytes:2
20251110-03:35.39-92160(us) 19324 ! txn_stock_level (tpcc.cc:3398):     ERROR warehouse_id:1, cid:81634, maxbytes:2
20251110-03:35.39-92289(us) 19324 ! txn_stock_level (tpcc.cc:3398):     ERROR warehouse_id:1, cid:81634, maxbytes:2
20251110-03:35.39-93205(us) 19324 ! txn_stock_level (tpcc.cc:3398):     ERROR warehouse_id:1, cid:81634, maxbytes:2
20251110-03:35.39-94418(us) 19324 ! txn_stock_level (tpcc.cc:3398):     ERROR warehouse_id:1, cid:81634, maxbytes:2
20251110-03:35.39-94517(us) 19324 ! txn_stock_level (tpcc.cc:3398):     ERROR warehouse_id:1, cid:81634, maxbytes:2
20251110-03:35.39-94831(us) 19324 ! txn_stock_level (tpcc.cc:3398):     ERROR warehouse_id:1, cid:81634, maxbytes:2
20251110-03:35.39-94924(us) 19324 ! txn_stock_level (tpcc.cc:3398):     ERROR warehouse_id:1, cid:81634, maxbytes:2
20251110-03:35.39-95985(us) 19324 ! txn_stock_level (tpcc.cc:3398):     ERROR warehouse_id:1, cid:81634, maxbytes:2
20251110-03:35.39-97239(us) 19324 ! txn_stock_level (tpcc.cc:3398):     ERROR warehouse_id:1, cid:81634, maxbytes:2
20251110-03:35.39-97442(us) 19324 ! txn_stock_level (tpcc.cc:3398):     ERROR warehouse_id:1, cid:81634, maxbytes:2
20251110-03:35.39-97575(us) 19324 ! txn_stock_level (tpcc.cc:3398):     ERROR warehouse_id:1, cid:81634, maxbytes:2
20251110-03:35.39-97668(us) 19324 ! txn_stock_level (tpcc.cc:3398):     ERROR warehouse_id:1, cid:81634, maxbytes:2
20251110-03:35.39-97681(us) 19324 ! txn_stock_level (tpcc.cc:3398):     ERROR warehouse_id:1, cid:81634, maxbytes:2
20251110-03:35.39-99096(us) 19324 ! txn_stock_level (tpcc.cc:3398):     ERROR warehouse_id:1, cid:81634, maxbytes:2
20251110-03:35.39-99115(us) 19324 ! txn_stock_level (tpcc.cc:3398):     ERROR warehouse_id:1, cid:81634, maxbytes:2
20251110-03:35.39-99122(us) 19324 ! txn_stock_level (tpcc.cc:3398):     ERROR warehouse_id:1, cid:81634, maxbytes:2
20251110-03:35.39-99246(us) 19324 ! txn_stock_level (tpcc.cc:3398):     ERROR warehouse_id:1, cid:81634, maxbytes:2
20251110-03:35.39-99265(us) 19324 ! txn_stock_level (tpcc.cc:3398):     ERROR warehouse_id:1, cid:81634, maxbytes:2
20251110-03:35.39-99302(us) 19324 ! txn_stock_level (tpcc.cc:3398):     ERROR warehouse_id:1, cid:81634, maxbytes:2
20251110-03:35.39-100357(us) 19324 ! txn_stock_level (tpcc.cc:3398):     ERROR warehouse_id:1, cid:81634, maxbytes:2
20251110-03:35.39-100455(us) 19324 ! txn_stock_level (tpcc.cc:3398):     ERROR warehouse_id:1, cid:81634, maxbytes:2
20251110-03:35.39-100503(us) 19324 ! txn_stock_level (tpcc.cc:3398):     ERROR warehouse_id:1, cid:81634, maxbytes:2
20251110-03:35.39-100611(us) 19324 ! txn_stock_level (tpcc.cc:3398):     ERROR warehouse_id:1, cid:81634, maxbytes:2
20251110-03:35.39-101660(us) 19324 ! txn_stock_level (tpcc.cc:3398):     ERROR warehouse_id:1, cid:81634, maxbytes:2
20251110-03:35.39-102028(us) 19324 ! txn_stock_level (tpcc.cc:3398):     ERROR warehouse_id:1, cid:81634, maxbytes:2
20251110-03:35.39-102046(us) 19324 ! txn_stock_level (tpcc.cc:3398):     ERROR warehouse_id:1, cid:81634, maxbytes:2
20251110-03:35.39-102101(us) 19324 ! txn_stock_level (tpcc.cc:3398):     ERROR warehouse_id:1, cid:81634, maxbytes:2
20251110-03:35.39-102278(us) 19324 ! txn_stock_level (tpcc.cc:3398):     ERROR warehouse_id:1, cid:81634, maxbytes:2
20251110-03:35.39-102295(us) 19324 ! txn_stock_level (tpcc.cc:3398):     ERROR warehouse_id:1, cid:81634, maxbytes:2
20251110-03:35.39-102349(us) 19324 ! txn_stock_level (tpcc.cc:3398):     ERROR warehouse_id:1, cid:81634, maxbytes:2
20251110-03:35.39-102390(us) 19324 ! txn_stock_level (tpcc.cc:3398):     ERROR warehouse_id:1, cid:81634, maxbytes:2
20251110-03:35.39-189297(us) 19324 ! run             (bench.cc:473):     runtime time left:17000 ms, bool:1
20251110-03:35.39-190089(us) 19324 ! txn_stock_level (tpcc.cc:3398):     ERROR warehouse_id:2, cid:24295, maxbytes:2
20251110-03:35.39-190192(us) 19324 ! txn_stock_level (tpcc.cc:3398):     ERROR warehouse_id:2, cid:24295, maxbytes:2
20251110-03:35.39-190202(us) 19324 ! txn_stock_level (tpcc.cc:3398):     ERROR warehouse_id:2, cid:24295, maxbytes:2
20251110-03:35.39-190225(us) 19324 ! txn_stock_level (tpcc.cc:3398):     ERROR warehouse_id:2, cid:24295, maxbytes:2
20251110-03:35.39-190486(us) 19324 ! txn_stock_level (tpcc.cc:3398):     ERROR warehouse_id:2, cid:24295, maxbytes:2
20251110-03:35.39-193673(us) 19324 ! txn_stock_level (tpcc.cc:3398):     ERROR warehouse_id:2, cid:24295, maxbytes:2
20251110-03:35.39-194679(us) 19324 ! txn_stock_level (tpcc.cc:3398):     ERROR warehouse_id:2, cid:24295, maxbytes:2
20251110-03:35.39-194766(us) 19324 ! txn_stock_level (tpcc.cc:3398):     ERROR warehouse_id:2, cid:24295, maxbytes:2
20251110-03:35.39-194887(us) 19324 ! txn_stock_level (tpcc.cc:3398):     ERROR warehouse_id:2, cid:24295, maxbytes:2
20251110-03:35.39-194897(us) 19324 ! txn_stock_level (tpcc.cc:3398):     ERROR warehouse_id:2, cid:24295, maxbytes:2
20251110-03:35.39-194920(us) 19324 ! txn_stock_level (tpcc.cc:3398):     ERROR warehouse_id:2, cid:24295, maxbytes:2
20251110-03:35.39-195821(us) 19324 ! txn_stock_level (tpcc.cc:3398):     ERROR warehouse_id:2, cid:24295, maxbytes:2
20251110-03:35.39-195903(us) 19324 ! txn_stock_level (tpcc.cc:3398):     ERROR warehouse_id:2, cid:24295, maxbytes:2
20251110-03:35.39-196207(us) 19324 ! txn_stock_level (tpcc.cc:3398):     ERROR warehouse_id:2, cid:24295, maxbytes:2
20251110-03:35.39-196225(us) 19324 ! txn_stock_level (tpcc.cc:3398):     ERROR warehouse_id:2, cid:24295, maxbytes:2
20251110-03:35.39-196651(us) 19324 ! txn_stock_level (tpcc.cc:3398):     ERROR warehouse_id:2, cid:24295, maxbytes:2
20251110-03:35.39-197745(us) 19324 ! txn_stock_level (tpcc.cc:3398):     ERROR warehouse_id:2, cid:24295, maxbytes:2
20251110-03:35.39-197850(us) 19324 ! txn_stock_level (tpcc.cc:3398):     ERROR warehouse_id:2, cid:24295, maxbytes:2
20251110-03:35.39-197874(us) 19324 ! txn_stock_level (tpcc.cc:3398):     ERROR warehouse_id:2, cid:24295, maxbytes:2
20251110-03:35.39-197884(us) 19324 ! txn_stock_level (tpcc.cc:3398):     ERROR warehouse_id:2, cid:24295, maxbytes:2
20251110-03:35.39-199965(us) 19324 ! txn_stock_level (tpcc.cc:3398):     ERROR warehouse_id:2, cid:24295, maxbytes:2
20251110-03:35.39-202304(us) 19324 ! txn_stock_level (tpcc.cc:3398):     ERROR warehouse_id:2, cid:24295, maxbytes:2
20251110-03:35.39-202382(us) 19324 ! txn_stock_level (tpcc.cc:3398):     ERROR warehouse_id:2, cid:24295, maxbytes:2
20251110-03:35.39-203422(us) 19324 ! txn_stock_level (tpcc.cc:3398):     ERROR warehouse_id:2, cid:24295, maxbytes:2
20251110-03:35.39-203449(us) 19324 ! txn_stock_level (tpcc.cc:3398):     ERROR warehouse_id:2, cid:24295, maxbytes:2
20251110-03:35.39-203550(us) 19324 ! txn_stock_level (tpcc.cc:3398):     ERROR warehouse_id:2, cid:24295, maxbytes:2
20251110-03:35.39-237123(us) 19324 ! txn_stock_level (tpcc.cc:3398):     ERROR warehouse_id:2, cid:40503, maxbytes:2
20251110-03:35.39-237183(us) 19324 ! txn_stock_level (tpcc.cc:3398):     ERROR warehouse_id:2, cid:40503, maxbytes:2
20251110-03:35.39-237216(us) 19324 ! txn_stock_level (tpcc.cc:3398):     ERROR warehouse_id:2, cid:40503, maxbytes:2
20251110-03:35.39-238228(us) 19324 ! txn_stock_level (tpcc.cc:3398):     ERROR warehouse_id:2, cid:40503, maxbytes:2
20251110-03:35.39-238362(us) 19324 ! txn_stock_level (tpcc.cc:3398):     ERROR warehouse_id:2, cid:40503, maxbytes:2
20251110-03:35.39-238375(us) 19324 ! txn_stock_level (tpcc.cc:3398):     ERROR warehouse_id:2, cid:40503, maxbytes:2
20251110-03:35.39-238613(us) 19324 ! txn_stock_level (tpcc.cc:3398):     ERROR warehouse_id:2, cid:40503, maxbytes:2
20251110-03:35.39-238856(us) 19324 ! txn_stock_level (tpcc.cc:3398):     ERROR warehouse_id:2, cid:40503, maxbytes:2
20251110-03:35.39-238947(us) 19324 ! txn_stock_level (tpcc.cc:3398):     ERROR warehouse_id:2, cid:40503, maxbytes:2
20251110-03:35.39-238990(us) 19324 ! txn_stock_level (tpcc.cc:3398):     ERROR warehouse_id:2, cid:40503, maxbytes:2
20251110-03:35.39-239826(us) 19324 ! txn_stock_level (tpcc.cc:3398):     ERROR warehouse_id:2, cid:40503, maxbytes:2
20251110-03:35.39-239900(us) 19324 ! txn_stock_level (tpcc.cc:3398):     ERROR warehouse_id:2, cid:40503, maxbytes:2
20251110-03:35.39-240021(us) 19324 ! txn_stock_level (tpcc.cc:3398):     ERROR warehouse_id:1, cid:57054, maxbytes:2
20251110-03:35.39-242095(us) 19324 ! txn_stock_level (tpcc.cc:3398):     ERROR warehouse_id:1, cid:57054, maxbytes:2
20251110-03:35.39-243419(us) 19324 ! txn_stock_level (tpcc.cc:3398):     ERROR warehouse_id:1, cid:57054, maxbytes:2
20251110-03:35.39-245669(us) 19324 ! txn_stock_level (tpcc.cc:3398):     ERROR warehouse_id:1, cid:57054, maxbytes:2
20251110-03:35.39-262389(us) 19324 ! txn_stock_level (tpcc.cc:3398):     ERROR warehouse_id:1, cid:81639, maxbytes:2
20251110-03:35.39-262527(us) 19324 ! txn_stock_level (tpcc.cc:3398):     ERROR warehouse_id:1, cid:81639, maxbytes:2
20251110-03:35.39-262611(us) 19324 ! txn_stock_level (tpcc.cc:3398):     ERROR warehouse_id:1, cid:81639, maxbytes:2
20251110-03:35.39-262634(us) 19324 ! txn_stock_level (tpcc.cc:3398):     ERROR warehouse_id:1, cid:81639, maxbytes:2
20251110-03:35.39-263860(us) 19324 ! txn_stock_level (tpcc.cc:3398):     ERROR warehouse_id:1, cid:81639, maxbytes:2
20251110-03:35.39-265741(us) 19324 ! txn_stock_level (tpcc.cc:3398):     ERROR warehouse_id:1, cid:81639, maxbytes:2
20251110-03:35.39-265784(us) 19324 ! txn_stock_level (tpcc.cc:3398):     ERROR warehouse_id:1, cid:81639, maxbytes:2
20251110-03:35.39-266813(us) 19324 ! txn_stock_level (tpcc.cc:3398):     ERROR warehouse_id:1, cid:81639, maxbytes:2
20251110-03:35.39-266846(us) 19324 ! txn_stock_level (tpcc.cc:3398):     ERROR warehouse_id:1, cid:81639, maxbytes:2
20251110-03:35.39-267989(us) 19324 ! txn_stock_level (tpcc.cc:3398):     ERROR warehouse_id:1, cid:81639, maxbytes:2
20251110-03:35.39-268085(us) 19324 ! txn_stock_level (tpcc.cc:3398):     ERROR warehouse_id:1, cid:81639, maxbytes:2
20251110-03:35.39-269916(us) 19324 ! txn_stock_level (tpcc.cc:3398):     ERROR warehouse_id:1, cid:81639, maxbytes:2
20251110-03:35.39-270730(us) 19324 ! txn_stock_level (tpcc.cc:3398):     ERROR warehouse_id:1, cid:81639, maxbytes:2
20251110-03:35.39-270766(us) 19324 ! txn_stock_level (tpcc.cc:3398):     ERROR warehouse_id:1, cid:81639, maxbytes:2
20251110-03:35.39-270803(us) 19324 ! txn_stock_level (tpcc.cc:3398):     ERROR warehouse_id:1, cid:81639, maxbytes:2
20251110-03:35.39-271001(us) 19324 ! txn_stock_level (tpcc.cc:3398):     ERROR warehouse_id:1, cid:81639, maxbytes:2
20251110-03:35.39-271970(us) 19324 ! txn_stock_level (tpcc.cc:3398):     ERROR warehouse_id:1, cid:81639, maxbytes:2
20251110-03:35.39-272040(us) 19324 ! txn_stock_level (tpcc.cc:3398):     ERROR warehouse_id:1, cid:81639, maxbytes:2
20251110-03:35.39-396953(us) 19324 ! txn_stock_level (tpcc.cc:3398):     ERROR warehouse_id:2, cid:69211, maxbytes:2
20251110-03:35.39-397021(us) 19324 ! txn_stock_level (tpcc.cc:3398):     ERROR warehouse_id:2, cid:69211, maxbytes:2
20251110-03:35.39-397126(us) 19324 ! txn_stock_level (tpcc.cc:3398):     ERROR warehouse_id:2, cid:69211, maxbytes:2
20251110-03:35.39-397175(us) 19324 ! txn_stock_level (tpcc.cc:3398):     ERROR warehouse_id:2, cid:69211, maxbytes:2
20251110-03:35.39-397252(us) 19324 ! txn_stock_level (tpcc.cc:3398):     ERROR warehouse_id:2, cid:69211, maxbytes:2
20251110-03:35.39-563127(us) 19324 ! txn_stock_level (tpcc.cc:3398):     ERROR warehouse_id:2, cid:24215, maxbytes:2
20251110-03:35.39-564132(us) 19324 ! txn_stock_level (tpcc.cc:3398):     ERROR warehouse_id:2, cid:24215, maxbytes:2
20251110-03:35.39-564232(us) 19324 ! txn_stock_level (tpcc.cc:3398):     ERROR warehouse_id:2, cid:24215, maxbytes:2
20251110-03:35.39-564254(us) 19324 ! txn_stock_level (tpcc.cc:3398):     ERROR warehouse_id:2, cid:24215, maxbytes:2
20251110-03:35.39-564261(us) 19324 ! txn_stock_level (tpcc.cc:3398):     ERROR warehouse_id:2, cid:24215, maxbytes:2
20251110-03:35.39-565441(us) 19324 ! txn_stock_level (tpcc.cc:3398):     ERROR warehouse_id:2, cid:24215, maxbytes:2
20251110-03:35.39-565502(us) 19324 ! txn_stock_level (tpcc.cc:3398):     ERROR warehouse_id:2, cid:24215, maxbytes:2
20251110-03:35.39-566761(us) 19324 ! txn_stock_level (tpcc.cc:3398):     ERROR warehouse_id:2, cid:24215, maxbytes:2
20251110-03:35.39-566809(us) 19324 ! txn_stock_level (tpcc.cc:3398):     ERROR warehouse_id:2, cid:24215, maxbytes:2
20251110-03:35.39-566867(us) 19324 ! txn_stock_level (tpcc.cc:3398):     ERROR warehouse_id:2, cid:24215, maxbytes:2
20251110-03:35.39-600694(us) 19324 ! txn_stock_level (tpcc.cc:3398):     ERROR warehouse_id:1, cid:98018, maxbytes:2
20251110-03:35.39-601984(us) 19324 ! txn_stock_level (tpcc.cc:3398):     ERROR warehouse_id:1, cid:98018, maxbytes:2
20251110-03:35.39-602150(us) 19324 ! txn_stock_level (tpcc.cc:3398):     ERROR warehouse_id:1, cid:98018, maxbytes:2
20251110-03:35.39-602176(us) 19324 ! txn_stock_level (tpcc.cc:3398):     ERROR warehouse_id:1, cid:98018, maxbytes:2
20251110-03:35.39-602275(us) 19324 ! txn_stock_level (tpcc.cc:3398):     ERROR warehouse_id:1, cid:98018, maxbytes:2
20251110-03:35.39-602426(us) 19324 ! txn_stock_level (tpcc.cc:3398):     ERROR warehouse_id:1, cid:98018, maxbytes:2
20251110-03:35.39-602615(us) 19324 ! txn_stock_level (tpcc.cc:3398):     ERROR warehouse_id:1, cid:98018, maxbytes:2
20251110-03:35.39-602810(us) 19324 ! txn_stock_level (tpcc.cc:3398):     ERROR warehouse_id:1, cid:98018, maxbytes:2
20251110-03:35.39-602887(us) 19324 ! txn_stock_level (tpcc.cc:3398):     ERROR warehouse_id:1, cid:98018, maxbytes:2
20251110-03:35.39-603924(us) 19324 ! txn_stock_level (tpcc.cc:3398):     ERROR warehouse_id:1, cid:98018, maxbytes:2
20251110-03:35.39-604995(us) 19324 ! txn_stock_level (tpcc.cc:3398):     ERROR warehouse_id:1, cid:98018, maxbytes:2
20251110-03:35.39-605095(us) 19324 ! txn_stock_level (tpcc.cc:3398):     ERROR warehouse_id:1, cid:98018, maxbytes:2
20251110-03:35.39-605137(us) 19324 ! txn_stock_level (tpcc.cc:3398):     ERROR warehouse_id:1, cid:98018, maxbytes:2
20251110-03:35.39-605234(us) 19324 ! txn_stock_level (tpcc.cc:3398):     ERROR warehouse_id:1, cid:98018, maxbytes:2
20251110-03:35.39-605248(us) 19324 ! txn_stock_level (tpcc.cc:3398):     ERROR warehouse_id:1, cid:98018, maxbytes:2
20251110-03:35.39-605353(us) 19324 ! txn_stock_level (tpcc.cc:3398):     ERROR warehouse_id:1, cid:98018, maxbytes:2
20251110-03:35.39-605377(us) 19324 ! txn_stock_level (tpcc.cc:3398):     ERROR warehouse_id:1, cid:98018, maxbytes:2
20251110-03:35.39-605751(us) 19324 ! txn_stock_level (tpcc.cc:3398):     ERROR warehouse_id:1, cid:98018, maxbytes:2
20251110-03:35.39-648419(us) 19324 ! txn_stock_level (tpcc.cc:3398):     ERROR warehouse_id:2, cid:98023, maxbytes:2
20251110-03:35.39-649277(us) 19324 ! txn_stock_level (tpcc.cc:3398):     ERROR warehouse_id:2, cid:98023, maxbytes:2
20251110-03:35.39-649496(us) 19324 ! txn_stock_level (tpcc.cc:3398):     ERROR warehouse_id:2, cid:98023, maxbytes:2
20251110-03:35.39-649515(us) 19324 ! txn_stock_level (tpcc.cc:3398):     ERROR warehouse_id:2, cid:98023, maxbytes:2
20251110-03:35.39-649781(us) 19324 ! txn_stock_level (tpcc.cc:3398):     ERROR warehouse_id:2, cid:98023, maxbytes:2
20251110-03:35.39-649844(us) 19324 ! txn_stock_level (tpcc.cc:3398):     ERROR warehouse_id:2, cid:98023, maxbytes:2
20251110-03:35.39-650943(us) 19324 ! txn_stock_level (tpcc.cc:3398):     ERROR warehouse_id:2, cid:98023, maxbytes:2
20251110-03:35.39-651066(us) 19324 ! txn_stock_level (tpcc.cc:3398):     ERROR warehouse_id:2, cid:98023, maxbytes:2
20251110-03:35.39-651248(us) 19324 ! txn_stock_level (tpcc.cc:3398):     ERROR warehouse_id:2, cid:98023, maxbytes:2
20251110-03:35.39-651268(us) 19324 ! txn_stock_level (tpcc.cc:3398):     ERROR warehouse_id:2, cid:98023, maxbytes:2
20251110-03:35.39-651485(us) 19324 ! txn_stock_level (tpcc.cc:3398):     ERROR warehouse_id:2, cid:98023, maxbytes:2
20251110-03:35.39-653655(us) 19324 ! txn_stock_level (tpcc.cc:3398):     ERROR warehouse_id:2, cid:98023, maxbytes:2
20251110-03:35.39-653680(us) 19324 ! txn_stock_level (tpcc.cc:3398):     ERROR warehouse_id:2, cid:98023, maxbytes:2
20251110-03:35.39-654712(us) 19324 ! txn_stock_level (tpcc.cc:3398):     ERROR warehouse_id:2, cid:16103, maxbytes:2
20251110-03:35.39-654953(us) 19324 ! txn_stock_level (tpcc.cc:3398):     ERROR warehouse_id:2, cid:16103, maxbytes:2
20251110-03:35.39-654993(us) 19324 ! txn_stock_level (tpcc.cc:3398):     ERROR warehouse_id:2, cid:16103, maxbytes:2
20251110-03:35.39-656221(us) 19324 ! txn_stock_level (tpcc.cc:3398):     ERROR warehouse_id:2, cid:16103, maxbytes:2
20251110-03:35.39-656326(us) 19324 ! txn_stock_level (tpcc.cc:3398):     ERROR warehouse_id:2, cid:16103, maxbytes:2
20251110-03:35.39-656572(us) 19324 ! txn_stock_level (tpcc.cc:3398):     ERROR warehouse_id:2, cid:16103, maxbytes:2
20251110-03:35.39-658686(us) 19324 ! txn_stock_level (tpcc.cc:3398):     ERROR warehouse_id:2, cid:16103, maxbytes:2
20251110-03:35.39-659533(us) 19324 ! txn_stock_level (tpcc.cc:3398):     ERROR warehouse_id:2, cid:16103, maxbytes:2
20251110-03:35.39-659624(us) 19324 ! txn_stock_level (tpcc.cc:3398):     ERROR warehouse_id:2, cid:16103, maxbytes:2
20251110-03:35.39-660958(us) 19324 ! txn_stock_level (tpcc.cc:3398):     ERROR warehouse_id:2, cid:16103, maxbytes:2
20251110-03:35.39-661009(us) 19324 ! txn_stock_level (tpcc.cc:3398):     ERROR warehouse_id:2, cid:16103, maxbytes:2
20251110-03:35.39-662257(us) 19324 ! txn_stock_level (tpcc.cc:3398):     ERROR warehouse_id:2, cid:16103, maxbytes:2
20251110-03:35.39-662305(us) 19324 ! txn_stock_level (tpcc.cc:3398):     ERROR warehouse_id:2, cid:16103, maxbytes:2
20251110-03:35.39-662362(us) 19324 ! txn_stock_level (tpcc.cc:3398):     ERROR warehouse_id:2, cid:16103, maxbytes:2
20251110-03:35.39-662509(us) 19324 ! txn_stock_level (tpcc.cc:3398):     ERROR warehouse_id:2, cid:16103, maxbytes:2
20251110-03:35.39-662568(us) 19324 ! txn_stock_level (tpcc.cc:3398):     ERROR warehouse_id:2, cid:16103, maxbytes:2
20251110-03:35.39-662730(us) 19324 ! txn_stock_level (tpcc.cc:3398):     ERROR warehouse_id:2, cid:16103, maxbytes:2
20251110-03:35.39-663838(us) 19324 ! txn_stock_level (tpcc.cc:3398):     ERROR warehouse_id:2, cid:16103, maxbytes:2
20251110-03:35.39-663883(us) 19324 ! txn_stock_level (tpcc.cc:3398):     ERROR warehouse_id:2, cid:16103, maxbytes:2
20251110-03:35.39-664725(us) 19324 ! txn_stock_level (tpcc.cc:3398):     ERROR warehouse_id:2, cid:16103, maxbytes:2
20251110-03:35.39-664824(us) 19324 ! txn_stock_level (tpcc.cc:3398):     ERROR warehouse_id:2, cid:16103, maxbytes:2
20251110-03:35.39-664931(us) 19324 ! txn_stock_level (tpcc.cc:3398):     ERROR warehouse_id:2, cid:16103, maxbytes:2
20251110-03:35.39-664964(us) 19324 ! txn_stock_level (tpcc.cc:3398):     ERROR warehouse_id:2, cid:16103, maxbytes:2
20251110-03:35.39-664979(us) 19324 ! txn_stock_level (tpcc.cc:3398):     ERROR warehouse_id:2, cid:16103, maxbytes:2
20251110-03:35.39-666792(us) 19324 ! txn_stock_level (tpcc.cc:3398):     ERROR warehouse_id:2, cid:16103, maxbytes:2
20251110-03:35.39-666948(us) 19324 ! txn_stock_level (tpcc.cc:3398):     ERROR warehouse_id:2, cid:16103, maxbytes:2
20251110-03:35.39-667974(us) 19324 ! txn_stock_level (tpcc.cc:3398):     ERROR warehouse_id:2, cid:16103, maxbytes:2
20251110-03:35.39-668092(us) 19324 ! txn_stock_level (tpcc.cc:3398):     ERROR warehouse_id:2, cid:16103, maxbytes:2
20251110-03:35.39-669300(us) 19324 ! txn_stock_level (tpcc.cc:3398):     ERROR warehouse_id:2, cid:16103, maxbytes:2
20251110-03:35.39-669340(us) 19324 ! txn_stock_level (tpcc.cc:3398):     ERROR warehouse_id:2, cid:16103, maxbytes:2
20251110-03:35.39-670343(us) 19324 ! txn_stock_level (tpcc.cc:3398):     ERROR warehouse_id:2, cid:16103, maxbytes:2
20251110-03:35.39-671401(us) 19324 ! txn_stock_level (tpcc.cc:3398):     ERROR warehouse_id:2, cid:16103, maxbytes:2
20251110-03:35.39-671607(us) 19324 ! txn_stock_level (tpcc.cc:3398):     ERROR warehouse_id:2, cid:16103, maxbytes:2
20251110-03:35.39-672815(us) 19324 ! txn_stock_level (tpcc.cc:3398):     ERROR warehouse_id:2, cid:16103, maxbytes:2
20251110-03:35.39-673026(us) 19324 ! txn_stock_level (tpcc.cc:3398):     ERROR warehouse_id:2, cid:16103, maxbytes:2
20251110-03:35.39-673052(us) 19324 ! txn_stock_level (tpcc.cc:3398):     ERROR warehouse_id:2, cid:16103, maxbytes:2
20251110-03:35.39-673138(us) 19324 ! txn_stock_level (tpcc.cc:3398):     ERROR warehouse_id:2, cid:16103, maxbytes:2
20251110-03:35.39-676074(us) 19324 ! txn_stock_level (tpcc.cc:3398):     ERROR warehouse_id:2, cid:16103, maxbytes:2
20251110-03:35.39-851108(us) 19324 ! txn_stock_level (tpcc.cc:3398):     ERROR warehouse_id:2, cid:55011, maxbytes:2
20251110-03:35.39-851214(us) 19324 ! txn_stock_level (tpcc.cc:3398):     ERROR warehouse_id:2, cid:55011, maxbytes:2
20251110-03:35.39-851253(us) 19324 ! txn_stock_level (tpcc.cc:3398):     ERROR warehouse_id:2, cid:55011, maxbytes:2
20251110-03:35.39-851264(us) 19324 ! txn_stock_level (tpcc.cc:3398):     ERROR warehouse_id:2, cid:55011, maxbytes:2
20251110-03:35.39-852269(us) 19324 ! txn_stock_level (tpcc.cc:3398):     ERROR warehouse_id:2, cid:55011, maxbytes:2
20251110-03:35.39-852509(us) 19324 ! txn_stock_level (tpcc.cc:3398):     ERROR warehouse_id:2, cid:55011, maxbytes:2
20251110-03:35.39-853505(us) 19324 ! txn_stock_level (tpcc.cc:3398):     ERROR warehouse_id:2, cid:55011, maxbytes:2
20251110-03:35.39-854594(us) 19324 ! txn_stock_level (tpcc.cc:3398):     ERROR warehouse_id:2, cid:55011, maxbytes:2
20251110-03:35.39-854686(us) 19324 ! txn_stock_level (tpcc.cc:3398):     ERROR warehouse_id:2, cid:55011, maxbytes:2
20251110-03:35.39-854711(us) 19324 ! txn_stock_level (tpcc.cc:3398):     ERROR warehouse_id:2, cid:55011, maxbytes:2
20251110-03:35.39-855058(us) 19324 ! txn_stock_level (tpcc.cc:3398):     ERROR warehouse_id:2, cid:55011, maxbytes:2
20251110-03:35.39-855124(us) 19324 ! txn_stock_level (tpcc.cc:3398):     ERROR warehouse_id:2, cid:55011, maxbytes:2
20251110-03:35.39-855209(us) 19324 ! txn_stock_level (tpcc.cc:3398):     ERROR warehouse_id:2, cid:55011, maxbytes:2
20251110-03:35.39-855388(us) 19324 ! txn_stock_level (tpcc.cc:3398):     ERROR warehouse_id:2, cid:55011, maxbytes:2
20251110-03:35.40-171008(us) 19324 ! txn_stock_level (tpcc.cc:3398):     ERROR warehouse_id:2, cid:65111, maxbytes:2
20251110-03:35.40-171969(us) 19324 ! txn_stock_level (tpcc.cc:3398):     ERROR warehouse_id:2, cid:65111, maxbytes:2
20251110-03:35.40-172862(us) 19324 ! txn_stock_level (tpcc.cc:3398):     ERROR warehouse_id:2, cid:65111, maxbytes:2
20251110-03:35.40-172931(us) 19324 ! txn_stock_level (tpcc.cc:3398):     ERROR warehouse_id:2, cid:65111, maxbytes:2
20251110-03:35.40-172944(us) 19324 ! txn_stock_level (tpcc.cc:3398):     ERROR warehouse_id:2, cid:65111, maxbytes:2
20251110-03:35.40-174126(us) 19324 ! txn_stock_level (tpcc.cc:3398):     ERROR warehouse_id:2, cid:65111, maxbytes:2
20251110-03:35.40-174154(us) 19324 ! txn_stock_level (tpcc.cc:3398):     ERROR warehouse_id:2, cid:65111, maxbytes:2
20251110-03:35.40-174263(us) 19324 ! txn_stock_level (tpcc.cc:3398):     ERROR warehouse_id:2, cid:65111, maxbytes:2
20251110-03:35.40-174352(us) 19324 ! txn_stock_level (tpcc.cc:3398):     ERROR warehouse_id:2, cid:65111, maxbytes:2
20251110-03:35.40-174641(us) 19324 ! txn_stock_level (tpcc.cc:3398):     ERROR warehouse_id:2, cid:65111, maxbytes:2
20251110-03:35.40-175050(us) 19324 ! txn_stock_level (tpcc.cc:3398):     ERROR warehouse_id:2, cid:65111, maxbytes:2
20251110-03:35.40-175123(us) 19324 ! txn_stock_level (tpcc.cc:3398):     ERROR warehouse_id:2, cid:65111, maxbytes:2
20251110-03:35.40-175217(us) 19324 ! txn_stock_level (tpcc.cc:3398):     ERROR warehouse_id:2, cid:65111, maxbytes:2
20251110-03:35.40-175284(us) 19324 ! txn_stock_level (tpcc.cc:3398):     ERROR warehouse_id:2, cid:65111, maxbytes:2
20251110-03:35.40-176117(us) 19324 ! txn_stock_level (tpcc.cc:3398):     ERROR warehouse_id:2, cid:65111, maxbytes:2
20251110-03:35.40-176242(us) 19324 ! txn_stock_level (tpcc.cc:3398):     ERROR warehouse_id:2, cid:65111, maxbytes:2
20251110-03:35.40-177237(us) 19324 ! txn_stock_level (tpcc.cc:3398):     ERROR warehouse_id:2, cid:65111, maxbytes:2
20251110-03:35.40-177313(us) 19324 ! txn_stock_level (tpcc.cc:3398):     ERROR warehouse_id:2, cid:65111, maxbytes:2
20251110-03:35.40-177336(us) 19324 ! txn_stock_level (tpcc.cc:3398):     ERROR warehouse_id:2, cid:65111, maxbytes:2
20251110-03:35.40-177398(us) 19324 ! txn_stock_level (tpcc.cc:3398):     ERROR warehouse_id:2, cid:65111, maxbytes:2
20251110-03:35.40-177407(us) 19324 ! txn_stock_level (tpcc.cc:3398):     ERROR warehouse_id:2, cid:65111, maxbytes:2
20251110-03:35.40-178464(us) 19324 ! txn_stock_level (tpcc.cc:3398):     ERROR warehouse_id:2, cid:65111, maxbytes:2
20251110-03:35.40-179434(us) 19324 ! txn_stock_level (tpcc.cc:3398):     ERROR warehouse_id:2, cid:65111, maxbytes:2
20251110-03:35.40-179456(us) 19324 ! txn_stock_level (tpcc.cc:3398):     ERROR warehouse_id:2, cid:65111, maxbytes:2
20251110-03:35.40-180529(us) 19324 ! txn_stock_level (tpcc.cc:3398):     ERROR warehouse_id:2, cid:65111, maxbytes:2
20251110-03:35.40-181599(us) 19324 ! txn_stock_level (tpcc.cc:3398):     ERROR warehouse_id:2, cid:65111, maxbytes:2
20251110-03:35.40-181629(us) 19324 ! txn_stock_level (tpcc.cc:3398):     ERROR warehouse_id:2, cid:65111, maxbytes:2
20251110-03:35.40-182012(us) 19324 ! txn_stock_level (tpcc.cc:3398):     ERROR warehouse_id:2, cid:65111, maxbytes:2
20251110-03:35.40-182106(us) 19324 ! txn_stock_level (tpcc.cc:3398):     ERROR warehouse_id:2, cid:65111, maxbytes:2
20251110-03:35.40-182115(us) 19324 ! txn_stock_level (tpcc.cc:3398):     ERROR warehouse_id:2, cid:65111, maxbytes:2
20251110-03:35.40-194947(us) 19324 ! run             (bench.cc:473):     runtime time left:16000 ms, bool:1
20251110-03:35.40-207551(us) 19324 ! txn_stock_level (tpcc.cc:3398):     ERROR warehouse_id:1, cid:64739, maxbytes:2
20251110-03:35.40-207621(us) 19324 ! txn_stock_level (tpcc.cc:3398):     ERROR warehouse_id:1, cid:64739, maxbytes:2
20251110-03:35.40-208708(us) 19324 ! txn_stock_level (tpcc.cc:3398):     ERROR warehouse_id:1, cid:64739, maxbytes:2
20251110-03:35.40-210651(us) 19324 ! txn_stock_level (tpcc.cc:3398):     ERROR warehouse_id:1, cid:64739, maxbytes:2
20251110-03:35.40-210891(us) 19324 ! txn_stock_level (tpcc.cc:3398):     ERROR warehouse_id:1, cid:64739, maxbytes:2
20251110-03:35.40-211058(us) 19324 ! txn_stock_level (tpcc.cc:3398):     ERROR warehouse_id:1, cid:64739, maxbytes:2
20251110-03:35.40-211987(us) 19324 ! txn_stock_level (tpcc.cc:3398):     ERROR warehouse_id:1, cid:64739, maxbytes:2
20251110-03:35.40-213114(us) 19324 ! txn_stock_level (tpcc.cc:3398):     ERROR warehouse_id:1, cid:64739, maxbytes:2
20251110-03:35.40-213294(us) 19324 ! txn_stock_level (tpcc.cc:3398):     ERROR warehouse_id:1, cid:24295, maxbytes:2
20251110-03:35.40-213334(us) 19324 ! txn_stock_level (tpcc.cc:3398):     ERROR warehouse_id:1, cid:24295, maxbytes:2
20251110-03:35.40-213352(us) 19324 ! txn_stock_level (tpcc.cc:3398):     ERROR warehouse_id:1, cid:24295, maxbytes:2
20251110-03:35.40-213393(us) 19324 ! txn_stock_level (tpcc.cc:3398):     ERROR warehouse_id:1, cid:64739, maxbytes:2
20251110-03:35.40-213448(us) 19324 ! txn_stock_level (tpcc.cc:3398):     ERROR warehouse_id:1, cid:24295, maxbytes:2
20251110-03:35.40-213462(us) 19324 ! txn_stock_level (tpcc.cc:3398):     ERROR warehouse_id:1, cid:24295, maxbytes:2
20251110-03:35.40-213525(us) 19324 ! txn_stock_level (tpcc.cc:3398):     ERROR warehouse_id:1, cid:24295, maxbytes:2
20251110-03:35.40-214390(us) 19324 ! txn_stock_level (tpcc.cc:3398):     ERROR warehouse_id:1, cid:24295, maxbytes:2
20251110-03:35.40-214474(us) 19324 ! txn_stock_level (tpcc.cc:3398):     ERROR warehouse_id:1, cid:64739, maxbytes:2
20251110-03:35.40-214536(us) 19324 ! txn_stock_level (tpcc.cc:3398):     ERROR warehouse_id:1, cid:24295, maxbytes:2
20251110-03:35.40-214565(us) 19324 ! txn_stock_level (tpcc.cc:3398):     ERROR warehouse_id:1, cid:64739, maxbytes:2
20251110-03:35.40-214637(us) 19324 ! txn_stock_level (tpcc.cc:3398):     ERROR warehouse_id:1, cid:64739, maxbytes:2
20251110-03:35.40-214758(us) 19324 ! txn_stock_level (tpcc.cc:3398):     ERROR warehouse_id:1, cid:24295, maxbytes:2
20251110-03:35.40-215843(us) 19324 ! txn_stock_level (tpcc.cc:3398):     ERROR warehouse_id:1, cid:64739, maxbytes:2
20251110-03:35.40-216771(us) 19324 ! txn_stock_level (tpcc.cc:3398):     ERROR warehouse_id:1, cid:64739, maxbytes:2
20251110-03:35.40-216835(us) 19324 ! txn_stock_level (tpcc.cc:3398):     ERROR warehouse_id:1, cid:64739, maxbytes:2
20251110-03:35.40-218678(us) 19324 ! txn_stock_level (tpcc.cc:3398):     ERROR warehouse_id:1, cid:64739, maxbytes:2
20251110-03:35.40-218783(us) 19324 ! txn_stock_level (tpcc.cc:3398):     ERROR warehouse_id:1, cid:64739, maxbytes:2
20251110-03:35.40-225050(us) 19324 ! txn_stock_level (tpcc.cc:3398):     ERROR warehouse_id:1, cid:64739, maxbytes:2
20251110-03:35.40-225350(us) 19324 ! txn_stock_level (tpcc.cc:3398):     ERROR warehouse_id:1, cid:64739, maxbytes:2
20251110-03:35.40-226365(us) 19324 ! txn_stock_level (tpcc.cc:3398):     ERROR warehouse_id:1, cid:64739, maxbytes:2
20251110-03:35.40-226390(us) 19324 ! txn_stock_level (tpcc.cc:3398):     ERROR warehouse_id:1, cid:64739, maxbytes:2
20251110-03:35.40-227610(us) 19324 ! txn_stock_level (tpcc.cc:3398):     ERROR warehouse_id:1, cid:64739, maxbytes:2
20251110-03:35.40-229662(us) 19324 ! txn_stock_level (tpcc.cc:3398):     ERROR warehouse_id:1, cid:64739, maxbytes:2
20251110-03:35.40-404017(us) 19324 ! txn_stock_level (tpcc.cc:3398):     ERROR warehouse_id:1, cid:16103, maxbytes:2
20251110-03:35.40-406059(us) 19324 ! txn_stock_level (tpcc.cc:3398):     ERROR warehouse_id:1, cid:16103, maxbytes:2
20251110-03:35.40-424402(us) 19324 ! txn_stock_level (tpcc.cc:3398):     ERROR warehouse_id:1, cid:37607, maxbytes:2
20251110-03:35.40-425340(us) 19324 ! txn_stock_level (tpcc.cc:3398):     ERROR warehouse_id:1, cid:37607, maxbytes:2
20251110-03:35.40-425551(us) 19324 ! txn_stock_level (tpcc.cc:3398):     ERROR warehouse_id:1, cid:37607, maxbytes:2
20251110-03:35.40-425666(us) 19324 ! txn_stock_level (tpcc.cc:3398):     ERROR warehouse_id:1, cid:37607, maxbytes:2
20251110-03:35.40-425896(us) 19324 ! txn_stock_level (tpcc.cc:3398):     ERROR warehouse_id:1, cid:37607, maxbytes:2
20251110-03:35.40-425974(us) 19324 ! txn_stock_level (tpcc.cc:3398):     ERROR warehouse_id:1, cid:37607, maxbytes:2
20251110-03:35.40-425988(us) 19324 ! txn_stock_level (tpcc.cc:3398):     ERROR warehouse_id:1, cid:37607, maxbytes:2
20251110-03:35.40-426013(us) 19324 ! txn_stock_level (tpcc.cc:3398):     ERROR warehouse_id:1, cid:37607, maxbytes:2
20251110-03:35.40-426027(us) 19324 ! txn_stock_level (tpcc.cc:3398):     ERROR warehouse_id:1, cid:37607, maxbytes:2
20251110-03:35.40-426084(us) 19324 ! txn_stock_level (tpcc.cc:3398):     ERROR warehouse_id:1, cid:37607, maxbytes:2
20251110-03:35.40-428715(us) 19324 ! txn_stock_level (tpcc.cc:3398):     ERROR warehouse_id:1, cid:37607, maxbytes:2
20251110-03:35.40-430269(us) 19324 ! txn_stock_level (tpcc.cc:3398):     ERROR warehouse_id:1, cid:37607, maxbytes:2
20251110-03:35.40-430317(us) 19324 ! txn_stock_level (tpcc.cc:3398):     ERROR warehouse_id:1, cid:37607, maxbytes:2
20251110-03:35.40-435420(us) 19324 ! txn_stock_level (tpcc.cc:3398):     ERROR warehouse_id:1, cid:37607, maxbytes:2
20251110-03:35.40-436476(us) 19324 ! txn_stock_level (tpcc.cc:3398):     ERROR warehouse_id:1, cid:37607, maxbytes:2
20251110-03:35.40-436515(us) 19324 ! txn_stock_level (tpcc.cc:3398):     ERROR warehouse_id:1, cid:37607, maxbytes:2
20251110-03:35.40-436528(us) 19324 ! txn_stock_level (tpcc.cc:3398):     ERROR warehouse_id:1, cid:37607, maxbytes:2
20251110-03:35.40-437615(us) 19324 ! txn_stock_level (tpcc.cc:3398):     ERROR warehouse_id:1, cid:37607, maxbytes:2
20251110-03:35.40-437757(us) 19324 ! txn_stock_level (tpcc.cc:3398):     ERROR warehouse_id:1, cid:37607, maxbytes:2
20251110-03:35.40-437800(us) 19324 ! txn_stock_level (tpcc.cc:3398):     ERROR warehouse_id:1, cid:37607, maxbytes:2
20251110-03:35.40-437916(us) 19324 ! txn_stock_level (tpcc.cc:3398):     ERROR warehouse_id:1, cid:37607, maxbytes:2
20251110-03:35.40-438001(us) 19324 ! txn_stock_level (tpcc.cc:3398):     ERROR warehouse_id:1, cid:37607, maxbytes:2
20251110-03:35.40-438045(us) 19324 ! txn_stock_level (tpcc.cc:3398):     ERROR warehouse_id:1, cid:37607, maxbytes:2
20251110-03:35.40-439198(us) 19324 ! txn_stock_level (tpcc.cc:3398):     ERROR warehouse_id:1, cid:37607, maxbytes:2
20251110-03:35.40-439329(us) 19324 ! txn_stock_level (tpcc.cc:3398):     ERROR warehouse_id:1, cid:37607, maxbytes:2
20251110-03:35.40-569276(us) 19324 ! txn_stock_level (tpcc.cc:3398):     ERROR warehouse_id:2, cid:13799, maxbytes:2
20251110-03:35.40-570450(us) 19324 ! txn_stock_level (tpcc.cc:3398):     ERROR warehouse_id:2, cid:13799, maxbytes:2
20251110-03:35.40-570563(us) 19324 ! txn_stock_level (tpcc.cc:3398):     ERROR warehouse_id:2, cid:13799, maxbytes:2
20251110-03:35.40-570641(us) 19324 ! txn_stock_level (tpcc.cc:3398):     ERROR warehouse_id:2, cid:13799, maxbytes:2
20251110-03:35.40-573031(us) 19324 ! txn_stock_level (tpcc.cc:3398):     ERROR warehouse_id:2, cid:13799, maxbytes:2
20251110-03:35.40-574093(us) 19324 ! txn_stock_level (tpcc.cc:3398):     ERROR warehouse_id:2, cid:13799, maxbytes:2
20251110-03:35.40-696263(us) 19324 ! txn_stock_level (tpcc.cc:3398):     ERROR warehouse_id:1, cid:73447, maxbytes:2
20251110-03:35.40-696290(us) 19324 ! txn_stock_level (tpcc.cc:3398):     ERROR warehouse_id:1, cid:73447, maxbytes:2
20251110-03:35.40-908131(us) 19324 ! txn_stock_level (tpcc.cc:3398):     ERROR warehouse_id:1, cid:56935, maxbytes:2
20251110-03:35.40-910180(us) 19324 ! txn_stock_level (tpcc.cc:3398):     ERROR warehouse_id:1, cid:85734, maxbytes:2
20251110-03:35.40-911466(us) 19324 ! txn_stock_level (tpcc.cc:3398):     ERROR warehouse_id:1, cid:85734, maxbytes:2
20251110-03:35.40-911536(us) 19324 ! txn_stock_level (tpcc.cc:3398):     ERROR warehouse_id:1, cid:56935, maxbytes:2
20251110-03:35.40-912780(us) 19324 ! txn_stock_level (tpcc.cc:3398):     ERROR warehouse_id:1, cid:56935, maxbytes:2
20251110-03:35.40-912865(us) 19324 ! txn_stock_level (tpcc.cc:3398):     ERROR warehouse_id:1, cid:56935, maxbytes:2
20251110-03:35.40-914976(us) 19324 ! txn_stock_level (tpcc.cc:3398):     ERROR warehouse_id:1, cid:56935, maxbytes:2
20251110-03:35.40-915035(us) 19324 ! txn_stock_level (tpcc.cc:3398):     ERROR warehouse_id:1, cid:56935, maxbytes:2
20251110-03:35.40-915181(us) 19324 ! txn_stock_level (tpcc.cc:3398):     ERROR warehouse_id:1, cid:56935, maxbytes:2
20251110-03:35.40-915263(us) 19324 ! txn_stock_level (tpcc.cc:3398):     ERROR warehouse_id:1, cid:56935, maxbytes:2
20251110-03:35.40-915275(us) 19324 ! txn_stock_level (tpcc.cc:3398):     ERROR warehouse_id:1, cid:56935, maxbytes:2
20251110-03:35.40-915296(us) 19324 ! txn_stock_level (tpcc.cc:3398):     ERROR warehouse_id:1, cid:56935, maxbytes:2
20251110-03:35.40-923024(us) 19324 ! txn_stock_level (tpcc.cc:3398):     ERROR warehouse_id:1, cid:56935, maxbytes:2
20251110-03:35.40-923253(us) 19324 ! txn_stock_level (tpcc.cc:3398):     ERROR warehouse_id:1, cid:56935, maxbytes:2
20251110-03:35.40-937436(us) 19324 ! txn_stock_level (tpcc.cc:3398):     ERROR warehouse_id:2, cid:31335, maxbytes:2
20251110-03:35.40-937746(us) 19324 ! txn_stock_level (tpcc.cc:3398):     ERROR warehouse_id:2, cid:31335, maxbytes:2
20251110-03:35.40-938922(us) 19324 ! txn_stock_level (tpcc.cc:3398):     ERROR warehouse_id:1, cid:40551, maxbytes:2
20251110-03:35.40-938976(us) 19324 ! txn_stock_level (tpcc.cc:3398):     ERROR warehouse_id:1, cid:40551, maxbytes:2
20251110-03:35.40-939009(us) 19324 ! txn_stock_level (tpcc.cc:3398):     ERROR warehouse_id:1, cid:40551, maxbytes:2
20251110-03:35.40-939029(us) 19324 ! txn_stock_level (tpcc.cc:3398):     ERROR warehouse_id:1, cid:40551, maxbytes:2
20251110-03:35.40-940083(us) 19324 ! txn_stock_level (tpcc.cc:3398):     ERROR warehouse_id:1, cid:40551, maxbytes:2
20251110-03:35.40-940943(us) 19324 ! txn_stock_level (tpcc.cc:3398):     ERROR warehouse_id:1, cid:40551, maxbytes:2
20251110-03:35.40-941083(us) 19324 ! txn_stock_level (tpcc.cc:3398):     ERROR warehouse_id:1, cid:40551, maxbytes:2
20251110-03:35.40-941483(us) 19324 ! txn_stock_level (tpcc.cc:3398):     ERROR warehouse_id:1, cid:40551, maxbytes:2
20251110-03:35.40-941534(us) 19324 ! txn_stock_level (tpcc.cc:3398):     ERROR warehouse_id:1, cid:40551, maxbytes:2
20251110-03:35.41-126713(us) 19324 ! txn_stock_level (tpcc.cc:3398):     ERROR warehouse_id:2, cid:57055, maxbytes:2
20251110-03:35.41-126758(us) 19324 ! txn_stock_level (tpcc.cc:3398):     ERROR warehouse_id:2, cid:57055, maxbytes:2
20251110-03:35.41-126822(us) 19324 ! txn_stock_level (tpcc.cc:3398):     ERROR warehouse_id:2, cid:57055, maxbytes:2
20251110-03:35.41-126944(us) 19324 ! txn_stock_level (tpcc.cc:3398):     ERROR warehouse_id:2, cid:57055, maxbytes:2
20251110-03:35.41-128104(us) 19324 ! txn_stock_level (tpcc.cc:3398):     ERROR warehouse_id:2, cid:57055, maxbytes:2
20251110-03:35.41-128257(us) 19324 ! txn_stock_level (tpcc.cc:3398):     ERROR warehouse_id:2, cid:57055, maxbytes:2
20251110-03:35.41-128322(us) 19324 ! txn_stock_level (tpcc.cc:3398):     ERROR warehouse_id:2, cid:57055, maxbytes:2
20251110-03:35.41-129450(us) 19324 ! txn_stock_level (tpcc.cc:3398):     ERROR warehouse_id:2, cid:57055, maxbytes:2
20251110-03:35.41-130289(us) 19324 ! txn_stock_level (tpcc.cc:3398):     ERROR warehouse_id:2, cid:57055, maxbytes:2
20251110-03:35.41-130317(us) 19324 ! txn_stock_level (tpcc.cc:3398):     ERROR warehouse_id:2, cid:57055, maxbytes:2
20251110-03:35.41-130331(us) 19324 ! txn_stock_level (tpcc.cc:3398):     ERROR warehouse_id:2, cid:57055, maxbytes:2
20251110-03:35.41-131187(us) 19324 ! txn_stock_level (tpcc.cc:3398):     ERROR warehouse_id:2, cid:57055, maxbytes:2
20251110-03:35.41-200409(us) 19324 ! run             (bench.cc:473):     runtime time left:15000 ms, bool:1
20251110-03:35.41-230817(us) 19324 ! txn_stock_level (tpcc.cc:3398):     ERROR warehouse_id:1, cid:72927, maxbytes:2
20251110-03:35.41-230868(us) 19324 ! txn_stock_level (tpcc.cc:3398):     ERROR warehouse_id:1, cid:72927, maxbytes:2
20251110-03:35.41-232257(us) 19324 ! txn_stock_level (tpcc.cc:3398):     ERROR warehouse_id:1, cid:72927, maxbytes:2
20251110-03:35.41-232685(us) 19324 ! txn_stock_level (tpcc.cc:3398):     ERROR warehouse_id:1, cid:72927, maxbytes:2
20251110-03:35.41-235095(us) 19324 ! txn_stock_level (tpcc.cc:3398):     ERROR warehouse_id:1, cid:72927, maxbytes:2
20251110-03:35.41-255224(us) 19324 ! txn_stock_level (tpcc.cc:3398):     ERROR warehouse_id:2, cid:36583, maxbytes:2
20251110-03:35.41-427386(us) 19324 ! txn_stock_level (tpcc.cc:3398):     ERROR warehouse_id:1, cid:81575, maxbytes:2
20251110-03:35.41-427446(us) 19324 ! txn_stock_level (tpcc.cc:3398):     ERROR warehouse_id:1, cid:81575, maxbytes:2
20251110-03:35.41-639537(us) 19324 ! txn_stock_level (tpcc.cc:3398):     ERROR warehouse_id:2, cid:72805, maxbytes:2
20251110-03:35.41-639623(us) 19324 ! txn_stock_level (tpcc.cc:3398):     ERROR warehouse_id:2, cid:72805, maxbytes:2
20251110-03:35.41-639732(us) 19324 ! txn_stock_level (tpcc.cc:3398):     ERROR warehouse_id:2, cid:72805, maxbytes:2
20251110-03:35.41-639902(us) 19324 ! txn_stock_level (tpcc.cc:3398):     ERROR warehouse_id:2, cid:72805, maxbytes:2
20251110-03:35.41-640203(us) 19324 ! txn_stock_level (tpcc.cc:3398):     ERROR warehouse_id:2, cid:72805, maxbytes:2
20251110-03:35.41-644640(us) 19324 ! txn_stock_level (tpcc.cc:3398):     ERROR warehouse_id:2, cid:72805, maxbytes:2
20251110-03:35.41-846292(us) 19324 ! txn_stock_level (tpcc.cc:3398):     ERROR warehouse_id:1, cid:22247, maxbytes:2
20251110-03:35.41-846486(us) 19324 ! txn_stock_level (tpcc.cc:3398):     ERROR warehouse_id:1, cid:22247, maxbytes:2
20251110-03:35.41-846670(us) 19324 ! txn_stock_level (tpcc.cc:3398):     ERROR warehouse_id:1, cid:22247, maxbytes:2
20251110-03:35.41-846696(us) 19324 ! txn_stock_level (tpcc.cc:3398):     ERROR warehouse_id:1, cid:22247, maxbytes:2
20251110-03:35.41-846801(us) 19324 ! txn_stock_level (tpcc.cc:3398):     ERROR warehouse_id:1, cid:22247, maxbytes:2
20251110-03:35.41-846881(us) 19324 ! txn_stock_level (tpcc.cc:3398):     ERROR warehouse_id:1, cid:22247, maxbytes:2
20251110-03:35.41-848704(us) 19324 ! txn_stock_level (tpcc.cc:3398):     ERROR warehouse_id:1, cid:22247, maxbytes:2
20251110-03:35.41-849560(us) 19324 ! txn_stock_level (tpcc.cc:3398):     ERROR warehouse_id:1, cid:22247, maxbytes:2
20251110-03:35.41-849597(us) 19324 ! txn_stock_level (tpcc.cc:3398):     ERROR warehouse_id:1, cid:80989, maxbytes:2
20251110-03:35.41-849657(us) 19324 ! txn_stock_level (tpcc.cc:3398):     ERROR warehouse_id:1, cid:80989, maxbytes:2
20251110-03:35.41-849835(us) 19324 ! txn_stock_level (tpcc.cc:3398):     ERROR warehouse_id:1, cid:80989, maxbytes:2
20251110-03:35.41-851244(us) 19324 ! txn_stock_level (tpcc.cc:3398):     ERROR warehouse_id:1, cid:80989, maxbytes:2
20251110-03:35.41-852334(us) 19324 ! txn_stock_level (tpcc.cc:3398):     ERROR warehouse_id:1, cid:80989, maxbytes:2
20251110-03:35.41-853424(us) 19324 ! txn_stock_level (tpcc.cc:3398):     ERROR warehouse_id:1, cid:80989, maxbytes:2
20251110-03:35.41-867057(us) 19324 ! txn_stock_level (tpcc.cc:3398):     ERROR warehouse_id:1, cid:15591, maxbytes:2
20251110-03:35.41-867142(us) 19324 ! txn_stock_level (tpcc.cc:3398):     ERROR warehouse_id:1, cid:15591, maxbytes:2
20251110-03:35.41-868159(us) 19324 ! txn_stock_level (tpcc.cc:3398):     ERROR warehouse_id:1, cid:15591, maxbytes:2
20251110-03:35.41-868203(us) 19324 ! txn_stock_level (tpcc.cc:3398):     ERROR warehouse_id:1, cid:15591, maxbytes:2
20251110-03:35.41-868388(us) 19324 ! txn_stock_level (tpcc.cc:3398):     ERROR warehouse_id:1, cid:15591, maxbytes:2
20251110-03:35.41-868859(us) 19324 ! txn_stock_level (tpcc.cc:3398):     ERROR warehouse_id:1, cid:15591, maxbytes:2
20251110-03:35.41-870508(us) 19324 ! txn_stock_level (tpcc.cc:3398):     ERROR warehouse_id:1, cid:15591, maxbytes:2
20251110-03:35.41-873431(us) 19324 ! txn_stock_level (tpcc.cc:3398):     ERROR warehouse_id:1, cid:15591, maxbytes:2
20251110-03:35.41-873490(us) 19324 ! txn_stock_level (tpcc.cc:3398):     ERROR warehouse_id:1, cid:15591, maxbytes:2
20251110-03:35.41-873500(us) 19324 ! txn_stock_level (tpcc.cc:3398):     ERROR warehouse_id:1, cid:15591, maxbytes:2
20251110-03:35.41-875922(us) 19324 ! txn_stock_level (tpcc.cc:3398):     ERROR warehouse_id:1, cid:15591, maxbytes:2
20251110-03:35.41-876270(us) 19324 ! txn_stock_level (tpcc.cc:3398):     ERROR warehouse_id:1, cid:15591, maxbytes:2
20251110-03:35.41-876335(us) 19324 ! txn_stock_level (tpcc.cc:3398):     ERROR warehouse_id:1, cid:15591, maxbytes:2
20251110-03:35.41-877278(us) 19324 ! txn_stock_level (tpcc.cc:3398):     ERROR warehouse_id:1, cid:15591, maxbytes:2
20251110-03:35.41-892720(us) 19324 ! txn_stock_level (tpcc.cc:3398):     ERROR warehouse_id:2, cid:73447, maxbytes:2
20251110-03:35.41-895878(us) 19324 ! txn_stock_level (tpcc.cc:3398):     ERROR warehouse_id:2, cid:73447, maxbytes:2
20251110-03:35.41-895964(us) 19324 ! txn_stock_level (tpcc.cc:3398):     ERROR warehouse_id:2, cid:73447, maxbytes:2
20251110-03:35.41-896083(us) 19324 ! txn_stock_level (tpcc.cc:3398):     ERROR warehouse_id:2, cid:73447, maxbytes:2
20251110-03:35.41-896213(us) 19324 ! txn_stock_level (tpcc.cc:3398):     ERROR warehouse_id:2, cid:73447, maxbytes:2
20251110-03:35.41-896488(us) 19324 ! txn_stock_level (tpcc.cc:3398):     ERROR warehouse_id:2, cid:73447, maxbytes:2
20251110-03:35.41-898809(us) 19324 ! txn_stock_level (tpcc.cc:3398):     ERROR warehouse_id:2, cid:73447, maxbytes:2
20251110-03:35.41-900102(us) 19324 ! txn_stock_level (tpcc.cc:3398):     ERROR warehouse_id:2, cid:73447, maxbytes:2
20251110-03:35.41-902247(us) 19324 ! txn_stock_level (tpcc.cc:3398):     ERROR warehouse_id:2, cid:73447, maxbytes:2
20251110-03:35.41-902769(us) 19324 ! txn_stock_level (tpcc.cc:3398):     ERROR warehouse_id:2, cid:73447, maxbytes:2
20251110-03:35.41-903779(us) 19324 ! txn_stock_level (tpcc.cc:3398):     ERROR warehouse_id:2, cid:73447, maxbytes:2
20251110-03:35.41-924641(us) 19324 ! txn_stock_level (tpcc.cc:3398):     ERROR warehouse_id:2, cid:79333, maxbytes:2
20251110-03:35.41-924675(us) 19324 ! txn_stock_level (tpcc.cc:3398):     ERROR warehouse_id:2, cid:79333, maxbytes:2
20251110-03:35.41-924890(us) 19324 ! txn_stock_level (tpcc.cc:3398):     ERROR warehouse_id:2, cid:79333, maxbytes:2
20251110-03:35.41-925630(us) 19324 ! txn_stock_level (tpcc.cc:3398):     ERROR warehouse_id:2, cid:79333, maxbytes:2
20251110-03:35.41-925746(us) 19324 ! txn_stock_level (tpcc.cc:3398):     ERROR warehouse_id:2, cid:79333, maxbytes:2
20251110-03:35.41-926626(us) 19324 ! txn_stock_level (tpcc.cc:3398):     ERROR warehouse_id:2, cid:79333, maxbytes:2
20251110-03:35.41-927032(us) 19324 ! txn_stock_level (tpcc.cc:3398):     ERROR warehouse_id:2, cid:79333, maxbytes:2
20251110-03:35.41-927068(us) 19324 ! txn_stock_level (tpcc.cc:3398):     ERROR warehouse_id:2, cid:79333, maxbytes:2
20251110-03:35.41-927142(us) 19324 ! txn_stock_level (tpcc.cc:3398):     ERROR warehouse_id:2, cid:79333, maxbytes:2
20251110-03:35.41-927336(us) 19324 ! txn_stock_level (tpcc.cc:3398):     ERROR warehouse_id:2, cid:79333, maxbytes:2
20251110-03:35.41-927421(us) 19324 ! txn_stock_level (tpcc.cc:3398):     ERROR warehouse_id:2, cid:79333, maxbytes:2
20251110-03:35.41-928556(us) 19324 ! txn_stock_level (tpcc.cc:3398):     ERROR warehouse_id:2, cid:79333, maxbytes:2
20251110-03:35.41-928825(us) 19324 ! txn_stock_level (tpcc.cc:3398):     ERROR warehouse_id:2, cid:79333, maxbytes:2
20251110-03:35.41-928918(us) 19324 ! txn_stock_level (tpcc.cc:3398):     ERROR warehouse_id:2, cid:79333, maxbytes:2
20251110-03:35.41-929021(us) 19324 ! txn_stock_level (tpcc.cc:3398):     ERROR warehouse_id:2, cid:79333, maxbytes:2
20251110-03:35.41-929033(us) 19324 ! txn_stock_level (tpcc.cc:3398):     ERROR warehouse_id:2, cid:79333, maxbytes:2
20251110-03:35.41-931011(us) 19324 ! txn_stock_level (tpcc.cc:3398):     ERROR warehouse_id:2, cid:79333, maxbytes:2
20251110-03:35.41-931049(us) 19324 ! txn_stock_level (tpcc.cc:3398):     ERROR warehouse_id:2, cid:79333, maxbytes:2
20251110-03:35.41-931160(us) 19324 ! txn_stock_level (tpcc.cc:3398):     ERROR warehouse_id:2, cid:79333, maxbytes:2
20251110-03:35.41-932060(us) 19324 ! txn_stock_level (tpcc.cc:3398):     ERROR warehouse_id:2, cid:79333, maxbytes:2
20251110-03:35.41-932084(us) 19324 ! txn_stock_level (tpcc.cc:3398):     ERROR warehouse_id:2, cid:79333, maxbytes:2
20251110-03:35.41-932210(us) 19324 ! txn_stock_level (tpcc.cc:3398):     ERROR warehouse_id:2, cid:79333, maxbytes:2
20251110-03:35.41-932297(us) 19324 ! txn_stock_level (tpcc.cc:3398):     ERROR warehouse_id:2, cid:79333, maxbytes:2
20251110-03:35.41-932364(us) 19324 ! txn_stock_level (tpcc.cc:3398):     ERROR warehouse_id:2, cid:79333, maxbytes:2
20251110-03:35.41-932438(us) 19324 ! txn_stock_level (tpcc.cc:3398):     ERROR warehouse_id:2, cid:79333, maxbytes:2
20251110-03:35.41-933489(us) 19324 ! txn_stock_level (tpcc.cc:3398):     ERROR warehouse_id:2, cid:79333, maxbytes:2
20251110-03:35.41-933625(us) 19324 ! txn_stock_level (tpcc.cc:3398):     ERROR warehouse_id:2, cid:79333, maxbytes:2
20251110-03:35.41-933780(us) 19324 ! txn_stock_level (tpcc.cc:3398):     ERROR warehouse_id:2, cid:79333, maxbytes:2
20251110-03:35.41-933834(us) 19324 ! txn_stock_level (tpcc.cc:3398):     ERROR warehouse_id:2, cid:79333, maxbytes:2
20251110-03:35.41-934050(us) 19324 ! txn_stock_level (tpcc.cc:3398):     ERROR warehouse_id:2, cid:79333, maxbytes:2
20251110-03:35.41-934258(us) 19324 ! txn_stock_level (tpcc.cc:3398):     ERROR warehouse_id:2, cid:79333, maxbytes:2
20251110-03:35.41-935480(us) 19324 ! txn_stock_level (tpcc.cc:3398):     ERROR warehouse_id:2, cid:79333, maxbytes:2
20251110-03:35.41-935555(us) 19324 ! txn_stock_level (tpcc.cc:3398):     ERROR warehouse_id:2, cid:79333, maxbytes:2
20251110-03:35.42-133895(us) 19324 ! txn_stock_level (tpcc.cc:3398):     ERROR warehouse_id:2, cid:4167, maxbytes:2
20251110-03:35.42-133932(us) 19324 ! txn_stock_level (tpcc.cc:3398):     ERROR warehouse_id:2, cid:4167, maxbytes:2
20251110-03:35.42-134144(us) 19324 ! txn_stock_level (tpcc.cc:3398):     ERROR warehouse_id:2, cid:4167, maxbytes:2
20251110-03:35.42-135498(us) 19324 ! txn_stock_level (tpcc.cc:3398):     ERROR warehouse_id:2, cid:4167, maxbytes:2
20251110-03:35.42-136496(us) 19324 ! txn_stock_level (tpcc.cc:3398):     ERROR warehouse_id:2, cid:4167, maxbytes:2
20251110-03:35.42-136678(us) 19324 ! txn_stock_level (tpcc.cc:3398):     ERROR warehouse_id:2, cid:4167, maxbytes:2
20251110-03:35.42-136739(us) 19324 ! txn_stock_level (tpcc.cc:3398):     ERROR warehouse_id:2, cid:73447, maxbytes:2
20251110-03:35.42-136843(us) 19324 ! txn_stock_level (tpcc.cc:3398):     ERROR warehouse_id:2, cid:4167, maxbytes:2
20251110-03:35.42-136885(us) 19324 ! txn_stock_level (tpcc.cc:3398):     ERROR warehouse_id:2, cid:73447, maxbytes:2
20251110-03:35.42-137182(us) 19324 ! txn_stock_level (tpcc.cc:3398):     ERROR warehouse_id:2, cid:73447, maxbytes:2
20251110-03:35.42-137222(us) 19324 ! txn_stock_level (tpcc.cc:3398):     ERROR warehouse_id:2, cid:73447, maxbytes:2
20251110-03:35.42-138216(us) 19324 ! txn_stock_level (tpcc.cc:3398):     ERROR warehouse_id:2, cid:73447, maxbytes:2
20251110-03:35.42-138236(us) 19324 ! txn_stock_level (tpcc.cc:3398):     ERROR warehouse_id:2, cid:73447, maxbytes:2
20251110-03:35.42-138257(us) 19324 ! txn_stock_level (tpcc.cc:3398):     ERROR warehouse_id:2, cid:73447, maxbytes:2
20251110-03:35.42-138345(us) 19324 ! txn_stock_level (tpcc.cc:3398):     ERROR warehouse_id:2, cid:73447, maxbytes:2
20251110-03:35.42-139294(us) 19324 ! txn_stock_level (tpcc.cc:3398):     ERROR warehouse_id:2, cid:73447, maxbytes:2
20251110-03:35.42-139658(us) 19324 ! txn_stock_level (tpcc.cc:3398):     ERROR warehouse_id:2, cid:73447, maxbytes:2
20251110-03:35.42-145274(us) 19324 ! txn_stock_level (tpcc.cc:3398):     ERROR warehouse_id:2, cid:65255, maxbytes:2
20251110-03:35.42-145417(us) 19324 ! txn_stock_level (tpcc.cc:3398):     ERROR warehouse_id:2, cid:65255, maxbytes:2
20251110-03:35.42-145511(us) 19324 ! txn_stock_level (tpcc.cc:3398):     ERROR warehouse_id:2, cid:65255, maxbytes:2
20251110-03:35.42-195129(us) 19324 ! txn_stock_level (tpcc.cc:3398):     ERROR warehouse_id:1, cid:57055, maxbytes:2
20251110-03:35.42-196098(us) 19324 ! txn_stock_level (tpcc.cc:3398):     ERROR warehouse_id:1, cid:57055, maxbytes:2
20251110-03:35.42-205897(us) 19324 ! run             (bench.cc:473):     runtime time left:14000 ms, bool:1
20251110-03:35.42-212036(us) 19324 ! txn_stock_level (tpcc.cc:3398):     ERROR warehouse_id:1, cid:30375, maxbytes:2
20251110-03:35.42-212269(us) 19324 ! txn_stock_level (tpcc.cc:3398):     ERROR warehouse_id:1, cid:30375, maxbytes:2
20251110-03:35.42-212344(us) 19324 ! txn_stock_level (tpcc.cc:3398):     ERROR warehouse_id:1, cid:30375, maxbytes:2
20251110-03:35.42-212386(us) 19324 ! txn_stock_level (tpcc.cc:3398):     ERROR warehouse_id:1, cid:30375, maxbytes:2
20251110-03:35.42-212424(us) 19324 ! txn_stock_level (tpcc.cc:3398):     ERROR warehouse_id:1, cid:30375, maxbytes:2
20251110-03:35.42-212439(us) 19324 ! txn_stock_level (tpcc.cc:3398):     ERROR warehouse_id:1, cid:30375, maxbytes:2
20251110-03:35.42-212447(us) 19324 ! txn_stock_level (tpcc.cc:3398):     ERROR warehouse_id:1, cid:30375, maxbytes:2
20251110-03:35.42-212506(us) 19324 ! txn_stock_level (tpcc.cc:3398):     ERROR warehouse_id:1, cid:30375, maxbytes:2
20251110-03:35.42-212611(us) 19324 ! txn_stock_level (tpcc.cc:3398):     ERROR warehouse_id:1, cid:30375, maxbytes:2
20251110-03:35.42-213639(us) 19324 ! txn_stock_level (tpcc.cc:3398):     ERROR warehouse_id:1, cid:30375, maxbytes:2
20251110-03:35.42-213661(us) 19324 ! txn_stock_level (tpcc.cc:3398):     ERROR warehouse_id:1, cid:30375, maxbytes:2
20251110-03:35.42-214841(us) 19324 ! txn_stock_level (tpcc.cc:3398):     ERROR warehouse_id:1, cid:30375, maxbytes:2
20251110-03:35.42-214915(us) 19324 ! txn_stock_level (tpcc.cc:3398):     ERROR warehouse_id:1, cid:30375, maxbytes:2
20251110-03:35.42-214980(us) 19324 ! txn_stock_level (tpcc.cc:3398):     ERROR warehouse_id:1, cid:30375, maxbytes:2
20251110-03:35.42-215027(us) 19324 ! txn_stock_level (tpcc.cc:3398):     ERROR warehouse_id:1, cid:30375, maxbytes:2
20251110-03:35.42-215063(us) 19324 ! txn_stock_level (tpcc.cc:3398):     ERROR warehouse_id:1, cid:30375, maxbytes:2
20251110-03:35.42-239047(us) 19324 ! txn_stock_level (tpcc.cc:3398):     ERROR warehouse_id:2, cid:24291, maxbytes:2
20251110-03:35.42-239120(us) 19324 ! txn_stock_level (tpcc.cc:3398):     ERROR warehouse_id:2, cid:24291, maxbytes:2
20251110-03:35.42-240422(us) 19324 ! txn_stock_level (tpcc.cc:3398):     ERROR warehouse_id:2, cid:24291, maxbytes:2
20251110-03:35.42-240755(us) 19324 ! txn_stock_level (tpcc.cc:3398):     ERROR warehouse_id:2, cid:24291, maxbytes:2
20251110-03:35.42-241737(us) 19324 ! txn_stock_level (tpcc.cc:3398):     ERROR warehouse_id:2, cid:24291, maxbytes:2
20251110-03:35.42-247466(us) 19324 ! txn_stock_level (tpcc.cc:3398):     ERROR warehouse_id:2, cid:24291, maxbytes:2
20251110-03:35.42-247534(us) 19324 ! txn_stock_level (tpcc.cc:3398):     ERROR warehouse_id:2, cid:24291, maxbytes:2
20251110-03:35.42-247559(us) 19324 ! txn_stock_level (tpcc.cc:3398):     ERROR warehouse_id:2, cid:24291, maxbytes:2
20251110-03:35.42-255994(us) 19324 ! txn_stock_level (tpcc.cc:3398):     ERROR warehouse_id:2, cid:32487, maxbytes:2
20251110-03:35.42-256031(us) 19324 ! txn_stock_level (tpcc.cc:3398):     ERROR warehouse_id:2, cid:32487, maxbytes:2
20251110-03:35.42-257056(us) 19324 ! txn_stock_level (tpcc.cc:3398):     ERROR warehouse_id:2, cid:32487, maxbytes:2
20251110-03:35.42-261175(us) 19324 ! txn_stock_level (tpcc.cc:3398):     ERROR warehouse_id:2, cid:32487, maxbytes:2
20251110-03:35.42-261227(us) 19324 ! txn_stock_level (tpcc.cc:3398):     ERROR warehouse_id:2, cid:32487, maxbytes:2
20251110-03:35.42-261254(us) 19324 ! txn_stock_level (tpcc.cc:3398):     ERROR warehouse_id:2, cid:32487, maxbytes:2
20251110-03:35.42-261473(us) 19324 ! txn_stock_level (tpcc.cc:3398):     ERROR warehouse_id:2, cid:32487, maxbytes:2
20251110-03:35.42-261507(us) 19324 ! txn_stock_level (tpcc.cc:3398):     ERROR warehouse_id:2, cid:32487, maxbytes:2
20251110-03:35.42-263721(us) 19324 ! txn_stock_level (tpcc.cc:3398):     ERROR warehouse_id:2, cid:32487, maxbytes:2
20251110-03:35.42-264732(us) 19324 ! txn_stock_level (tpcc.cc:3398):     ERROR warehouse_id:2, cid:32487, maxbytes:2
20251110-03:35.42-264769(us) 19324 ! txn_stock_level (tpcc.cc:3398):     ERROR warehouse_id:2, cid:32487, maxbytes:2
20251110-03:35.42-339938(us) 19324 ! txn_stock_level (tpcc.cc:3398):     ERROR warehouse_id:2, cid:32487, maxbytes:2
20251110-03:35.42-339994(us) 19324 ! txn_stock_level (tpcc.cc:3398):     ERROR warehouse_id:2, cid:32487, maxbytes:2
20251110-03:35.42-340097(us) 19324 ! txn_stock_level (tpcc.cc:3398):     ERROR warehouse_id:2, cid:32487, maxbytes:2
20251110-03:35.42-351485(us) 19324 ! txn_stock_level (tpcc.cc:3398):     ERROR warehouse_id:2, cid:81637, maxbytes:2
20251110-03:35.42-352488(us) 19324 ! txn_stock_level (tpcc.cc:3398):     ERROR warehouse_id:2, cid:81637, maxbytes:2
20251110-03:35.42-352771(us) 19324 ! txn_stock_level (tpcc.cc:3398):     ERROR warehouse_id:2, cid:81637, maxbytes:2
20251110-03:35.42-352909(us) 19324 ! txn_stock_level (tpcc.cc:3398):     ERROR warehouse_id:2, cid:81637, maxbytes:2
20251110-03:35.42-354649(us) 19324 ! txn_stock_level (tpcc.cc:3398):     ERROR warehouse_id:2, cid:81637, maxbytes:2
20251110-03:35.42-355566(us) 19324 ! txn_stock_level (tpcc.cc:3398):     ERROR warehouse_id:2, cid:81637, maxbytes:2
20251110-03:35.42-356771(us) 19324 ! txn_stock_level (tpcc.cc:3398):     ERROR warehouse_id:2, cid:81637, maxbytes:2
20251110-03:35.42-358614(us) 19324 ! txn_stock_level (tpcc.cc:3398):     ERROR warehouse_id:2, cid:81637, maxbytes:2
20251110-03:35.42-390889(us) 19324 ! txn_stock_level (tpcc.cc:3398):     ERROR warehouse_id:2, cid:32485, maxbytes:2
20251110-03:35.42-390916(us) 19324 ! txn_stock_level (tpcc.cc:3398):     ERROR warehouse_id:2, cid:32485, maxbytes:2
20251110-03:35.42-392518(us) 19324 ! txn_stock_level (tpcc.cc:3398):     ERROR warehouse_id:2, cid:32485, maxbytes:2
20251110-03:35.42-392611(us) 19324 ! txn_stock_level (tpcc.cc:3398):     ERROR warehouse_id:2, cid:32485, maxbytes:2
20251110-03:35.42-393547(us) 19324 ! txn_stock_level (tpcc.cc:3398):     ERROR warehouse_id:2, cid:32485, maxbytes:2
20251110-03:35.42-393563(us) 19324 ! txn_stock_level (tpcc.cc:3398):     ERROR warehouse_id:2, cid:32485, maxbytes:2
20251110-03:35.42-751757(us) 19324 ! txn_stock_level (tpcc.cc:3398):     ERROR warehouse_id:1, cid:56791, maxbytes:2
20251110-03:35.42-751991(us) 19324 ! txn_stock_level (tpcc.cc:3398):     ERROR warehouse_id:1, cid:56791, maxbytes:2
20251110-03:35.42-752124(us) 19324 ! txn_stock_level (tpcc.cc:3398):     ERROR warehouse_id:1, cid:56791, maxbytes:2
20251110-03:35.42-752161(us) 19324 ! txn_stock_level (tpcc.cc:3398):     ERROR warehouse_id:1, cid:56791, maxbytes:2
20251110-03:35.42-753267(us) 19324 ! txn_stock_level (tpcc.cc:3398):     ERROR warehouse_id:1, cid:56791, maxbytes:2
20251110-03:35.42-754518(us) 19324 ! txn_stock_level (tpcc.cc:3398):     ERROR warehouse_id:1, cid:56791, maxbytes:2
20251110-03:35.42-754636(us) 19324 ! txn_stock_level (tpcc.cc:3398):     ERROR warehouse_id:1, cid:56791, maxbytes:2
20251110-03:35.42-754772(us) 19324 ! txn_stock_level (tpcc.cc:3398):     ERROR warehouse_id:1, cid:56791, maxbytes:2
20251110-03:35.42-755704(us) 19324 ! txn_stock_level (tpcc.cc:3398):     ERROR warehouse_id:1, cid:56791, maxbytes:2
20251110-03:35.42-755746(us) 19324 ! txn_stock_level (tpcc.cc:3398):     ERROR warehouse_id:1, cid:56791, maxbytes:2
20251110-03:35.42-756931(us) 19324 ! txn_stock_level (tpcc.cc:3398):     ERROR warehouse_id:1, cid:56791, maxbytes:2
20251110-03:35.42-756955(us) 19324 ! txn_stock_level (tpcc.cc:3398):     ERROR warehouse_id:1, cid:56791, maxbytes:2
20251110-03:35.42-757063(us) 19324 ! txn_stock_level (tpcc.cc:3398):     ERROR warehouse_id:1, cid:56791, maxbytes:2
20251110-03:35.42-757176(us) 19324 ! txn_stock_level (tpcc.cc:3398):     ERROR warehouse_id:1, cid:56791, maxbytes:2
20251110-03:35.42-798201(us) 19324 ! txn_stock_level (tpcc.cc:3398):     ERROR warehouse_id:1, cid:89827, maxbytes:2
20251110-03:35.42-799806(us) 19324 ! txn_stock_level (tpcc.cc:3398):     ERROR warehouse_id:1, cid:89827, maxbytes:2
20251110-03:35.42-799941(us) 19324 ! txn_stock_level (tpcc.cc:3398):     ERROR warehouse_id:1, cid:89827, maxbytes:2
20251110-03:35.42-799962(us) 19324 ! txn_stock_level (tpcc.cc:3398):     ERROR warehouse_id:1, cid:89827, maxbytes:2
20251110-03:35.42-800394(us) 19324 ! txn_stock_level (tpcc.cc:3398):     ERROR warehouse_id:1, cid:89827, maxbytes:2
20251110-03:35.42-801384(us) 19324 ! txn_stock_level (tpcc.cc:3398):     ERROR warehouse_id:1, cid:89827, maxbytes:2
20251110-03:35.42-974613(us) 19324 ! txn_stock_level (tpcc.cc:3398):     ERROR warehouse_id:2, cid:57063, maxbytes:2
20251110-03:35.42-975500(us) 19324 ! txn_stock_level (tpcc.cc:3398):     ERROR warehouse_id:2, cid:57063, maxbytes:2
20251110-03:35.42-975523(us) 19324 ! txn_stock_level (tpcc.cc:3398):     ERROR warehouse_id:2, cid:57063, maxbytes:2
20251110-03:35.42-975711(us) 19324 ! txn_stock_level (tpcc.cc:3398):     ERROR warehouse_id:2, cid:57063, maxbytes:2
20251110-03:35.42-975748(us) 19324 ! txn_stock_level (tpcc.cc:3398):     ERROR warehouse_id:2, cid:57063, maxbytes:2
20251110-03:35.42-975923(us) 19324 ! txn_stock_level (tpcc.cc:3398):     ERROR warehouse_id:2, cid:57063, maxbytes:2
20251110-03:35.42-976029(us) 19324 ! txn_stock_level (tpcc.cc:3398):     ERROR warehouse_id:2, cid:57063, maxbytes:2
20251110-03:35.42-976069(us) 19324 ! txn_stock_level (tpcc.cc:3398):     ERROR warehouse_id:2, cid:57063, maxbytes:2
20251110-03:35.42-976194(us) 19324 ! txn_stock_level (tpcc.cc:3398):     ERROR warehouse_id:2, cid:57063, maxbytes:2
20251110-03:35.42-976342(us) 19324 ! txn_stock_level (tpcc.cc:3398):     ERROR warehouse_id:2, cid:57063, maxbytes:2
20251110-03:35.42-976601(us) 19324 ! txn_stock_level (tpcc.cc:3398):     ERROR warehouse_id:2, cid:57063, maxbytes:2
20251110-03:35.42-976655(us) 19324 ! txn_stock_level (tpcc.cc:3398):     ERROR warehouse_id:2, cid:57063, maxbytes:2
20251110-03:35.42-976870(us) 19324 ! txn_stock_level (tpcc.cc:3398):     ERROR warehouse_id:2, cid:57063, maxbytes:2
20251110-03:35.42-976924(us) 19324 ! txn_stock_level (tpcc.cc:3398):     ERROR warehouse_id:2, cid:57063, maxbytes:2
20251110-03:35.43-38507(us) 19324 ! txn_stock_level (tpcc.cc:3398):     ERROR warehouse_id:1, cid:64231, maxbytes:2
20251110-03:35.43-39595(us) 19324 ! txn_stock_level (tpcc.cc:3398):     ERROR warehouse_id:1, cid:64231, maxbytes:2
20251110-03:35.43-142444(us) 19324 ! txn_stock_level (tpcc.cc:3398):     ERROR warehouse_id:2, cid:56975, maxbytes:2
20251110-03:35.43-142618(us) 19324 ! txn_stock_level (tpcc.cc:3398):     ERROR warehouse_id:2, cid:56975, maxbytes:2
20251110-03:35.43-142712(us) 19324 ! txn_stock_level (tpcc.cc:3398):     ERROR warehouse_id:2, cid:56975, maxbytes:2
20251110-03:35.43-142949(us) 19324 ! txn_stock_level (tpcc.cc:3398):     ERROR warehouse_id:2, cid:56975, maxbytes:2
20251110-03:35.43-143200(us) 19324 ! txn_stock_level (tpcc.cc:3398):     ERROR warehouse_id:2, cid:56975, maxbytes:2
20251110-03:35.43-143220(us) 19324 ! txn_stock_level (tpcc.cc:3398):     ERROR warehouse_id:2, cid:56975, maxbytes:2
20251110-03:35.43-143401(us) 19324 ! txn_stock_level (tpcc.cc:3398):     ERROR warehouse_id:2, cid:56975, maxbytes:2
20251110-03:35.43-143539(us) 19324 ! txn_stock_level (tpcc.cc:3398):     ERROR warehouse_id:2, cid:56975, maxbytes:2
20251110-03:35.43-144630(us) 19324 ! txn_stock_level (tpcc.cc:3398):     ERROR warehouse_id:2, cid:56975, maxbytes:2
20251110-03:35.43-211497(us) 19324 ! run             (bench.cc:473):     runtime time left:13000 ms, bool:1
20251110-03:35.43-537167(us) 19324 ! txn_stock_level (tpcc.cc:3398):     ERROR warehouse_id:1, cid:48855, maxbytes:2
20251110-03:35.43-537390(us) 19324 ! txn_stock_level (tpcc.cc:3398):     ERROR warehouse_id:1, cid:48855, maxbytes:2
20251110-03:35.43-537616(us) 19324 ! txn_stock_level (tpcc.cc:3398):     ERROR warehouse_id:1, cid:48855, maxbytes:2
20251110-03:35.43-537777(us) 19324 ! txn_stock_level (tpcc.cc:3398):     ERROR warehouse_id:1, cid:48855, maxbytes:2
20251110-03:35.43-537836(us) 19324 ! txn_stock_level (tpcc.cc:3398):     ERROR warehouse_id:1, cid:48855, maxbytes:2
20251110-03:35.43-538020(us) 19324 ! txn_stock_level (tpcc.cc:3398):     ERROR warehouse_id:1, cid:48855, maxbytes:2
20251110-03:35.43-538062(us) 19324 ! txn_stock_level (tpcc.cc:3398):     ERROR warehouse_id:1, cid:48855, maxbytes:2
20251110-03:35.43-539817(us) 19324 ! txn_stock_level (tpcc.cc:3398):     ERROR warehouse_id:1, cid:48855, maxbytes:2
20251110-03:35.43-540815(us) 19324 ! txn_stock_level (tpcc.cc:3398):     ERROR warehouse_id:1, cid:48855, maxbytes:2
20251110-03:35.43-540914(us) 19324 ! txn_stock_level (tpcc.cc:3398):     ERROR warehouse_id:1, cid:48855, maxbytes:2
20251110-03:35.43-540956(us) 19324 ! txn_stock_level (tpcc.cc:3398):     ERROR warehouse_id:1, cid:48855, maxbytes:2
20251110-03:35.43-541934(us) 19324 ! txn_stock_level (tpcc.cc:3398):     ERROR warehouse_id:1, cid:48855, maxbytes:2
20251110-03:35.43-654400(us) 19324 ! txn_stock_level (tpcc.cc:3398):     ERROR warehouse_id:1, cid:98919, maxbytes:2
20251110-03:35.43-655195(us) 19324 ! txn_stock_level (tpcc.cc:3398):     ERROR warehouse_id:1, cid:98919, maxbytes:2
20251110-03:35.43-656084(us) 19324 ! txn_stock_level (tpcc.cc:3398):     ERROR warehouse_id:1, cid:98919, maxbytes:2
20251110-03:35.43-656148(us) 19324 ! txn_stock_level (tpcc.cc:3398):     ERROR warehouse_id:1, cid:98919, maxbytes:2
20251110-03:35.43-656174(us) 19324 ! txn_stock_level (tpcc.cc:3398):     ERROR warehouse_id:1, cid:98919, maxbytes:2
20251110-03:35.43-656255(us) 19324 ! txn_stock_level (tpcc.cc:3398):     ERROR warehouse_id:1, cid:98919, maxbytes:2
20251110-03:35.43-686041(us) 19324 ! txn_stock_level (tpcc.cc:3398):     ERROR warehouse_id:2, cid:13927, maxbytes:2
20251110-03:35.43-686091(us) 19324 ! txn_stock_level (tpcc.cc:3398):     ERROR warehouse_id:2, cid:13927, maxbytes:2
20251110-03:35.43-686214(us) 19324 ! txn_stock_level (tpcc.cc:3398):     ERROR warehouse_id:2, cid:15527, maxbytes:2
20251110-03:35.43-686263(us) 19324 ! txn_stock_level (tpcc.cc:3398):     ERROR warehouse_id:2, cid:15527, maxbytes:2
20251110-03:35.43-686307(us) 19324 ! txn_stock_level (tpcc.cc:3398):     ERROR warehouse_id:2, cid:15527, maxbytes:2
20251110-03:35.43-687165(us) 19324 ! txn_stock_level (tpcc.cc:3398):     ERROR warehouse_id:2, cid:15527, maxbytes:2
20251110-03:35.43-687301(us) 19324 ! txn_stock_level (tpcc.cc:3398):     ERROR warehouse_id:2, cid:15527, maxbytes:2
20251110-03:35.43-687362(us) 19324 ! txn_stock_level (tpcc.cc:3398):     ERROR warehouse_id:2, cid:15527, maxbytes:2
20251110-03:35.43-688314(us) 19324 ! txn_stock_level (tpcc.cc:3398):     ERROR warehouse_id:2, cid:15527, maxbytes:2
20251110-03:35.43-688375(us) 19324 ! txn_stock_level (tpcc.cc:3398):     ERROR warehouse_id:2, cid:15527, maxbytes:2
20251110-03:35.43-688417(us) 19324 ! txn_stock_level (tpcc.cc:3398):     ERROR warehouse_id:2, cid:15527, maxbytes:2
20251110-03:35.43-688907(us) 19324 ! txn_stock_level (tpcc.cc:3398):     ERROR warehouse_id:2, cid:15527, maxbytes:2
20251110-03:35.43-689147(us) 19324 ! txn_stock_level (tpcc.cc:3398):     ERROR warehouse_id:2, cid:15527, maxbytes:2
20251110-03:35.43-690451(us) 19324 ! txn_stock_level (tpcc.cc:3398):     ERROR warehouse_id:2, cid:15527, maxbytes:2
20251110-03:35.43-690527(us) 19324 ! txn_stock_level (tpcc.cc:3398):     ERROR warehouse_id:2, cid:15527, maxbytes:2
20251110-03:35.43-691574(us) 19324 ! txn_stock_level (tpcc.cc:3398):     ERROR warehouse_id:2, cid:15527, maxbytes:2
20251110-03:35.43-691687(us) 19324 ! txn_stock_level (tpcc.cc:3398):     ERROR warehouse_id:2, cid:15527, maxbytes:2
20251110-03:35.43-691951(us) 19324 ! txn_stock_level (tpcc.cc:3398):     ERROR warehouse_id:2, cid:13927, maxbytes:2
20251110-03:35.43-691971(us) 19324 ! txn_stock_level (tpcc.cc:3398):     ERROR warehouse_id:2, cid:13927, maxbytes:2
20251110-03:35.43-692015(us) 19324 ! txn_stock_level (tpcc.cc:3398):     ERROR warehouse_id:2, cid:13927, maxbytes:2
20251110-03:35.43-692770(us) 19324 ! txn_stock_level (tpcc.cc:3398):     ERROR warehouse_id:2, cid:13927, maxbytes:2
20251110-03:35.43-692926(us) 19324 ! txn_stock_level (tpcc.cc:3398):     ERROR warehouse_id:2, cid:13927, maxbytes:2
20251110-03:35.43-692941(us) 19324 ! txn_stock_level (tpcc.cc:3398):     ERROR warehouse_id:2, cid:13927, maxbytes:2
20251110-03:35.43-694098(us) 19324 ! txn_stock_level (tpcc.cc:3398):     ERROR warehouse_id:2, cid:13927, maxbytes:2
20251110-03:35.43-694160(us) 19324 ! txn_stock_level (tpcc.cc:3398):     ERROR warehouse_id:2, cid:13927, maxbytes:2
20251110-03:35.43-694181(us) 19324 ! txn_stock_level (tpcc.cc:3398):     ERROR warehouse_id:2, cid:13927, maxbytes:2
20251110-03:35.43-696364(us) 19324 ! txn_stock_level (tpcc.cc:3398):     ERROR warehouse_id:2, cid:13927, maxbytes:2
20251110-03:35.43-697353(us) 19324 ! txn_stock_level (tpcc.cc:3398):     ERROR warehouse_id:2, cid:13927, maxbytes:2
20251110-03:35.43-697378(us) 19324 ! txn_stock_level (tpcc.cc:3398):     ERROR warehouse_id:2, cid:13927, maxbytes:2
20251110-03:35.43-697392(us) 19324 ! txn_stock_level (tpcc.cc:3398):     ERROR warehouse_id:2, cid:13927, maxbytes:2
20251110-03:35.43-699066(us) 19324 ! txn_stock_level (tpcc.cc:3398):     ERROR warehouse_id:2, cid:13927, maxbytes:2
20251110-03:35.43-699107(us) 19324 ! txn_stock_level (tpcc.cc:3398):     ERROR warehouse_id:2, cid:13927, maxbytes:2
20251110-03:35.43-699137(us) 19324 ! txn_stock_level (tpcc.cc:3398):     ERROR warehouse_id:2, cid:13927, maxbytes:2
20251110-03:35.43-700057(us) 19324 ! txn_stock_level (tpcc.cc:3398):     ERROR warehouse_id:2, cid:13927, maxbytes:2
20251110-03:35.43-701177(us) 19324 ! txn_stock_level (tpcc.cc:3398):     ERROR warehouse_id:2, cid:13927, maxbytes:2
20251110-03:35.43-701307(us) 19324 ! txn_stock_level (tpcc.cc:3398):     ERROR warehouse_id:2, cid:13927, maxbytes:2
20251110-03:35.43-701568(us) 19324 ! txn_stock_level (tpcc.cc:3398):     ERROR warehouse_id:2, cid:13927, maxbytes:2
20251110-03:35.43-701728(us) 19324 ! txn_stock_level (tpcc.cc:3398):     ERROR warehouse_id:2, cid:13927, maxbytes:2
20251110-03:35.43-749956(us) 19324 ! txn_stock_level (tpcc.cc:3398):     ERROR warehouse_id:1, cid:97702, maxbytes:2
20251110-03:35.43-750026(us) 19324 ! txn_stock_level (tpcc.cc:3398):     ERROR warehouse_id:1, cid:97702, maxbytes:2
20251110-03:35.43-750160(us) 19324 ! txn_stock_level (tpcc.cc:3398):     ERROR warehouse_id:1, cid:97702, maxbytes:2
20251110-03:35.43-750187(us) 19324 ! txn_stock_level (tpcc.cc:3398):     ERROR warehouse_id:1, cid:97702, maxbytes:2
20251110-03:35.43-751360(us) 19324 ! txn_stock_level (tpcc.cc:3398):     ERROR warehouse_id:1, cid:97702, maxbytes:2
20251110-03:35.43-751445(us) 19324 ! txn_stock_level (tpcc.cc:3398):     ERROR warehouse_id:1, cid:97702, maxbytes:2
20251110-03:35.43-751569(us) 19324 ! txn_stock_level (tpcc.cc:3398):     ERROR warehouse_id:1, cid:97702, maxbytes:2
20251110-03:35.43-751650(us) 19324 ! txn_stock_level (tpcc.cc:3398):     ERROR warehouse_id:1, cid:97702, maxbytes:2
20251110-03:35.43-751671(us) 19324 ! txn_stock_level (tpcc.cc:3398):     ERROR warehouse_id:1, cid:97702, maxbytes:2
20251110-03:35.43-752756(us) 19324 ! txn_stock_level (tpcc.cc:3398):     ERROR warehouse_id:1, cid:97702, maxbytes:2
20251110-03:35.43-752816(us) 19324 ! txn_stock_level (tpcc.cc:3398):     ERROR warehouse_id:1, cid:97702, maxbytes:2
20251110-03:35.43-804689(us) 19324 ! txn_stock_level (tpcc.cc:3398):     ERROR warehouse_id:2, cid:57059, maxbytes:2
20251110-03:35.43-877344(us) 19324 ! txn_stock_level (tpcc.cc:3398):     ERROR warehouse_id:2, cid:63719, maxbytes:2
20251110-03:35.44-51947(us) 19324 ! txn_stock_level (tpcc.cc:3398):     ERROR warehouse_id:2, cid:65235, maxbytes:2
20251110-03:35.44-52021(us) 19324 ! txn_stock_level (tpcc.cc:3398):     ERROR warehouse_id:2, cid:65235, maxbytes:2
20251110-03:35.44-52060(us) 19324 ! txn_stock_level (tpcc.cc:3398):     ERROR warehouse_id:2, cid:65235, maxbytes:2
20251110-03:35.44-52079(us) 19324 ! txn_stock_level (tpcc.cc:3398):     ERROR warehouse_id:2, cid:65235, maxbytes:2
20251110-03:35.44-52094(us) 19324 ! txn_stock_level (tpcc.cc:3398):     ERROR warehouse_id:2, cid:65235, maxbytes:2
20251110-03:35.44-52178(us) 19324 ! txn_stock_level (tpcc.cc:3398):     ERROR warehouse_id:2, cid:65235, maxbytes:2
20251110-03:35.44-54253(us) 19324 ! txn_stock_level (tpcc.cc:3398):     ERROR warehouse_id:2, cid:65235, maxbytes:2
20251110-03:35.44-54292(us) 19324 ! txn_stock_level (tpcc.cc:3398):     ERROR warehouse_id:2, cid:65235, maxbytes:2
20251110-03:35.44-55106(us) 19324 ! txn_stock_level (tpcc.cc:3398):     ERROR warehouse_id:2, cid:65235, maxbytes:2
20251110-03:35.44-55206(us) 19324 ! txn_stock_level (tpcc.cc:3398):     ERROR warehouse_id:2, cid:65235, maxbytes:2
20251110-03:35.44-216830(us) 19324 ! run             (bench.cc:473):     runtime time left:12000 ms, bool:1
20251110-03:35.44-282105(us) 19324 ! txn_stock_level (tpcc.cc:3398):     ERROR warehouse_id:1, cid:52967, maxbytes:2
20251110-03:35.44-282178(us) 19324 ! txn_stock_level (tpcc.cc:3398):     ERROR warehouse_id:2, cid:39645, maxbytes:2
20251110-03:35.44-282337(us) 19324 ! txn_stock_level (tpcc.cc:3398):     ERROR warehouse_id:2, cid:39645, maxbytes:2
20251110-03:35.44-282369(us) 19324 ! txn_stock_level (tpcc.cc:3398):     ERROR warehouse_id:2, cid:39645, maxbytes:2
20251110-03:35.44-282385(us) 19324 ! txn_stock_level (tpcc.cc:3398):     ERROR warehouse_id:1, cid:52967, maxbytes:2
20251110-03:35.44-282429(us) 19324 ! txn_stock_level (tpcc.cc:3398):     ERROR warehouse_id:2, cid:39645, maxbytes:2
20251110-03:35.44-282675(us) 19324 ! txn_stock_level (tpcc.cc:3398):     ERROR warehouse_id:2, cid:39645, maxbytes:2
20251110-03:35.44-282784(us) 19324 ! txn_stock_level (tpcc.cc:3398):     ERROR warehouse_id:2, cid:39645, maxbytes:2
20251110-03:35.44-282982(us) 19324 ! txn_stock_level (tpcc.cc:3398):     ERROR warehouse_id:2, cid:39645, maxbytes:2
20251110-03:35.44-283052(us) 19324 ! txn_stock_level (tpcc.cc:3398):     ERROR warehouse_id:2, cid:39645, maxbytes:2
20251110-03:35.44-283125(us) 19324 ! txn_stock_level (tpcc.cc:3398):     ERROR warehouse_id:2, cid:39645, maxbytes:2
20251110-03:35.44-283329(us) 19324 ! txn_stock_level (tpcc.cc:3398):     ERROR warehouse_id:1, cid:52967, maxbytes:2
20251110-03:35.44-283473(us) 19324 ! txn_stock_level (tpcc.cc:3398):     ERROR warehouse_id:1, cid:52967, maxbytes:2
20251110-03:35.44-284123(us) 19324 ! txn_stock_level (tpcc.cc:3398):     ERROR warehouse_id:2, cid:39645, maxbytes:2
20251110-03:35.44-284237(us) 19324 ! txn_stock_level (tpcc.cc:3398):     ERROR warehouse_id:2, cid:39645, maxbytes:2
20251110-03:35.44-284709(us) 19324 ! txn_stock_level (tpcc.cc:3398):     ERROR warehouse_id:1, cid:52967, maxbytes:2
20251110-03:35.44-284805(us) 19324 ! txn_stock_level (tpcc.cc:3398):     ERROR warehouse_id:1, cid:52967, maxbytes:2
20251110-03:35.44-284825(us) 19324 ! txn_stock_level (tpcc.cc:3398):     ERROR warehouse_id:1, cid:52967, maxbytes:2
20251110-03:35.44-285026(us) 19324 ! txn_stock_level (tpcc.cc:3398):     ERROR warehouse_id:1, cid:52967, maxbytes:2
20251110-03:35.44-285138(us) 19324 ! txn_stock_level (tpcc.cc:3398):     ERROR warehouse_id:1, cid:52967, maxbytes:2
20251110-03:35.44-285193(us) 19324 ! txn_stock_level (tpcc.cc:3398):     ERROR warehouse_id:1, cid:52967, maxbytes:2
20251110-03:35.44-287882(us) 19324 ! txn_stock_level (tpcc.cc:3398):     ERROR warehouse_id:1, cid:52967, maxbytes:2
20251110-03:35.44-287979(us) 19324 ! txn_stock_level (tpcc.cc:3398):     ERROR warehouse_id:1, cid:52967, maxbytes:2
20251110-03:35.44-290243(us) 19324 ! txn_stock_level (tpcc.cc:3398):     ERROR warehouse_id:1, cid:52967, maxbytes:2
20251110-03:35.44-290386(us) 19324 ! txn_stock_level (tpcc.cc:3398):     ERROR warehouse_id:1, cid:52967, maxbytes:2
20251110-03:35.44-290602(us) 19324 ! txn_stock_level (tpcc.cc:3398):     ERROR warehouse_id:1, cid:52967, maxbytes:2
20251110-03:35.44-291604(us) 19324 ! txn_stock_level (tpcc.cc:3398):     ERROR warehouse_id:1, cid:52967, maxbytes:2
20251110-03:35.44-291745(us) 19324 ! txn_stock_level (tpcc.cc:3398):     ERROR warehouse_id:1, cid:52967, maxbytes:2
20251110-03:35.44-291818(us) 19324 ! txn_stock_level (tpcc.cc:3398):     ERROR warehouse_id:1, cid:52967, maxbytes:2
20251110-03:35.44-292002(us) 19324 ! txn_stock_level (tpcc.cc:3398):     ERROR warehouse_id:1, cid:52967, maxbytes:2
20251110-03:35.44-293258(us) 19324 ! txn_stock_level (tpcc.cc:3398):     ERROR warehouse_id:1, cid:52967, maxbytes:2
20251110-03:35.44-296551(us) 19324 ! txn_stock_level (tpcc.cc:3398):     ERROR warehouse_id:1, cid:52967, maxbytes:2
20251110-03:35.44-330072(us) 19324 ! txn_stock_level (tpcc.cc:3398):     ERROR warehouse_id:1, cid:44647, maxbytes:2
20251110-03:35.44-332530(us) 19324 ! txn_stock_level (tpcc.cc:3398):     ERROR warehouse_id:1, cid:44647, maxbytes:2
20251110-03:35.44-333537(us) 19324 ! txn_stock_level (tpcc.cc:3398):     ERROR warehouse_id:1, cid:44647, maxbytes:2
20251110-03:35.44-333640(us) 19324 ! txn_stock_level (tpcc.cc:3398):     ERROR warehouse_id:1, cid:44647, maxbytes:2
20251110-03:35.44-333831(us) 19324 ! txn_stock_level (tpcc.cc:3398):     ERROR warehouse_id:1, cid:44647, maxbytes:2
20251110-03:35.44-342759(us) 19324 ! txn_stock_level (tpcc.cc:3398):     ERROR warehouse_id:1, cid:31461, maxbytes:2
20251110-03:35.44-342840(us) 19324 ! txn_stock_level (tpcc.cc:3398):     ERROR warehouse_id:1, cid:31461, maxbytes:2
20251110-03:35.44-342885(us) 19324 ! txn_stock_level (tpcc.cc:3398):     ERROR warehouse_id:1, cid:31461, maxbytes:2
20251110-03:35.44-342904(us) 19324 ! txn_stock_level (tpcc.cc:3398):     ERROR warehouse_id:1, cid:31461, maxbytes:2
20251110-03:35.44-343808(us) 19324 ! txn_stock_level (tpcc.cc:3398):     ERROR warehouse_id:1, cid:31461, maxbytes:2
20251110-03:35.44-374566(us) 19324 ! txn_stock_level (tpcc.cc:3398):     ERROR warehouse_id:1, cid:79323, maxbytes:2
20251110-03:35.44-374694(us) 19324 ! txn_stock_level (tpcc.cc:3398):     ERROR warehouse_id:1, cid:79323, maxbytes:2
20251110-03:35.44-375779(us) 19324 ! txn_stock_level (tpcc.cc:3398):     ERROR warehouse_id:1, cid:79323, maxbytes:2
20251110-03:35.44-375846(us) 19324 ! txn_stock_level (tpcc.cc:3398):     ERROR warehouse_id:1, cid:79323, maxbytes:2
20251110-03:35.44-375883(us) 19324 ! txn_stock_level (tpcc.cc:3398):     ERROR warehouse_id:1, cid:79323, maxbytes:2
20251110-03:35.44-376124(us) 19324 ! txn_stock_level (tpcc.cc:3398):     ERROR warehouse_id:1, cid:79323, maxbytes:2
20251110-03:35.44-376514(us) 19324 ! txn_stock_level (tpcc.cc:3398):     ERROR warehouse_id:1, cid:79323, maxbytes:2
20251110-03:35.44-376705(us) 19324 ! txn_stock_level (tpcc.cc:3398):     ERROR warehouse_id:1, cid:79323, maxbytes:2
20251110-03:35.44-376732(us) 19324 ! txn_stock_level (tpcc.cc:3398):     ERROR warehouse_id:1, cid:79323, maxbytes:2
20251110-03:35.44-376764(us) 19324 ! txn_stock_level (tpcc.cc:3398):     ERROR warehouse_id:1, cid:79323, maxbytes:2
20251110-03:35.44-376790(us) 19324 ! txn_stock_level (tpcc.cc:3398):     ERROR warehouse_id:1, cid:79323, maxbytes:2
20251110-03:35.44-379110(us) 19324 ! txn_stock_level (tpcc.cc:3398):     ERROR warehouse_id:1, cid:79323, maxbytes:2
20251110-03:35.44-379177(us) 19324 ! txn_stock_level (tpcc.cc:3398):     ERROR warehouse_id:1, cid:79323, maxbytes:2
20251110-03:35.44-379348(us) 19324 ! txn_stock_level (tpcc.cc:3398):     ERROR warehouse_id:1, cid:79323, maxbytes:2
20251110-03:35.44-379622(us) 19324 ! txn_stock_level (tpcc.cc:3398):     ERROR warehouse_id:1, cid:79323, maxbytes:2
20251110-03:35.44-379721(us) 19324 ! txn_stock_level (tpcc.cc:3398):     ERROR warehouse_id:1, cid:79323, maxbytes:2
20251110-03:35.44-379748(us) 19324 ! txn_stock_level (tpcc.cc:3398):     ERROR warehouse_id:1, cid:79323, maxbytes:2
20251110-03:35.44-379931(us) 19324 ! txn_stock_level (tpcc.cc:3398):     ERROR warehouse_id:1, cid:79323, maxbytes:2
20251110-03:35.44-380261(us) 19324 ! txn_stock_level (tpcc.cc:3398):     ERROR warehouse_id:1, cid:79323, maxbytes:2
20251110-03:35.44-380427(us) 19324 ! txn_stock_level (tpcc.cc:3398):     ERROR warehouse_id:1, cid:79323, maxbytes:2
20251110-03:35.44-381359(us) 19324 ! txn_stock_level (tpcc.cc:3398):     ERROR warehouse_id:1, cid:79323, maxbytes:2
20251110-03:35.44-381385(us) 19324 ! txn_stock_level (tpcc.cc:3398):     ERROR warehouse_id:1, cid:79323, maxbytes:2
20251110-03:35.44-381442(us) 19324 ! txn_stock_level (tpcc.cc:3398):     ERROR warehouse_id:1, cid:79323, maxbytes:2
20251110-03:35.44-382972(us) 19324 ! txn_stock_level (tpcc.cc:3398):     ERROR warehouse_id:2, cid:89703, maxbytes:2
20251110-03:35.44-384649(us) 19324 ! txn_stock_level (tpcc.cc:3398):     ERROR warehouse_id:2, cid:89703, maxbytes:2
20251110-03:35.44-384695(us) 19324 ! txn_stock_level (tpcc.cc:3398):     ERROR warehouse_id:2, cid:89703, maxbytes:2
20251110-03:35.44-384740(us) 19324 ! txn_stock_level (tpcc.cc:3398):     ERROR warehouse_id:2, cid:89703, maxbytes:2
20251110-03:35.44-384757(us) 19324 ! txn_stock_level (tpcc.cc:3398):     ERROR warehouse_id:2, cid:89703, maxbytes:2
20251110-03:35.44-384971(us) 19324 ! txn_stock_level (tpcc.cc:3398):     ERROR warehouse_id:2, cid:89703, maxbytes:2
20251110-03:35.44-386158(us) 19324 ! txn_stock_level (tpcc.cc:3398):     ERROR warehouse_id:2, cid:89703, maxbytes:2
20251110-03:35.44-386317(us) 19324 ! txn_stock_level (tpcc.cc:3398):     ERROR warehouse_id:2, cid:89703, maxbytes:2
20251110-03:35.44-387986(us) 19324 ! txn_stock_level (tpcc.cc:3398):     ERROR warehouse_id:2, cid:89703, maxbytes:2
20251110-03:35.44-388073(us) 19324 ! txn_stock_level (tpcc.cc:3398):     ERROR warehouse_id:2, cid:89703, maxbytes:2
20251110-03:35.44-391428(us) 19324 ! txn_stock_level (tpcc.cc:3398):     ERROR warehouse_id:2, cid:89703, maxbytes:2
20251110-03:35.44-392501(us) 19324 ! txn_stock_level (tpcc.cc:3398):     ERROR warehouse_id:2, cid:89703, maxbytes:2
20251110-03:35.44-392568(us) 19324 ! txn_stock_level (tpcc.cc:3398):     ERROR warehouse_id:2, cid:89703, maxbytes:2
20251110-03:35.44-392793(us) 19324 ! txn_stock_level (tpcc.cc:3398):     ERROR warehouse_id:2, cid:89703, maxbytes:2
20251110-03:35.44-393847(us) 19324 ! txn_stock_level (tpcc.cc:3398):     ERROR warehouse_id:2, cid:89703, maxbytes:2
20251110-03:35.44-393892(us) 19324 ! txn_stock_level (tpcc.cc:3398):     ERROR warehouse_id:2, cid:89703, maxbytes:2
20251110-03:35.44-394144(us) 19324 ! txn_stock_level (tpcc.cc:3398):     ERROR warehouse_id:2, cid:89703, maxbytes:2
20251110-03:35.44-394163(us) 19324 ! txn_stock_level (tpcc.cc:3398):     ERROR warehouse_id:2, cid:89703, maxbytes:2
20251110-03:35.44-394173(us) 19324 ! txn_stock_level (tpcc.cc:3398):     ERROR warehouse_id:2, cid:89703, maxbytes:2
20251110-03:35.44-394249(us) 19324 ! txn_stock_level (tpcc.cc:3398):     ERROR warehouse_id:2, cid:89703, maxbytes:2
20251110-03:35.44-394276(us) 19324 ! txn_stock_level (tpcc.cc:3398):     ERROR warehouse_id:2, cid:89703, maxbytes:2
20251110-03:35.44-394502(us) 19324 ! txn_stock_level (tpcc.cc:3398):     ERROR warehouse_id:2, cid:89703, maxbytes:2
20251110-03:35.44-394603(us) 19324 ! txn_stock_level (tpcc.cc:3398):     ERROR warehouse_id:2, cid:89703, maxbytes:2
20251110-03:35.44-395004(us) 19324 ! txn_stock_level (tpcc.cc:3398):     ERROR warehouse_id:2, cid:65255, maxbytes:2
20251110-03:35.44-395293(us) 19324 ! txn_stock_level (tpcc.cc:3398):     ERROR warehouse_id:2, cid:65255, maxbytes:2
20251110-03:35.44-395324(us) 19324 ! txn_stock_level (tpcc.cc:3398):     ERROR warehouse_id:2, cid:65255, maxbytes:2
20251110-03:35.44-395423(us) 19324 ! txn_stock_level (tpcc.cc:3398):     ERROR warehouse_id:2, cid:65255, maxbytes:2
20251110-03:35.44-397687(us) 19324 ! txn_stock_level (tpcc.cc:3398):     ERROR warehouse_id:2, cid:65255, maxbytes:2
20251110-03:35.44-397912(us) 19324 ! txn_stock_level (tpcc.cc:3398):     ERROR warehouse_id:2, cid:65255, maxbytes:2
20251110-03:35.44-535605(us) 19324 ! txn_stock_level (tpcc.cc:3398):     ERROR warehouse_id:2, cid:35543, maxbytes:2
20251110-03:35.44-535657(us) 19324 ! txn_stock_level (tpcc.cc:3398):     ERROR warehouse_id:2, cid:35543, maxbytes:2
20251110-03:35.44-535684(us) 19324 ! txn_stock_level (tpcc.cc:3398):     ERROR warehouse_id:2, cid:35543, maxbytes:2
20251110-03:35.44-535707(us) 19324 ! txn_stock_level (tpcc.cc:3398):     ERROR warehouse_id:2, cid:35543, maxbytes:2
20251110-03:35.44-535754(us) 19324 ! txn_stock_level (tpcc.cc:3398):     ERROR warehouse_id:2, cid:35543, maxbytes:2
20251110-03:35.44-536784(us) 19324 ! txn_stock_level (tpcc.cc:3398):     ERROR warehouse_id:2, cid:35543, maxbytes:2
20251110-03:35.44-536855(us) 19324 ! txn_stock_level (tpcc.cc:3398):     ERROR warehouse_id:2, cid:35543, maxbytes:2
20251110-03:35.44-537038(us) 19324 ! txn_stock_level (tpcc.cc:3398):     ERROR warehouse_id:2, cid:35543, maxbytes:2
20251110-03:35.44-541594(us) 19324 ! txn_stock_level (tpcc.cc:3398):     ERROR warehouse_id:1, cid:65191, maxbytes:2
20251110-03:35.44-542693(us) 19324 ! txn_stock_level (tpcc.cc:3398):     ERROR warehouse_id:1, cid:65191, maxbytes:2
20251110-03:35.44-543727(us) 19324 ! txn_stock_level (tpcc.cc:3398):     ERROR warehouse_id:1, cid:65191, maxbytes:2
20251110-03:35.44-691199(us) 19324 ! txn_stock_level (tpcc.cc:3398):     ERROR warehouse_id:2, cid:77543, maxbytes:2
20251110-03:35.44-691397(us) 19324 ! txn_stock_level (tpcc.cc:3398):     ERROR warehouse_id:2, cid:77543, maxbytes:2
20251110-03:35.44-691481(us) 19324 ! txn_stock_level (tpcc.cc:3398):     ERROR warehouse_id:2, cid:77543, maxbytes:2
20251110-03:35.44-692356(us) 19324 ! txn_stock_level (tpcc.cc:3398):     ERROR warehouse_id:2, cid:77543, maxbytes:2
20251110-03:35.44-694496(us) 19324 ! txn_stock_level (tpcc.cc:3398):     ERROR warehouse_id:2, cid:77543, maxbytes:2
20251110-03:35.44-694677(us) 19324 ! txn_stock_level (tpcc.cc:3398):     ERROR warehouse_id:2, cid:77543, maxbytes:2
20251110-03:35.44-695956(us) 19324 ! txn_stock_level (tpcc.cc:3398):     ERROR warehouse_id:2, cid:77543, maxbytes:2
20251110-03:35.44-696062(us) 19324 ! txn_stock_level (tpcc.cc:3398):     ERROR warehouse_id:2, cid:77543, maxbytes:2
20251110-03:35.44-699085(us) 19324 ! txn_stock_level (tpcc.cc:3398):     ERROR warehouse_id:2, cid:77543, maxbytes:2
20251110-03:35.44-699141(us) 19324 ! txn_stock_level (tpcc.cc:3398):     ERROR warehouse_id:2, cid:77543, maxbytes:2
20251110-03:35.44-699371(us) 19324 ! txn_stock_level (tpcc.cc:3398):     ERROR warehouse_id:2, cid:77543, maxbytes:2
20251110-03:35.44-699702(us) 19324 ! txn_stock_level (tpcc.cc:3398):     ERROR warehouse_id:2, cid:77543, maxbytes:2
20251110-03:35.44-702085(us) 19324 ! txn_stock_level (tpcc.cc:3398):     ERROR warehouse_id:2, cid:77543, maxbytes:2
20251110-03:35.44-702107(us) 19324 ! txn_stock_level (tpcc.cc:3398):     ERROR warehouse_id:2, cid:77543, maxbytes:2
20251110-03:35.44-703173(us) 19324 ! txn_stock_level (tpcc.cc:3398):     ERROR warehouse_id:2, cid:77543, maxbytes:2
20251110-03:35.44-703235(us) 19324 ! txn_stock_level (tpcc.cc:3398):     ERROR warehouse_id:2, cid:77543, maxbytes:2
20251110-03:35.44-703311(us) 19324 ! txn_stock_level (tpcc.cc:3398):     ERROR warehouse_id:2, cid:77543, maxbytes:2
20251110-03:35.44-703420(us) 19324 ! txn_stock_level (tpcc.cc:3398):     ERROR warehouse_id:2, cid:77543, maxbytes:2
20251110-03:35.44-731560(us) 19324 ! txn_stock_level (tpcc.cc:3398):     ERROR warehouse_id:2, cid:6210, maxbytes:2
20251110-03:35.44-731750(us) 19324 ! txn_stock_level (tpcc.cc:3398):     ERROR warehouse_id:2, cid:6210, maxbytes:2
20251110-03:35.44-732763(us) 19324 ! txn_stock_level (tpcc.cc:3398):     ERROR warehouse_id:2, cid:6210, maxbytes:2
20251110-03:35.44-732874(us) 19324 ! txn_stock_level (tpcc.cc:3398):     ERROR warehouse_id:2, cid:6210, maxbytes:2
20251110-03:35.44-733178(us) 19324 ! txn_stock_level (tpcc.cc:3398):     ERROR warehouse_id:2, cid:6210, maxbytes:2
20251110-03:35.44-734667(us) 19324 ! txn_stock_level (tpcc.cc:3398):     ERROR warehouse_id:2, cid:6210, maxbytes:2
20251110-03:35.44-785809(us) 19324 ! txn_stock_level (tpcc.cc:3398):     ERROR warehouse_id:1, cid:15847, maxbytes:2
20251110-03:35.44-785845(us) 19324 ! txn_stock_level (tpcc.cc:3398):     ERROR warehouse_id:1, cid:15847, maxbytes:2
20251110-03:35.44-787990(us) 19324 ! txn_stock_level (tpcc.cc:3398):     ERROR warehouse_id:1, cid:15847, maxbytes:2
20251110-03:35.44-788277(us) 19324 ! txn_stock_level (tpcc.cc:3398):     ERROR warehouse_id:1, cid:15847, maxbytes:2
20251110-03:35.44-788494(us) 19324 ! txn_stock_level (tpcc.cc:3398):     ERROR warehouse_id:1, cid:15847, maxbytes:2
20251110-03:35.44-789622(us) 19324 ! txn_stock_level (tpcc.cc:3398):     ERROR warehouse_id:1, cid:15847, maxbytes:2
20251110-03:35.44-789769(us) 19324 ! txn_stock_level (tpcc.cc:3398):     ERROR warehouse_id:1, cid:15847, maxbytes:2
20251110-03:35.44-789962(us) 19324 ! txn_stock_level (tpcc.cc:3398):     ERROR warehouse_id:1, cid:15847, maxbytes:2
20251110-03:35.44-790054(us) 19324 ! txn_stock_level (tpcc.cc:3398):     ERROR warehouse_id:1, cid:15847, maxbytes:2
20251110-03:35.44-790109(us) 19324 ! txn_stock_level (tpcc.cc:3398):     ERROR warehouse_id:1, cid:15847, maxbytes:2
20251110-03:35.44-790653(us) 19324 ! txn_stock_level (tpcc.cc:3398):     ERROR warehouse_id:1, cid:96997, maxbytes:2
20251110-03:35.44-790764(us) 19324 ! txn_stock_level (tpcc.cc:3398):     ERROR warehouse_id:1, cid:15847, maxbytes:2
20251110-03:35.44-790786(us) 19324 ! txn_stock_level (tpcc.cc:3398):     ERROR warehouse_id:1, cid:15847, maxbytes:2
20251110-03:35.44-790802(us) 19324 ! txn_stock_level (tpcc.cc:3398):     ERROR warehouse_id:1, cid:96997, maxbytes:2
20251110-03:35.44-791810(us) 19324 ! txn_stock_level (tpcc.cc:3398):     ERROR warehouse_id:1, cid:15847, maxbytes:2
20251110-03:35.44-791954(us) 19324 ! txn_stock_level (tpcc.cc:3398):     ERROR warehouse_id:1, cid:96997, maxbytes:2
20251110-03:35.44-792034(us) 19324 ! txn_stock_level (tpcc.cc:3398):     ERROR warehouse_id:1, cid:96997, maxbytes:2
20251110-03:35.44-792156(us) 19324 ! txn_stock_level (tpcc.cc:3398):     ERROR warehouse_id:1, cid:96997, maxbytes:2
20251110-03:35.44-792514(us) 19324 ! txn_stock_level (tpcc.cc:3398):     ERROR warehouse_id:1, cid:96997, maxbytes:2
20251110-03:35.44-794470(us) 19324 ! txn_stock_level (tpcc.cc:3398):     ERROR warehouse_id:1, cid:96997, maxbytes:2
20251110-03:35.44-794615(us) 19324 ! txn_stock_level (tpcc.cc:3398):     ERROR warehouse_id:1, cid:96997, maxbytes:2
20251110-03:35.44-795528(us) 19324 ! txn_stock_level (tpcc.cc:3398):     ERROR warehouse_id:1, cid:96997, maxbytes:2
20251110-03:35.44-795550(us) 19324 ! txn_stock_level (tpcc.cc:3398):     ERROR warehouse_id:1, cid:96997, maxbytes:2
20251110-03:35.44-795608(us) 19324 ! txn_stock_level (tpcc.cc:3398):     ERROR warehouse_id:1, cid:96997, maxbytes:2
20251110-03:35.44-848763(us) 19324 ! txn_stock_level (tpcc.cc:3398):     ERROR warehouse_id:1, cid:73189, maxbytes:2
20251110-03:35.44-848869(us) 19324 ! txn_stock_level (tpcc.cc:3398):     ERROR warehouse_id:1, cid:73189, maxbytes:2
20251110-03:35.44-848955(us) 19324 ! txn_stock_level (tpcc.cc:3398):     ERROR warehouse_id:1, cid:73189, maxbytes:2
20251110-03:35.44-849029(us) 19324 ! txn_stock_level (tpcc.cc:3398):     ERROR warehouse_id:1, cid:73189, maxbytes:2
20251110-03:35.44-891074(us) 19324 ! txn_stock_level (tpcc.cc:3398):     ERROR warehouse_id:2, cid:52957, maxbytes:2
20251110-03:35.44-891476(us) 19324 ! txn_stock_level (tpcc.cc:3398):     ERROR warehouse_id:2, cid:52957, maxbytes:2
20251110-03:35.44-891545(us) 19324 ! txn_stock_level (tpcc.cc:3398):     ERROR warehouse_id:2, cid:52957, maxbytes:2
20251110-03:35.44-891572(us) 19324 ! txn_stock_level (tpcc.cc:3398):     ERROR warehouse_id:2, cid:52957, maxbytes:2
20251110-03:35.44-891678(us) 19324 ! txn_stock_level (tpcc.cc:3398):     ERROR warehouse_id:2, cid:52957, maxbytes:2
20251110-03:35.44-892036(us) 19324 ! txn_stock_level (tpcc.cc:3398):     ERROR warehouse_id:2, cid:52957, maxbytes:2
20251110-03:35.44-893363(us) 19324 ! txn_stock_level (tpcc.cc:3398):     ERROR warehouse_id:2, cid:52957, maxbytes:2
20251110-03:35.44-893459(us) 19324 ! txn_stock_level (tpcc.cc:3398):     ERROR warehouse_id:2, cid:52957, maxbytes:2
20251110-03:35.44-893558(us) 19324 ! txn_stock_level (tpcc.cc:3398):     ERROR warehouse_id:2, cid:52957, maxbytes:2
20251110-03:35.44-893571(us) 19324 ! txn_stock_level (tpcc.cc:3398):     ERROR warehouse_id:2, cid:52957, maxbytes:2
20251110-03:35.44-893673(us) 19324 ! txn_stock_level (tpcc.cc:3398):     ERROR warehouse_id:2, cid:52957, maxbytes:2
20251110-03:35.44-893886(us) 19324 ! txn_stock_level (tpcc.cc:3398):     ERROR warehouse_id:2, cid:52957, maxbytes:2
20251110-03:35.44-893938(us) 19324 ! txn_stock_level (tpcc.cc:3398):     ERROR warehouse_id:2, cid:52957, maxbytes:2
20251110-03:35.44-894112(us) 19324 ! txn_stock_level (tpcc.cc:3398):     ERROR warehouse_id:2, cid:52957, maxbytes:2
20251110-03:35.44-926318(us) 19324 ! txn_stock_level (tpcc.cc:3398):     ERROR warehouse_id:1, cid:51943, maxbytes:2
20251110-03:35.44-927328(us) 19324 ! txn_stock_level (tpcc.cc:3398):     ERROR warehouse_id:1, cid:51943, maxbytes:2
20251110-03:35.44-927373(us) 19324 ! txn_stock_level (tpcc.cc:3398):     ERROR warehouse_id:1, cid:51943, maxbytes:2
20251110-03:35.44-928854(us) 19324 ! txn_stock_level (tpcc.cc:3398):     ERROR warehouse_id:1, cid:51943, maxbytes:2
20251110-03:35.44-928904(us) 19324 ! txn_stock_level (tpcc.cc:3398):     ERROR warehouse_id:1, cid:51943, maxbytes:2
20251110-03:35.44-929024(us) 19324 ! txn_stock_level (tpcc.cc:3398):     ERROR warehouse_id:1, cid:51943, maxbytes:2
20251110-03:35.44-929095(us) 19324 ! txn_stock_level (tpcc.cc:3398):     ERROR warehouse_id:1, cid:51943, maxbytes:2
20251110-03:35.44-929108(us) 19324 ! txn_stock_level (tpcc.cc:3398):     ERROR warehouse_id:1, cid:51943, maxbytes:2
20251110-03:35.44-929312(us) 19324 ! txn_stock_level (tpcc.cc:3398):     ERROR warehouse_id:1, cid:51943, maxbytes:2
20251110-03:35.44-930568(us) 19324 ! txn_stock_level (tpcc.cc:3398):     ERROR warehouse_id:1, cid:51943, maxbytes:2
20251110-03:35.44-930606(us) 19324 ! txn_stock_level (tpcc.cc:3398):     ERROR warehouse_id:1, cid:51943, maxbytes:2
20251110-03:35.44-931659(us) 19324 ! txn_stock_level (tpcc.cc:3398):     ERROR warehouse_id:1, cid:51943, maxbytes:2
20251110-03:35.44-934928(us) 19324 ! txn_stock_level (tpcc.cc:3398):     ERROR warehouse_id:1, cid:51943, maxbytes:2
20251110-03:35.45-90505(us) 19324 ! txn_stock_level (tpcc.cc:3398):     ERROR warehouse_id:2, cid:81622, maxbytes:2
20251110-03:35.45-90623(us) 19324 ! txn_stock_level (tpcc.cc:3398):     ERROR warehouse_id:2, cid:81622, maxbytes:2
20251110-03:35.45-91503(us) 19324 ! txn_stock_level (tpcc.cc:3398):     ERROR warehouse_id:2, cid:81622, maxbytes:2
20251110-03:35.45-92513(us) 19324 ! txn_stock_level (tpcc.cc:3398):     ERROR warehouse_id:2, cid:81622, maxbytes:2
20251110-03:35.45-92652(us) 19324 ! txn_stock_level (tpcc.cc:3398):     ERROR warehouse_id:2, cid:81622, maxbytes:2
20251110-03:35.45-92755(us) 19324 ! txn_stock_level (tpcc.cc:3398):     ERROR warehouse_id:2, cid:81622, maxbytes:2
20251110-03:35.45-92938(us) 19324 ! txn_stock_level (tpcc.cc:3398):     ERROR warehouse_id:2, cid:81622, maxbytes:2
20251110-03:35.45-93100(us) 19324 ! txn_stock_level (tpcc.cc:3398):     ERROR warehouse_id:2, cid:81622, maxbytes:2
20251110-03:35.45-93192(us) 19324 ! txn_stock_level (tpcc.cc:3398):     ERROR warehouse_id:2, cid:81622, maxbytes:2
20251110-03:35.45-93463(us) 19324 ! txn_stock_level (tpcc.cc:3398):     ERROR warehouse_id:2, cid:81622, maxbytes:2
20251110-03:35.45-93513(us) 19324 ! txn_stock_level (tpcc.cc:3398):     ERROR warehouse_id:2, cid:81622, maxbytes:2
20251110-03:35.45-93979(us) 19324 ! txn_stock_level (tpcc.cc:3398):     ERROR warehouse_id:2, cid:81622, maxbytes:2
20251110-03:35.45-94023(us) 19324 ! txn_stock_level (tpcc.cc:3398):     ERROR warehouse_id:2, cid:81622, maxbytes:2
20251110-03:35.45-94126(us) 19324 ! txn_stock_level (tpcc.cc:3398):     ERROR warehouse_id:2, cid:81622, maxbytes:2
20251110-03:35.45-95259(us) 19324 ! txn_stock_level (tpcc.cc:3398):     ERROR warehouse_id:2, cid:81622, maxbytes:2
20251110-03:35.45-96314(us) 19324 ! txn_stock_level (tpcc.cc:3398):     ERROR warehouse_id:2, cid:81622, maxbytes:2
20251110-03:35.45-96366(us) 19324 ! txn_stock_level (tpcc.cc:3398):     ERROR warehouse_id:2, cid:81622, maxbytes:2
20251110-03:35.45-101770(us) 19324 ! txn_stock_level (tpcc.cc:3398):     ERROR warehouse_id:2, cid:81622, maxbytes:2
20251110-03:35.45-101808(us) 19324 ! txn_stock_level (tpcc.cc:3398):     ERROR warehouse_id:2, cid:81622, maxbytes:2
20251110-03:35.45-113941(us) 19324 ! txn_stock_level (tpcc.cc:3398):     ERROR warehouse_id:2, cid:89795, maxbytes:2
20251110-03:35.45-114135(us) 19324 ! txn_stock_level (tpcc.cc:3398):     ERROR warehouse_id:2, cid:89795, maxbytes:2
20251110-03:35.45-164690(us) 19324 ! txn_stock_level (tpcc.cc:3398):     ERROR warehouse_id:2, cid:88806, maxbytes:2
20251110-03:35.45-164798(us) 19324 ! txn_stock_level (tpcc.cc:3398):     ERROR warehouse_id:2, cid:88806, maxbytes:2
20251110-03:35.45-164858(us) 19324 ! txn_stock_level (tpcc.cc:3398):     ERROR warehouse_id:2, cid:88806, maxbytes:2
20251110-03:35.45-164924(us) 19324 ! txn_stock_level (tpcc.cc:3398):     ERROR warehouse_id:2, cid:88806, maxbytes:2
20251110-03:35.45-165049(us) 19324 ! txn_stock_level (tpcc.cc:3398):     ERROR warehouse_id:2, cid:88806, maxbytes:2
20251110-03:35.45-165372(us) 19324 ! txn_stock_level (tpcc.cc:3398):     ERROR warehouse_id:2, cid:88806, maxbytes:2
20251110-03:35.45-165456(us) 19324 ! txn_stock_level (tpcc.cc:3398):     ERROR warehouse_id:2, cid:88806, maxbytes:2
20251110-03:35.45-165574(us) 19324 ! txn_stock_level (tpcc.cc:3398):     ERROR warehouse_id:2, cid:88806, maxbytes:2
20251110-03:35.45-165680(us) 19324 ! txn_stock_level (tpcc.cc:3398):     ERROR warehouse_id:2, cid:88806, maxbytes:2
20251110-03:35.45-165858(us) 19324 ! txn_stock_level (tpcc.cc:3398):     ERROR warehouse_id:2, cid:88806, maxbytes:2
20251110-03:35.45-165878(us) 19324 ! txn_stock_level (tpcc.cc:3398):     ERROR warehouse_id:2, cid:88806, maxbytes:2
20251110-03:35.45-165923(us) 19324 ! txn_stock_level (tpcc.cc:3398):     ERROR warehouse_id:2, cid:88806, maxbytes:2
20251110-03:35.45-166077(us) 19324 ! txn_stock_level (tpcc.cc:3398):     ERROR warehouse_id:2, cid:88806, maxbytes:2
20251110-03:35.45-167841(us) 19324 ! txn_stock_level (tpcc.cc:3398):     ERROR warehouse_id:2, cid:88806, maxbytes:2
20251110-03:35.45-168862(us) 19324 ! txn_stock_level (tpcc.cc:3398):     ERROR warehouse_id:2, cid:88806, maxbytes:2
20251110-03:35.45-168893(us) 19324 ! txn_stock_level (tpcc.cc:3398):     ERROR warehouse_id:2, cid:88806, maxbytes:2
20251110-03:35.45-222307(us) 19324 ! run             (bench.cc:473):     runtime time left:11000 ms, bool:1
20251110-03:35.45-284191(us) 19324 ! txn_stock_level (tpcc.cc:3398):     ERROR warehouse_id:2, cid:97989, maxbytes:2
20251110-03:35.45-284300(us) 19324 ! txn_stock_level (tpcc.cc:3398):     ERROR warehouse_id:2, cid:97989, maxbytes:2
20251110-03:35.45-285519(us) 19324 ! txn_stock_level (tpcc.cc:3398):     ERROR warehouse_id:2, cid:97989, maxbytes:2
20251110-03:35.45-285539(us) 19324 ! txn_stock_level (tpcc.cc:3398):     ERROR warehouse_id:2, cid:97989, maxbytes:2
20251110-03:35.45-286620(us) 19324 ! txn_stock_level (tpcc.cc:3398):     ERROR warehouse_id:2, cid:97989, maxbytes:2
20251110-03:35.45-286769(us) 19324 ! txn_stock_level (tpcc.cc:3398):     ERROR warehouse_id:2, cid:97989, maxbytes:2
20251110-03:35.45-286867(us) 19324 ! txn_stock_level (tpcc.cc:3398):     ERROR warehouse_id:2, cid:97989, maxbytes:2
20251110-03:35.45-287011(us) 19324 ! txn_stock_level (tpcc.cc:3398):     ERROR warehouse_id:2, cid:97989, maxbytes:2
20251110-03:35.45-287079(us) 19324 ! txn_stock_level (tpcc.cc:3398):     ERROR warehouse_id:2, cid:97989, maxbytes:2
20251110-03:35.45-287214(us) 19324 ! txn_stock_level (tpcc.cc:3398):     ERROR warehouse_id:2, cid:97989, maxbytes:2
20251110-03:35.45-287404(us) 19324 ! txn_stock_level (tpcc.cc:3398):     ERROR warehouse_id:2, cid:97989, maxbytes:2
20251110-03:35.45-287506(us) 19324 ! txn_stock_level (tpcc.cc:3398):     ERROR warehouse_id:2, cid:97989, maxbytes:2
20251110-03:35.45-287798(us) 19324 ! txn_stock_level (tpcc.cc:3398):     ERROR warehouse_id:2, cid:97989, maxbytes:2
20251110-03:35.45-288009(us) 19324 ! txn_stock_level (tpcc.cc:3398):     ERROR warehouse_id:2, cid:97989, maxbytes:2
20251110-03:35.45-288094(us) 19324 ! txn_stock_level (tpcc.cc:3398):     ERROR warehouse_id:2, cid:97989, maxbytes:2
20251110-03:35.45-288102(us) 19324 ! txn_stock_level (tpcc.cc:3398):     ERROR warehouse_id:2, cid:97989, maxbytes:2
20251110-03:35.45-366766(us) 19324 ! txn_stock_level (tpcc.cc:3398):     ERROR warehouse_id:2, cid:71127, maxbytes:2
20251110-03:35.45-366834(us) 19324 ! txn_stock_level (tpcc.cc:3398):     ERROR warehouse_id:2, cid:71127, maxbytes:2
20251110-03:35.45-366888(us) 19324 ! txn_stock_level (tpcc.cc:3398):     ERROR warehouse_id:2, cid:71127, maxbytes:2
20251110-03:35.45-366968(us) 19324 ! txn_stock_level (tpcc.cc:3398):     ERROR warehouse_id:2, cid:71127, maxbytes:2
20251110-03:35.45-366984(us) 19324 ! txn_stock_level (tpcc.cc:3398):     ERROR warehouse_id:2, cid:71127, maxbytes:2
20251110-03:35.45-367180(us) 19324 ! txn_stock_level (tpcc.cc:3398):     ERROR warehouse_id:2, cid:71127, maxbytes:2
20251110-03:35.45-368946(us) 19324 ! txn_stock_level (tpcc.cc:3398):     ERROR warehouse_id:2, cid:71127, maxbytes:2
20251110-03:35.45-368997(us) 19324 ! txn_stock_level (tpcc.cc:3398):     ERROR warehouse_id:2, cid:71127, maxbytes:2
20251110-03:35.45-370973(us) 19324 ! txn_stock_level (tpcc.cc:3398):     ERROR warehouse_id:2, cid:71127, maxbytes:2
20251110-03:35.45-371007(us) 19324 ! txn_stock_level (tpcc.cc:3398):     ERROR warehouse_id:2, cid:71127, maxbytes:2
20251110-03:35.45-371035(us) 19324 ! txn_stock_level (tpcc.cc:3398):     ERROR warehouse_id:2, cid:71127, maxbytes:2
20251110-03:35.45-371144(us) 19324 ! txn_stock_level (tpcc.cc:3398):     ERROR warehouse_id:2, cid:71127, maxbytes:2
20251110-03:35.45-371188(us) 19324 ! txn_stock_level (tpcc.cc:3398):     ERROR warehouse_id:2, cid:71127, maxbytes:2
20251110-03:35.45-371220(us) 19324 ! txn_stock_level (tpcc.cc:3398):     ERROR warehouse_id:2, cid:71127, maxbytes:2
20251110-03:35.45-371240(us) 19324 ! txn_stock_level (tpcc.cc:3398):     ERROR warehouse_id:2, cid:71127, maxbytes:2
20251110-03:35.45-372619(us) 19324 ! txn_stock_level (tpcc.cc:3398):     ERROR warehouse_id:2, cid:71127, maxbytes:2
20251110-03:35.45-372956(us) 19324 ! txn_stock_level (tpcc.cc:3398):     ERROR warehouse_id:2, cid:71127, maxbytes:2
20251110-03:35.45-373134(us) 19324 ! txn_stock_level (tpcc.cc:3398):     ERROR warehouse_id:2, cid:71127, maxbytes:2
20251110-03:35.45-373287(us) 19324 ! txn_stock_level (tpcc.cc:3398):     ERROR warehouse_id:2, cid:71127, maxbytes:2
20251110-03:35.45-373480(us) 19324 ! txn_stock_level (tpcc.cc:3398):     ERROR warehouse_id:2, cid:71127, maxbytes:2
20251110-03:35.45-373521(us) 19324 ! txn_stock_level (tpcc.cc:3398):     ERROR warehouse_id:2, cid:71127, maxbytes:2
20251110-03:35.45-377407(us) 19324 ! txn_stock_level (tpcc.cc:3398):     ERROR warehouse_id:2, cid:71127, maxbytes:2
20251110-03:35.45-377559(us) 19324 ! txn_stock_level (tpcc.cc:3398):     ERROR warehouse_id:2, cid:71127, maxbytes:2
20251110-03:35.45-377610(us) 19324 ! txn_stock_level (tpcc.cc:3398):     ERROR warehouse_id:2, cid:71127, maxbytes:2
20251110-03:35.45-377697(us) 19324 ! txn_stock_level (tpcc.cc:3398):     ERROR warehouse_id:2, cid:71127, maxbytes:2
20251110-03:35.45-377738(us) 19324 ! txn_stock_level (tpcc.cc:3398):     ERROR warehouse_id:2, cid:71127, maxbytes:2
20251110-03:35.45-377809(us) 19324 ! txn_stock_level (tpcc.cc:3398):     ERROR warehouse_id:2, cid:71127, maxbytes:2
20251110-03:35.45-403761(us) 19324 ! txn_stock_level (tpcc.cc:3398):     ERROR warehouse_id:2, cid:32487, maxbytes:2
20251110-03:35.45-403880(us) 19324 ! txn_stock_level (tpcc.cc:3398):     ERROR warehouse_id:2, cid:32487, maxbytes:2
20251110-03:35.45-403963(us) 19324 ! txn_stock_level (tpcc.cc:3398):     ERROR warehouse_id:2, cid:32487, maxbytes:2
20251110-03:35.45-404973(us) 19324 ! txn_stock_level (tpcc.cc:3398):     ERROR warehouse_id:2, cid:32487, maxbytes:2
20251110-03:35.45-405034(us) 19324 ! txn_stock_level (tpcc.cc:3398):     ERROR warehouse_id:2, cid:32487, maxbytes:2
20251110-03:35.45-406065(us) 19324 ! txn_stock_level (tpcc.cc:3398):     ERROR warehouse_id:2, cid:32487, maxbytes:2
20251110-03:35.45-406125(us) 19324 ! txn_stock_level (tpcc.cc:3398):     ERROR warehouse_id:2, cid:32487, maxbytes:2
20251110-03:35.45-406153(us) 19324 ! txn_stock_level (tpcc.cc:3398):     ERROR warehouse_id:2, cid:32487, maxbytes:2
20251110-03:35.45-406233(us) 19324 ! txn_stock_level (tpcc.cc:3398):     ERROR warehouse_id:2, cid:32487, maxbytes:2
20251110-03:35.45-406452(us) 19324 ! txn_stock_level (tpcc.cc:3398):     ERROR warehouse_id:2, cid:32487, maxbytes:2
20251110-03:35.45-536575(us) 19324 ! txn_stock_level (tpcc.cc:3398):     ERROR warehouse_id:1, cid:97943, maxbytes:2
20251110-03:35.45-538259(us) 19324 ! txn_stock_level (tpcc.cc:3398):     ERROR warehouse_id:1, cid:97943, maxbytes:2
20251110-03:35.45-539239(us) 19324 ! txn_stock_level (tpcc.cc:3398):     ERROR warehouse_id:1, cid:97943, maxbytes:2
20251110-03:35.45-539318(us) 19324 ! txn_stock_level (tpcc.cc:3398):     ERROR warehouse_id:1, cid:97943, maxbytes:2
20251110-03:35.45-547516(us) 19324 ! txn_stock_level (tpcc.cc:3398):     ERROR warehouse_id:2, cid:89319, maxbytes:2
20251110-03:35.45-570190(us) 19324 ! txn_stock_level (tpcc.cc:3398):     ERROR warehouse_id:1, cid:81607, maxbytes:2
20251110-03:35.45-570392(us) 19324 ! txn_stock_level (tpcc.cc:3398):     ERROR warehouse_id:1, cid:81607, maxbytes:2
20251110-03:35.45-570434(us) 19324 ! txn_stock_level (tpcc.cc:3398):     ERROR warehouse_id:1, cid:81607, maxbytes:2
20251110-03:35.45-570443(us) 19324 ! txn_stock_level (tpcc.cc:3398):     ERROR warehouse_id:1, cid:81607, maxbytes:2
20251110-03:35.45-593426(us) 19324 ! txn_stock_level (tpcc.cc:3398):     ERROR warehouse_id:2, cid:6214, maxbytes:2
20251110-03:35.45-593492(us) 19324 ! txn_stock_level (tpcc.cc:3398):     ERROR warehouse_id:2, cid:6214, maxbytes:2
20251110-03:35.45-594610(us) 19324 ! txn_stock_level (tpcc.cc:3398):     ERROR warehouse_id:2, cid:6214, maxbytes:2
20251110-03:35.45-594717(us) 19324 ! txn_stock_level (tpcc.cc:3398):     ERROR warehouse_id:2, cid:6214, maxbytes:2
20251110-03:35.45-595886(us) 19324 ! txn_stock_level (tpcc.cc:3398):     ERROR warehouse_id:2, cid:6214, maxbytes:2
20251110-03:35.45-598715(us) 19324 ! txn_stock_level (tpcc.cc:3398):     ERROR warehouse_id:2, cid:6214, maxbytes:2
20251110-03:35.45-598827(us) 19324 ! txn_stock_level (tpcc.cc:3398):     ERROR warehouse_id:2, cid:6214, maxbytes:2
20251110-03:35.45-598962(us) 19324 ! txn_stock_level (tpcc.cc:3398):     ERROR warehouse_id:2, cid:6214, maxbytes:2
20251110-03:35.45-601187(us) 19324 ! txn_stock_level (tpcc.cc:3398):     ERROR warehouse_id:2, cid:6214, maxbytes:2
20251110-03:35.45-601331(us) 19324 ! txn_stock_level (tpcc.cc:3398):     ERROR warehouse_id:2, cid:6214, maxbytes:2
20251110-03:35.45-602717(us) 19324 ! txn_stock_level (tpcc.cc:3398):     ERROR warehouse_id:2, cid:6214, maxbytes:2
20251110-03:35.45-602895(us) 19324 ! txn_stock_level (tpcc.cc:3398):     ERROR warehouse_id:2, cid:6214, maxbytes:2
20251110-03:35.45-602932(us) 19324 ! txn_stock_level (tpcc.cc:3398):     ERROR warehouse_id:2, cid:6214, maxbytes:2
20251110-03:35.45-603122(us) 19324 ! txn_stock_level (tpcc.cc:3398):     ERROR warehouse_id:2, cid:6214, maxbytes:2
20251110-03:35.45-604221(us) 19324 ! txn_stock_level (tpcc.cc:3398):     ERROR warehouse_id:2, cid:6214, maxbytes:2
20251110-03:35.45-604296(us) 19324 ! txn_stock_level (tpcc.cc:3398):     ERROR warehouse_id:2, cid:6214, maxbytes:2
20251110-03:35.45-604360(us) 19324 ! txn_stock_level (tpcc.cc:3398):     ERROR warehouse_id:2, cid:6214, maxbytes:2
20251110-03:35.45-604405(us) 19324 ! txn_stock_level (tpcc.cc:3398):     ERROR warehouse_id:2, cid:6214, maxbytes:2
20251110-03:35.45-604464(us) 19324 ! txn_stock_level (tpcc.cc:3398):     ERROR warehouse_id:2, cid:6214, maxbytes:2
20251110-03:35.45-604651(us) 19324 ! txn_stock_level (tpcc.cc:3398):     ERROR warehouse_id:2, cid:6214, maxbytes:2
20251110-03:35.45-604746(us) 19324 ! txn_stock_level (tpcc.cc:3398):     ERROR warehouse_id:2, cid:6214, maxbytes:2
20251110-03:35.45-604790(us) 19324 ! txn_stock_level (tpcc.cc:3398):     ERROR warehouse_id:2, cid:6214, maxbytes:2
20251110-03:35.45-604811(us) 19324 ! txn_stock_level (tpcc.cc:3398):     ERROR warehouse_id:2, cid:6214, maxbytes:2
20251110-03:35.45-610039(us) 19324 ! txn_stock_level (tpcc.cc:3398):     ERROR warehouse_id:2, cid:6214, maxbytes:2
20251110-03:35.45-610108(us) 19324 ! txn_stock_level (tpcc.cc:3398):     ERROR warehouse_id:2, cid:6214, maxbytes:2
20251110-03:35.45-610226(us) 19324 ! txn_stock_level (tpcc.cc:3398):     ERROR warehouse_id:2, cid:6214, maxbytes:2
20251110-03:35.45-610472(us) 19324 ! txn_stock_level (tpcc.cc:3398):     ERROR warehouse_id:2, cid:38627, maxbytes:2
20251110-03:35.45-612298(us) 19324 ! txn_stock_level (tpcc.cc:3398):     ERROR warehouse_id:2, cid:38627, maxbytes:2
20251110-03:35.45-613359(us) 19324 ! txn_stock_level (tpcc.cc:3398):     ERROR warehouse_id:2, cid:38627, maxbytes:2
20251110-03:35.45-615492(us) 19324 ! txn_stock_level (tpcc.cc:3398):     ERROR warehouse_id:2, cid:38627, maxbytes:2
20251110-03:35.45-615562(us) 19324 ! txn_stock_level (tpcc.cc:3398):     ERROR warehouse_id:2, cid:38627, maxbytes:2
20251110-03:35.45-615605(us) 19324 ! txn_stock_level (tpcc.cc:3398):     ERROR warehouse_id:2, cid:38627, maxbytes:2
20251110-03:35.45-616663(us) 19324 ! txn_stock_level (tpcc.cc:3398):     ERROR warehouse_id:2, cid:38627, maxbytes:2
20251110-03:35.45-617683(us) 19324 ! txn_stock_level (tpcc.cc:3398):     ERROR warehouse_id:2, cid:81575, maxbytes:2
20251110-03:35.45-617842(us) 19324 ! txn_stock_level (tpcc.cc:3398):     ERROR warehouse_id:2, cid:81575, maxbytes:2
20251110-03:35.45-617897(us) 19324 ! txn_stock_level (tpcc.cc:3398):     ERROR warehouse_id:2, cid:81575, maxbytes:2
20251110-03:35.45-619030(us) 19324 ! txn_stock_level (tpcc.cc:3398):     ERROR warehouse_id:2, cid:81575, maxbytes:2
20251110-03:35.45-619271(us) 19324 ! txn_stock_level (tpcc.cc:3398):     ERROR warehouse_id:2, cid:81575, maxbytes:2
20251110-03:35.45-686554(us) 19324 ! txn_stock_level (tpcc.cc:3398):     ERROR warehouse_id:1, cid:64709, maxbytes:2
20251110-03:35.45-688388(us) 19324 ! txn_stock_level (tpcc.cc:3398):     ERROR warehouse_id:1, cid:64709, maxbytes:2
20251110-03:35.45-688756(us) 19324 ! txn_stock_level (tpcc.cc:3398):     ERROR warehouse_id:1, cid:64709, maxbytes:2
20251110-03:35.45-689989(us) 19324 ! txn_stock_level (tpcc.cc:3398):     ERROR warehouse_id:1, cid:64709, maxbytes:2
20251110-03:35.45-690820(us) 19324 ! txn_stock_level (tpcc.cc:3398):     ERROR warehouse_id:1, cid:64709, maxbytes:2
20251110-03:35.45-691919(us) 19324 ! txn_stock_level (tpcc.cc:3398):     ERROR warehouse_id:1, cid:64709, maxbytes:2
20251110-03:35.45-691955(us) 19324 ! txn_stock_level (tpcc.cc:3398):     ERROR warehouse_id:1, cid:64709, maxbytes:2
20251110-03:35.45-693379(us) 19324 ! txn_stock_level (tpcc.cc:3398):     ERROR warehouse_id:1, cid:64709, maxbytes:2
20251110-03:35.45-693422(us) 19324 ! txn_stock_level (tpcc.cc:3398):     ERROR warehouse_id:1, cid:64709, maxbytes:2
20251110-03:35.45-693782(us) 19324 ! txn_stock_level (tpcc.cc:3398):     ERROR warehouse_id:1, cid:64709, maxbytes:2
20251110-03:35.45-694805(us) 19324 ! txn_stock_level (tpcc.cc:3398):     ERROR warehouse_id:1, cid:64709, maxbytes:2
20251110-03:35.45-694959(us) 19324 ! txn_stock_level (tpcc.cc:3398):     ERROR warehouse_id:1, cid:64709, maxbytes:2
20251110-03:35.45-695029(us) 19324 ! txn_stock_level (tpcc.cc:3398):     ERROR warehouse_id:1, cid:64709, maxbytes:2
20251110-03:35.45-695056(us) 19324 ! txn_stock_level (tpcc.cc:3398):     ERROR warehouse_id:1, cid:64709, maxbytes:2
20251110-03:35.45-695172(us) 19324 ! txn_stock_level (tpcc.cc:3398):     ERROR warehouse_id:1, cid:64709, maxbytes:2
20251110-03:35.45-695964(us) 19324 ! txn_stock_level (tpcc.cc:3398):     ERROR warehouse_id:1, cid:64709, maxbytes:2
20251110-03:35.45-923648(us) 19324 ! txn_stock_level (tpcc.cc:3398):     ERROR warehouse_id:2, cid:93925, maxbytes:2
20251110-03:35.45-925739(us) 19324 ! txn_stock_level (tpcc.cc:3398):     ERROR warehouse_id:2, cid:93925, maxbytes:2
20251110-03:35.45-925776(us) 19324 ! txn_stock_level (tpcc.cc:3398):     ERROR warehouse_id:2, cid:93925, maxbytes:2
20251110-03:35.45-926667(us) 19324 ! txn_stock_level (tpcc.cc:3398):     ERROR warehouse_id:2, cid:93925, maxbytes:2
20251110-03:35.45-926723(us) 19324 ! txn_stock_level (tpcc.cc:3398):     ERROR warehouse_id:2, cid:93925, maxbytes:2
20251110-03:35.45-927819(us) 19324 ! txn_stock_level (tpcc.cc:3398):     ERROR warehouse_id:2, cid:93925, maxbytes:2
20251110-03:35.45-927875(us) 19324 ! txn_stock_level (tpcc.cc:3398):     ERROR warehouse_id:2, cid:93925, maxbytes:2
20251110-03:35.45-927910(us) 19324 ! txn_stock_level (tpcc.cc:3398):     ERROR warehouse_id:2, cid:93925, maxbytes:2
20251110-03:35.45-927999(us) 19324 ! txn_stock_level (tpcc.cc:3398):     ERROR warehouse_id:2, cid:93925, maxbytes:2
20251110-03:35.45-928041(us) 19324 ! txn_stock_level (tpcc.cc:3398):     ERROR warehouse_id:2, cid:93925, maxbytes:2
20251110-03:35.45-928094(us) 19324 ! txn_stock_level (tpcc.cc:3398):     ERROR warehouse_id:2, cid:93925, maxbytes:2
20251110-03:35.45-928297(us) 19324 ! txn_stock_level (tpcc.cc:3398):     ERROR warehouse_id:2, cid:93925, maxbytes:2
20251110-03:35.45-928349(us) 19324 ! txn_stock_level (tpcc.cc:3398):     ERROR warehouse_id:2, cid:93925, maxbytes:2
20251110-03:35.45-930148(us) 19324 ! txn_stock_level (tpcc.cc:3398):     ERROR warehouse_id:2, cid:93925, maxbytes:2
20251110-03:35.45-931095(us) 19324 ! txn_stock_level (tpcc.cc:3398):     ERROR warehouse_id:2, cid:93925, maxbytes:2
20251110-03:35.45-931469(us) 19324 ! txn_stock_level (tpcc.cc:3398):     ERROR warehouse_id:2, cid:93925, maxbytes:2
20251110-03:35.45-948793(us) 19324 ! txn_stock_level (tpcc.cc:3398):     ERROR warehouse_id:2, cid:6207, maxbytes:2
20251110-03:35.45-948994(us) 19324 ! txn_stock_level (tpcc.cc:3398):     ERROR warehouse_id:2, cid:6207, maxbytes:2
20251110-03:35.45-949067(us) 19324 ! txn_stock_level (tpcc.cc:3398):     ERROR warehouse_id:2, cid:3911, maxbytes:2
20251110-03:35.45-949137(us) 19324 ! txn_stock_level (tpcc.cc:3398):     ERROR warehouse_id:2, cid:3911, maxbytes:2
20251110-03:35.45-949210(us) 19324 ! txn_stock_level (tpcc.cc:3398):     ERROR warehouse_id:2, cid:6207, maxbytes:2
20251110-03:35.45-949223(us) 19324 ! txn_stock_level (tpcc.cc:3398):     ERROR warehouse_id:2, cid:6207, maxbytes:2
20251110-03:35.45-949254(us) 19324 ! txn_stock_level (tpcc.cc:3398):     ERROR warehouse_id:2, cid:6207, maxbytes:2
20251110-03:35.45-949303(us) 19324 ! txn_stock_level (tpcc.cc:3398):     ERROR warehouse_id:2, cid:6207, maxbytes:2
20251110-03:35.45-949680(us) 19324 ! txn_stock_level (tpcc.cc:3398):     ERROR warehouse_id:2, cid:3911, maxbytes:2
20251110-03:35.45-949750(us) 19324 ! txn_stock_level (tpcc.cc:3398):     ERROR warehouse_id:2, cid:6207, maxbytes:2
20251110-03:35.45-949923(us) 19324 ! txn_stock_level (tpcc.cc:3398):     ERROR warehouse_id:2, cid:3911, maxbytes:2
20251110-03:35.45-949961(us) 19324 ! txn_stock_level (tpcc.cc:3398):     ERROR warehouse_id:2, cid:6207, maxbytes:2
20251110-03:35.45-949992(us) 19324 ! txn_stock_level (tpcc.cc:3398):     ERROR warehouse_id:2, cid:3911, maxbytes:2
20251110-03:35.45-950035(us) 19324 ! txn_stock_level (tpcc.cc:3398):     ERROR warehouse_id:2, cid:6207, maxbytes:2
20251110-03:35.45-950935(us) 19324 ! txn_stock_level (tpcc.cc:3398):     ERROR warehouse_id:2, cid:3911, maxbytes:2
20251110-03:35.45-950977(us) 19324 ! txn_stock_level (tpcc.cc:3398):     ERROR warehouse_id:2, cid:3911, maxbytes:2
20251110-03:35.45-951037(us) 19324 ! txn_stock_level (tpcc.cc:3398):     ERROR warehouse_id:2, cid:3911, maxbytes:2
20251110-03:35.45-951096(us) 19324 ! txn_stock_level (tpcc.cc:3398):     ERROR warehouse_id:2, cid:3911, maxbytes:2
20251110-03:35.45-951192(us) 19324 ! txn_stock_level (tpcc.cc:3398):     ERROR warehouse_id:2, cid:3911, maxbytes:2
20251110-03:35.45-953050(us) 19324 ! txn_stock_level (tpcc.cc:3398):     ERROR warehouse_id:2, cid:3911, maxbytes:2
20251110-03:35.45-953096(us) 19324 ! txn_stock_level (tpcc.cc:3398):     ERROR warehouse_id:2, cid:6207, maxbytes:2
20251110-03:35.45-953106(us) 19324 ! txn_stock_level (tpcc.cc:3398):     ERROR warehouse_id:2, cid:6207, maxbytes:2
20251110-03:35.45-953142(us) 19324 ! txn_stock_level (tpcc.cc:3398):     ERROR warehouse_id:2, cid:3911, maxbytes:2
20251110-03:35.45-953317(us) 19324 ! txn_stock_level (tpcc.cc:3398):     ERROR warehouse_id:2, cid:3911, maxbytes:2
20251110-03:35.45-953521(us) 19324 ! txn_stock_level (tpcc.cc:3398):     ERROR warehouse_id:2, cid:6207, maxbytes:2
20251110-03:35.45-953542(us) 19324 ! txn_stock_level (tpcc.cc:3398):     ERROR warehouse_id:2, cid:6207, maxbytes:2
20251110-03:35.45-953568(us) 19324 ! txn_stock_level (tpcc.cc:3398):     ERROR warehouse_id:2, cid:6207, maxbytes:2
20251110-03:35.45-953600(us) 19324 ! txn_stock_level (tpcc.cc:3398):     ERROR warehouse_id:2, cid:6207, maxbytes:2
20251110-03:35.45-953653(us) 19324 ! txn_stock_level (tpcc.cc:3398):     ERROR warehouse_id:2, cid:3911, maxbytes:2
20251110-03:35.45-953743(us) 19324 ! txn_stock_level (tpcc.cc:3398):     ERROR warehouse_id:2, cid:3911, maxbytes:2
20251110-03:35.45-953832(us) 19324 ! txn_stock_level (tpcc.cc:3398):     ERROR warehouse_id:2, cid:6207, maxbytes:2
20251110-03:35.45-953856(us) 19324 ! txn_stock_level (tpcc.cc:3398):     ERROR warehouse_id:2, cid:6207, maxbytes:2
20251110-03:35.45-953874(us) 19324 ! txn_stock_level (tpcc.cc:3398):     ERROR warehouse_id:2, cid:3911, maxbytes:2
20251110-03:35.45-953898(us) 19324 ! txn_stock_level (tpcc.cc:3398):     ERROR warehouse_id:2, cid:6207, maxbytes:2
20251110-03:35.45-954123(us) 19324 ! txn_stock_level (tpcc.cc:3398):     ERROR warehouse_id:2, cid:3911, maxbytes:2
20251110-03:35.45-954147(us) 19324 ! txn_stock_level (tpcc.cc:3398):     ERROR warehouse_id:2, cid:6207, maxbytes:2
20251110-03:35.45-956065(us) 19324 ! txn_stock_level (tpcc.cc:3398):     ERROR warehouse_id:2, cid:3911, maxbytes:2
20251110-03:35.45-956084(us) 19324 ! txn_stock_level (tpcc.cc:3398):     ERROR warehouse_id:2, cid:3911, maxbytes:2
20251110-03:35.45-956094(us) 19324 ! txn_stock_level (tpcc.cc:3398):     ERROR warehouse_id:2, cid:3911, maxbytes:2
20251110-03:35.45-957099(us) 19324 ! txn_stock_level (tpcc.cc:3398):     ERROR warehouse_id:2, cid:6207, maxbytes:2
20251110-03:35.45-957126(us) 19324 ! txn_stock_level (tpcc.cc:3398):     ERROR warehouse_id:2, cid:6207, maxbytes:2
20251110-03:35.45-957310(us) 19324 ! txn_stock_level (tpcc.cc:3398):     ERROR warehouse_id:2, cid:6207, maxbytes:2
20251110-03:35.45-957383(us) 19324 ! txn_stock_level (tpcc.cc:3398):     ERROR warehouse_id:2, cid:3911, maxbytes:2
20251110-03:35.45-957425(us) 19324 ! txn_stock_level (tpcc.cc:3398):     ERROR warehouse_id:2, cid:6207, maxbytes:2
20251110-03:35.45-957456(us) 19324 ! txn_stock_level (tpcc.cc:3398):     ERROR warehouse_id:2, cid:6207, maxbytes:2
20251110-03:35.45-957675(us) 19324 ! txn_stock_level (tpcc.cc:3398):     ERROR warehouse_id:2, cid:3911, maxbytes:2
20251110-03:35.45-959538(us) 19324 ! txn_stock_level (tpcc.cc:3398):     ERROR warehouse_id:2, cid:6207, maxbytes:2
20251110-03:35.45-959600(us) 19324 ! txn_stock_level (tpcc.cc:3398):     ERROR warehouse_id:2, cid:6207, maxbytes:2
20251110-03:35.45-959728(us) 19324 ! txn_stock_level (tpcc.cc:3398):     ERROR warehouse_id:2, cid:6207, maxbytes:2
20251110-03:35.45-959737(us) 19324 ! txn_stock_level (tpcc.cc:3398):     ERROR warehouse_id:2, cid:6207, maxbytes:2
20251110-03:35.45-961883(us) 19324 ! txn_stock_level (tpcc.cc:3398):     ERROR warehouse_id:2, cid:6207, maxbytes:2
20251110-03:35.45-963606(us) 19324 ! txn_stock_level (tpcc.cc:3398):     ERROR warehouse_id:2, cid:6207, maxbytes:2
20251110-03:35.45-964689(us) 19324 ! txn_stock_level (tpcc.cc:3398):     ERROR warehouse_id:2, cid:6207, maxbytes:2
20251110-03:35.45-964748(us) 19324 ! txn_stock_level (tpcc.cc:3398):     ERROR warehouse_id:2, cid:6207, maxbytes:2
20251110-03:35.46-21527(us) 19324 ! txn_stock_level (tpcc.cc:3398):     ERROR warehouse_id:2, cid:64995, maxbytes:2
20251110-03:35.46-22872(us) 19324 ! txn_stock_level (tpcc.cc:3398):     ERROR warehouse_id:2, cid:64995, maxbytes:2
20251110-03:35.46-23076(us) 19324 ! txn_stock_level (tpcc.cc:3398):     ERROR warehouse_id:2, cid:64995, maxbytes:2
20251110-03:35.46-24556(us) 19324 ! txn_stock_level (tpcc.cc:3398):     ERROR warehouse_id:2, cid:64995, maxbytes:2
20251110-03:35.46-24618(us) 19324 ! txn_stock_level (tpcc.cc:3398):     ERROR warehouse_id:2, cid:64995, maxbytes:2
20251110-03:35.46-25814(us) 19324 ! txn_stock_level (tpcc.cc:3398):     ERROR warehouse_id:2, cid:64995, maxbytes:2
20251110-03:35.46-34278(us) 19324 ! txn_stock_level (tpcc.cc:3398):     ERROR warehouse_id:1, cid:32230, maxbytes:2
20251110-03:35.46-35293(us) 19324 ! txn_stock_level (tpcc.cc:3398):     ERROR warehouse_id:1, cid:32230, maxbytes:2
20251110-03:35.46-35677(us) 19324 ! txn_stock_level (tpcc.cc:3398):     ERROR warehouse_id:1, cid:32230, maxbytes:2
20251110-03:35.46-35740(us) 19324 ! txn_stock_level (tpcc.cc:3398):     ERROR warehouse_id:1, cid:32230, maxbytes:2
20251110-03:35.46-39288(us) 19324 ! txn_stock_level (tpcc.cc:3398):     ERROR warehouse_id:2, cid:55783, maxbytes:2
20251110-03:35.46-39366(us) 19324 ! txn_stock_level (tpcc.cc:3398):     ERROR warehouse_id:2, cid:55783, maxbytes:2
20251110-03:35.46-39813(us) 19324 ! txn_stock_level (tpcc.cc:3398):     ERROR warehouse_id:2, cid:55783, maxbytes:2
20251110-03:35.46-39891(us) 19324 ! txn_stock_level (tpcc.cc:3398):     ERROR warehouse_id:2, cid:55783, maxbytes:2
20251110-03:35.46-89669(us) 19324 ! txn_stock_level (tpcc.cc:3398):     ERROR warehouse_id:2, cid:6215, maxbytes:2
20251110-03:35.46-89744(us) 19324 ! txn_stock_level (tpcc.cc:3398):     ERROR warehouse_id:2, cid:6215, maxbytes:2
20251110-03:35.46-90845(us) 19324 ! txn_stock_level (tpcc.cc:3398):     ERROR warehouse_id:2, cid:6215, maxbytes:2
20251110-03:35.46-91733(us) 19324 ! txn_stock_level (tpcc.cc:3398):     ERROR warehouse_id:2, cid:6215, maxbytes:2
20251110-03:35.46-91861(us) 19324 ! txn_stock_level (tpcc.cc:3398):     ERROR warehouse_id:2, cid:6215, maxbytes:2
20251110-03:35.46-92077(us) 19324 ! txn_stock_level (tpcc.cc:3398):     ERROR warehouse_id:2, cid:6215, maxbytes:2
20251110-03:35.46-92100(us) 19324 ! txn_stock_level (tpcc.cc:3398):     ERROR warehouse_id:2, cid:6215, maxbytes:2
20251110-03:35.46-93314(us) 19324 ! txn_stock_level (tpcc.cc:3398):     ERROR warehouse_id:2, cid:6215, maxbytes:2
20251110-03:35.46-116674(us) 19324 ! txn_stock_level (tpcc.cc:3398):     ERROR warehouse_id:2, cid:73191, maxbytes:2
20251110-03:35.46-118870(us) 19324 ! txn_stock_level (tpcc.cc:3398):     ERROR warehouse_id:2, cid:73191, maxbytes:2
20251110-03:35.46-118893(us) 19324 ! txn_stock_level (tpcc.cc:3398):     ERROR warehouse_id:2, cid:73191, maxbytes:2
20251110-03:35.46-118947(us) 19324 ! txn_stock_level (tpcc.cc:3398):     ERROR warehouse_id:2, cid:73191, maxbytes:2
20251110-03:35.46-118982(us) 19324 ! txn_stock_level (tpcc.cc:3398):     ERROR warehouse_id:2, cid:73191, maxbytes:2
20251110-03:35.46-121229(us) 19324 ! txn_stock_level (tpcc.cc:3398):     ERROR warehouse_id:2, cid:73191, maxbytes:2
20251110-03:35.46-121256(us) 19324 ! txn_stock_level (tpcc.cc:3398):     ERROR warehouse_id:2, cid:73191, maxbytes:2
20251110-03:35.46-121323(us) 19324 ! txn_stock_level (tpcc.cc:3398):     ERROR warehouse_id:2, cid:73191, maxbytes:2
20251110-03:35.46-121350(us) 19324 ! txn_stock_level (tpcc.cc:3398):     ERROR warehouse_id:2, cid:73191, maxbytes:2
20251110-03:35.46-122705(us) 19324 ! txn_stock_level (tpcc.cc:3398):     ERROR warehouse_id:2, cid:73191, maxbytes:2
20251110-03:35.46-122879(us) 19324 ! txn_stock_level (tpcc.cc:3398):     ERROR warehouse_id:2, cid:73191, maxbytes:2
20251110-03:35.46-125128(us) 19324 ! txn_stock_level (tpcc.cc:3398):     ERROR warehouse_id:2, cid:73191, maxbytes:2
20251110-03:35.46-125159(us) 19324 ! txn_stock_level (tpcc.cc:3398):     ERROR warehouse_id:2, cid:73191, maxbytes:2
20251110-03:35.46-166216(us) 19324 ! txn_stock_level (tpcc.cc:3398):     ERROR warehouse_id:1, cid:87479, maxbytes:2
20251110-03:35.46-166455(us) 19324 ! txn_stock_level (tpcc.cc:3398):     ERROR warehouse_id:1, cid:87479, maxbytes:2
20251110-03:35.46-168522(us) 19324 ! txn_stock_level (tpcc.cc:3398):     ERROR warehouse_id:1, cid:87479, maxbytes:2
20251110-03:35.46-168877(us) 19324 ! txn_stock_level (tpcc.cc:3398):     ERROR warehouse_id:1, cid:87479, maxbytes:2
20251110-03:35.46-169010(us) 19324 ! txn_stock_level (tpcc.cc:3398):     ERROR warehouse_id:1, cid:87479, maxbytes:2
20251110-03:35.46-170665(us) 19324 ! txn_stock_level (tpcc.cc:3398):     ERROR warehouse_id:1, cid:87479, maxbytes:2
20251110-03:35.46-171576(us) 19324 ! txn_stock_level (tpcc.cc:3398):     ERROR warehouse_id:1, cid:87479, maxbytes:2
20251110-03:35.46-171619(us) 19324 ! txn_stock_level (tpcc.cc:3398):     ERROR warehouse_id:1, cid:87479, maxbytes:2
20251110-03:35.46-171688(us) 19324 ! txn_stock_level (tpcc.cc:3398):     ERROR warehouse_id:1, cid:96871, maxbytes:2
20251110-03:35.46-171712(us) 19324 ! txn_stock_level (tpcc.cc:3398):     ERROR warehouse_id:1, cid:96871, maxbytes:2
20251110-03:35.46-171833(us) 19324 ! txn_stock_level (tpcc.cc:3398):     ERROR warehouse_id:1, cid:87479, maxbytes:2
20251110-03:35.46-219192(us) 19324 ! txn_stock_level (tpcc.cc:3398):     ERROR warehouse_id:1, cid:97991, maxbytes:2
20251110-03:35.46-220460(us) 19324 ! txn_stock_level (tpcc.cc:3398):     ERROR warehouse_id:1, cid:97991, maxbytes:2
20251110-03:35.46-220482(us) 19324 ! txn_stock_level (tpcc.cc:3398):     ERROR warehouse_id:1, cid:97991, maxbytes:2
20251110-03:35.46-221374(us) 19324 ! txn_stock_level (tpcc.cc:3398):     ERROR warehouse_id:1, cid:97991, maxbytes:2
20251110-03:35.46-222577(us) 19324 ! txn_stock_level (tpcc.cc:3398):     ERROR warehouse_id:1, cid:97991, maxbytes:2
20251110-03:35.46-224758(us) 19324 ! txn_stock_level (tpcc.cc:3398):     ERROR warehouse_id:1, cid:97991, maxbytes:2
20251110-03:35.46-224887(us) 19324 ! txn_stock_level (tpcc.cc:3398):     ERROR warehouse_id:1, cid:97991, maxbytes:2
20251110-03:35.46-224934(us) 19324 ! txn_stock_level (tpcc.cc:3398):     ERROR warehouse_id:1, cid:97991, maxbytes:2
20251110-03:35.46-224946(us) 19324 ! txn_stock_level (tpcc.cc:3398):     ERROR warehouse_id:1, cid:97991, maxbytes:2
20251110-03:35.46-224975(us) 19324 ! txn_stock_level (tpcc.cc:3398):     ERROR warehouse_id:1, cid:97991, maxbytes:2
20251110-03:35.46-227669(us) 19324 ! run             (bench.cc:473):     runtime time left:10000 ms, bool:1
20251110-03:35.46-401292(us) 19324 ! txn_stock_level (tpcc.cc:3398):     ERROR warehouse_id:1, cid:24295, maxbytes:2
20251110-03:35.46-401459(us) 19324 ! txn_stock_level (tpcc.cc:3398):     ERROR warehouse_id:1, cid:24295, maxbytes:2
20251110-03:35.46-401522(us) 19324 ! txn_stock_level (tpcc.cc:3398):     ERROR warehouse_id:1, cid:24295, maxbytes:2
20251110-03:35.46-401821(us) 19324 ! txn_stock_level (tpcc.cc:3398):     ERROR warehouse_id:1, cid:24295, maxbytes:2
20251110-03:35.46-401850(us) 19324 ! txn_stock_level (tpcc.cc:3398):     ERROR warehouse_id:1, cid:24295, maxbytes:2
20251110-03:35.46-403834(us) 19324 ! txn_stock_level (tpcc.cc:3398):     ERROR warehouse_id:1, cid:6215, maxbytes:2
20251110-03:35.46-403883(us) 19324 ! txn_stock_level (tpcc.cc:3398):     ERROR warehouse_id:1, cid:6215, maxbytes:2
20251110-03:35.46-403928(us) 19324 ! txn_stock_level (tpcc.cc:3398):     ERROR warehouse_id:1, cid:6215, maxbytes:2
20251110-03:35.46-404021(us) 19324 ! txn_stock_level (tpcc.cc:3398):     ERROR warehouse_id:1, cid:6215, maxbytes:2
20251110-03:35.46-404053(us) 19324 ! txn_stock_level (tpcc.cc:3398):     ERROR warehouse_id:1, cid:6215, maxbytes:2
20251110-03:35.46-404245(us) 19324 ! txn_stock_level (tpcc.cc:3398):     ERROR warehouse_id:1, cid:6215, maxbytes:2
20251110-03:35.46-405092(us) 19324 ! txn_stock_level (tpcc.cc:3398):     ERROR warehouse_id:1, cid:6215, maxbytes:2
20251110-03:35.46-407291(us) 19324 ! txn_stock_level (tpcc.cc:3398):     ERROR warehouse_id:1, cid:6215, maxbytes:2
20251110-03:35.46-407397(us) 19324 ! txn_stock_level (tpcc.cc:3398):     ERROR warehouse_id:1, cid:6215, maxbytes:2
20251110-03:35.46-407410(us) 19324 ! txn_stock_level (tpcc.cc:3398):     ERROR warehouse_id:1, cid:6215, maxbytes:2
20251110-03:35.46-407560(us) 19324 ! txn_stock_level (tpcc.cc:3398):     ERROR warehouse_id:1, cid:6215, maxbytes:2
20251110-03:35.46-453780(us) 19324 ! txn_stock_level (tpcc.cc:3398):     ERROR warehouse_id:1, cid:2103, maxbytes:2
20251110-03:35.46-455060(us) 19324 ! txn_stock_level (tpcc.cc:3398):     ERROR warehouse_id:1, cid:2103, maxbytes:2
20251110-03:35.46-456171(us) 19324 ! txn_stock_level (tpcc.cc:3398):     ERROR warehouse_id:1, cid:2103, maxbytes:2
20251110-03:35.46-458895(us) 19324 ! txn_stock_level (tpcc.cc:3398):     ERROR warehouse_id:1, cid:2103, maxbytes:2
20251110-03:35.46-460030(us) 19324 ! txn_stock_level (tpcc.cc:3398):     ERROR warehouse_id:1, cid:2103, maxbytes:2
20251110-03:35.46-460058(us) 19324 ! txn_stock_level (tpcc.cc:3398):     ERROR warehouse_id:1, cid:2103, maxbytes:2
20251110-03:35.46-469274(us) 19324 ! txn_stock_level (tpcc.cc:3398):     ERROR warehouse_id:2, cid:23910, maxbytes:2
20251110-03:35.46-470480(us) 19324 ! txn_stock_level (tpcc.cc:3398):     ERROR warehouse_id:2, cid:23910, maxbytes:2
20251110-03:35.46-470508(us) 19324 ! txn_stock_level (tpcc.cc:3398):     ERROR warehouse_id:2, cid:23910, maxbytes:2
20251110-03:35.46-470681(us) 19324 ! txn_stock_level (tpcc.cc:3398):     ERROR warehouse_id:2, cid:23910, maxbytes:2
20251110-03:35.46-470706(us) 19324 ! txn_stock_level (tpcc.cc:3398):     ERROR warehouse_id:2, cid:23910, maxbytes:2
20251110-03:35.46-472893(us) 19324 ! txn_stock_level (tpcc.cc:3398):     ERROR warehouse_id:2, cid:23910, maxbytes:2
20251110-03:35.46-472926(us) 19324 ! txn_stock_level (tpcc.cc:3398):     ERROR warehouse_id:2, cid:23910, maxbytes:2
20251110-03:35.46-473030(us) 19324 ! txn_stock_level (tpcc.cc:3398):     ERROR warehouse_id:2, cid:23910, maxbytes:2
20251110-03:35.46-473075(us) 19324 ! txn_stock_level (tpcc.cc:3398):     ERROR warehouse_id:2, cid:23910, maxbytes:2
20251110-03:35.46-473209(us) 19324 ! txn_stock_level (tpcc.cc:3398):     ERROR warehouse_id:2, cid:23910, maxbytes:2
20251110-03:35.46-473217(us) 19324 ! txn_stock_level (tpcc.cc:3398):     ERROR warehouse_id:2, cid:23910, maxbytes:2
20251110-03:35.46-474165(us) 19324 ! txn_stock_level (tpcc.cc:3398):     ERROR warehouse_id:2, cid:23910, maxbytes:2
20251110-03:35.46-474234(us) 19324 ! txn_stock_level (tpcc.cc:3398):     ERROR warehouse_id:2, cid:23910, maxbytes:2
20251110-03:35.46-474295(us) 19324 ! txn_stock_level (tpcc.cc:3398):     ERROR warehouse_id:2, cid:23910, maxbytes:2
20251110-03:35.46-474323(us) 19324 ! txn_stock_level (tpcc.cc:3398):     ERROR warehouse_id:2, cid:23910, maxbytes:2
20251110-03:35.46-474338(us) 19324 ! txn_stock_level (tpcc.cc:3398):     ERROR warehouse_id:2, cid:23910, maxbytes:2
20251110-03:35.46-474429(us) 19324 ! txn_stock_level (tpcc.cc:3398):     ERROR warehouse_id:2, cid:23910, maxbytes:2
20251110-03:35.46-757282(us) 19324 ! txn_stock_level (tpcc.cc:3398):     ERROR warehouse_id:2, cid:16006, maxbytes:2
20251110-03:35.46-757418(us) 19324 ! txn_stock_level (tpcc.cc:3398):     ERROR warehouse_id:2, cid:16006, maxbytes:2
20251110-03:35.46-757563(us) 19324 ! txn_stock_level (tpcc.cc:3398):     ERROR warehouse_id:2, cid:16006, maxbytes:2
20251110-03:35.46-757688(us) 19324 ! txn_stock_level (tpcc.cc:3398):     ERROR warehouse_id:2, cid:16006, maxbytes:2
20251110-03:35.46-759808(us) 19324 ! txn_stock_level (tpcc.cc:3398):     ERROR warehouse_id:2, cid:16006, maxbytes:2
20251110-03:35.46-761117(us) 19324 ! txn_stock_level (tpcc.cc:3398):     ERROR warehouse_id:2, cid:16006, maxbytes:2
20251110-03:35.46-761148(us) 19324 ! txn_stock_level (tpcc.cc:3398):     ERROR warehouse_id:2, cid:16006, maxbytes:2
20251110-03:35.46-761238(us) 19324 ! txn_stock_level (tpcc.cc:3398):     ERROR warehouse_id:2, cid:16006, maxbytes:2
20251110-03:35.46-761334(us) 19324 ! txn_stock_level (tpcc.cc:3398):     ERROR warehouse_id:2, cid:16006, maxbytes:2
20251110-03:35.46-761363(us) 19324 ! txn_stock_level (tpcc.cc:3398):     ERROR warehouse_id:2, cid:16006, maxbytes:2
20251110-03:35.46-761437(us) 19324 ! txn_stock_level (tpcc.cc:3398):     ERROR warehouse_id:2, cid:16006, maxbytes:2
20251110-03:35.46-761597(us) 19324 ! txn_stock_level (tpcc.cc:3398):     ERROR warehouse_id:2, cid:16006, maxbytes:2
20251110-03:35.46-761665(us) 19324 ! txn_stock_level (tpcc.cc:3398):     ERROR warehouse_id:2, cid:16006, maxbytes:2
20251110-03:35.46-761771(us) 19324 ! txn_stock_level (tpcc.cc:3398):     ERROR warehouse_id:2, cid:16006, maxbytes:2
20251110-03:35.46-761782(us) 19324 ! txn_stock_level (tpcc.cc:3398):     ERROR warehouse_id:2, cid:16006, maxbytes:2
20251110-03:35.46-766800(us) 19324 ! txn_stock_level (tpcc.cc:3398):     ERROR warehouse_id:2, cid:16006, maxbytes:2
20251110-03:35.46-766832(us) 19324 ! txn_stock_level (tpcc.cc:3398):     ERROR warehouse_id:2, cid:16006, maxbytes:2
20251110-03:35.46-767881(us) 19324 ! txn_stock_level (tpcc.cc:3398):     ERROR warehouse_id:2, cid:16006, maxbytes:2
20251110-03:35.46-768012(us) 19324 ! txn_stock_level (tpcc.cc:3398):     ERROR warehouse_id:2, cid:16006, maxbytes:2
20251110-03:35.46-768172(us) 19324 ! txn_stock_level (tpcc.cc:3398):     ERROR warehouse_id:2, cid:16006, maxbytes:2
20251110-03:35.46-769380(us) 19324 ! txn_stock_level (tpcc.cc:3398):     ERROR warehouse_id:2, cid:16006, maxbytes:2
20251110-03:35.46-769634(us) 19324 ! txn_stock_level (tpcc.cc:3398):     ERROR warehouse_id:2, cid:16006, maxbytes:2
20251110-03:35.46-769654(us) 19324 ! txn_stock_level (tpcc.cc:3398):     ERROR warehouse_id:2, cid:16006, maxbytes:2
20251110-03:35.46-769770(us) 19324 ! txn_stock_level (tpcc.cc:3398):     ERROR warehouse_id:2, cid:16006, maxbytes:2
20251110-03:35.46-769817(us) 19324 ! txn_stock_level (tpcc.cc:3398):     ERROR warehouse_id:2, cid:16006, maxbytes:2
20251110-03:35.46-769838(us) 19324 ! txn_stock_level (tpcc.cc:3398):     ERROR warehouse_id:2, cid:16006, maxbytes:2
20251110-03:35.46-769893(us) 19324 ! txn_stock_level (tpcc.cc:3398):     ERROR warehouse_id:2, cid:16006, maxbytes:2
20251110-03:35.46-769995(us) 19324 ! txn_stock_level (tpcc.cc:3398):     ERROR warehouse_id:2, cid:16006, maxbytes:2
20251110-03:35.46-771081(us) 19324 ! txn_stock_level (tpcc.cc:3398):     ERROR warehouse_id:2, cid:16006, maxbytes:2
20251110-03:35.46-773024(us) 19324 ! txn_stock_level (tpcc.cc:3398):     ERROR warehouse_id:2, cid:16006, maxbytes:2
20251110-03:35.46-773215(us) 19324 ! txn_stock_level (tpcc.cc:3398):     ERROR warehouse_id:2, cid:16006, maxbytes:2
20251110-03:35.46-773275(us) 19324 ! txn_stock_level (tpcc.cc:3398):     ERROR warehouse_id:2, cid:16006, maxbytes:2
20251110-03:35.46-776215(us) 19324 ! txn_stock_level (tpcc.cc:3398):     ERROR warehouse_id:2, cid:16006, maxbytes:2
20251110-03:35.46-776274(us) 19324 ! txn_stock_level (tpcc.cc:3398):     ERROR warehouse_id:2, cid:16006, maxbytes:2
20251110-03:35.46-787987(us) 19324 ! txn_stock_level (tpcc.cc:3398):     ERROR warehouse_id:1, cid:89831, maxbytes:2
20251110-03:35.46-788138(us) 19324 ! txn_stock_level (tpcc.cc:3398):     ERROR warehouse_id:1, cid:89831, maxbytes:2
20251110-03:35.46-790049(us) 19324 ! txn_stock_level (tpcc.cc:3398):     ERROR warehouse_id:1, cid:89831, maxbytes:2
20251110-03:35.46-816851(us) 19324 ! txn_stock_level (tpcc.cc:3398):     ERROR warehouse_id:1, cid:48867, maxbytes:2
20251110-03:35.46-816898(us) 19324 ! txn_stock_level (tpcc.cc:3398):     ERROR warehouse_id:1, cid:48867, maxbytes:2
20251110-03:35.46-817073(us) 19324 ! txn_stock_level (tpcc.cc:3398):     ERROR warehouse_id:1, cid:48867, maxbytes:2
20251110-03:35.46-817114(us) 19324 ! txn_stock_level (tpcc.cc:3398):     ERROR warehouse_id:1, cid:48867, maxbytes:2
20251110-03:35.46-819184(us) 19324 ! txn_stock_level (tpcc.cc:3398):     ERROR warehouse_id:1, cid:48867, maxbytes:2
20251110-03:35.46-819221(us) 19324 ! txn_stock_level (tpcc.cc:3398):     ERROR warehouse_id:1, cid:48867, maxbytes:2
20251110-03:35.46-819343(us) 19324 ! txn_stock_level (tpcc.cc:3398):     ERROR warehouse_id:1, cid:48867, maxbytes:2
20251110-03:35.46-819419(us) 19324 ! txn_stock_level (tpcc.cc:3398):     ERROR warehouse_id:1, cid:48867, maxbytes:2
20251110-03:35.46-819467(us) 19324 ! txn_stock_level (tpcc.cc:3398):     ERROR warehouse_id:1, cid:48867, maxbytes:2
20251110-03:35.46-819804(us) 19324 ! txn_stock_level (tpcc.cc:3398):     ERROR warehouse_id:1, cid:48867, maxbytes:2
20251110-03:35.46-820703(us) 19324 ! txn_stock_level (tpcc.cc:3398):     ERROR warehouse_id:1, cid:48867, maxbytes:2
20251110-03:35.46-820812(us) 19324 ! txn_stock_level (tpcc.cc:3398):     ERROR warehouse_id:1, cid:48867, maxbytes:2
20251110-03:35.46-820884(us) 19324 ! txn_stock_level (tpcc.cc:3398):     ERROR warehouse_id:1, cid:48867, maxbytes:2
20251110-03:35.46-821017(us) 19324 ! txn_stock_level (tpcc.cc:3398):     ERROR warehouse_id:1, cid:48867, maxbytes:2
20251110-03:35.46-822198(us) 19324 ! txn_stock_level (tpcc.cc:3398):     ERROR warehouse_id:1, cid:48867, maxbytes:2
20251110-03:35.46-822386(us) 19324 ! txn_stock_level (tpcc.cc:3398):     ERROR warehouse_id:1, cid:48867, maxbytes:2
20251110-03:35.46-822415(us) 19324 ! txn_stock_level (tpcc.cc:3398):     ERROR warehouse_id:1, cid:48867, maxbytes:2
20251110-03:35.46-822603(us) 19324 ! txn_stock_level (tpcc.cc:3398):     ERROR warehouse_id:1, cid:48867, maxbytes:2
20251110-03:35.46-822620(us) 19324 ! txn_stock_level (tpcc.cc:3398):     ERROR warehouse_id:1, cid:48867, maxbytes:2
20251110-03:35.46-822724(us) 19324 ! txn_stock_level (tpcc.cc:3398):     ERROR warehouse_id:1, cid:48867, maxbytes:2
20251110-03:35.46-892425(us) 19324 ! txn_stock_level (tpcc.cc:3398):     ERROR warehouse_id:2, cid:98023, maxbytes:2
20251110-03:35.46-892743(us) 19324 ! txn_stock_level (tpcc.cc:3398):     ERROR warehouse_id:2, cid:98023, maxbytes:2
20251110-03:35.46-893902(us) 19324 ! txn_stock_level (tpcc.cc:3398):     ERROR warehouse_id:2, cid:98023, maxbytes:2
20251110-03:35.46-893982(us) 19324 ! txn_stock_level (tpcc.cc:3398):     ERROR warehouse_id:2, cid:98023, maxbytes:2
20251110-03:35.46-894102(us) 19324 ! txn_stock_level (tpcc.cc:3398):     ERROR warehouse_id:2, cid:98023, maxbytes:2
20251110-03:35.46-895167(us) 19324 ! txn_stock_level (tpcc.cc:3398):     ERROR warehouse_id:2, cid:98023, maxbytes:2
20251110-03:35.46-896247(us) 19324 ! txn_stock_level (tpcc.cc:3398):     ERROR warehouse_id:2, cid:98023, maxbytes:2
20251110-03:35.46-896304(us) 19324 ! txn_stock_level (tpcc.cc:3398):     ERROR warehouse_id:2, cid:98023, maxbytes:2
20251110-03:35.46-897275(us) 19324 ! txn_stock_level (tpcc.cc:3398):     ERROR warehouse_id:2, cid:98023, maxbytes:2
20251110-03:35.46-898212(us) 19324 ! txn_stock_level (tpcc.cc:3398):     ERROR warehouse_id:2, cid:98023, maxbytes:2
20251110-03:35.46-898364(us) 19324 ! txn_stock_level (tpcc.cc:3398):     ERROR warehouse_id:2, cid:98023, maxbytes:2
20251110-03:35.46-898568(us) 19324 ! txn_stock_level (tpcc.cc:3398):     ERROR warehouse_id:2, cid:98023, maxbytes:2
20251110-03:35.46-898603(us) 19324 ! txn_stock_level (tpcc.cc:3398):     ERROR warehouse_id:2, cid:98023, maxbytes:2
20251110-03:35.46-898676(us) 19324 ! txn_stock_level (tpcc.cc:3398):     ERROR warehouse_id:2, cid:98023, maxbytes:2
20251110-03:35.46-898737(us) 19324 ! txn_stock_level (tpcc.cc:3398):     ERROR warehouse_id:2, cid:98023, maxbytes:2
20251110-03:35.46-898885(us) 19324 ! txn_stock_level (tpcc.cc:3398):     ERROR warehouse_id:2, cid:98023, maxbytes:2
20251110-03:35.46-899017(us) 19324 ! txn_stock_level (tpcc.cc:3398):     ERROR warehouse_id:2, cid:98023, maxbytes:2
20251110-03:35.46-899042(us) 19324 ! txn_stock_level (tpcc.cc:3398):     ERROR warehouse_id:2, cid:98023, maxbytes:2
20251110-03:35.46-899614(us) 19324 ! txn_stock_level (tpcc.cc:3398):     ERROR warehouse_id:2, cid:98023, maxbytes:2
20251110-03:35.46-899680(us) 19324 ! txn_stock_level (tpcc.cc:3398):     ERROR warehouse_id:2, cid:98023, maxbytes:2
20251110-03:35.46-903108(us) 19324 ! txn_stock_level (tpcc.cc:3398):     ERROR warehouse_id:2, cid:98023, maxbytes:2
20251110-03:35.47-50751(us) 19324 ! txn_stock_level (tpcc.cc:3398):     ERROR warehouse_id:1, cid:16071, maxbytes:2
20251110-03:35.47-50903(us) 19324 ! txn_stock_level (tpcc.cc:3398):     ERROR warehouse_id:1, cid:16071, maxbytes:2
20251110-03:35.47-50938(us) 19324 ! txn_stock_level (tpcc.cc:3398):     ERROR warehouse_id:1, cid:16071, maxbytes:2
20251110-03:35.47-50962(us) 19324 ! txn_stock_level (tpcc.cc:3398):     ERROR warehouse_id:1, cid:16071, maxbytes:2
20251110-03:35.47-50976(us) 19324 ! txn_stock_level (tpcc.cc:3398):     ERROR warehouse_id:1, cid:16071, maxbytes:2
20251110-03:35.47-51087(us) 19324 ! txn_stock_level (tpcc.cc:3398):     ERROR warehouse_id:1, cid:16071, maxbytes:2
20251110-03:35.47-51137(us) 19324 ! txn_stock_level (tpcc.cc:3398):     ERROR warehouse_id:1, cid:16071, maxbytes:2
20251110-03:35.47-51272(us) 19324 ! txn_stock_level (tpcc.cc:3398):     ERROR warehouse_id:1, cid:16071, maxbytes:2
20251110-03:35.47-51400(us) 19324 ! txn_stock_level (tpcc.cc:3398):     ERROR warehouse_id:1, cid:16071, maxbytes:2
20251110-03:35.47-51429(us) 19324 ! txn_stock_level (tpcc.cc:3398):     ERROR warehouse_id:1, cid:16071, maxbytes:2
20251110-03:35.47-51644(us) 19324 ! txn_stock_level (tpcc.cc:3398):     ERROR warehouse_id:1, cid:16071, maxbytes:2
20251110-03:35.47-51684(us) 19324 ! txn_stock_level (tpcc.cc:3398):     ERROR warehouse_id:1, cid:16071, maxbytes:2
20251110-03:35.47-51700(us) 19324 ! txn_stock_level (tpcc.cc:3398):     ERROR warehouse_id:1, cid:16071, maxbytes:2
20251110-03:35.47-52770(us) 19324 ! txn_stock_level (tpcc.cc:3398):     ERROR warehouse_id:1, cid:16071, maxbytes:2
20251110-03:35.47-91132(us) 19324 ! txn_stock_level (tpcc.cc:3398):     ERROR warehouse_id:1, cid:16103, maxbytes:2
20251110-03:35.47-91206(us) 19324 ! txn_stock_level (tpcc.cc:3398):     ERROR warehouse_id:1, cid:16103, maxbytes:2
20251110-03:35.47-91257(us) 19324 ! txn_stock_level (tpcc.cc:3398):     ERROR warehouse_id:1, cid:16103, maxbytes:2
20251110-03:35.47-91407(us) 19324 ! txn_stock_level (tpcc.cc:3398):     ERROR warehouse_id:1, cid:16103, maxbytes:2
20251110-03:35.47-92555(us) 19324 ! txn_stock_level (tpcc.cc:3398):     ERROR warehouse_id:1, cid:16103, maxbytes:2
20251110-03:35.47-93607(us) 19324 ! txn_stock_level (tpcc.cc:3398):     ERROR warehouse_id:1, cid:16103, maxbytes:2
20251110-03:35.47-93667(us) 19324 ! txn_stock_level (tpcc.cc:3398):     ERROR warehouse_id:1, cid:16103, maxbytes:2
20251110-03:35.47-93684(us) 19324 ! txn_stock_level (tpcc.cc:3398):     ERROR warehouse_id:1, cid:16103, maxbytes:2
20251110-03:35.47-94655(us) 19324 ! txn_stock_level (tpcc.cc:3398):     ERROR warehouse_id:1, cid:16103, maxbytes:2
20251110-03:35.47-94907(us) 19324 ! txn_stock_level (tpcc.cc:3398):     ERROR warehouse_id:1, cid:16103, maxbytes:2
20251110-03:35.47-94952(us) 19324 ! txn_stock_level (tpcc.cc:3398):     ERROR warehouse_id:1, cid:16103, maxbytes:2
20251110-03:35.47-97224(us) 19324 ! txn_stock_level (tpcc.cc:3398):     ERROR warehouse_id:1, cid:16103, maxbytes:2
20251110-03:35.47-97280(us) 19324 ! txn_stock_level (tpcc.cc:3398):     ERROR warehouse_id:1, cid:16103, maxbytes:2
20251110-03:35.47-97445(us) 19324 ! txn_stock_level (tpcc.cc:3398):     ERROR warehouse_id:1, cid:16103, maxbytes:2
20251110-03:35.47-97525(us) 19324 ! txn_stock_level (tpcc.cc:3398):     ERROR warehouse_id:1, cid:16103, maxbytes:2
20251110-03:35.47-97615(us) 19324 ! txn_stock_level (tpcc.cc:3398):     ERROR warehouse_id:1, cid:16103, maxbytes:2
20251110-03:35.47-97843(us) 19324 ! txn_stock_level (tpcc.cc:3398):     ERROR warehouse_id:1, cid:16103, maxbytes:2
20251110-03:35.47-97864(us) 19324 ! txn_stock_level (tpcc.cc:3398):     ERROR warehouse_id:1, cid:16103, maxbytes:2
20251110-03:35.47-97873(us) 19324 ! txn_stock_level (tpcc.cc:3398):     ERROR warehouse_id:1, cid:16103, maxbytes:2
20251110-03:35.47-97909(us) 19324 ! txn_stock_level (tpcc.cc:3398):     ERROR warehouse_id:1, cid:16103, maxbytes:2
20251110-03:35.47-100569(us) 19324 ! txn_stock_level (tpcc.cc:3398):     ERROR warehouse_id:1, cid:16103, maxbytes:2
20251110-03:35.47-100749(us) 19324 ! txn_stock_level (tpcc.cc:3398):     ERROR warehouse_id:1, cid:16103, maxbytes:2
20251110-03:35.47-100768(us) 19324 ! txn_stock_level (tpcc.cc:3398):     ERROR warehouse_id:1, cid:16103, maxbytes:2
20251110-03:35.47-102030(us) 19324 ! txn_stock_level (tpcc.cc:3398):     ERROR warehouse_id:1, cid:16103, maxbytes:2
20251110-03:35.47-102067(us) 19324 ! txn_stock_level (tpcc.cc:3398):     ERROR warehouse_id:1, cid:16103, maxbytes:2
20251110-03:35.47-233198(us) 19324 ! run             (bench.cc:473):     runtime time left:9000 ms, bool:1
20251110-03:35.47-336530(us) 19324 ! txn_stock_level (tpcc.cc:3398):     ERROR warehouse_id:1, cid:81126, maxbytes:2
20251110-03:35.47-336570(us) 19324 ! txn_stock_level (tpcc.cc:3398):     ERROR warehouse_id:1, cid:81126, maxbytes:2
20251110-03:35.47-337698(us) 19324 ! txn_stock_level (tpcc.cc:3398):     ERROR warehouse_id:1, cid:81126, maxbytes:2
20251110-03:35.47-337989(us) 19324 ! txn_stock_level (tpcc.cc:3398):     ERROR warehouse_id:1, cid:81126, maxbytes:2
20251110-03:35.47-338906(us) 19324 ! txn_stock_level (tpcc.cc:3398):     ERROR warehouse_id:1, cid:81126, maxbytes:2
20251110-03:35.47-340947(us) 19324 ! txn_stock_level (tpcc.cc:3398):     ERROR warehouse_id:1, cid:81126, maxbytes:2
20251110-03:35.47-340991(us) 19324 ! txn_stock_level (tpcc.cc:3398):     ERROR warehouse_id:1, cid:81126, maxbytes:2
20251110-03:35.47-341037(us) 19324 ! txn_stock_level (tpcc.cc:3398):     ERROR warehouse_id:1, cid:81126, maxbytes:2
20251110-03:35.47-342773(us) 19324 ! txn_stock_level (tpcc.cc:3398):     ERROR warehouse_id:1, cid:81126, maxbytes:2
20251110-03:35.47-343112(us) 19324 ! txn_stock_level (tpcc.cc:3398):     ERROR warehouse_id:1, cid:81126, maxbytes:2
20251110-03:35.47-343380(us) 19324 ! txn_stock_level (tpcc.cc:3398):     ERROR warehouse_id:1, cid:81126, maxbytes:2
20251110-03:35.47-344433(us) 19324 ! txn_stock_level (tpcc.cc:3398):     ERROR warehouse_id:1, cid:81126, maxbytes:2
20251110-03:35.47-346476(us) 19324 ! txn_stock_level (tpcc.cc:3398):     ERROR warehouse_id:1, cid:81126, maxbytes:2
20251110-03:35.47-347686(us) 19324 ! txn_stock_level (tpcc.cc:3398):     ERROR warehouse_id:1, cid:81126, maxbytes:2
20251110-03:35.47-348947(us) 19324 ! txn_stock_level (tpcc.cc:3398):     ERROR warehouse_id:1, cid:81126, maxbytes:2
20251110-03:35.47-349004(us) 19324 ! txn_stock_level (tpcc.cc:3398):     ERROR warehouse_id:1, cid:81126, maxbytes:2
20251110-03:35.47-349963(us) 19324 ! txn_stock_level (tpcc.cc:3398):     ERROR warehouse_id:1, cid:81126, maxbytes:2
20251110-03:35.47-350005(us) 19324 ! txn_stock_level (tpcc.cc:3398):     ERROR warehouse_id:1, cid:81126, maxbytes:2
20251110-03:35.47-350151(us) 19324 ! txn_stock_level (tpcc.cc:3398):     ERROR warehouse_id:1, cid:81126, maxbytes:2
20251110-03:35.47-373973(us) 19324 ! txn_stock_level (tpcc.cc:3398):     ERROR warehouse_id:1, cid:71383, maxbytes:2
20251110-03:35.47-477715(us) 19324 ! txn_stock_level (tpcc.cc:3398):     ERROR warehouse_id:2, cid:72167, maxbytes:2
20251110-03:35.47-477831(us) 19324 ! txn_stock_level (tpcc.cc:3398):     ERROR warehouse_id:2, cid:72167, maxbytes:2
20251110-03:35.47-477847(us) 19324 ! txn_stock_level (tpcc.cc:3398):     ERROR warehouse_id:2, cid:72167, maxbytes:2
20251110-03:35.47-477868(us) 19324 ! txn_stock_level (tpcc.cc:3398):     ERROR warehouse_id:2, cid:72167, maxbytes:2
20251110-03:35.47-478329(us) 19324 ! txn_stock_level (tpcc.cc:3398):     ERROR warehouse_id:2, cid:72167, maxbytes:2
20251110-03:35.47-478465(us) 19324 ! txn_stock_level (tpcc.cc:3398):     ERROR warehouse_id:2, cid:72167, maxbytes:2
20251110-03:35.47-478542(us) 19324 ! txn_stock_level (tpcc.cc:3398):     ERROR warehouse_id:2, cid:72167, maxbytes:2
20251110-03:35.47-479775(us) 19324 ! txn_stock_level (tpcc.cc:3398):     ERROR warehouse_id:2, cid:72167, maxbytes:2
20251110-03:35.47-480087(us) 19324 ! txn_stock_level (tpcc.cc:3398):     ERROR warehouse_id:2, cid:72167, maxbytes:2
20251110-03:35.47-480149(us) 19324 ! txn_stock_level (tpcc.cc:3398):     ERROR warehouse_id:2, cid:72167, maxbytes:2
20251110-03:35.47-481150(us) 19324 ! txn_stock_level (tpcc.cc:3398):     ERROR warehouse_id:2, cid:72167, maxbytes:2
20251110-03:35.47-481191(us) 19324 ! txn_stock_level (tpcc.cc:3398):     ERROR warehouse_id:2, cid:72167, maxbytes:2
20251110-03:35.47-481321(us) 19324 ! txn_stock_level (tpcc.cc:3398):     ERROR warehouse_id:2, cid:72167, maxbytes:2
20251110-03:35.47-481719(us) 19324 ! txn_stock_level (tpcc.cc:3398):     ERROR warehouse_id:2, cid:72167, maxbytes:2
20251110-03:35.47-482919(us) 19324 ! txn_stock_level (tpcc.cc:3398):     ERROR warehouse_id:2, cid:72167, maxbytes:2
20251110-03:35.47-483062(us) 19324 ! txn_stock_level (tpcc.cc:3398):     ERROR warehouse_id:2, cid:72167, maxbytes:2
20251110-03:35.47-484257(us) 19324 ! txn_stock_level (tpcc.cc:3398):     ERROR warehouse_id:2, cid:72167, maxbytes:2
20251110-03:35.47-484330(us) 19324 ! txn_stock_level (tpcc.cc:3398):     ERROR warehouse_id:2, cid:72167, maxbytes:2
20251110-03:35.47-484450(us) 19324 ! txn_stock_level (tpcc.cc:3398):     ERROR warehouse_id:2, cid:72167, maxbytes:2
20251110-03:35.47-492805(us) 19324 ! txn_stock_level (tpcc.cc:3398):     ERROR warehouse_id:1, cid:73191, maxbytes:2
20251110-03:35.47-492954(us) 19324 ! txn_stock_level (tpcc.cc:3398):     ERROR warehouse_id:1, cid:73191, maxbytes:2
20251110-03:35.47-493186(us) 19324 ! txn_stock_level (tpcc.cc:3398):     ERROR warehouse_id:1, cid:73191, maxbytes:2
20251110-03:35.47-500690(us) 19324 ! txn_stock_level (tpcc.cc:3398):     ERROR warehouse_id:1, cid:12005, maxbytes:2
20251110-03:35.47-500840(us) 19324 ! txn_stock_level (tpcc.cc:3398):     ERROR warehouse_id:1, cid:12005, maxbytes:2
20251110-03:35.47-503011(us) 19324 ! txn_stock_level (tpcc.cc:3398):     ERROR warehouse_id:1, cid:12005, maxbytes:2
20251110-03:35.47-503044(us) 19324 ! txn_stock_level (tpcc.cc:3398):     ERROR warehouse_id:1, cid:12005, maxbytes:2
20251110-03:35.47-503151(us) 19324 ! txn_stock_level (tpcc.cc:3398):     ERROR warehouse_id:1, cid:12005, maxbytes:2
20251110-03:35.47-504129(us) 19324 ! txn_stock_level (tpcc.cc:3398):     ERROR warehouse_id:1, cid:12005, maxbytes:2
20251110-03:35.47-857002(us) 19324 ! txn_stock_level (tpcc.cc:3398):     ERROR warehouse_id:2, cid:16103, maxbytes:2
20251110-03:35.47-859963(us) 19324 ! txn_stock_level (tpcc.cc:3398):     ERROR warehouse_id:2, cid:16103, maxbytes:2
20251110-03:35.47-860057(us) 19324 ! txn_stock_level (tpcc.cc:3398):     ERROR warehouse_id:2, cid:16103, maxbytes:2
20251110-03:35.47-862391(us) 19324 ! txn_stock_level (tpcc.cc:3398):     ERROR warehouse_id:2, cid:16103, maxbytes:2
20251110-03:35.47-863352(us) 19324 ! txn_stock_level (tpcc.cc:3398):     ERROR warehouse_id:2, cid:16103, maxbytes:2
20251110-03:35.47-863384(us) 19324 ! txn_stock_level (tpcc.cc:3398):     ERROR warehouse_id:2, cid:16103, maxbytes:2
20251110-03:35.47-863474(us) 19324 ! txn_stock_level (tpcc.cc:3398):     ERROR warehouse_id:2, cid:16103, maxbytes:2
20251110-03:35.47-863497(us) 19324 ! txn_stock_level (tpcc.cc:3398):     ERROR warehouse_id:2, cid:16103, maxbytes:2
20251110-03:35.47-863698(us) 19324 ! txn_stock_level (tpcc.cc:3398):     ERROR warehouse_id:2, cid:16103, maxbytes:2
20251110-03:35.47-863947(us) 19324 ! txn_stock_level (tpcc.cc:3398):     ERROR warehouse_id:2, cid:16103, maxbytes:2
20251110-03:35.47-886045(us) 19324 ! txn_stock_level (tpcc.cc:3398):     ERROR warehouse_id:1, cid:23271, maxbytes:2
20251110-03:35.47-963367(us) 19324 ! txn_stock_level (tpcc.cc:3398):     ERROR warehouse_id:1, cid:16103, maxbytes:2
20251110-03:35.47-964265(us) 19324 ! txn_stock_level (tpcc.cc:3398):     ERROR warehouse_id:1, cid:16103, maxbytes:2
20251110-03:35.47-964702(us) 19324 ! txn_stock_level (tpcc.cc:3398):     ERROR warehouse_id:1, cid:16103, maxbytes:2
20251110-03:35.47-964727(us) 19324 ! txn_stock_level (tpcc.cc:3398):     ERROR warehouse_id:1, cid:16103, maxbytes:2
20251110-03:35.47-964799(us) 19324 ! txn_stock_level (tpcc.cc:3398):     ERROR warehouse_id:1, cid:16103, maxbytes:2
20251110-03:35.48-45482(us) 19324 ! txn_stock_level (tpcc.cc:3398):     ERROR warehouse_id:1, cid:81638, maxbytes:2
20251110-03:35.48-45569(us) 19324 ! txn_stock_level (tpcc.cc:3398):     ERROR warehouse_id:1, cid:81638, maxbytes:2
20251110-03:35.48-48291(us) 19324 ! txn_stock_level (tpcc.cc:3398):     ERROR warehouse_id:1, cid:81638, maxbytes:2
20251110-03:35.48-48356(us) 19324 ! txn_stock_level (tpcc.cc:3398):     ERROR warehouse_id:1, cid:81638, maxbytes:2
20251110-03:35.48-48369(us) 19324 ! txn_stock_level (tpcc.cc:3398):     ERROR warehouse_id:1, cid:81638, maxbytes:2
20251110-03:35.48-49260(us) 19324 ! txn_stock_level (tpcc.cc:3398):     ERROR warehouse_id:1, cid:81638, maxbytes:2
20251110-03:35.48-57095(us) 19324 ! txn_stock_level (tpcc.cc:3398):     ERROR warehouse_id:2, cid:98019, maxbytes:2
20251110-03:35.48-57280(us) 19324 ! txn_stock_level (tpcc.cc:3398):     ERROR warehouse_id:2, cid:98019, maxbytes:2
20251110-03:35.48-57383(us) 19324 ! txn_stock_level (tpcc.cc:3398):     ERROR warehouse_id:2, cid:98019, maxbytes:2
20251110-03:35.48-186672(us) 19324 ! txn_stock_level (tpcc.cc:3398):     ERROR warehouse_id:1, cid:81639, maxbytes:2
20251110-03:35.48-188358(us) 19324 ! txn_stock_level (tpcc.cc:3398):     ERROR warehouse_id:2, cid:65239, maxbytes:2
20251110-03:35.48-189516(us) 19324 ! txn_stock_level (tpcc.cc:3398):     ERROR warehouse_id:2, cid:65239, maxbytes:2
20251110-03:35.48-190737(us) 19324 ! txn_stock_level (tpcc.cc:3398):     ERROR warehouse_id:2, cid:65239, maxbytes:2
20251110-03:35.48-190789(us) 19324 ! txn_stock_level (tpcc.cc:3398):     ERROR warehouse_id:2, cid:65239, maxbytes:2
20251110-03:35.48-190856(us) 19324 ! txn_stock_level (tpcc.cc:3398):     ERROR warehouse_id:2, cid:65239, maxbytes:2
20251110-03:35.48-190870(us) 19324 ! txn_stock_level (tpcc.cc:3398):     ERROR warehouse_id:2, cid:65239, maxbytes:2
20251110-03:35.48-191693(us) 19324 ! txn_stock_level (tpcc.cc:3398):     ERROR warehouse_id:2, cid:65239, maxbytes:2
20251110-03:35.48-192663(us) 19324 ! txn_stock_level (tpcc.cc:3398):     ERROR warehouse_id:2, cid:65239, maxbytes:2
20251110-03:35.48-194659(us) 19324 ! txn_stock_level (tpcc.cc:3398):     ERROR warehouse_id:2, cid:65239, maxbytes:2
20251110-03:35.48-194708(us) 19324 ! txn_stock_level (tpcc.cc:3398):     ERROR warehouse_id:2, cid:65239, maxbytes:2
20251110-03:35.48-196867(us) 19324 ! txn_stock_level (tpcc.cc:3398):     ERROR warehouse_id:2, cid:65239, maxbytes:2
20251110-03:35.48-198026(us) 19324 ! txn_stock_level (tpcc.cc:3398):     ERROR warehouse_id:2, cid:65239, maxbytes:2
20251110-03:35.48-198122(us) 19324 ! txn_stock_level (tpcc.cc:3398):     ERROR warehouse_id:2, cid:65239, maxbytes:2
20251110-03:35.48-198284(us) 19324 ! txn_stock_level (tpcc.cc:3398):     ERROR warehouse_id:2, cid:65239, maxbytes:2
20251110-03:35.48-229298(us) 19324 ! txn_stock_level (tpcc.cc:3398):     ERROR warehouse_id:1, cid:40551, maxbytes:2
20251110-03:35.48-229368(us) 19324 ! txn_stock_level (tpcc.cc:3398):     ERROR warehouse_id:1, cid:40551, maxbytes:2
20251110-03:35.48-229429(us) 19324 ! txn_stock_level (tpcc.cc:3398):     ERROR warehouse_id:1, cid:40551, maxbytes:2
20251110-03:35.48-229515(us) 19324 ! txn_stock_level (tpcc.cc:3398):     ERROR warehouse_id:1, cid:40551, maxbytes:2
20251110-03:35.48-229615(us) 19324 ! txn_stock_level (tpcc.cc:3398):     ERROR warehouse_id:1, cid:40551, maxbytes:2
20251110-03:35.48-229692(us) 19324 ! txn_stock_level (tpcc.cc:3398):     ERROR warehouse_id:1, cid:40551, maxbytes:2
20251110-03:35.48-230044(us) 19324 ! txn_stock_level (tpcc.cc:3398):     ERROR warehouse_id:1, cid:40551, maxbytes:2
20251110-03:35.48-230261(us) 19324 ! txn_stock_level (tpcc.cc:3398):     ERROR warehouse_id:1, cid:40551, maxbytes:2
20251110-03:35.48-230318(us) 19324 ! txn_stock_level (tpcc.cc:3398):     ERROR warehouse_id:1, cid:40551, maxbytes:2
20251110-03:35.48-232451(us) 19324 ! txn_stock_level (tpcc.cc:3398):     ERROR warehouse_id:1, cid:40551, maxbytes:2
20251110-03:35.48-232524(us) 19324 ! txn_stock_level (tpcc.cc:3398):     ERROR warehouse_id:1, cid:40551, maxbytes:2
20251110-03:35.48-232564(us) 19324 ! txn_stock_level (tpcc.cc:3398):     ERROR warehouse_id:1, cid:40551, maxbytes:2
20251110-03:35.48-232670(us) 19324 ! txn_stock_level (tpcc.cc:3398):     ERROR warehouse_id:1, cid:40551, maxbytes:2
20251110-03:35.48-238660(us) 19324 ! run             (bench.cc:473):     runtime time left:8000 ms, bool:1
20251110-03:35.48-339355(us) 19324 ! txn_stock_level (tpcc.cc:3398):     ERROR warehouse_id:1, cid:89831, maxbytes:2
20251110-03:35.48-340319(us) 19324 ! txn_stock_level (tpcc.cc:3398):     ERROR warehouse_id:1, cid:89831, maxbytes:2
20251110-03:35.48-340440(us) 19324 ! txn_stock_level (tpcc.cc:3398):     ERROR warehouse_id:1, cid:89831, maxbytes:2
20251110-03:35.48-340631(us) 19324 ! txn_stock_level (tpcc.cc:3398):     ERROR warehouse_id:1, cid:89831, maxbytes:2
20251110-03:35.48-341675(us) 19324 ! txn_stock_level (tpcc.cc:3398):     ERROR warehouse_id:1, cid:89831, maxbytes:2
20251110-03:35.48-341695(us) 19324 ! txn_stock_level (tpcc.cc:3398):     ERROR warehouse_id:1, cid:89831, maxbytes:2
20251110-03:35.48-341731(us) 19324 ! txn_stock_level (tpcc.cc:3398):     ERROR warehouse_id:1, cid:89831, maxbytes:2
20251110-03:35.48-341748(us) 19324 ! txn_stock_level (tpcc.cc:3398):     ERROR warehouse_id:1, cid:89831, maxbytes:2
20251110-03:35.48-342042(us) 19324 ! txn_stock_level (tpcc.cc:3398):     ERROR warehouse_id:1, cid:89831, maxbytes:2
20251110-03:35.48-342179(us) 19324 ! txn_stock_level (tpcc.cc:3398):     ERROR warehouse_id:1, cid:89831, maxbytes:2
20251110-03:35.48-342430(us) 19324 ! txn_stock_level (tpcc.cc:3398):     ERROR warehouse_id:1, cid:89831, maxbytes:2
20251110-03:35.48-342483(us) 19324 ! txn_stock_level (tpcc.cc:3398):     ERROR warehouse_id:1, cid:89831, maxbytes:2
20251110-03:35.48-342611(us) 19324 ! txn_stock_level (tpcc.cc:3398):     ERROR warehouse_id:1, cid:89831, maxbytes:2
20251110-03:35.48-342678(us) 19324 ! txn_stock_level (tpcc.cc:3398):     ERROR warehouse_id:1, cid:89831, maxbytes:2
20251110-03:35.48-343809(us) 19324 ! txn_stock_level (tpcc.cc:3398):     ERROR warehouse_id:1, cid:89831, maxbytes:2
20251110-03:35.48-346066(us) 19324 ! txn_stock_level (tpcc.cc:3398):     ERROR warehouse_id:1, cid:89831, maxbytes:2
20251110-03:35.48-346107(us) 19324 ! txn_stock_level (tpcc.cc:3398):     ERROR warehouse_id:1, cid:89831, maxbytes:2
20251110-03:35.48-346119(us) 19324 ! txn_stock_level (tpcc.cc:3398):     ERROR warehouse_id:1, cid:89831, maxbytes:2
20251110-03:35.48-346150(us) 19324 ! txn_stock_level (tpcc.cc:3398):     ERROR warehouse_id:1, cid:89831, maxbytes:2
20251110-03:35.48-346234(us) 19324 ! txn_stock_level (tpcc.cc:3398):     ERROR warehouse_id:1, cid:89831, maxbytes:2
20251110-03:35.48-346254(us) 19324 ! txn_stock_level (tpcc.cc:3398):     ERROR warehouse_id:1, cid:89831, maxbytes:2
20251110-03:35.48-347326(us) 19324 ! txn_stock_level (tpcc.cc:3398):     ERROR warehouse_id:1, cid:89831, maxbytes:2
20251110-03:35.48-347453(us) 19324 ! txn_stock_level (tpcc.cc:3398):     ERROR warehouse_id:1, cid:89831, maxbytes:2
20251110-03:35.48-400781(us) 19324 ! txn_stock_level (tpcc.cc:3398):     ERROR warehouse_id:2, cid:32469, maxbytes:2
20251110-03:35.48-401809(us) 19324 ! txn_stock_level (tpcc.cc:3398):     ERROR warehouse_id:2, cid:32469, maxbytes:2
20251110-03:35.48-401866(us) 19324 ! txn_stock_level (tpcc.cc:3398):     ERROR warehouse_id:2, cid:32469, maxbytes:2
20251110-03:35.48-631557(us) 19324 ! txn_stock_level (tpcc.cc:3398):     ERROR warehouse_id:2, cid:6199, maxbytes:2
20251110-03:35.48-631666(us) 19324 ! txn_stock_level (tpcc.cc:3398):     ERROR warehouse_id:2, cid:6199, maxbytes:2
20251110-03:35.48-631678(us) 19324 ! txn_stock_level (tpcc.cc:3398):     ERROR warehouse_id:2, cid:6199, maxbytes:2
20251110-03:35.48-729078(us) 19324 ! txn_stock_level (tpcc.cc:3398):     ERROR warehouse_id:1, cid:4163, maxbytes:2
20251110-03:35.48-837784(us) 19324 ! txn_stock_level (tpcc.cc:3398):     ERROR warehouse_id:2, cid:56039, maxbytes:2
20251110-03:35.48-837811(us) 19324 ! txn_stock_level (tpcc.cc:3398):     ERROR warehouse_id:2, cid:56039, maxbytes:2
20251110-03:35.48-837829(us) 19324 ! txn_stock_level (tpcc.cc:3398):     ERROR warehouse_id:2, cid:56039, maxbytes:2
20251110-03:35.48-924731(us) 19324 ! txn_stock_level (tpcc.cc:3398):     ERROR warehouse_id:1, cid:73446, maxbytes:2
20251110-03:35.48-925830(us) 19324 ! txn_stock_level (tpcc.cc:3398):     ERROR warehouse_id:1, cid:73446, maxbytes:2
20251110-03:35.48-925901(us) 19324 ! txn_stock_level (tpcc.cc:3398):     ERROR warehouse_id:1, cid:73446, maxbytes:2
20251110-03:35.48-925993(us) 19324 ! txn_stock_level (tpcc.cc:3398):     ERROR warehouse_id:1, cid:73446, maxbytes:2
20251110-03:35.48-926012(us) 19324 ! txn_stock_level (tpcc.cc:3398):     ERROR warehouse_id:1, cid:73446, maxbytes:2
20251110-03:35.48-926078(us) 19324 ! txn_stock_level (tpcc.cc:3398):     ERROR warehouse_id:1, cid:73446, maxbytes:2
20251110-03:35.48-926431(us) 19324 ! txn_stock_level (tpcc.cc:3398):     ERROR warehouse_id:1, cid:73446, maxbytes:2
20251110-03:35.48-928157(us) 19324 ! txn_stock_level (tpcc.cc:3398):     ERROR warehouse_id:1, cid:73446, maxbytes:2
20251110-03:35.48-928343(us) 19324 ! txn_stock_level (tpcc.cc:3398):     ERROR warehouse_id:1, cid:73446, maxbytes:2
20251110-03:35.48-928494(us) 19324 ! txn_stock_level (tpcc.cc:3398):     ERROR warehouse_id:1, cid:73446, maxbytes:2
20251110-03:35.48-928606(us) 19324 ! txn_stock_level (tpcc.cc:3398):     ERROR warehouse_id:1, cid:73446, maxbytes:2
20251110-03:35.48-928627(us) 19324 ! txn_stock_level (tpcc.cc:3398):     ERROR warehouse_id:1, cid:73446, maxbytes:2
20251110-03:35.48-929637(us) 19324 ! txn_stock_level (tpcc.cc:3398):     ERROR warehouse_id:1, cid:73446, maxbytes:2
20251110-03:35.48-930660(us) 19324 ! txn_stock_level (tpcc.cc:3398):     ERROR warehouse_id:1, cid:73446, maxbytes:2
20251110-03:35.48-931911(us) 19324 ! txn_stock_level (tpcc.cc:3398):     ERROR warehouse_id:1, cid:73446, maxbytes:2
20251110-03:35.48-932893(us) 19324 ! txn_stock_level (tpcc.cc:3398):     ERROR warehouse_id:1, cid:73446, maxbytes:2
20251110-03:35.49-3560(us) 19324 ! txn_stock_level (tpcc.cc:3398):     ERROR warehouse_id:2, cid:40423, maxbytes:2
20251110-03:35.49-8676(us) 19324 ! txn_stock_level (tpcc.cc:3398):     ERROR warehouse_id:2, cid:40423, maxbytes:2
20251110-03:35.49-8779(us) 19324 ! txn_stock_level (tpcc.cc:3398):     ERROR warehouse_id:2, cid:40423, maxbytes:2
20251110-03:35.49-9678(us) 19324 ! txn_stock_level (tpcc.cc:3398):     ERROR warehouse_id:2, cid:40423, maxbytes:2
20251110-03:35.49-10884(us) 19324 ! txn_stock_level (tpcc.cc:3398):     ERROR warehouse_id:2, cid:40423, maxbytes:2
20251110-03:35.49-10905(us) 19324 ! txn_stock_level (tpcc.cc:3398):     ERROR warehouse_id:2, cid:40423, maxbytes:2
20251110-03:35.49-10923(us) 19324 ! txn_stock_level (tpcc.cc:3398):     ERROR warehouse_id:2, cid:40423, maxbytes:2
20251110-03:35.49-11004(us) 19324 ! txn_stock_level (tpcc.cc:3398):     ERROR warehouse_id:2, cid:40423, maxbytes:2
20251110-03:35.49-12160(us) 19324 ! txn_stock_level (tpcc.cc:3398):     ERROR warehouse_id:2, cid:40423, maxbytes:2
20251110-03:35.49-13483(us) 19324 ! txn_stock_level (tpcc.cc:3398):     ERROR warehouse_id:2, cid:40423, maxbytes:2
20251110-03:35.49-148286(us) 19324 ! txn_stock_level (tpcc.cc:3398):     ERROR warehouse_id:1, cid:23783, maxbytes:2
20251110-03:35.49-148578(us) 19324 ! txn_stock_level (tpcc.cc:3398):     ERROR warehouse_id:1, cid:23783, maxbytes:2
20251110-03:35.49-148687(us) 19324 ! txn_stock_level (tpcc.cc:3398):     ERROR warehouse_id:1, cid:23783, maxbytes:2
20251110-03:35.49-148733(us) 19324 ! txn_stock_level (tpcc.cc:3398):     ERROR warehouse_id:1, cid:23783, maxbytes:2
20251110-03:35.49-148945(us) 19324 ! txn_stock_level (tpcc.cc:3398):     ERROR warehouse_id:1, cid:23783, maxbytes:2
20251110-03:35.49-148991(us) 19324 ! txn_stock_level (tpcc.cc:3398):     ERROR warehouse_id:1, cid:23783, maxbytes:2
20251110-03:35.49-149270(us) 19324 ! txn_stock_level (tpcc.cc:3398):     ERROR warehouse_id:1, cid:23783, maxbytes:2
20251110-03:35.49-150511(us) 19324 ! txn_stock_level (tpcc.cc:3398):     ERROR warehouse_id:1, cid:23783, maxbytes:2
20251110-03:35.49-153766(us) 19324 ! txn_stock_level (tpcc.cc:3398):     ERROR warehouse_id:1, cid:23783, maxbytes:2
20251110-03:35.49-153794(us) 19324 ! txn_stock_level (tpcc.cc:3398):     ERROR warehouse_id:1, cid:23783, maxbytes:2
20251110-03:35.49-154814(us) 19324 ! txn_stock_level (tpcc.cc:3398):     ERROR warehouse_id:1, cid:23783, maxbytes:2
20251110-03:35.49-155928(us) 19324 ! txn_stock_level (tpcc.cc:3398):     ERROR warehouse_id:1, cid:23783, maxbytes:2
20251110-03:35.49-212999(us) 19324 ! txn_stock_level (tpcc.cc:3398):     ERROR warehouse_id:1, cid:71263, maxbytes:2
20251110-03:35.49-213121(us) 19324 ! txn_stock_level (tpcc.cc:3398):     ERROR warehouse_id:1, cid:71263, maxbytes:2
20251110-03:35.49-216602(us) 19324 ! txn_stock_level (tpcc.cc:3398):     ERROR warehouse_id:1, cid:71263, maxbytes:2
20251110-03:35.49-217699(us) 19324 ! txn_stock_level (tpcc.cc:3398):     ERROR warehouse_id:1, cid:71263, maxbytes:2
20251110-03:35.49-218038(us) 19324 ! txn_stock_level (tpcc.cc:3398):     ERROR warehouse_id:1, cid:71263, maxbytes:2
20251110-03:35.49-218419(us) 19324 ! txn_stock_level (tpcc.cc:3398):     ERROR warehouse_id:1, cid:71263, maxbytes:2
20251110-03:35.49-218450(us) 19324 ! txn_stock_level (tpcc.cc:3398):     ERROR warehouse_id:1, cid:71263, maxbytes:2
20251110-03:35.49-218471(us) 19324 ! txn_stock_level (tpcc.cc:3398):     ERROR warehouse_id:1, cid:71263, maxbytes:2
20251110-03:35.49-218509(us) 19324 ! txn_stock_level (tpcc.cc:3398):     ERROR warehouse_id:1, cid:71263, maxbytes:2
20251110-03:35.49-218535(us) 19324 ! txn_stock_level (tpcc.cc:3398):     ERROR warehouse_id:1, cid:71263, maxbytes:2
20251110-03:35.49-218548(us) 19324 ! txn_stock_level (tpcc.cc:3398):     ERROR warehouse_id:2, cid:15551, maxbytes:2
20251110-03:35.49-218576(us) 19324 ! txn_stock_level (tpcc.cc:3398):     ERROR warehouse_id:1, cid:71263, maxbytes:2
20251110-03:35.49-219561(us) 19324 ! txn_stock_level (tpcc.cc:3398):     ERROR warehouse_id:2, cid:15551, maxbytes:2
20251110-03:35.49-219984(us) 19324 ! txn_stock_level (tpcc.cc:3398):     ERROR warehouse_id:2, cid:15551, maxbytes:2
20251110-03:35.49-220171(us) 19324 ! txn_stock_level (tpcc.cc:3398):     ERROR warehouse_id:2, cid:15551, maxbytes:2
20251110-03:35.49-220223(us) 19324 ! txn_stock_level (tpcc.cc:3398):     ERROR warehouse_id:2, cid:15551, maxbytes:2
20251110-03:35.49-223054(us) 19324 ! txn_stock_level (tpcc.cc:3398):     ERROR warehouse_id:2, cid:15551, maxbytes:2
20251110-03:35.49-228290(us) 19324 ! txn_stock_level (tpcc.cc:3398):     ERROR warehouse_id:2, cid:15551, maxbytes:2
20251110-03:35.49-229252(us) 19324 ! txn_stock_level (tpcc.cc:3398):     ERROR warehouse_id:2, cid:15551, maxbytes:2
20251110-03:35.49-229282(us) 19324 ! txn_stock_level (tpcc.cc:3398):     ERROR warehouse_id:2, cid:15551, maxbytes:2
20251110-03:35.49-229309(us) 19324 ! txn_stock_level (tpcc.cc:3398):     ERROR warehouse_id:2, cid:15551, maxbytes:2
20251110-03:35.49-229327(us) 19324 ! txn_stock_level (tpcc.cc:3398):     ERROR warehouse_id:2, cid:15551, maxbytes:2
20251110-03:35.49-229610(us) 19324 ! txn_stock_level (tpcc.cc:3398):     ERROR warehouse_id:2, cid:15551, maxbytes:2
20251110-03:35.49-229692(us) 19324 ! txn_stock_level (tpcc.cc:3398):     ERROR warehouse_id:2, cid:15551, maxbytes:2
20251110-03:35.49-231103(us) 19324 ! txn_stock_level (tpcc.cc:3398):     ERROR warehouse_id:2, cid:15551, maxbytes:2
20251110-03:35.49-233063(us) 19324 ! txn_stock_level (tpcc.cc:3398):     ERROR warehouse_id:2, cid:15551, maxbytes:2
20251110-03:35.49-233400(us) 19324 ! txn_stock_level (tpcc.cc:3398):     ERROR warehouse_id:2, cid:15551, maxbytes:2
20251110-03:35.49-233826(us) 19324 ! txn_stock_level (tpcc.cc:3398):     ERROR warehouse_id:2, cid:15551, maxbytes:2
20251110-03:35.49-234081(us) 19324 ! txn_stock_level (tpcc.cc:3398):     ERROR warehouse_id:2, cid:78431, maxbytes:2
20251110-03:35.49-234216(us) 19324 ! txn_stock_level (tpcc.cc:3398):     ERROR warehouse_id:2, cid:78431, maxbytes:2
20251110-03:35.49-235214(us) 19324 ! txn_stock_level (tpcc.cc:3398):     ERROR warehouse_id:2, cid:78431, maxbytes:2
20251110-03:35.49-235335(us) 19324 ! txn_stock_level (tpcc.cc:3398):     ERROR warehouse_id:2, cid:78431, maxbytes:2
20251110-03:35.49-235424(us) 19324 ! txn_stock_level (tpcc.cc:3398):     ERROR warehouse_id:2, cid:78431, maxbytes:2
20251110-03:35.49-235449(us) 19324 ! txn_stock_level (tpcc.cc:3398):     ERROR warehouse_id:2, cid:78431, maxbytes:2
20251110-03:35.49-235543(us) 19324 ! txn_stock_level (tpcc.cc:3398):     ERROR warehouse_id:2, cid:78431, maxbytes:2
20251110-03:35.49-235568(us) 19324 ! txn_stock_level (tpcc.cc:3398):     ERROR warehouse_id:2, cid:78431, maxbytes:2
20251110-03:35.49-235576(us) 19324 ! txn_stock_level (tpcc.cc:3398):     ERROR warehouse_id:2, cid:78431, maxbytes:2
20251110-03:35.49-235631(us) 19324 ! txn_stock_level (tpcc.cc:3398):     ERROR warehouse_id:2, cid:78431, maxbytes:2
20251110-03:35.49-244016(us) 19324 ! run             (bench.cc:473):     runtime time left:7000 ms, bool:1
20251110-03:35.49-259344(us) 19324 ! txn_stock_level (tpcc.cc:3398):     ERROR warehouse_id:1, cid:64230, maxbytes:2
20251110-03:35.49-259420(us) 19324 ! txn_stock_level (tpcc.cc:3398):     ERROR warehouse_id:1, cid:64230, maxbytes:2
20251110-03:35.49-259566(us) 19324 ! txn_stock_level (tpcc.cc:3398):     ERROR warehouse_id:1, cid:64230, maxbytes:2
20251110-03:35.49-259668(us) 19324 ! txn_stock_level (tpcc.cc:3398):     ERROR warehouse_id:1, cid:64230, maxbytes:2
20251110-03:35.49-259702(us) 19324 ! txn_stock_level (tpcc.cc:3398):     ERROR warehouse_id:1, cid:64230, maxbytes:2
20251110-03:35.49-259791(us) 19324 ! txn_stock_level (tpcc.cc:3398):     ERROR warehouse_id:1, cid:64230, maxbytes:2
20251110-03:35.49-260779(us) 19324 ! txn_stock_level (tpcc.cc:3398):     ERROR warehouse_id:1, cid:64230, maxbytes:2
20251110-03:35.49-260924(us) 19324 ! txn_stock_level (tpcc.cc:3398):     ERROR warehouse_id:1, cid:64230, maxbytes:2
20251110-03:35.49-261450(us) 19324 ! txn_stock_level (tpcc.cc:3398):     ERROR warehouse_id:2, cid:11974, maxbytes:2
20251110-03:35.49-261927(us) 19324 ! txn_stock_level (tpcc.cc:3398):     ERROR warehouse_id:1, cid:64230, maxbytes:2
20251110-03:35.49-262429(us) 19324 ! txn_stock_level (tpcc.cc:3398):     ERROR warehouse_id:2, cid:11974, maxbytes:2
20251110-03:35.49-262488(us) 19324 ! txn_stock_level (tpcc.cc:3398):     ERROR warehouse_id:2, cid:11974, maxbytes:2
20251110-03:35.49-262772(us) 19324 ! txn_stock_level (tpcc.cc:3398):     ERROR warehouse_id:2, cid:11974, maxbytes:2
20251110-03:35.49-263092(us) 19324 ! txn_stock_level (tpcc.cc:3398):     ERROR warehouse_id:1, cid:64230, maxbytes:2
20251110-03:35.49-263119(us) 19324 ! txn_stock_level (tpcc.cc:3398):     ERROR warehouse_id:1, cid:64230, maxbytes:2
20251110-03:35.49-263140(us) 19324 ! txn_stock_level (tpcc.cc:3398):     ERROR warehouse_id:1, cid:64230, maxbytes:2
20251110-03:35.49-263878(us) 19324 ! txn_stock_level (tpcc.cc:3398):     ERROR warehouse_id:2, cid:11974, maxbytes:2
20251110-03:35.49-264217(us) 19324 ! txn_stock_level (tpcc.cc:3398):     ERROR warehouse_id:1, cid:64230, maxbytes:2
20251110-03:35.49-265182(us) 19324 ! txn_stock_level (tpcc.cc:3398):     ERROR warehouse_id:2, cid:11974, maxbytes:2
20251110-03:35.49-265209(us) 19324 ! txn_stock_level (tpcc.cc:3398):     ERROR warehouse_id:2, cid:11974, maxbytes:2
20251110-03:35.49-265313(us) 19324 ! txn_stock_level (tpcc.cc:3398):     ERROR warehouse_id:1, cid:64230, maxbytes:2
20251110-03:35.49-265333(us) 19324 ! txn_stock_level (tpcc.cc:3398):     ERROR warehouse_id:2, cid:11974, maxbytes:2
20251110-03:35.49-265439(us) 19324 ! txn_stock_level (tpcc.cc:3398):     ERROR warehouse_id:2, cid:11974, maxbytes:2
20251110-03:35.49-265457(us) 19324 ! txn_stock_level (tpcc.cc:3398):     ERROR warehouse_id:1, cid:64230, maxbytes:2
20251110-03:35.49-265502(us) 19324 ! txn_stock_level (tpcc.cc:3398):     ERROR warehouse_id:1, cid:64230, maxbytes:2
20251110-03:35.49-265650(us) 19324 ! txn_stock_level (tpcc.cc:3398):     ERROR warehouse_id:1, cid:64230, maxbytes:2
20251110-03:35.49-265700(us) 19324 ! txn_stock_level (tpcc.cc:3398):     ERROR warehouse_id:2, cid:11974, maxbytes:2
20251110-03:35.49-266112(us) 19324 ! txn_stock_level (tpcc.cc:3398):     ERROR warehouse_id:2, cid:11974, maxbytes:2
20251110-03:35.49-266167(us) 19324 ! txn_stock_level (tpcc.cc:3398):     ERROR warehouse_id:2, cid:11974, maxbytes:2
20251110-03:35.49-266205(us) 19324 ! txn_stock_level (tpcc.cc:3398):     ERROR warehouse_id:2, cid:11974, maxbytes:2
20251110-03:35.49-266394(us) 19324 ! txn_stock_level (tpcc.cc:3398):     ERROR warehouse_id:2, cid:11974, maxbytes:2
20251110-03:35.49-267261(us) 19324 ! txn_stock_level (tpcc.cc:3398):     ERROR warehouse_id:2, cid:11974, maxbytes:2
20251110-03:35.49-267968(us) 19324 ! txn_stock_level (tpcc.cc:3398):     ERROR warehouse_id:1, cid:64230, maxbytes:2
20251110-03:35.49-269313(us) 19324 ! txn_stock_level (tpcc.cc:3398):     ERROR warehouse_id:1, cid:64230, maxbytes:2
20251110-03:35.49-269348(us) 19324 ! txn_stock_level (tpcc.cc:3398):     ERROR warehouse_id:2, cid:11974, maxbytes:2
20251110-03:35.49-269368(us) 19324 ! txn_stock_level (tpcc.cc:3398):     ERROR warehouse_id:2, cid:11974, maxbytes:2
20251110-03:35.49-269387(us) 19324 ! txn_stock_level (tpcc.cc:3398):     ERROR warehouse_id:2, cid:11974, maxbytes:2
20251110-03:35.49-269438(us) 19324 ! txn_stock_level (tpcc.cc:3398):     ERROR warehouse_id:2, cid:11974, maxbytes:2
20251110-03:35.49-269460(us) 19324 ! txn_stock_level (tpcc.cc:3398):     ERROR warehouse_id:1, cid:64230, maxbytes:2
20251110-03:35.49-269476(us) 19324 ! txn_stock_level (tpcc.cc:3398):     ERROR warehouse_id:1, cid:64230, maxbytes:2
20251110-03:35.49-270463(us) 19324 ! txn_stock_level (tpcc.cc:3398):     ERROR warehouse_id:1, cid:64230, maxbytes:2
20251110-03:35.49-270620(us) 19324 ! txn_stock_level (tpcc.cc:3398):     ERROR warehouse_id:2, cid:11974, maxbytes:2
20251110-03:35.49-270644(us) 19324 ! txn_stock_level (tpcc.cc:3398):     ERROR warehouse_id:1, cid:64230, maxbytes:2
20251110-03:35.49-270800(us) 19324 ! txn_stock_level (tpcc.cc:3398):     ERROR warehouse_id:1, cid:64230, maxbytes:2
20251110-03:35.49-271805(us) 19324 ! txn_stock_level (tpcc.cc:3398):     ERROR warehouse_id:1, cid:64230, maxbytes:2
20251110-03:35.49-271911(us) 19324 ! txn_stock_level (tpcc.cc:3398):     ERROR warehouse_id:1, cid:64230, maxbytes:2
20251110-03:35.49-272020(us) 19324 ! txn_stock_level (tpcc.cc:3398):     ERROR warehouse_id:1, cid:64230, maxbytes:2
20251110-03:35.49-272353(us) 19324 ! txn_stock_level (tpcc.cc:3398):     ERROR warehouse_id:2, cid:11974, maxbytes:2
20251110-03:35.49-272430(us) 19324 ! txn_stock_level (tpcc.cc:3398):     ERROR warehouse_id:2, cid:11974, maxbytes:2
20251110-03:35.49-272448(us) 19324 ! txn_stock_level (tpcc.cc:3398):     ERROR warehouse_id:2, cid:11974, maxbytes:2
20251110-03:35.49-272642(us) 19324 ! txn_stock_level (tpcc.cc:3398):     ERROR warehouse_id:2, cid:11974, maxbytes:2
20251110-03:35.49-272661(us) 19324 ! txn_stock_level (tpcc.cc:3398):     ERROR warehouse_id:2, cid:11974, maxbytes:2
20251110-03:35.49-273511(us) 19324 ! txn_stock_level (tpcc.cc:3398):     ERROR warehouse_id:1, cid:64230, maxbytes:2
20251110-03:35.49-273617(us) 19324 ! txn_stock_level (tpcc.cc:3398):     ERROR warehouse_id:2, cid:11974, maxbytes:2
20251110-03:35.49-369824(us) 19324 ! txn_stock_level (tpcc.cc:3398):     ERROR warehouse_id:1, cid:81639, maxbytes:2
20251110-03:35.49-465779(us) 19324 ! txn_stock_level (tpcc.cc:3398):     ERROR warehouse_id:1, cid:24295, maxbytes:2
20251110-03:35.49-465851(us) 19324 ! txn_stock_level (tpcc.cc:3398):     ERROR warehouse_id:1, cid:24295, maxbytes:2
20251110-03:35.49-465877(us) 19324 ! txn_stock_level (tpcc.cc:3398):     ERROR warehouse_id:1, cid:24295, maxbytes:2
20251110-03:35.49-465895(us) 19324 ! txn_stock_level (tpcc.cc:3398):     ERROR warehouse_id:1, cid:24295, maxbytes:2
20251110-03:35.49-467325(us) 19324 ! txn_stock_level (tpcc.cc:3398):     ERROR warehouse_id:1, cid:24295, maxbytes:2
20251110-03:35.49-467469(us) 19324 ! txn_stock_level (tpcc.cc:3398):     ERROR warehouse_id:1, cid:24295, maxbytes:2
20251110-03:35.49-468379(us) 19324 ! txn_stock_level (tpcc.cc:3398):     ERROR warehouse_id:1, cid:24295, maxbytes:2
20251110-03:35.49-468509(us) 19324 ! txn_stock_level (tpcc.cc:3398):     ERROR warehouse_id:1, cid:24295, maxbytes:2
20251110-03:35.49-468601(us) 19324 ! txn_stock_level (tpcc.cc:3398):     ERROR warehouse_id:1, cid:24295, maxbytes:2
20251110-03:35.49-468623(us) 19324 ! txn_stock_level (tpcc.cc:3398):     ERROR warehouse_id:1, cid:24295, maxbytes:2
20251110-03:35.49-468926(us) 19324 ! txn_stock_level (tpcc.cc:3398):     ERROR warehouse_id:1, cid:24295, maxbytes:2
20251110-03:35.49-469000(us) 19324 ! txn_stock_level (tpcc.cc:3398):     ERROR warehouse_id:1, cid:24295, maxbytes:2
20251110-03:35.49-469009(us) 19324 ! txn_stock_level (tpcc.cc:3398):     ERROR warehouse_id:1, cid:24295, maxbytes:2
20251110-03:35.49-469016(us) 19324 ! txn_stock_level (tpcc.cc:3398):     ERROR warehouse_id:1, cid:24295, maxbytes:2
20251110-03:35.49-471085(us) 19324 ! txn_stock_level (tpcc.cc:3398):     ERROR warehouse_id:1, cid:24295, maxbytes:2
20251110-03:35.49-473095(us) 19324 ! txn_stock_level (tpcc.cc:3398):     ERROR warehouse_id:1, cid:24295, maxbytes:2
20251110-03:35.49-475089(us) 19324 ! txn_stock_level (tpcc.cc:3398):     ERROR warehouse_id:1, cid:24295, maxbytes:2
20251110-03:35.49-475188(us) 19324 ! txn_stock_level (tpcc.cc:3398):     ERROR warehouse_id:1, cid:24295, maxbytes:2
20251110-03:35.49-475241(us) 19324 ! txn_stock_level (tpcc.cc:3398):     ERROR warehouse_id:1, cid:24295, maxbytes:2
20251110-03:35.49-476266(us) 19324 ! txn_stock_level (tpcc.cc:3398):     ERROR warehouse_id:1, cid:24295, maxbytes:2
20251110-03:35.49-476303(us) 19324 ! txn_stock_level (tpcc.cc:3398):     ERROR warehouse_id:1, cid:24295, maxbytes:2
20251110-03:35.49-477505(us) 19324 ! txn_stock_level (tpcc.cc:3398):     ERROR warehouse_id:1, cid:24295, maxbytes:2
20251110-03:35.49-478464(us) 19324 ! txn_stock_level (tpcc.cc:3398):     ERROR warehouse_id:1, cid:24295, maxbytes:2
20251110-03:35.49-478486(us) 19324 ! txn_stock_level (tpcc.cc:3398):     ERROR warehouse_id:1, cid:24295, maxbytes:2
20251110-03:35.49-478611(us) 19324 ! txn_stock_level (tpcc.cc:3398):     ERROR warehouse_id:1, cid:24295, maxbytes:2
20251110-03:35.49-478718(us) 19324 ! txn_stock_level (tpcc.cc:3398):     ERROR warehouse_id:1, cid:24295, maxbytes:2
20251110-03:35.49-478844(us) 19324 ! txn_stock_level (tpcc.cc:3398):     ERROR warehouse_id:1, cid:24295, maxbytes:2
20251110-03:35.49-717218(us) 19324 ! txn_stock_level (tpcc.cc:3398):     ERROR warehouse_id:2, cid:24231, maxbytes:2
20251110-03:35.49-718312(us) 19324 ! txn_stock_level (tpcc.cc:3398):     ERROR warehouse_id:2, cid:24231, maxbytes:2
20251110-03:35.49-718339(us) 19324 ! txn_stock_level (tpcc.cc:3398):     ERROR warehouse_id:2, cid:24231, maxbytes:2
20251110-03:35.49-718506(us) 19324 ! txn_stock_level (tpcc.cc:3398):     ERROR warehouse_id:2, cid:24231, maxbytes:2
20251110-03:35.49-718563(us) 19324 ! txn_stock_level (tpcc.cc:3398):     ERROR warehouse_id:2, cid:24231, maxbytes:2
20251110-03:35.49-718759(us) 19324 ! txn_stock_level (tpcc.cc:3398):     ERROR warehouse_id:2, cid:24231, maxbytes:2
20251110-03:35.49-720643(us) 19324 ! txn_stock_level (tpcc.cc:3398):     ERROR warehouse_id:2, cid:24231, maxbytes:2
20251110-03:35.49-720724(us) 19324 ! txn_stock_level (tpcc.cc:3398):     ERROR warehouse_id:2, cid:24231, maxbytes:2
20251110-03:35.49-720808(us) 19324 ! txn_stock_level (tpcc.cc:3398):     ERROR warehouse_id:2, cid:24231, maxbytes:2
20251110-03:35.49-720878(us) 19324 ! txn_stock_level (tpcc.cc:3398):     ERROR warehouse_id:2, cid:24231, maxbytes:2
20251110-03:35.49-721091(us) 19324 ! txn_stock_level (tpcc.cc:3398):     ERROR warehouse_id:2, cid:24231, maxbytes:2
20251110-03:35.49-721233(us) 19324 ! txn_stock_level (tpcc.cc:3398):     ERROR warehouse_id:2, cid:24231, maxbytes:2
20251110-03:35.49-735097(us) 19324 ! txn_stock_level (tpcc.cc:3398):     ERROR warehouse_id:2, cid:40679, maxbytes:2
20251110-03:35.49-735294(us) 19324 ! txn_stock_level (tpcc.cc:3398):     ERROR warehouse_id:2, cid:40679, maxbytes:2
20251110-03:35.49-735396(us) 19324 ! txn_stock_level (tpcc.cc:3398):     ERROR warehouse_id:2, cid:40679, maxbytes:2
20251110-03:35.49-735437(us) 19324 ! txn_stock_level (tpcc.cc:3398):     ERROR warehouse_id:2, cid:40679, maxbytes:2
20251110-03:35.49-736762(us) 19324 ! txn_stock_level (tpcc.cc:3398):     ERROR warehouse_id:2, cid:40679, maxbytes:2
20251110-03:35.49-736810(us) 19324 ! txn_stock_level (tpcc.cc:3398):     ERROR warehouse_id:2, cid:40679, maxbytes:2
20251110-03:35.49-736843(us) 19324 ! txn_stock_level (tpcc.cc:3398):     ERROR warehouse_id:2, cid:40679, maxbytes:2
20251110-03:35.49-736974(us) 19324 ! txn_stock_level (tpcc.cc:3398):     ERROR warehouse_id:2, cid:40679, maxbytes:2
20251110-03:35.49-737305(us) 19324 ! txn_stock_level (tpcc.cc:3398):     ERROR warehouse_id:2, cid:40679, maxbytes:2
20251110-03:35.49-737354(us) 19324 ! txn_stock_level (tpcc.cc:3398):     ERROR warehouse_id:2, cid:40679, maxbytes:2
20251110-03:35.49-738680(us) 19324 ! txn_stock_level (tpcc.cc:3398):     ERROR warehouse_id:2, cid:40679, maxbytes:2
20251110-03:35.49-739630(us) 19324 ! txn_stock_level (tpcc.cc:3398):     ERROR warehouse_id:2, cid:40679, maxbytes:2
20251110-03:35.49-866840(us) 19324 ! txn_stock_level (tpcc.cc:3398):     ERROR warehouse_id:1, cid:56518, maxbytes:2
20251110-03:35.49-868233(us) 19324 ! txn_stock_level (tpcc.cc:3398):     ERROR warehouse_id:1, cid:56518, maxbytes:2
20251110-03:35.49-868438(us) 19324 ! txn_stock_level (tpcc.cc:3398):     ERROR warehouse_id:1, cid:56518, maxbytes:2
20251110-03:35.49-868504(us) 19324 ! txn_stock_level (tpcc.cc:3398):     ERROR warehouse_id:1, cid:56518, maxbytes:2
20251110-03:35.49-869801(us) 19324 ! txn_stock_level (tpcc.cc:3398):     ERROR warehouse_id:1, cid:56518, maxbytes:2
20251110-03:35.49-882303(us) 19324 ! txn_stock_level (tpcc.cc:3398):     ERROR warehouse_id:2, cid:16103, maxbytes:2
20251110-03:35.49-882333(us) 19324 ! txn_stock_level (tpcc.cc:3398):     ERROR warehouse_id:2, cid:16103, maxbytes:2
20251110-03:35.49-882423(us) 19324 ! txn_stock_level (tpcc.cc:3398):     ERROR warehouse_id:2, cid:16103, maxbytes:2
20251110-03:35.49-883615(us) 19324 ! txn_stock_level (tpcc.cc:3398):     ERROR warehouse_id:2, cid:16103, maxbytes:2
20251110-03:35.49-883822(us) 19324 ! txn_stock_level (tpcc.cc:3398):     ERROR warehouse_id:2, cid:16103, maxbytes:2
20251110-03:35.49-883897(us) 19324 ! txn_stock_level (tpcc.cc:3398):     ERROR warehouse_id:2, cid:16103, maxbytes:2
20251110-03:35.49-884029(us) 19324 ! txn_stock_level (tpcc.cc:3398):     ERROR warehouse_id:2, cid:16103, maxbytes:2
20251110-03:35.49-886268(us) 19324 ! txn_stock_level (tpcc.cc:3398):     ERROR warehouse_id:2, cid:16103, maxbytes:2
20251110-03:35.50-42635(us) 19324 ! txn_stock_level (tpcc.cc:3398):     ERROR warehouse_id:1, cid:63207, maxbytes:2
20251110-03:35.50-44703(us) 19324 ! txn_stock_level (tpcc.cc:3398):     ERROR warehouse_id:1, cid:63207, maxbytes:2
20251110-03:35.50-44935(us) 19324 ! txn_stock_level (tpcc.cc:3398):     ERROR warehouse_id:1, cid:63207, maxbytes:2
20251110-03:35.50-44946(us) 19324 ! txn_stock_level (tpcc.cc:3398):     ERROR warehouse_id:1, cid:63207, maxbytes:2
20251110-03:35.50-45006(us) 19324 ! txn_stock_level (tpcc.cc:3398):     ERROR warehouse_id:1, cid:63207, maxbytes:2
20251110-03:35.50-45071(us) 19324 ! txn_stock_level (tpcc.cc:3398):     ERROR warehouse_id:1, cid:63207, maxbytes:2
20251110-03:35.50-46530(us) 19324 ! txn_stock_level (tpcc.cc:3398):     ERROR warehouse_id:1, cid:63207, maxbytes:2
20251110-03:35.50-46550(us) 19324 ! txn_stock_level (tpcc.cc:3398):     ERROR warehouse_id:1, cid:63207, maxbytes:2
20251110-03:35.50-47664(us) 19324 ! txn_stock_level (tpcc.cc:3398):     ERROR warehouse_id:1, cid:63207, maxbytes:2
20251110-03:35.50-49653(us) 19324 ! txn_stock_level (tpcc.cc:3398):     ERROR warehouse_id:1, cid:63207, maxbytes:2
20251110-03:35.50-49811(us) 19324 ! txn_stock_level (tpcc.cc:3398):     ERROR warehouse_id:1, cid:63207, maxbytes:2
20251110-03:35.50-49858(us) 19324 ! txn_stock_level (tpcc.cc:3398):     ERROR warehouse_id:1, cid:63207, maxbytes:2
20251110-03:35.50-249497(us) 19324 ! run             (bench.cc:473):     runtime time left:6000 ms, bool:1
20251110-03:35.50-298702(us) 19324 ! txn_stock_level (tpcc.cc:3398):     ERROR warehouse_id:2, cid:97759, maxbytes:2
20251110-03:35.50-298800(us) 19324 ! txn_stock_level (tpcc.cc:3398):     ERROR warehouse_id:2, cid:97759, maxbytes:2
20251110-03:35.50-300980(us) 19324 ! txn_stock_level (tpcc.cc:3398):     ERROR warehouse_id:2, cid:97759, maxbytes:2
20251110-03:35.50-301054(us) 19324 ! txn_stock_level (tpcc.cc:3398):     ERROR warehouse_id:2, cid:97759, maxbytes:2
20251110-03:35.50-301357(us) 19324 ! txn_stock_level (tpcc.cc:3398):     ERROR warehouse_id:2, cid:97759, maxbytes:2
20251110-03:35.50-302244(us) 19324 ! txn_stock_level (tpcc.cc:3398):     ERROR warehouse_id:2, cid:97759, maxbytes:2
20251110-03:35.50-302352(us) 19324 ! txn_stock_level (tpcc.cc:3398):     ERROR warehouse_id:2, cid:97759, maxbytes:2
20251110-03:35.50-302458(us) 19324 ! txn_stock_level (tpcc.cc:3398):     ERROR warehouse_id:2, cid:97759, maxbytes:2
20251110-03:35.50-302656(us) 19324 ! txn_stock_level (tpcc.cc:3398):     ERROR warehouse_id:2, cid:97759, maxbytes:2
20251110-03:35.50-303678(us) 19324 ! txn_stock_level (tpcc.cc:3398):     ERROR warehouse_id:2, cid:97759, maxbytes:2
20251110-03:35.50-303750(us) 19324 ! txn_stock_level (tpcc.cc:3398):     ERROR warehouse_id:2, cid:97759, maxbytes:2
20251110-03:35.50-303856(us) 19324 ! txn_stock_level (tpcc.cc:3398):     ERROR warehouse_id:2, cid:97759, maxbytes:2
20251110-03:35.50-304139(us) 19324 ! txn_stock_level (tpcc.cc:3398):     ERROR warehouse_id:2, cid:97759, maxbytes:2
20251110-03:35.50-304311(us) 19324 ! txn_stock_level (tpcc.cc:3398):     ERROR warehouse_id:2, cid:97759, maxbytes:2
20251110-03:35.50-305499(us) 19324 ! txn_stock_level (tpcc.cc:3398):     ERROR warehouse_id:2, cid:97759, maxbytes:2
20251110-03:35.50-305663(us) 19324 ! txn_stock_level (tpcc.cc:3398):     ERROR warehouse_id:2, cid:97759, maxbytes:2
20251110-03:35.50-515979(us) 19324 ! txn_stock_level (tpcc.cc:3398):     ERROR warehouse_id:2, cid:6213, maxbytes:2
20251110-03:35.50-517107(us) 19324 ! txn_stock_level (tpcc.cc:3398):     ERROR warehouse_id:2, cid:6213, maxbytes:2
20251110-03:35.50-518212(us) 19324 ! txn_stock_level (tpcc.cc:3398):     ERROR warehouse_id:2, cid:6213, maxbytes:2
20251110-03:35.50-518271(us) 19324 ! txn_stock_level (tpcc.cc:3398):     ERROR warehouse_id:2, cid:6213, maxbytes:2
20251110-03:35.50-518594(us) 19324 ! txn_stock_level (tpcc.cc:3398):     ERROR warehouse_id:2, cid:6213, maxbytes:2
20251110-03:35.50-519863(us) 19324 ! txn_stock_level (tpcc.cc:3398):     ERROR warehouse_id:2, cid:6213, maxbytes:2
20251110-03:35.50-519936(us) 19324 ! txn_stock_level (tpcc.cc:3398):     ERROR warehouse_id:2, cid:6213, maxbytes:2
20251110-03:35.50-521114(us) 19324 ! txn_stock_level (tpcc.cc:3398):     ERROR warehouse_id:2, cid:6213, maxbytes:2
20251110-03:35.50-521277(us) 19324 ! txn_stock_level (tpcc.cc:3398):     ERROR warehouse_id:2, cid:6213, maxbytes:2
20251110-03:35.50-521318(us) 19324 ! txn_stock_level (tpcc.cc:3398):     ERROR warehouse_id:2, cid:6213, maxbytes:2
20251110-03:35.50-753938(us) 19324 ! txn_stock_level (tpcc.cc:3398):     ERROR warehouse_id:2, cid:65254, maxbytes:2
20251110-03:35.50-754120(us) 19324 ! txn_stock_level (tpcc.cc:3398):     ERROR warehouse_id:2, cid:65254, maxbytes:2
20251110-03:35.50-754154(us) 19324 ! txn_stock_level (tpcc.cc:3398):     ERROR warehouse_id:2, cid:65254, maxbytes:2
20251110-03:35.50-755312(us) 19324 ! txn_stock_level (tpcc.cc:3398):     ERROR warehouse_id:2, cid:65254, maxbytes:2
20251110-03:35.50-759189(us) 19324 ! txn_stock_level (tpcc.cc:3398):     ERROR warehouse_id:2, cid:65254, maxbytes:2
20251110-03:35.50-759232(us) 19324 ! txn_stock_level (tpcc.cc:3398):     ERROR warehouse_id:2, cid:65254, maxbytes:2
20251110-03:35.50-759464(us) 19324 ! txn_stock_level (tpcc.cc:3398):     ERROR warehouse_id:2, cid:65254, maxbytes:2
20251110-03:35.50-759525(us) 19324 ! txn_stock_level (tpcc.cc:3398):     ERROR warehouse_id:2, cid:65254, maxbytes:2
20251110-03:35.50-759888(us) 19324 ! txn_stock_level (tpcc.cc:3398):     ERROR warehouse_id:2, cid:65254, maxbytes:2
20251110-03:35.50-762450(us) 19324 ! txn_stock_level (tpcc.cc:3398):     ERROR warehouse_id:2, cid:65254, maxbytes:2
20251110-03:35.50-762534(us) 19324 ! txn_stock_level (tpcc.cc:3398):     ERROR warehouse_id:2, cid:65254, maxbytes:2
20251110-03:35.50-762689(us) 19324 ! txn_stock_level (tpcc.cc:3398):     ERROR warehouse_id:2, cid:65254, maxbytes:2
20251110-03:35.50-762744(us) 19324 ! txn_stock_level (tpcc.cc:3398):     ERROR warehouse_id:2, cid:65254, maxbytes:2
20251110-03:35.50-763233(us) 19324 ! txn_stock_level (tpcc.cc:3398):     ERROR warehouse_id:2, cid:65254, maxbytes:2
20251110-03:35.50-765435(us) 19324 ! txn_stock_level (tpcc.cc:3398):     ERROR warehouse_id:2, cid:65254, maxbytes:2
20251110-03:35.50-765614(us) 19324 ! txn_stock_level (tpcc.cc:3398):     ERROR warehouse_id:2, cid:65254, maxbytes:2
20251110-03:35.50-765633(us) 19324 ! txn_stock_level (tpcc.cc:3398):     ERROR warehouse_id:2, cid:65254, maxbytes:2
20251110-03:35.50-765816(us) 19324 ! txn_stock_level (tpcc.cc:3398):     ERROR warehouse_id:2, cid:65254, maxbytes:2
20251110-03:35.50-765861(us) 19324 ! txn_stock_level (tpcc.cc:3398):     ERROR warehouse_id:2, cid:65254, maxbytes:2
20251110-03:35.50-765897(us) 19324 ! txn_stock_level (tpcc.cc:3398):     ERROR warehouse_id:2, cid:65254, maxbytes:2
20251110-03:35.50-765911(us) 19324 ! txn_stock_level (tpcc.cc:3398):     ERROR warehouse_id:2, cid:65254, maxbytes:2
20251110-03:35.50-766003(us) 19324 ! txn_stock_level (tpcc.cc:3398):     ERROR warehouse_id:2, cid:65254, maxbytes:2
20251110-03:35.50-766135(us) 19324 ! txn_stock_level (tpcc.cc:3398):     ERROR warehouse_id:2, cid:65254, maxbytes:2
20251110-03:35.50-767247(us) 19324 ! txn_stock_level (tpcc.cc:3398):     ERROR warehouse_id:2, cid:65254, maxbytes:2
20251110-03:35.50-767357(us) 19324 ! txn_stock_level (tpcc.cc:3398):     ERROR warehouse_id:2, cid:65254, maxbytes:2
20251110-03:35.50-767370(us) 19324 ! txn_stock_level (tpcc.cc:3398):     ERROR warehouse_id:2, cid:65254, maxbytes:2
20251110-03:35.50-767389(us) 19324 ! txn_stock_level (tpcc.cc:3398):     ERROR warehouse_id:2, cid:65254, maxbytes:2
20251110-03:35.50-768680(us) 19324 ! txn_stock_level (tpcc.cc:3398):     ERROR warehouse_id:2, cid:65254, maxbytes:2
20251110-03:35.50-769644(us) 19324 ! txn_stock_level (tpcc.cc:3398):     ERROR warehouse_id:2, cid:65254, maxbytes:2
20251110-03:35.50-769783(us) 19324 ! txn_stock_level (tpcc.cc:3398):     ERROR warehouse_id:2, cid:65254, maxbytes:2
20251110-03:35.50-770644(us) 19324 ! txn_stock_level (tpcc.cc:3398):     ERROR warehouse_id:2, cid:65254, maxbytes:2
20251110-03:35.50-771806(us) 19324 ! txn_stock_level (tpcc.cc:3398):     ERROR warehouse_id:2, cid:21220, maxbytes:2
20251110-03:35.50-771927(us) 19324 ! txn_stock_level (tpcc.cc:3398):     ERROR warehouse_id:2, cid:65254, maxbytes:2
20251110-03:35.50-771953(us) 19324 ! txn_stock_level (tpcc.cc:3398):     ERROR warehouse_id:2, cid:65254, maxbytes:2
20251110-03:35.50-772055(us) 19324 ! txn_stock_level (tpcc.cc:3398):     ERROR warehouse_id:2, cid:21220, maxbytes:2
20251110-03:35.50-772093(us) 19324 ! txn_stock_level (tpcc.cc:3398):     ERROR warehouse_id:2, cid:21220, maxbytes:2
20251110-03:35.50-774311(us) 19324 ! txn_stock_level (tpcc.cc:3398):     ERROR warehouse_id:2, cid:21220, maxbytes:2
20251110-03:35.50-774515(us) 19324 ! txn_stock_level (tpcc.cc:3398):     ERROR warehouse_id:2, cid:21220, maxbytes:2
20251110-03:35.50-774555(us) 19324 ! txn_stock_level (tpcc.cc:3398):     ERROR warehouse_id:2, cid:21220, maxbytes:2
20251110-03:35.50-774653(us) 19324 ! txn_stock_level (tpcc.cc:3398):     ERROR warehouse_id:2, cid:65254, maxbytes:2
20251110-03:35.50-774672(us) 19324 ! txn_stock_level (tpcc.cc:3398):     ERROR warehouse_id:2, cid:65254, maxbytes:2
20251110-03:35.50-775636(us) 19324 ! txn_stock_level (tpcc.cc:3398):     ERROR warehouse_id:2, cid:21220, maxbytes:2
20251110-03:35.50-775729(us) 19324 ! txn_stock_level (tpcc.cc:3398):     ERROR warehouse_id:2, cid:65254, maxbytes:2
20251110-03:35.50-775815(us) 19324 ! txn_stock_level (tpcc.cc:3398):     ERROR warehouse_id:2, cid:65254, maxbytes:2
20251110-03:35.50-775902(us) 19324 ! txn_stock_level (tpcc.cc:3398):     ERROR warehouse_id:2, cid:65254, maxbytes:2
20251110-03:35.50-775980(us) 19324 ! txn_stock_level (tpcc.cc:3398):     ERROR warehouse_id:2, cid:21220, maxbytes:2
20251110-03:35.50-776066(us) 19324 ! txn_stock_level (tpcc.cc:3398):     ERROR warehouse_id:2, cid:65254, maxbytes:2
20251110-03:35.50-776120(us) 19324 ! txn_stock_level (tpcc.cc:3398):     ERROR warehouse_id:2, cid:21220, maxbytes:2
20251110-03:35.50-776394(us) 19324 ! txn_stock_level (tpcc.cc:3398):     ERROR warehouse_id:2, cid:65254, maxbytes:2
20251110-03:35.50-776481(us) 19324 ! txn_stock_level (tpcc.cc:3398):     ERROR warehouse_id:2, cid:21220, maxbytes:2
20251110-03:35.50-777453(us) 19324 ! txn_stock_level (tpcc.cc:3398):     ERROR warehouse_id:2, cid:65254, maxbytes:2
20251110-03:35.50-777510(us) 19324 ! txn_stock_level (tpcc.cc:3398):     ERROR warehouse_id:2, cid:21220, maxbytes:2
20251110-03:35.50-777716(us) 19324 ! txn_stock_level (tpcc.cc:3398):     ERROR warehouse_id:2, cid:21220, maxbytes:2
20251110-03:35.50-778637(us) 19324 ! txn_stock_level (tpcc.cc:3398):     ERROR warehouse_id:2, cid:21220, maxbytes:2
20251110-03:35.50-778661(us) 19324 ! txn_stock_level (tpcc.cc:3398):     ERROR warehouse_id:2, cid:65254, maxbytes:2
20251110-03:35.50-778782(us) 19324 ! txn_stock_level (tpcc.cc:3398):     ERROR warehouse_id:2, cid:65254, maxbytes:2
20251110-03:35.50-779898(us) 19324 ! txn_stock_level (tpcc.cc:3398):     ERROR warehouse_id:2, cid:65254, maxbytes:2
20251110-03:35.50-779952(us) 19324 ! txn_stock_level (tpcc.cc:3398):     ERROR warehouse_id:2, cid:65254, maxbytes:2
20251110-03:35.50-779982(us) 19324 ! txn_stock_level (tpcc.cc:3398):     ERROR warehouse_id:2, cid:21220, maxbytes:2
20251110-03:35.50-780071(us) 19324 ! txn_stock_level (tpcc.cc:3398):     ERROR warehouse_id:2, cid:65254, maxbytes:2
20251110-03:35.50-780178(us) 19324 ! txn_stock_level (tpcc.cc:3398):     ERROR warehouse_id:2, cid:65254, maxbytes:2
20251110-03:35.50-780294(us) 19324 ! txn_stock_level (tpcc.cc:3398):     ERROR warehouse_id:2, cid:65254, maxbytes:2
20251110-03:35.50-781268(us) 19324 ! txn_stock_level (tpcc.cc:3398):     ERROR warehouse_id:2, cid:21220, maxbytes:2
20251110-03:35.50-781329(us) 19324 ! txn_stock_level (tpcc.cc:3398):     ERROR warehouse_id:2, cid:21220, maxbytes:2
20251110-03:35.50-781405(us) 19324 ! txn_stock_level (tpcc.cc:3398):     ERROR warehouse_id:2, cid:65254, maxbytes:2
20251110-03:35.50-782447(us) 19324 ! txn_stock_level (tpcc.cc:3398):     ERROR warehouse_id:2, cid:21220, maxbytes:2
20251110-03:35.50-782477(us) 19324 ! txn_stock_level (tpcc.cc:3398):     ERROR warehouse_id:2, cid:65254, maxbytes:2
20251110-03:35.50-783347(us) 19324 ! txn_stock_level (tpcc.cc:3398):     ERROR warehouse_id:2, cid:65254, maxbytes:2
20251110-03:35.50-783397(us) 19324 ! txn_stock_level (tpcc.cc:3398):     ERROR warehouse_id:2, cid:21220, maxbytes:2
20251110-03:35.50-784388(us) 19324 ! txn_stock_level (tpcc.cc:3398):     ERROR warehouse_id:2, cid:21220, maxbytes:2
20251110-03:35.50-785542(us) 19324 ! txn_stock_level (tpcc.cc:3398):     ERROR warehouse_id:2, cid:65254, maxbytes:2
20251110-03:35.50-785567(us) 19324 ! txn_stock_level (tpcc.cc:3398):     ERROR warehouse_id:2, cid:21220, maxbytes:2
20251110-03:35.50-785577(us) 19324 ! txn_stock_level (tpcc.cc:3398):     ERROR warehouse_id:2, cid:65254, maxbytes:2
20251110-03:35.50-785639(us) 19324 ! txn_stock_level (tpcc.cc:3398):     ERROR warehouse_id:2, cid:65254, maxbytes:2
20251110-03:35.50-786664(us) 19324 ! txn_stock_level (tpcc.cc:3398):     ERROR warehouse_id:2, cid:65254, maxbytes:2
20251110-03:35.50-786843(us) 19324 ! txn_stock_level (tpcc.cc:3398):     ERROR warehouse_id:2, cid:65254, maxbytes:2
20251110-03:35.50-787039(us) 19324 ! txn_stock_level (tpcc.cc:3398):     ERROR warehouse_id:2, cid:65254, maxbytes:2
20251110-03:35.50-787227(us) 19324 ! txn_stock_level (tpcc.cc:3398):     ERROR warehouse_id:2, cid:65254, maxbytes:2
20251110-03:35.50-787256(us) 19324 ! txn_stock_level (tpcc.cc:3398):     ERROR warehouse_id:2, cid:65254, maxbytes:2
20251110-03:35.50-788295(us) 19324 ! txn_stock_level (tpcc.cc:3398):     ERROR warehouse_id:2, cid:65254, maxbytes:2
20251110-03:35.51-17286(us) 19324 ! txn_stock_level (tpcc.cc:3398):     ERROR warehouse_id:2, cid:16087, maxbytes:2
20251110-03:35.51-19225(us) 19324 ! txn_stock_level (tpcc.cc:3398):     ERROR warehouse_id:2, cid:16087, maxbytes:2
20251110-03:35.51-19320(us) 19324 ! txn_stock_level (tpcc.cc:3398):     ERROR warehouse_id:2, cid:16087, maxbytes:2
20251110-03:35.51-19369(us) 19324 ! txn_stock_level (tpcc.cc:3398):     ERROR warehouse_id:2, cid:16087, maxbytes:2
20251110-03:35.51-20620(us) 19324 ! txn_stock_level (tpcc.cc:3398):     ERROR warehouse_id:2, cid:16087, maxbytes:2
20251110-03:35.51-20684(us) 19324 ! txn_stock_level (tpcc.cc:3398):     ERROR warehouse_id:2, cid:16087, maxbytes:2
20251110-03:35.51-20771(us) 19324 ! txn_stock_level (tpcc.cc:3398):     ERROR warehouse_id:2, cid:16087, maxbytes:2
20251110-03:35.51-20830(us) 19324 ! txn_stock_level (tpcc.cc:3398):     ERROR warehouse_id:2, cid:16087, maxbytes:2
20251110-03:35.51-20894(us) 19324 ! txn_stock_level (tpcc.cc:3398):     ERROR warehouse_id:2, cid:16087, maxbytes:2
20251110-03:35.51-22564(us) 19324 ! txn_stock_level (tpcc.cc:3398):     ERROR warehouse_id:2, cid:16087, maxbytes:2
20251110-03:35.51-22616(us) 19324 ! txn_stock_level (tpcc.cc:3398):     ERROR warehouse_id:2, cid:16087, maxbytes:2
20251110-03:35.51-23574(us) 19324 ! txn_stock_level (tpcc.cc:3398):     ERROR warehouse_id:2, cid:16087, maxbytes:2
20251110-03:35.51-49781(us) 19324 ! txn_stock_level (tpcc.cc:3398):     ERROR warehouse_id:2, cid:89785, maxbytes:2
20251110-03:35.51-50662(us) 19324 ! txn_stock_level (tpcc.cc:3398):     ERROR warehouse_id:2, cid:89785, maxbytes:2
20251110-03:35.51-50725(us) 19324 ! txn_stock_level (tpcc.cc:3398):     ERROR warehouse_id:2, cid:89785, maxbytes:2
20251110-03:35.51-53032(us) 19324 ! txn_stock_level (tpcc.cc:3398):     ERROR warehouse_id:2, cid:5954, maxbytes:2
20251110-03:35.51-53061(us) 19324 ! txn_stock_level (tpcc.cc:3398):     ERROR warehouse_id:2, cid:89785, maxbytes:2
20251110-03:35.51-53098(us) 19324 ! txn_stock_level (tpcc.cc:3398):     ERROR warehouse_id:2, cid:5954, maxbytes:2
20251110-03:35.51-53172(us) 19324 ! txn_stock_level (tpcc.cc:3398):     ERROR warehouse_id:2, cid:5954, maxbytes:2
20251110-03:35.51-53561(us) 19324 ! txn_stock_level (tpcc.cc:3398):     ERROR warehouse_id:2, cid:89785, maxbytes:2
20251110-03:35.51-53764(us) 19324 ! txn_stock_level (tpcc.cc:3398):     ERROR warehouse_id:2, cid:5954, maxbytes:2
20251110-03:35.51-53852(us) 19324 ! txn_stock_level (tpcc.cc:3398):     ERROR warehouse_id:2, cid:5954, maxbytes:2
20251110-03:35.51-54851(us) 19324 ! txn_stock_level (tpcc.cc:3398):     ERROR warehouse_id:2, cid:5954, maxbytes:2
20251110-03:35.51-54909(us) 19324 ! txn_stock_level (tpcc.cc:3398):     ERROR warehouse_id:2, cid:5954, maxbytes:2
20251110-03:35.51-54977(us) 19324 ! txn_stock_level (tpcc.cc:3398):     ERROR warehouse_id:2, cid:5954, maxbytes:2
20251110-03:35.51-55000(us) 19324 ! txn_stock_level (tpcc.cc:3398):     ERROR warehouse_id:2, cid:5954, maxbytes:2
20251110-03:35.51-55318(us) 19324 ! txn_stock_level (tpcc.cc:3398):     ERROR warehouse_id:2, cid:5954, maxbytes:2
20251110-03:35.51-55336(us) 19324 ! txn_stock_level (tpcc.cc:3398):     ERROR warehouse_id:2, cid:5954, maxbytes:2
20251110-03:35.51-55427(us) 19324 ! txn_stock_level (tpcc.cc:3398):     ERROR warehouse_id:2, cid:5954, maxbytes:2
20251110-03:35.51-55454(us) 19324 ! txn_stock_level (tpcc.cc:3398):     ERROR warehouse_id:2, cid:5954, maxbytes:2
20251110-03:35.51-55626(us) 19324 ! txn_stock_level (tpcc.cc:3398):     ERROR warehouse_id:2, cid:5954, maxbytes:2
20251110-03:35.51-55692(us) 19324 ! txn_stock_level (tpcc.cc:3398):     ERROR warehouse_id:2, cid:5954, maxbytes:2
20251110-03:35.51-55702(us) 19324 ! txn_stock_level (tpcc.cc:3398):     ERROR warehouse_id:2, cid:5954, maxbytes:2
20251110-03:35.51-55847(us) 19324 ! txn_stock_level (tpcc.cc:3398):     ERROR warehouse_id:2, cid:5954, maxbytes:2
20251110-03:35.51-56836(us) 19324 ! txn_stock_level (tpcc.cc:3398):     ERROR warehouse_id:2, cid:5954, maxbytes:2
20251110-03:35.51-60966(us) 19324 ! txn_stock_level (tpcc.cc:3398):     ERROR warehouse_id:2, cid:5954, maxbytes:2
20251110-03:35.51-62068(us) 19324 ! txn_stock_level (tpcc.cc:3398):     ERROR warehouse_id:2, cid:5954, maxbytes:2
20251110-03:35.51-63063(us) 19324 ! txn_stock_level (tpcc.cc:3398):     ERROR warehouse_id:2, cid:5954, maxbytes:2
20251110-03:35.51-63145(us) 19324 ! txn_stock_level (tpcc.cc:3398):     ERROR warehouse_id:2, cid:5954, maxbytes:2
20251110-03:35.51-64558(us) 19324 ! txn_stock_level (tpcc.cc:3398):     ERROR warehouse_id:2, cid:5954, maxbytes:2
20251110-03:35.51-64676(us) 19324 ! txn_stock_level (tpcc.cc:3398):     ERROR warehouse_id:2, cid:5954, maxbytes:2
20251110-03:35.51-64935(us) 19324 ! txn_stock_level (tpcc.cc:3398):     ERROR warehouse_id:2, cid:5954, maxbytes:2
20251110-03:35.51-64956(us) 19324 ! txn_stock_level (tpcc.cc:3398):     ERROR warehouse_id:2, cid:5954, maxbytes:2
20251110-03:35.51-67136(us) 19324 ! txn_stock_level (tpcc.cc:3398):     ERROR warehouse_id:2, cid:5954, maxbytes:2
20251110-03:35.51-67267(us) 19324 ! txn_stock_level (tpcc.cc:3398):     ERROR warehouse_id:2, cid:73447, maxbytes:2
20251110-03:35.51-67336(us) 19324 ! txn_stock_level (tpcc.cc:3398):     ERROR warehouse_id:2, cid:73447, maxbytes:2
20251110-03:35.51-67345(us) 19324 ! txn_stock_level (tpcc.cc:3398):     ERROR warehouse_id:2, cid:73447, maxbytes:2
20251110-03:35.51-67375(us) 19324 ! txn_stock_level (tpcc.cc:3398):     ERROR warehouse_id:2, cid:73447, maxbytes:2
20251110-03:35.51-67386(us) 19324 ! txn_stock_level (tpcc.cc:3398):     ERROR warehouse_id:2, cid:5954, maxbytes:2
20251110-03:35.51-67428(us) 19324 ! txn_stock_level (tpcc.cc:3398):     ERROR warehouse_id:2, cid:73447, maxbytes:2
20251110-03:35.51-67439(us) 19324 ! txn_stock_level (tpcc.cc:3398):     ERROR warehouse_id:2, cid:5954, maxbytes:2
20251110-03:35.51-67501(us) 19324 ! txn_stock_level (tpcc.cc:3398):     ERROR warehouse_id:2, cid:73447, maxbytes:2
20251110-03:35.51-67712(us) 19324 ! txn_stock_level (tpcc.cc:3398):     ERROR warehouse_id:2, cid:73447, maxbytes:2
20251110-03:35.51-67740(us) 19324 ! txn_stock_level (tpcc.cc:3398):     ERROR warehouse_id:2, cid:73447, maxbytes:2
20251110-03:35.51-67786(us) 19324 ! txn_stock_level (tpcc.cc:3398):     ERROR warehouse_id:2, cid:73447, maxbytes:2
20251110-03:35.51-67804(us) 19324 ! txn_stock_level (tpcc.cc:3398):     ERROR warehouse_id:2, cid:73447, maxbytes:2
20251110-03:35.51-67949(us) 19324 ! txn_stock_level (tpcc.cc:3398):     ERROR warehouse_id:2, cid:73447, maxbytes:2
20251110-03:35.51-67987(us) 19324 ! txn_stock_level (tpcc.cc:3398):     ERROR warehouse_id:2, cid:73447, maxbytes:2
20251110-03:35.51-68075(us) 19324 ! txn_stock_level (tpcc.cc:3398):     ERROR warehouse_id:2, cid:73447, maxbytes:2
20251110-03:35.51-69860(us) 19324 ! txn_stock_level (tpcc.cc:3398):     ERROR warehouse_id:2, cid:73447, maxbytes:2
20251110-03:35.51-69880(us) 19324 ! txn_stock_level (tpcc.cc:3398):     ERROR warehouse_id:2, cid:73447, maxbytes:2
20251110-03:35.51-69919(us) 19324 ! txn_stock_level (tpcc.cc:3398):     ERROR warehouse_id:2, cid:73447, maxbytes:2
20251110-03:35.51-69945(us) 19324 ! txn_stock_level (tpcc.cc:3398):     ERROR warehouse_id:2, cid:73447, maxbytes:2
20251110-03:35.51-69955(us) 19324 ! txn_stock_level (tpcc.cc:3398):     ERROR warehouse_id:2, cid:73447, maxbytes:2
20251110-03:35.51-69964(us) 19324 ! txn_stock_level (tpcc.cc:3398):     ERROR warehouse_id:2, cid:73447, maxbytes:2
20251110-03:35.51-70064(us) 19324 ! txn_stock_level (tpcc.cc:3398):     ERROR warehouse_id:2, cid:73447, maxbytes:2
20251110-03:35.51-70099(us) 19324 ! txn_stock_level (tpcc.cc:3398):     ERROR warehouse_id:2, cid:73447, maxbytes:2
20251110-03:35.51-71129(us) 19324 ! txn_stock_level (tpcc.cc:3398):     ERROR warehouse_id:2, cid:73447, maxbytes:2
20251110-03:35.51-71149(us) 19324 ! txn_stock_level (tpcc.cc:3398):     ERROR warehouse_id:2, cid:73447, maxbytes:2
20251110-03:35.51-72332(us) 19324 ! txn_stock_level (tpcc.cc:3398):     ERROR warehouse_id:2, cid:73447, maxbytes:2
20251110-03:35.51-72451(us) 19324 ! txn_stock_level (tpcc.cc:3398):     ERROR warehouse_id:2, cid:73447, maxbytes:2
20251110-03:35.51-73328(us) 19324 ! txn_stock_level (tpcc.cc:3398):     ERROR warehouse_id:2, cid:73447, maxbytes:2
20251110-03:35.51-73560(us) 19324 ! txn_stock_level (tpcc.cc:3398):     ERROR warehouse_id:2, cid:73447, maxbytes:2
20251110-03:35.51-83606(us) 19324 ! txn_stock_level (tpcc.cc:3398):     ERROR warehouse_id:2, cid:97983, maxbytes:2
20251110-03:35.51-83647(us) 19324 ! txn_stock_level (tpcc.cc:3398):     ERROR warehouse_id:2, cid:97983, maxbytes:2
20251110-03:35.51-83680(us) 19324 ! txn_stock_level (tpcc.cc:3398):     ERROR warehouse_id:2, cid:97983, maxbytes:2
20251110-03:35.51-83703(us) 19324 ! txn_stock_level (tpcc.cc:3398):     ERROR warehouse_id:2, cid:97983, maxbytes:2
20251110-03:35.51-83757(us) 19324 ! txn_stock_level (tpcc.cc:3398):     ERROR warehouse_id:2, cid:97983, maxbytes:2
20251110-03:35.51-83776(us) 19324 ! txn_stock_level (tpcc.cc:3398):     ERROR warehouse_id:2, cid:97983, maxbytes:2
20251110-03:35.51-83832(us) 19324 ! txn_stock_level (tpcc.cc:3398):     ERROR warehouse_id:2, cid:97983, maxbytes:2
20251110-03:35.51-83946(us) 19324 ! txn_stock_level (tpcc.cc:3398):     ERROR warehouse_id:2, cid:97983, maxbytes:2
20251110-03:35.51-85026(us) 19324 ! txn_stock_level (tpcc.cc:3398):     ERROR warehouse_id:2, cid:97983, maxbytes:2
20251110-03:35.51-85079(us) 19324 ! txn_stock_level (tpcc.cc:3398):     ERROR warehouse_id:2, cid:97983, maxbytes:2
20251110-03:35.51-85106(us) 19324 ! txn_stock_level (tpcc.cc:3398):     ERROR warehouse_id:2, cid:97983, maxbytes:2
20251110-03:35.51-85294(us) 19324 ! txn_stock_level (tpcc.cc:3398):     ERROR warehouse_id:2, cid:97983, maxbytes:2
20251110-03:35.51-85321(us) 19324 ! txn_stock_level (tpcc.cc:3398):     ERROR warehouse_id:2, cid:97983, maxbytes:2
20251110-03:35.51-85364(us) 19324 ! txn_stock_level (tpcc.cc:3398):     ERROR warehouse_id:2, cid:97983, maxbytes:2
20251110-03:35.51-86310(us) 19324 ! txn_stock_level (tpcc.cc:3398):     ERROR warehouse_id:2, cid:89767, maxbytes:2
20251110-03:35.51-86357(us) 19324 ! txn_stock_level (tpcc.cc:3398):     ERROR warehouse_id:2, cid:97983, maxbytes:2
20251110-03:35.51-87431(us) 19324 ! txn_stock_level (tpcc.cc:3398):     ERROR warehouse_id:2, cid:89767, maxbytes:2
20251110-03:35.51-87473(us) 19324 ! txn_stock_level (tpcc.cc:3398):     ERROR warehouse_id:2, cid:89767, maxbytes:2
20251110-03:35.51-87533(us) 19324 ! txn_stock_level (tpcc.cc:3398):     ERROR warehouse_id:2, cid:97983, maxbytes:2
20251110-03:35.51-87556(us) 19324 ! txn_stock_level (tpcc.cc:3398):     ERROR warehouse_id:2, cid:89767, maxbytes:2
20251110-03:35.51-87766(us) 19324 ! txn_stock_level (tpcc.cc:3398):     ERROR warehouse_id:2, cid:97983, maxbytes:2
20251110-03:35.51-87866(us) 19324 ! txn_stock_level (tpcc.cc:3398):     ERROR warehouse_id:2, cid:97983, maxbytes:2
20251110-03:35.51-87968(us) 19324 ! txn_stock_level (tpcc.cc:3398):     ERROR warehouse_id:2, cid:97983, maxbytes:2
20251110-03:35.51-87998(us) 19324 ! txn_stock_level (tpcc.cc:3398):     ERROR warehouse_id:2, cid:89767, maxbytes:2
20251110-03:35.51-88060(us) 19324 ! txn_stock_level (tpcc.cc:3398):     ERROR warehouse_id:2, cid:97983, maxbytes:2
20251110-03:35.51-88950(us) 19324 ! txn_stock_level (tpcc.cc:3398):     ERROR warehouse_id:2, cid:89767, maxbytes:2
20251110-03:35.51-89398(us) 19324 ! txn_stock_level (tpcc.cc:3398):     ERROR warehouse_id:2, cid:89767, maxbytes:2
20251110-03:35.51-90725(us) 19324 ! txn_stock_level (tpcc.cc:3398):     ERROR warehouse_id:2, cid:89767, maxbytes:2
20251110-03:35.51-91048(us) 19324 ! txn_stock_level (tpcc.cc:3398):     ERROR warehouse_id:2, cid:89767, maxbytes:2
20251110-03:35.51-91101(us) 19324 ! txn_stock_level (tpcc.cc:3398):     ERROR warehouse_id:2, cid:89767, maxbytes:2
20251110-03:35.51-91117(us) 19324 ! txn_stock_level (tpcc.cc:3398):     ERROR warehouse_id:2, cid:89767, maxbytes:2
20251110-03:35.51-91144(us) 19324 ! txn_stock_level (tpcc.cc:3398):     ERROR warehouse_id:2, cid:89767, maxbytes:2
20251110-03:35.51-91240(us) 19324 ! txn_stock_level (tpcc.cc:3398):     ERROR warehouse_id:2, cid:89767, maxbytes:2
20251110-03:35.51-91318(us) 19324 ! txn_stock_level (tpcc.cc:3398):     ERROR warehouse_id:2, cid:89767, maxbytes:2
20251110-03:35.51-91415(us) 19324 ! txn_stock_level (tpcc.cc:3398):     ERROR warehouse_id:2, cid:89767, maxbytes:2
20251110-03:35.51-94112(us) 19324 ! txn_stock_level (tpcc.cc:3398):     ERROR warehouse_id:2, cid:89767, maxbytes:2
20251110-03:35.51-94148(us) 19324 ! txn_stock_level (tpcc.cc:3398):     ERROR warehouse_id:2, cid:89767, maxbytes:2
20251110-03:35.51-94157(us) 19324 ! txn_stock_level (tpcc.cc:3398):     ERROR warehouse_id:2, cid:89767, maxbytes:2
20251110-03:35.51-94184(us) 19324 ! txn_stock_level (tpcc.cc:3398):     ERROR warehouse_id:2, cid:89767, maxbytes:2
20251110-03:35.51-94321(us) 19324 ! txn_stock_level (tpcc.cc:3398):     ERROR warehouse_id:2, cid:89767, maxbytes:2
20251110-03:35.51-94344(us) 19324 ! txn_stock_level (tpcc.cc:3398):     ERROR warehouse_id:2, cid:89767, maxbytes:2
20251110-03:35.51-96300(us) 19324 ! txn_stock_level (tpcc.cc:3398):     ERROR warehouse_id:2, cid:89767, maxbytes:2
20251110-03:35.51-96390(us) 19324 ! txn_stock_level (tpcc.cc:3398):     ERROR warehouse_id:2, cid:89767, maxbytes:2
20251110-03:35.51-96485(us) 19324 ! txn_stock_level (tpcc.cc:3398):     ERROR warehouse_id:2, cid:89767, maxbytes:2
20251110-03:35.51-97493(us) 19324 ! txn_stock_level (tpcc.cc:3398):     ERROR warehouse_id:2, cid:89767, maxbytes:2
20251110-03:35.51-97555(us) 19324 ! txn_stock_level (tpcc.cc:3398):     ERROR warehouse_id:2, cid:89767, maxbytes:2
20251110-03:35.51-100166(us) 19324 ! txn_stock_level (tpcc.cc:3398):     ERROR warehouse_id:2, cid:89767, maxbytes:2
20251110-03:35.51-100346(us) 19324 ! txn_stock_level (tpcc.cc:3398):     ERROR warehouse_id:2, cid:89767, maxbytes:2
20251110-03:35.51-100497(us) 19324 ! txn_stock_level (tpcc.cc:3398):     ERROR warehouse_id:2, cid:89767, maxbytes:2
20251110-03:35.51-100524(us) 19324 ! txn_stock_level (tpcc.cc:3398):     ERROR warehouse_id:2, cid:89767, maxbytes:2
20251110-03:35.51-130743(us) 19324 ! txn_stock_level (tpcc.cc:3398):     ERROR warehouse_id:2, cid:57047, maxbytes:2
20251110-03:35.51-130899(us) 19324 ! txn_stock_level (tpcc.cc:3398):     ERROR warehouse_id:2, cid:57047, maxbytes:2
20251110-03:35.51-131066(us) 19324 ! txn_stock_level (tpcc.cc:3398):     ERROR warehouse_id:2, cid:57047, maxbytes:2
20251110-03:35.51-131338(us) 19324 ! txn_stock_level (tpcc.cc:3398):     ERROR warehouse_id:2, cid:57047, maxbytes:2
20251110-03:35.51-131363(us) 19324 ! txn_stock_level (tpcc.cc:3398):     ERROR warehouse_id:2, cid:57047, maxbytes:2
20251110-03:35.51-132274(us) 19324 ! txn_stock_level (tpcc.cc:3398):     ERROR warehouse_id:2, cid:57047, maxbytes:2
20251110-03:35.51-132340(us) 19324 ! txn_stock_level (tpcc.cc:3398):     ERROR warehouse_id:2, cid:57047, maxbytes:2
20251110-03:35.51-133137(us) 19324 ! txn_stock_level (tpcc.cc:3398):     ERROR warehouse_id:2, cid:57047, maxbytes:2
20251110-03:35.51-133190(us) 19324 ! txn_stock_level (tpcc.cc:3398):     ERROR warehouse_id:2, cid:57047, maxbytes:2
20251110-03:35.51-133212(us) 19324 ! txn_stock_level (tpcc.cc:3398):     ERROR warehouse_id:2, cid:57047, maxbytes:2
20251110-03:35.51-133319(us) 19324 ! txn_stock_level (tpcc.cc:3398):     ERROR warehouse_id:2, cid:57047, maxbytes:2
20251110-03:35.51-134394(us) 19324 ! txn_stock_level (tpcc.cc:3398):     ERROR warehouse_id:2, cid:57047, maxbytes:2
20251110-03:35.51-134432(us) 19324 ! txn_stock_level (tpcc.cc:3398):     ERROR warehouse_id:2, cid:57047, maxbytes:2
20251110-03:35.51-134443(us) 19324 ! txn_stock_level (tpcc.cc:3398):     ERROR warehouse_id:2, cid:57047, maxbytes:2
20251110-03:35.51-134491(us) 19324 ! txn_stock_level (tpcc.cc:3398):     ERROR warehouse_id:2, cid:57047, maxbytes:2
20251110-03:35.51-137249(us) 19324 ! txn_stock_level (tpcc.cc:3398):     ERROR warehouse_id:2, cid:57047, maxbytes:2
20251110-03:35.51-140256(us) 19324 ! txn_stock_level (tpcc.cc:3398):     ERROR warehouse_id:2, cid:57047, maxbytes:2
20251110-03:35.51-140471(us) 19324 ! txn_stock_level (tpcc.cc:3398):     ERROR warehouse_id:2, cid:57047, maxbytes:2
20251110-03:35.51-140491(us) 19324 ! txn_stock_level (tpcc.cc:3398):     ERROR warehouse_id:2, cid:57047, maxbytes:2
20251110-03:35.51-140502(us) 19324 ! txn_stock_level (tpcc.cc:3398):     ERROR warehouse_id:2, cid:57047, maxbytes:2
20251110-03:35.51-158146(us) 19324 ! txn_stock_level (tpcc.cc:3398):     ERROR warehouse_id:2, cid:73443, maxbytes:2
20251110-03:35.51-232707(us) 19324 ! txn_stock_level (tpcc.cc:3398):     ERROR warehouse_id:2, cid:24287, maxbytes:2
20251110-03:35.51-232748(us) 19324 ! txn_stock_level (tpcc.cc:3398):     ERROR warehouse_id:2, cid:24287, maxbytes:2
20251110-03:35.51-255162(us) 19324 ! run             (bench.cc:473):     runtime time left:5000 ms, bool:1
20251110-03:35.51-275531(us) 19324 ! txn_stock_level (tpcc.cc:3398):     ERROR warehouse_id:2, cid:15047, maxbytes:2
20251110-03:35.51-276491(us) 19324 ! txn_stock_level (tpcc.cc:3398):     ERROR warehouse_id:2, cid:15047, maxbytes:2
20251110-03:35.51-277676(us) 19324 ! txn_stock_level (tpcc.cc:3398):     ERROR warehouse_id:2, cid:15047, maxbytes:2
20251110-03:35.51-278038(us) 19324 ! txn_stock_level (tpcc.cc:3398):     ERROR warehouse_id:2, cid:15047, maxbytes:2
20251110-03:35.51-278095(us) 19324 ! txn_stock_level (tpcc.cc:3398):     ERROR warehouse_id:2, cid:15047, maxbytes:2
20251110-03:35.51-278107(us) 19324 ! txn_stock_level (tpcc.cc:3398):     ERROR warehouse_id:2, cid:15047, maxbytes:2
20251110-03:35.51-280149(us) 19324 ! txn_stock_level (tpcc.cc:3398):     ERROR warehouse_id:2, cid:15047, maxbytes:2
20251110-03:35.51-280216(us) 19324 ! txn_stock_level (tpcc.cc:3398):     ERROR warehouse_id:2, cid:15047, maxbytes:2
20251110-03:35.51-280275(us) 19324 ! txn_stock_level (tpcc.cc:3398):     ERROR warehouse_id:2, cid:15047, maxbytes:2
20251110-03:35.51-346565(us) 19324 ! txn_stock_level (tpcc.cc:3398):     ERROR warehouse_id:1, cid:15830, maxbytes:2
20251110-03:35.51-347786(us) 19324 ! txn_stock_level (tpcc.cc:3398):     ERROR warehouse_id:1, cid:15830, maxbytes:2
20251110-03:35.51-349061(us) 19324 ! txn_stock_level (tpcc.cc:3398):     ERROR warehouse_id:1, cid:15830, maxbytes:2
20251110-03:35.51-349343(us) 19324 ! txn_stock_level (tpcc.cc:3398):     ERROR warehouse_id:1, cid:15830, maxbytes:2
20251110-03:35.51-349502(us) 19324 ! txn_stock_level (tpcc.cc:3398):     ERROR warehouse_id:1, cid:15830, maxbytes:2
20251110-03:35.51-349558(us) 19324 ! txn_stock_level (tpcc.cc:3398):     ERROR warehouse_id:1, cid:15830, maxbytes:2
20251110-03:35.51-349718(us) 19324 ! txn_stock_level (tpcc.cc:3398):     ERROR warehouse_id:1, cid:15830, maxbytes:2
20251110-03:35.51-352550(us) 19324 ! txn_stock_level (tpcc.cc:3398):     ERROR warehouse_id:1, cid:15830, maxbytes:2
20251110-03:35.51-352677(us) 19324 ! txn_stock_level (tpcc.cc:3398):     ERROR warehouse_id:1, cid:15830, maxbytes:2
20251110-03:35.51-354705(us) 19324 ! txn_stock_level (tpcc.cc:3398):     ERROR warehouse_id:1, cid:15830, maxbytes:2
20251110-03:35.51-354849(us) 19324 ! txn_stock_level (tpcc.cc:3398):     ERROR warehouse_id:1, cid:15830, maxbytes:2
20251110-03:35.51-354903(us) 19324 ! txn_stock_level (tpcc.cc:3398):     ERROR warehouse_id:1, cid:15830, maxbytes:2
20251110-03:35.51-355114(us) 19324 ! txn_stock_level (tpcc.cc:3398):     ERROR warehouse_id:1, cid:15830, maxbytes:2
20251110-03:35.51-358246(us) 19324 ! txn_stock_level (tpcc.cc:3398):     ERROR warehouse_id:1, cid:15830, maxbytes:2
20251110-03:35.51-359313(us) 19324 ! txn_stock_level (tpcc.cc:3398):     ERROR warehouse_id:1, cid:15830, maxbytes:2
20251110-03:35.51-359633(us) 19324 ! txn_stock_level (tpcc.cc:3398):     ERROR warehouse_id:1, cid:15830, maxbytes:2
20251110-03:35.51-359768(us) 19324 ! txn_stock_level (tpcc.cc:3398):     ERROR warehouse_id:1, cid:15830, maxbytes:2
20251110-03:35.51-359992(us) 19324 ! txn_stock_level (tpcc.cc:3398):     ERROR warehouse_id:1, cid:15830, maxbytes:2
20251110-03:35.51-360159(us) 19324 ! txn_stock_level (tpcc.cc:3398):     ERROR warehouse_id:1, cid:15830, maxbytes:2
20251110-03:35.51-360329(us) 19324 ! txn_stock_level (tpcc.cc:3398):     ERROR warehouse_id:1, cid:15830, maxbytes:2
20251110-03:35.51-360406(us) 19324 ! txn_stock_level (tpcc.cc:3398):     ERROR warehouse_id:1, cid:15830, maxbytes:2
20251110-03:35.51-360557(us) 19324 ! txn_stock_level (tpcc.cc:3398):     ERROR warehouse_id:1, cid:15830, maxbytes:2
20251110-03:35.51-362621(us) 19324 ! txn_stock_level (tpcc.cc:3398):     ERROR warehouse_id:1, cid:15830, maxbytes:2
20251110-03:35.51-568277(us) 19324 ! txn_stock_level (tpcc.cc:3398):     ERROR warehouse_id:1, cid:23771, maxbytes:2
20251110-03:35.51-568745(us) 19324 ! txn_stock_level (tpcc.cc:3398):     ERROR warehouse_id:1, cid:23771, maxbytes:2
20251110-03:35.51-687326(us) 19324 ! txn_stock_level (tpcc.cc:3398):     ERROR warehouse_id:2, cid:16103, maxbytes:2
20251110-03:35.51-688432(us) 19324 ! txn_stock_level (tpcc.cc:3398):     ERROR warehouse_id:2, cid:16103, maxbytes:2
20251110-03:35.51-689740(us) 19324 ! txn_stock_level (tpcc.cc:3398):     ERROR warehouse_id:2, cid:16103, maxbytes:2
20251110-03:35.51-690934(us) 19324 ! txn_stock_level (tpcc.cc:3398):     ERROR warehouse_id:2, cid:16103, maxbytes:2
20251110-03:35.51-760340(us) 19324 ! txn_stock_level (tpcc.cc:3398):     ERROR warehouse_id:1, cid:77543, maxbytes:2
20251110-03:35.51-760401(us) 19324 ! txn_stock_level (tpcc.cc:3398):     ERROR warehouse_id:1, cid:77543, maxbytes:2
20251110-03:35.51-760426(us) 19324 ! txn_stock_level (tpcc.cc:3398):     ERROR warehouse_id:1, cid:77543, maxbytes:2
20251110-03:35.51-760435(us) 19324 ! txn_stock_level (tpcc.cc:3398):     ERROR warehouse_id:1, cid:77543, maxbytes:2
20251110-03:35.51-760459(us) 19324 ! txn_stock_level (tpcc.cc:3398):     ERROR warehouse_id:1, cid:77543, maxbytes:2
20251110-03:35.51-760486(us) 19324 ! txn_stock_level (tpcc.cc:3398):     ERROR warehouse_id:1, cid:77543, maxbytes:2
20251110-03:35.51-760528(us) 19324 ! txn_stock_level (tpcc.cc:3398):     ERROR warehouse_id:1, cid:77543, maxbytes:2
20251110-03:35.51-763696(us) 19324 ! txn_stock_level (tpcc.cc:3398):     ERROR warehouse_id:1, cid:77543, maxbytes:2
20251110-03:35.51-763729(us) 19324 ! txn_stock_level (tpcc.cc:3398):     ERROR warehouse_id:1, cid:77543, maxbytes:2
20251110-03:35.51-763737(us) 19324 ! txn_stock_level (tpcc.cc:3398):     ERROR warehouse_id:1, cid:77543, maxbytes:2
20251110-03:35.51-763775(us) 19324 ! txn_stock_level (tpcc.cc:3398):     ERROR warehouse_id:1, cid:77543, maxbytes:2
20251110-03:35.51-763856(us) 19324 ! txn_stock_level (tpcc.cc:3398):     ERROR warehouse_id:1, cid:77543, maxbytes:2
20251110-03:35.51-763901(us) 19324 ! txn_stock_level (tpcc.cc:3398):     ERROR warehouse_id:1, cid:77543, maxbytes:2
20251110-03:35.51-765954(us) 19324 ! txn_stock_level (tpcc.cc:3398):     ERROR warehouse_id:1, cid:77543, maxbytes:2
20251110-03:35.51-984996(us) 19324 ! txn_stock_level (tpcc.cc:3398):     ERROR warehouse_id:2, cid:20199, maxbytes:2
20251110-03:35.51-985053(us) 19324 ! txn_stock_level (tpcc.cc:3398):     ERROR warehouse_id:2, cid:20199, maxbytes:2
20251110-03:35.51-985114(us) 19324 ! txn_stock_level (tpcc.cc:3398):     ERROR warehouse_id:2, cid:20199, maxbytes:2
20251110-03:35.51-985204(us) 19324 ! txn_stock_level (tpcc.cc:3398):     ERROR warehouse_id:2, cid:20199, maxbytes:2
20251110-03:35.51-985323(us) 19324 ! txn_stock_level (tpcc.cc:3398):     ERROR warehouse_id:2, cid:20199, maxbytes:2
20251110-03:35.51-985612(us) 19324 ! txn_stock_level (tpcc.cc:3398):     ERROR warehouse_id:2, cid:20199, maxbytes:2
20251110-03:35.51-986705(us) 19324 ! txn_stock_level (tpcc.cc:3398):     ERROR warehouse_id:2, cid:20199, maxbytes:2
20251110-03:35.51-986805(us) 19324 ! txn_stock_level (tpcc.cc:3398):     ERROR warehouse_id:2, cid:20199, maxbytes:2
20251110-03:35.51-987044(us) 19324 ! txn_stock_level (tpcc.cc:3398):     ERROR warehouse_id:2, cid:20199, maxbytes:2
20251110-03:35.51-989163(us) 19324 ! txn_stock_level (tpcc.cc:3398):     ERROR warehouse_id:2, cid:20199, maxbytes:2
20251110-03:35.51-989620(us) 19324 ! txn_stock_level (tpcc.cc:3398):     ERROR warehouse_id:2, cid:20199, maxbytes:2
20251110-03:35.51-990910(us) 19324 ! txn_stock_level (tpcc.cc:3398):     ERROR warehouse_id:2, cid:20199, maxbytes:2
20251110-03:35.51-991016(us) 19324 ! txn_stock_level (tpcc.cc:3398):     ERROR warehouse_id:2, cid:20199, maxbytes:2
20251110-03:35.51-992109(us) 19324 ! txn_stock_level (tpcc.cc:3398):     ERROR warehouse_id:2, cid:20199, maxbytes:2
20251110-03:35.51-993088(us) 19324 ! txn_stock_level (tpcc.cc:3398):     ERROR warehouse_id:2, cid:20199, maxbytes:2
20251110-03:35.51-993123(us) 19324 ! txn_stock_level (tpcc.cc:3398):     ERROR warehouse_id:2, cid:20199, maxbytes:2
20251110-03:35.51-993362(us) 19324 ! txn_stock_level (tpcc.cc:3398):     ERROR warehouse_id:2, cid:20199, maxbytes:2
20251110-03:35.51-993407(us) 19324 ! txn_stock_level (tpcc.cc:3398):     ERROR warehouse_id:2, cid:20199, maxbytes:2
20251110-03:35.51-993515(us) 19324 ! txn_stock_level (tpcc.cc:3398):     ERROR warehouse_id:2, cid:20199, maxbytes:2
20251110-03:35.51-993624(us) 19324 ! txn_stock_level (tpcc.cc:3398):     ERROR warehouse_id:2, cid:20199, maxbytes:2
20251110-03:35.51-993654(us) 19324 ! txn_stock_level (tpcc.cc:3398):     ERROR warehouse_id:2, cid:20199, maxbytes:2
20251110-03:35.51-994839(us) 19324 ! txn_stock_level (tpcc.cc:3398):     ERROR warehouse_id:2, cid:20199, maxbytes:2
20251110-03:35.51-994902(us) 19324 ! txn_stock_level (tpcc.cc:3398):     ERROR warehouse_id:2, cid:20199, maxbytes:2
20251110-03:35.51-994917(us) 19324 ! txn_stock_level (tpcc.cc:3398):     ERROR warehouse_id:2, cid:20199, maxbytes:2
20251110-03:35.51-995319(us) 19324 ! txn_stock_level (tpcc.cc:3398):     ERROR warehouse_id:1, cid:16103, maxbytes:2
20251110-03:35.51-995466(us) 19324 ! txn_stock_level (tpcc.cc:3398):     ERROR warehouse_id:1, cid:16103, maxbytes:2
20251110-03:35.51-995501(us) 19324 ! txn_stock_level (tpcc.cc:3398):     ERROR warehouse_id:1, cid:16103, maxbytes:2
20251110-03:35.51-995554(us) 19324 ! txn_stock_level (tpcc.cc:3398):     ERROR warehouse_id:1, cid:16103, maxbytes:2
20251110-03:35.51-995571(us) 19324 ! txn_stock_level (tpcc.cc:3398):     ERROR warehouse_id:1, cid:16103, maxbytes:2
20251110-03:35.51-995663(us) 19324 ! txn_stock_level (tpcc.cc:3398):     ERROR warehouse_id:1, cid:16103, maxbytes:2
20251110-03:35.51-995732(us) 19324 ! txn_stock_level (tpcc.cc:3398):     ERROR warehouse_id:1, cid:16103, maxbytes:2
20251110-03:35.51-995786(us) 19324 ! txn_stock_level (tpcc.cc:3398):     ERROR warehouse_id:2, cid:20199, maxbytes:2
20251110-03:35.51-995810(us) 19324 ! txn_stock_level (tpcc.cc:3398):     ERROR warehouse_id:1, cid:16103, maxbytes:2
20251110-03:35.51-995902(us) 19324 ! txn_stock_level (tpcc.cc:3398):     ERROR warehouse_id:2, cid:20199, maxbytes:2
20251110-03:35.51-995958(us) 19324 ! txn_stock_level (tpcc.cc:3398):     ERROR warehouse_id:2, cid:20199, maxbytes:2
20251110-03:35.51-996207(us) 19324 ! txn_stock_level (tpcc.cc:3398):     ERROR warehouse_id:2, cid:20199, maxbytes:2
20251110-03:35.51-996297(us) 19324 ! txn_stock_level (tpcc.cc:3398):     ERROR warehouse_id:2, cid:20199, maxbytes:2
20251110-03:35.51-996935(us) 19324 ! txn_stock_level (tpcc.cc:3398):     ERROR warehouse_id:1, cid:16103, maxbytes:2
20251110-03:35.51-996967(us) 19324 ! txn_stock_level (tpcc.cc:3398):     ERROR warehouse_id:1, cid:16103, maxbytes:2
20251110-03:35.51-997114(us) 19324 ! txn_stock_level (tpcc.cc:3398):     ERROR warehouse_id:1, cid:16103, maxbytes:2
20251110-03:35.51-997121(us) 19324 ! txn_stock_level (tpcc.cc:3398):     ERROR warehouse_id:2, cid:20199, maxbytes:2
20251110-03:35.51-998347(us) 19324 ! txn_stock_level (tpcc.cc:3398):     ERROR warehouse_id:1, cid:16103, maxbytes:2
20251110-03:35.51-999433(us) 19324 ! txn_stock_level (tpcc.cc:3398):     ERROR warehouse_id:2, cid:20199, maxbytes:2
20251110-03:35.51-999492(us) 19324 ! txn_stock_level (tpcc.cc:3398):     ERROR warehouse_id:2, cid:89305, maxbytes:2
20251110-03:35.51-999503(us) 19324 ! txn_stock_level (tpcc.cc:3398):     ERROR warehouse_id:2, cid:20199, maxbytes:2
20251110-03:35.52-0478(us) 19324 ! txn_stock_level (tpcc.cc:3398):     ERROR warehouse_id:2, cid:89305, maxbytes:2
20251110-03:35.52-0574(us) 19324 ! txn_stock_level (tpcc.cc:3398):     ERROR warehouse_id:1, cid:16103, maxbytes:2
20251110-03:35.52-0676(us) 19324 ! txn_stock_level (tpcc.cc:3398):     ERROR warehouse_id:1, cid:16103, maxbytes:2
20251110-03:35.52-1788(us) 19324 ! txn_stock_level (tpcc.cc:3398):     ERROR warehouse_id:2, cid:20199, maxbytes:2
20251110-03:35.52-1878(us) 19324 ! txn_stock_level (tpcc.cc:3398):     ERROR warehouse_id:2, cid:20199, maxbytes:2
20251110-03:35.52-1896(us) 19324 ! txn_stock_level (tpcc.cc:3398):     ERROR warehouse_id:2, cid:20199, maxbytes:2
20251110-03:35.52-1934(us) 19324 ! txn_stock_level (tpcc.cc:3398):     ERROR warehouse_id:2, cid:89305, maxbytes:2
20251110-03:35.52-1947(us) 19324 ! txn_stock_level (tpcc.cc:3398):     ERROR warehouse_id:2, cid:89305, maxbytes:2
20251110-03:35.52-2123(us) 19324 ! txn_stock_level (tpcc.cc:3398):     ERROR warehouse_id:2, cid:89305, maxbytes:2
20251110-03:35.52-2239(us) 19324 ! txn_stock_level (tpcc.cc:3398):     ERROR warehouse_id:2, cid:89305, maxbytes:2
20251110-03:35.52-2335(us) 19324 ! txn_stock_level (tpcc.cc:3398):     ERROR warehouse_id:2, cid:89305, maxbytes:2
20251110-03:35.52-2566(us) 19324 ! txn_stock_level (tpcc.cc:3398):     ERROR warehouse_id:2, cid:89305, maxbytes:2
20251110-03:35.52-2608(us) 19324 ! txn_stock_level (tpcc.cc:3398):     ERROR warehouse_id:2, cid:20199, maxbytes:2
20251110-03:35.52-2630(us) 19324 ! txn_stock_level (tpcc.cc:3398):     ERROR warehouse_id:2, cid:89305, maxbytes:2
20251110-03:35.52-2690(us) 19324 ! txn_stock_level (tpcc.cc:3398):     ERROR warehouse_id:2, cid:89305, maxbytes:2
20251110-03:35.52-2706(us) 19324 ! txn_stock_level (tpcc.cc:3398):     ERROR warehouse_id:2, cid:89305, maxbytes:2
20251110-03:35.52-3844(us) 19324 ! txn_stock_level (tpcc.cc:3398):     ERROR warehouse_id:2, cid:89305, maxbytes:2
20251110-03:35.52-5459(us) 19324 ! txn_stock_level (tpcc.cc:3398):     ERROR warehouse_id:1, cid:16103, maxbytes:2
20251110-03:35.52-7478(us) 19324 ! txn_stock_level (tpcc.cc:3398):     ERROR warehouse_id:1, cid:16103, maxbytes:2
20251110-03:35.52-8773(us) 19324 ! txn_stock_level (tpcc.cc:3398):     ERROR warehouse_id:1, cid:16103, maxbytes:2
20251110-03:35.52-8851(us) 19324 ! txn_stock_level (tpcc.cc:3398):     ERROR warehouse_id:1, cid:16103, maxbytes:2
20251110-03:35.52-8935(us) 19324 ! txn_stock_level (tpcc.cc:3398):     ERROR warehouse_id:1, cid:16103, maxbytes:2
20251110-03:35.52-10325(us) 19324 ! txn_stock_level (tpcc.cc:3398):     ERROR warehouse_id:1, cid:16103, maxbytes:2
20251110-03:35.52-11152(us) 19324 ! txn_stock_level (tpcc.cc:3398):     ERROR warehouse_id:1, cid:16103, maxbytes:2
20251110-03:35.52-12384(us) 19324 ! txn_stock_level (tpcc.cc:3398):     ERROR warehouse_id:1, cid:16103, maxbytes:2
20251110-03:35.52-13463(us) 19324 ! txn_stock_level (tpcc.cc:3398):     ERROR warehouse_id:1, cid:16103, maxbytes:2
20251110-03:35.52-13529(us) 19324 ! txn_stock_level (tpcc.cc:3398):     ERROR warehouse_id:1, cid:16103, maxbytes:2
20251110-03:35.52-14418(us) 19324 ! txn_stock_level (tpcc.cc:3398):     ERROR warehouse_id:1, cid:16103, maxbytes:2
20251110-03:35.52-14566(us) 19324 ! txn_stock_level (tpcc.cc:3398):     ERROR warehouse_id:1, cid:16103, maxbytes:2
20251110-03:35.52-14604(us) 19324 ! txn_stock_level (tpcc.cc:3398):     ERROR warehouse_id:1, cid:16103, maxbytes:2
20251110-03:35.52-57952(us) 19324 ! txn_stock_level (tpcc.cc:3398):     ERROR warehouse_id:1, cid:6183, maxbytes:2
20251110-03:35.52-58026(us) 19324 ! txn_stock_level (tpcc.cc:3398):     ERROR warehouse_id:1, cid:6183, maxbytes:2
20251110-03:35.52-59109(us) 19324 ! txn_stock_level (tpcc.cc:3398):     ERROR warehouse_id:1, cid:6183, maxbytes:2
20251110-03:35.52-60970(us) 19324 ! txn_stock_level (tpcc.cc:3398):     ERROR warehouse_id:1, cid:6183, maxbytes:2
20251110-03:35.52-61117(us) 19324 ! txn_stock_level (tpcc.cc:3398):     ERROR warehouse_id:1, cid:6183, maxbytes:2
20251110-03:35.52-61153(us) 19324 ! txn_stock_level (tpcc.cc:3398):     ERROR warehouse_id:1, cid:6183, maxbytes:2
20251110-03:35.52-61172(us) 19324 ! txn_stock_level (tpcc.cc:3398):     ERROR warehouse_id:1, cid:6183, maxbytes:2
20251110-03:35.52-61302(us) 19324 ! txn_stock_level (tpcc.cc:3398):     ERROR warehouse_id:1, cid:6183, maxbytes:2
20251110-03:35.52-61413(us) 19324 ! txn_stock_level (tpcc.cc:3398):     ERROR warehouse_id:1, cid:6183, maxbytes:2
20251110-03:35.52-61477(us) 19324 ! txn_stock_level (tpcc.cc:3398):     ERROR warehouse_id:1, cid:6183, maxbytes:2
20251110-03:35.52-243662(us) 19324 ! txn_stock_level (tpcc.cc:3398):     ERROR warehouse_id:1, cid:15591, maxbytes:2
20251110-03:35.52-244980(us) 19324 ! txn_stock_level (tpcc.cc:3398):     ERROR warehouse_id:1, cid:15591, maxbytes:2
20251110-03:35.52-245048(us) 19324 ! txn_stock_level (tpcc.cc:3398):     ERROR warehouse_id:1, cid:15591, maxbytes:2
20251110-03:35.52-245952(us) 19324 ! txn_stock_level (tpcc.cc:3398):     ERROR warehouse_id:1, cid:15591, maxbytes:2
20251110-03:35.52-246009(us) 19324 ! txn_stock_level (tpcc.cc:3398):     ERROR warehouse_id:1, cid:15591, maxbytes:2
20251110-03:35.52-246082(us) 19324 ! txn_stock_level (tpcc.cc:3398):     ERROR warehouse_id:1, cid:15591, maxbytes:2
20251110-03:35.52-246265(us) 19324 ! txn_stock_level (tpcc.cc:3398):     ERROR warehouse_id:1, cid:15591, maxbytes:2
20251110-03:35.52-246489(us) 19324 ! txn_stock_level (tpcc.cc:3398):     ERROR warehouse_id:1, cid:15591, maxbytes:2
20251110-03:35.52-247577(us) 19324 ! txn_stock_level (tpcc.cc:3398):     ERROR warehouse_id:1, cid:15591, maxbytes:2
20251110-03:35.52-247711(us) 19324 ! txn_stock_level (tpcc.cc:3398):     ERROR warehouse_id:1, cid:15591, maxbytes:2
20251110-03:35.52-248221(us) 19324 ! txn_stock_level (tpcc.cc:3398):     ERROR warehouse_id:1, cid:15591, maxbytes:2
20251110-03:35.52-248319(us) 19324 ! txn_stock_level (tpcc.cc:3398):     ERROR warehouse_id:1, cid:15591, maxbytes:2
20251110-03:35.52-249384(us) 19324 ! txn_stock_level (tpcc.cc:3398):     ERROR warehouse_id:1, cid:15591, maxbytes:2
20251110-03:35.52-249822(us) 19324 ! txn_stock_level (tpcc.cc:3398):     ERROR warehouse_id:1, cid:15591, maxbytes:2
20251110-03:35.52-249846(us) 19324 ! txn_stock_level (tpcc.cc:3398):     ERROR warehouse_id:1, cid:15591, maxbytes:2
20251110-03:35.52-249891(us) 19324 ! txn_stock_level (tpcc.cc:3398):     ERROR warehouse_id:1, cid:15591, maxbytes:2
20251110-03:35.52-250961(us) 19324 ! txn_stock_level (tpcc.cc:3398):     ERROR warehouse_id:1, cid:15591, maxbytes:2
20251110-03:35.52-251926(us) 19324 ! txn_stock_level (tpcc.cc:3398):     ERROR warehouse_id:1, cid:15591, maxbytes:2
20251110-03:35.52-252028(us) 19324 ! txn_stock_level (tpcc.cc:3398):     ERROR warehouse_id:1, cid:15591, maxbytes:2
20251110-03:35.52-252060(us) 19324 ! txn_stock_level (tpcc.cc:3398):     ERROR warehouse_id:1, cid:15591, maxbytes:2
20251110-03:35.52-252100(us) 19324 ! txn_stock_level (tpcc.cc:3398):     ERROR warehouse_id:1, cid:15591, maxbytes:2
20251110-03:35.52-260702(us) 19324 ! run             (bench.cc:473):     runtime time left:4000 ms, bool:1
20251110-03:35.52-263279(us) 19324 ! txn_stock_level (tpcc.cc:3398):     ERROR warehouse_id:1, cid:31429, maxbytes:2
20251110-03:35.52-266028(us) 19324 ! txn_stock_level (tpcc.cc:3398):     ERROR warehouse_id:1, cid:31429, maxbytes:2
20251110-03:35.52-266095(us) 19324 ! txn_stock_level (tpcc.cc:3398):     ERROR warehouse_id:1, cid:31429, maxbytes:2
20251110-03:35.52-266212(us) 19324 ! txn_stock_level (tpcc.cc:3398):     ERROR warehouse_id:1, cid:31429, maxbytes:2
20251110-03:35.52-267301(us) 19324 ! txn_stock_level (tpcc.cc:3398):     ERROR warehouse_id:1, cid:31429, maxbytes:2
20251110-03:35.52-267335(us) 19324 ! txn_stock_level (tpcc.cc:3398):     ERROR warehouse_id:1, cid:31429, maxbytes:2
20251110-03:35.52-267461(us) 19324 ! txn_stock_level (tpcc.cc:3398):     ERROR warehouse_id:1, cid:31429, maxbytes:2
20251110-03:35.52-267676(us) 19324 ! txn_stock_level (tpcc.cc:3398):     ERROR warehouse_id:1, cid:31429, maxbytes:2
20251110-03:35.52-267718(us) 19324 ! txn_stock_level (tpcc.cc:3398):     ERROR warehouse_id:1, cid:31429, maxbytes:2
20251110-03:35.52-268795(us) 19324 ! txn_stock_level (tpcc.cc:3398):     ERROR warehouse_id:1, cid:31429, maxbytes:2
20251110-03:35.52-268848(us) 19324 ! txn_stock_level (tpcc.cc:3398):     ERROR warehouse_id:1, cid:31429, maxbytes:2
20251110-03:35.52-268904(us) 19324 ! txn_stock_level (tpcc.cc:3398):     ERROR warehouse_id:1, cid:31429, maxbytes:2
20251110-03:35.52-269024(us) 19324 ! txn_stock_level (tpcc.cc:3398):     ERROR warehouse_id:1, cid:31429, maxbytes:2
20251110-03:35.52-269217(us) 19324 ! txn_stock_level (tpcc.cc:3398):     ERROR warehouse_id:1, cid:31429, maxbytes:2
20251110-03:35.52-269245(us) 19324 ! txn_stock_level (tpcc.cc:3398):     ERROR warehouse_id:1, cid:31429, maxbytes:2
20251110-03:35.52-273847(us) 19324 ! txn_stock_level (tpcc.cc:3398):     ERROR warehouse_id:1, cid:31429, maxbytes:2
20251110-03:35.52-273992(us) 19324 ! txn_stock_level (tpcc.cc:3398):     ERROR warehouse_id:1, cid:31429, maxbytes:2
20251110-03:35.52-274009(us) 19324 ! txn_stock_level (tpcc.cc:3398):     ERROR warehouse_id:1, cid:31429, maxbytes:2
20251110-03:35.52-274146(us) 19324 ! txn_stock_level (tpcc.cc:3398):     ERROR warehouse_id:1, cid:31429, maxbytes:2
20251110-03:35.52-274159(us) 19324 ! txn_stock_level (tpcc.cc:3398):     ERROR warehouse_id:1, cid:31429, maxbytes:2
20251110-03:35.52-275693(us) 19324 ! txn_stock_level (tpcc.cc:3398):     ERROR warehouse_id:1, cid:31429, maxbytes:2
20251110-03:35.52-275776(us) 19324 ! txn_stock_level (tpcc.cc:3398):     ERROR warehouse_id:1, cid:31429, maxbytes:2
20251110-03:35.52-281921(us) 19324 ! txn_stock_level (tpcc.cc:3398):     ERROR warehouse_id:2, cid:20199, maxbytes:2
20251110-03:35.52-281958(us) 19324 ! txn_stock_level (tpcc.cc:3398):     ERROR warehouse_id:2, cid:20199, maxbytes:2
20251110-03:35.52-283013(us) 19324 ! txn_stock_level (tpcc.cc:3398):     ERROR warehouse_id:2, cid:20199, maxbytes:2
20251110-03:35.52-284311(us) 19324 ! txn_stock_level (tpcc.cc:3398):     ERROR warehouse_id:2, cid:20199, maxbytes:2
20251110-03:35.52-284433(us) 19324 ! txn_stock_level (tpcc.cc:3398):     ERROR warehouse_id:2, cid:20199, maxbytes:2
20251110-03:35.52-285563(us) 19324 ! txn_stock_level (tpcc.cc:3398):     ERROR warehouse_id:2, cid:20199, maxbytes:2
20251110-03:35.52-288033(us) 19324 ! txn_stock_level (tpcc.cc:3398):     ERROR warehouse_id:1, cid:89815, maxbytes:2
20251110-03:35.52-289016(us) 19324 ! txn_stock_level (tpcc.cc:3398):     ERROR warehouse_id:2, cid:20199, maxbytes:2
20251110-03:35.52-289074(us) 19324 ! txn_stock_level (tpcc.cc:3398):     ERROR warehouse_id:2, cid:20199, maxbytes:2
20251110-03:35.52-289107(us) 19324 ! txn_stock_level (tpcc.cc:3398):     ERROR warehouse_id:2, cid:20199, maxbytes:2
20251110-03:35.52-289114(us) 19324 ! txn_stock_level (tpcc.cc:3398):     ERROR warehouse_id:2, cid:20199, maxbytes:2
20251110-03:35.52-289228(us) 19324 ! txn_stock_level (tpcc.cc:3398):     ERROR warehouse_id:1, cid:89815, maxbytes:2
20251110-03:35.52-289255(us) 19324 ! txn_stock_level (tpcc.cc:3398):     ERROR warehouse_id:2, cid:20199, maxbytes:2
20251110-03:35.52-289319(us) 19324 ! txn_stock_level (tpcc.cc:3398):     ERROR warehouse_id:2, cid:20199, maxbytes:2
20251110-03:35.52-289426(us) 19324 ! txn_stock_level (tpcc.cc:3398):     ERROR warehouse_id:1, cid:89815, maxbytes:2
20251110-03:35.52-290306(us) 19324 ! txn_stock_level (tpcc.cc:3398):     ERROR warehouse_id:1, cid:89815, maxbytes:2
20251110-03:35.52-290333(us) 19324 ! txn_stock_level (tpcc.cc:3398):     ERROR warehouse_id:1, cid:89815, maxbytes:2
20251110-03:35.52-290429(us) 19324 ! txn_stock_level (tpcc.cc:3398):     ERROR warehouse_id:1, cid:89815, maxbytes:2
20251110-03:35.52-293528(us) 19324 ! txn_stock_level (tpcc.cc:3398):     ERROR warehouse_id:1, cid:89815, maxbytes:2
20251110-03:35.52-293664(us) 19324 ! txn_stock_level (tpcc.cc:3398):     ERROR warehouse_id:1, cid:89815, maxbytes:2
20251110-03:35.52-294600(us) 19324 ! txn_stock_level (tpcc.cc:3398):     ERROR warehouse_id:1, cid:89815, maxbytes:2
20251110-03:35.52-294702(us) 19324 ! txn_stock_level (tpcc.cc:3398):     ERROR warehouse_id:1, cid:89815, maxbytes:2
20251110-03:35.52-297030(us) 19324 ! txn_stock_level (tpcc.cc:3398):     ERROR warehouse_id:1, cid:89815, maxbytes:2
20251110-03:35.52-298036(us) 19324 ! txn_stock_level (tpcc.cc:3398):     ERROR warehouse_id:1, cid:89815, maxbytes:2
20251110-03:35.52-299007(us) 19324 ! txn_stock_level (tpcc.cc:3398):     ERROR warehouse_id:1, cid:89815, maxbytes:2
20251110-03:35.52-299043(us) 19324 ! txn_stock_level (tpcc.cc:3398):     ERROR warehouse_id:1, cid:89815, maxbytes:2
20251110-03:35.52-299204(us) 19324 ! txn_stock_level (tpcc.cc:3398):     ERROR warehouse_id:1, cid:89815, maxbytes:2
20251110-03:35.52-299283(us) 19324 ! txn_stock_level (tpcc.cc:3398):     ERROR warehouse_id:1, cid:89815, maxbytes:2
20251110-03:35.52-314124(us) 19324 ! txn_stock_level (tpcc.cc:3398):     ERROR warehouse_id:2, cid:16103, maxbytes:2
20251110-03:35.52-314148(us) 19324 ! txn_stock_level (tpcc.cc:3398):     ERROR warehouse_id:2, cid:16103, maxbytes:2
20251110-03:35.52-315322(us) 19324 ! txn_stock_level (tpcc.cc:3398):     ERROR warehouse_id:2, cid:16103, maxbytes:2
20251110-03:35.52-315597(us) 19324 ! txn_stock_level (tpcc.cc:3398):     ERROR warehouse_id:2, cid:16103, maxbytes:2
20251110-03:35.52-317529(us) 19324 ! txn_stock_level (tpcc.cc:3398):     ERROR warehouse_id:2, cid:16103, maxbytes:2
20251110-03:35.52-319553(us) 19324 ! txn_stock_level (tpcc.cc:3398):     ERROR warehouse_id:2, cid:16103, maxbytes:2
20251110-03:35.52-319625(us) 19324 ! txn_stock_level (tpcc.cc:3398):     ERROR warehouse_id:2, cid:16103, maxbytes:2
20251110-03:35.52-319744(us) 19324 ! txn_stock_level (tpcc.cc:3398):     ERROR warehouse_id:2, cid:16103, maxbytes:2
20251110-03:35.52-495541(us) 19324 ! txn_stock_level (tpcc.cc:3398):     ERROR warehouse_id:2, cid:32487, maxbytes:2
20251110-03:35.52-495730(us) 19324 ! txn_stock_level (tpcc.cc:3398):     ERROR warehouse_id:2, cid:32487, maxbytes:2
20251110-03:35.52-566094(us) 19324 ! txn_stock_level (tpcc.cc:3398):     ERROR warehouse_id:2, cid:40631, maxbytes:2
20251110-03:35.52-622216(us) 19324 ! txn_stock_level (tpcc.cc:3398):     ERROR warehouse_id:1, cid:20197, maxbytes:2
20251110-03:35.52-622305(us) 19324 ! txn_stock_level (tpcc.cc:3398):     ERROR warehouse_id:1, cid:20197, maxbytes:2
20251110-03:35.52-623468(us) 19324 ! txn_stock_level (tpcc.cc:3398):     ERROR warehouse_id:1, cid:20197, maxbytes:2
20251110-03:35.52-623553(us) 19324 ! txn_stock_level (tpcc.cc:3398):     ERROR warehouse_id:1, cid:20197, maxbytes:2
20251110-03:35.52-623616(us) 19324 ! txn_stock_level (tpcc.cc:3398):     ERROR warehouse_id:1, cid:20197, maxbytes:2
20251110-03:35.52-739475(us) 19324 ! txn_stock_level (tpcc.cc:3398):     ERROR warehouse_id:1, cid:89823, maxbytes:2
20251110-03:35.52-739715(us) 19324 ! txn_stock_level (tpcc.cc:3398):     ERROR warehouse_id:1, cid:89823, maxbytes:2
20251110-03:35.52-739781(us) 19324 ! txn_stock_level (tpcc.cc:3398):     ERROR warehouse_id:1, cid:89823, maxbytes:2
20251110-03:35.52-739986(us) 19324 ! txn_stock_level (tpcc.cc:3398):     ERROR warehouse_id:1, cid:89823, maxbytes:2
20251110-03:35.52-740004(us) 19324 ! txn_stock_level (tpcc.cc:3398):     ERROR warehouse_id:1, cid:89823, maxbytes:2
20251110-03:35.52-740029(us) 19324 ! txn_stock_level (tpcc.cc:3398):     ERROR warehouse_id:1, cid:89823, maxbytes:2
20251110-03:35.52-740183(us) 19324 ! txn_stock_level (tpcc.cc:3398):     ERROR warehouse_id:1, cid:89823, maxbytes:2
20251110-03:35.52-741297(us) 19324 ! txn_stock_level (tpcc.cc:3398):     ERROR warehouse_id:1, cid:89823, maxbytes:2
20251110-03:35.52-742258(us) 19324 ! txn_stock_level (tpcc.cc:3398):     ERROR warehouse_id:1, cid:89823, maxbytes:2
20251110-03:35.52-780033(us) 19324 ! txn_stock_level (tpcc.cc:3398):     ERROR warehouse_id:1, cid:32423, maxbytes:2
20251110-03:35.52-781177(us) 19324 ! txn_stock_level (tpcc.cc:3398):     ERROR warehouse_id:1, cid:32423, maxbytes:2
20251110-03:35.52-781200(us) 19324 ! txn_stock_level (tpcc.cc:3398):     ERROR warehouse_id:1, cid:32423, maxbytes:2
20251110-03:35.52-782418(us) 19324 ! txn_stock_level (tpcc.cc:3398):     ERROR warehouse_id:1, cid:32423, maxbytes:2
20251110-03:35.52-782498(us) 19324 ! txn_stock_level (tpcc.cc:3398):     ERROR warehouse_id:1, cid:32423, maxbytes:2
20251110-03:35.52-836462(us) 19324 ! txn_stock_level (tpcc.cc:3398):     ERROR warehouse_id:2, cid:97894, maxbytes:2
20251110-03:35.52-836621(us) 19324 ! txn_stock_level (tpcc.cc:3398):     ERROR warehouse_id:2, cid:97894, maxbytes:2
20251110-03:35.52-836655(us) 19324 ! txn_stock_level (tpcc.cc:3398):     ERROR warehouse_id:2, cid:97894, maxbytes:2
20251110-03:35.52-836736(us) 19324 ! txn_stock_level (tpcc.cc:3398):     ERROR warehouse_id:2, cid:97894, maxbytes:2
20251110-03:35.52-836765(us) 19324 ! txn_stock_level (tpcc.cc:3398):     ERROR warehouse_id:2, cid:97894, maxbytes:2
20251110-03:35.52-837839(us) 19324 ! txn_stock_level (tpcc.cc:3398):     ERROR warehouse_id:2, cid:97894, maxbytes:2
20251110-03:35.52-837942(us) 19324 ! txn_stock_level (tpcc.cc:3398):     ERROR warehouse_id:2, cid:97894, maxbytes:2
20251110-03:35.52-838889(us) 19324 ! txn_stock_level (tpcc.cc:3398):     ERROR warehouse_id:2, cid:97894, maxbytes:2
20251110-03:35.52-839280(us) 19324 ! txn_stock_level (tpcc.cc:3398):     ERROR warehouse_id:2, cid:97894, maxbytes:2
20251110-03:35.52-839301(us) 19324 ! txn_stock_level (tpcc.cc:3398):     ERROR warehouse_id:2, cid:97894, maxbytes:2
20251110-03:35.52-852928(us) 19324 ! txn_stock_level (tpcc.cc:3398):     ERROR warehouse_id:1, cid:57029, maxbytes:2
20251110-03:35.52-853249(us) 19324 ! txn_stock_level (tpcc.cc:3398):     ERROR warehouse_id:1, cid:57029, maxbytes:2
20251110-03:35.52-854345(us) 19324 ! txn_stock_level (tpcc.cc:3398):     ERROR warehouse_id:1, cid:57029, maxbytes:2
20251110-03:35.52-854602(us) 19324 ! txn_stock_level (tpcc.cc:3398):     ERROR warehouse_id:1, cid:57029, maxbytes:2
20251110-03:35.52-854626(us) 19324 ! txn_stock_level (tpcc.cc:3398):     ERROR warehouse_id:1, cid:57029, maxbytes:2
20251110-03:35.52-854727(us) 19324 ! txn_stock_level (tpcc.cc:3398):     ERROR warehouse_id:1, cid:57029, maxbytes:2
20251110-03:35.52-855883(us) 19324 ! txn_stock_level (tpcc.cc:3398):     ERROR warehouse_id:1, cid:57029, maxbytes:2
20251110-03:35.52-855940(us) 19324 ! txn_stock_level (tpcc.cc:3398):     ERROR warehouse_id:1, cid:57029, maxbytes:2
20251110-03:35.52-856061(us) 19324 ! txn_stock_level (tpcc.cc:3398):     ERROR warehouse_id:1, cid:57029, maxbytes:2
20251110-03:35.52-856098(us) 19324 ! txn_stock_level (tpcc.cc:3398):     ERROR warehouse_id:1, cid:57029, maxbytes:2
20251110-03:35.52-858154(us) 19324 ! txn_stock_level (tpcc.cc:3398):     ERROR warehouse_id:1, cid:57029, maxbytes:2
20251110-03:35.52-858180(us) 19324 ! txn_stock_level (tpcc.cc:3398):     ERROR warehouse_id:1, cid:57029, maxbytes:2
20251110-03:35.52-858365(us) 19324 ! txn_stock_level (tpcc.cc:3398):     ERROR warehouse_id:1, cid:57029, maxbytes:2
20251110-03:35.52-859542(us) 19324 ! txn_stock_level (tpcc.cc:3398):     ERROR warehouse_id:1, cid:57029, maxbytes:2
20251110-03:35.52-859609(us) 19324 ! txn_stock_level (tpcc.cc:3398):     ERROR warehouse_id:1, cid:57029, maxbytes:2
20251110-03:35.52-859621(us) 19324 ! txn_stock_level (tpcc.cc:3398):     ERROR warehouse_id:1, cid:57029, maxbytes:2
20251110-03:35.52-862345(us) 19324 ! txn_stock_level (tpcc.cc:3398):     ERROR warehouse_id:1, cid:57029, maxbytes:2
20251110-03:35.52-864613(us) 19324 ! txn_stock_level (tpcc.cc:3398):     ERROR warehouse_id:1, cid:57029, maxbytes:2
20251110-03:35.52-865651(us) 19324 ! txn_stock_level (tpcc.cc:3398):     ERROR warehouse_id:1, cid:57029, maxbytes:2
20251110-03:35.52-866112(us) 19324 ! txn_stock_level (tpcc.cc:3398):     ERROR warehouse_id:1, cid:57029, maxbytes:2
20251110-03:35.52-866137(us) 19324 ! txn_stock_level (tpcc.cc:3398):     ERROR warehouse_id:1, cid:57029, maxbytes:2
20251110-03:35.52-905602(us) 19324 ! txn_stock_level (tpcc.cc:3398):     ERROR warehouse_id:1, cid:24295, maxbytes:2
20251110-03:35.52-905629(us) 19324 ! txn_stock_level (tpcc.cc:3398):     ERROR warehouse_id:1, cid:24295, maxbytes:2
20251110-03:35.52-905672(us) 19324 ! txn_stock_level (tpcc.cc:3398):     ERROR warehouse_id:1, cid:24295, maxbytes:2
20251110-03:35.52-906517(us) 19324 ! txn_stock_level (tpcc.cc:3398):     ERROR warehouse_id:1, cid:24295, maxbytes:2
20251110-03:35.52-906924(us) 19324 ! txn_stock_level (tpcc.cc:3398):     ERROR warehouse_id:1, cid:24295, maxbytes:2
20251110-03:35.52-907025(us) 19324 ! txn_stock_level (tpcc.cc:3398):     ERROR warehouse_id:1, cid:24295, maxbytes:2
20251110-03:35.52-907044(us) 19324 ! txn_stock_level (tpcc.cc:3398):     ERROR warehouse_id:1, cid:24295, maxbytes:2
20251110-03:35.52-909086(us) 19324 ! txn_stock_level (tpcc.cc:3398):     ERROR warehouse_id:1, cid:24295, maxbytes:2
20251110-03:35.52-909249(us) 19324 ! txn_stock_level (tpcc.cc:3398):     ERROR warehouse_id:1, cid:24295, maxbytes:2
20251110-03:35.52-909372(us) 19324 ! txn_stock_level (tpcc.cc:3398):     ERROR warehouse_id:1, cid:24295, maxbytes:2
20251110-03:35.52-951751(us) 19324 ! txn_stock_level (tpcc.cc:3398):     ERROR warehouse_id:1, cid:73447, maxbytes:2
20251110-03:35.52-951839(us) 19324 ! txn_stock_level (tpcc.cc:3398):     ERROR warehouse_id:1, cid:73447, maxbytes:2
20251110-03:35.52-952210(us) 19324 ! txn_stock_level (tpcc.cc:3398):     ERROR warehouse_id:1, cid:73447, maxbytes:2
20251110-03:35.52-955906(us) 19324 ! txn_stock_level (tpcc.cc:3398):     ERROR warehouse_id:1, cid:73447, maxbytes:2
20251110-03:35.52-955966(us) 19324 ! txn_stock_level (tpcc.cc:3398):     ERROR warehouse_id:1, cid:73447, maxbytes:2
20251110-03:35.52-965275(us) 19324 ! txn_stock_level (tpcc.cc:3398):     ERROR warehouse_id:1, cid:6087, maxbytes:2
20251110-03:35.53-58460(us) 19324 ! txn_stock_level (tpcc.cc:3398):     ERROR warehouse_id:2, cid:5191, maxbytes:2
20251110-03:35.53-58556(us) 19324 ! txn_stock_level (tpcc.cc:3398):     ERROR warehouse_id:2, cid:5191, maxbytes:2
20251110-03:35.53-58750(us) 19324 ! txn_stock_level (tpcc.cc:3398):     ERROR warehouse_id:2, cid:5191, maxbytes:2
20251110-03:35.53-58804(us) 19324 ! txn_stock_level (tpcc.cc:3398):     ERROR warehouse_id:2, cid:5191, maxbytes:2
20251110-03:35.53-58955(us) 19324 ! txn_stock_level (tpcc.cc:3398):     ERROR warehouse_id:2, cid:5191, maxbytes:2
20251110-03:35.53-161117(us) 19324 ! txn_stock_level (tpcc.cc:3398):     ERROR warehouse_id:1, cid:89799, maxbytes:2
20251110-03:35.53-161326(us) 19324 ! txn_stock_level (tpcc.cc:3398):     ERROR warehouse_id:1, cid:89799, maxbytes:2
20251110-03:35.53-264115(us) 19324 ! txn_stock_level (tpcc.cc:3398):     ERROR warehouse_id:1, cid:71383, maxbytes:2
20251110-03:35.53-264627(us) 19324 ! txn_stock_level (tpcc.cc:3398):     ERROR warehouse_id:1, cid:71383, maxbytes:2
20251110-03:35.53-266268(us) 19324 ! run             (bench.cc:473):     runtime time left:3000 ms, bool:1
20251110-03:35.53-269762(us) 19324 ! txn_stock_level (tpcc.cc:3398):     ERROR warehouse_id:2, cid:5191, maxbytes:2
20251110-03:35.53-269906(us) 19324 ! txn_stock_level (tpcc.cc:3398):     ERROR warehouse_id:2, cid:5191, maxbytes:2
20251110-03:35.53-270046(us) 19324 ! txn_stock_level (tpcc.cc:3398):     ERROR warehouse_id:2, cid:5191, maxbytes:2
20251110-03:35.53-271217(us) 19324 ! txn_stock_level (tpcc.cc:3398):     ERROR warehouse_id:2, cid:5191, maxbytes:2
20251110-03:35.53-271309(us) 19324 ! txn_stock_level (tpcc.cc:3398):     ERROR warehouse_id:2, cid:5191, maxbytes:2
20251110-03:35.53-271350(us) 19324 ! txn_stock_level (tpcc.cc:3398):     ERROR warehouse_id:2, cid:5191, maxbytes:2
20251110-03:35.53-271379(us) 19324 ! txn_stock_level (tpcc.cc:3398):     ERROR warehouse_id:2, cid:5191, maxbytes:2
20251110-03:35.53-272415(us) 19324 ! txn_stock_level (tpcc.cc:3398):     ERROR warehouse_id:2, cid:5191, maxbytes:2
20251110-03:35.53-272468(us) 19324 ! txn_stock_level (tpcc.cc:3398):     ERROR warehouse_id:2, cid:5191, maxbytes:2
20251110-03:35.53-272826(us) 19324 ! txn_stock_level (tpcc.cc:3398):     ERROR warehouse_id:2, cid:5191, maxbytes:2
20251110-03:35.53-276439(us) 19324 ! txn_stock_level (tpcc.cc:3398):     ERROR warehouse_id:2, cid:5191, maxbytes:2
20251110-03:35.53-276467(us) 19324 ! txn_stock_level (tpcc.cc:3398):     ERROR warehouse_id:2, cid:5191, maxbytes:2
20251110-03:35.53-278892(us) 19324 ! txn_stock_level (tpcc.cc:3398):     ERROR warehouse_id:1, cid:79575, maxbytes:2
20251110-03:35.53-278919(us) 19324 ! txn_stock_level (tpcc.cc:3398):     ERROR warehouse_id:1, cid:79575, maxbytes:2
20251110-03:35.53-279038(us) 19324 ! txn_stock_level (tpcc.cc:3398):     ERROR warehouse_id:1, cid:79575, maxbytes:2
20251110-03:35.53-296744(us) 19324 ! txn_stock_level (tpcc.cc:3398):     ERROR warehouse_id:2, cid:24263, maxbytes:2
20251110-03:35.53-315956(us) 19324 ! txn_stock_level (tpcc.cc:3398):     ERROR warehouse_id:2, cid:73431, maxbytes:2
20251110-03:35.53-479054(us) 19324 ! txn_stock_level (tpcc.cc:3398):     ERROR warehouse_id:2, cid:98023, maxbytes:2
20251110-03:35.53-481364(us) 19324 ! txn_stock_level (tpcc.cc:3398):     ERROR warehouse_id:2, cid:98023, maxbytes:2
20251110-03:35.53-481474(us) 19324 ! txn_stock_level (tpcc.cc:3398):     ERROR warehouse_id:2, cid:98023, maxbytes:2
20251110-03:35.53-481559(us) 19324 ! txn_stock_level (tpcc.cc:3398):     ERROR warehouse_id:2, cid:98023, maxbytes:2
20251110-03:35.53-482761(us) 19324 ! txn_stock_level (tpcc.cc:3398):     ERROR warehouse_id:2, cid:98023, maxbytes:2
20251110-03:35.53-703780(us) 19324 ! txn_stock_level (tpcc.cc:3398):     ERROR warehouse_id:1, cid:81607, maxbytes:2
20251110-03:35.53-703810(us) 19324 ! txn_stock_level (tpcc.cc:3398):     ERROR warehouse_id:1, cid:81607, maxbytes:2
20251110-03:35.53-703821(us) 19324 ! txn_stock_level (tpcc.cc:3398):     ERROR warehouse_id:1, cid:81607, maxbytes:2
20251110-03:35.53-703908(us) 19324 ! txn_stock_level (tpcc.cc:3398):     ERROR warehouse_id:1, cid:81607, maxbytes:2
20251110-03:35.53-719837(us) 19324 ! txn_stock_level (tpcc.cc:3398):     ERROR warehouse_id:1, cid:81635, maxbytes:2
20251110-03:35.53-784351(us) 19324 ! txn_stock_level (tpcc.cc:3398):     ERROR warehouse_id:2, cid:81639, maxbytes:2
20251110-03:35.53-784551(us) 19324 ! txn_stock_level (tpcc.cc:3398):     ERROR warehouse_id:2, cid:81639, maxbytes:2
20251110-03:35.53-784577(us) 19324 ! txn_stock_level (tpcc.cc:3398):     ERROR warehouse_id:2, cid:81639, maxbytes:2
20251110-03:35.53-784936(us) 19324 ! txn_stock_level (tpcc.cc:3398):     ERROR warehouse_id:2, cid:81639, maxbytes:2
20251110-03:35.53-784956(us) 19324 ! txn_stock_level (tpcc.cc:3398):     ERROR warehouse_id:2, cid:81639, maxbytes:2
20251110-03:35.53-784976(us) 19324 ! txn_stock_level (tpcc.cc:3398):     ERROR warehouse_id:2, cid:81639, maxbytes:2
20251110-03:35.53-785100(us) 19324 ! txn_stock_level (tpcc.cc:3398):     ERROR warehouse_id:2, cid:81639, maxbytes:2
20251110-03:35.53-928983(us) 19324 ! txn_stock_level (tpcc.cc:3398):     ERROR warehouse_id:2, cid:97765, maxbytes:2
20251110-03:35.53-929015(us) 19324 ! txn_stock_level (tpcc.cc:3398):     ERROR warehouse_id:2, cid:97765, maxbytes:2
20251110-03:35.53-929055(us) 19324 ! txn_stock_level (tpcc.cc:3398):     ERROR warehouse_id:2, cid:97765, maxbytes:2
20251110-03:35.53-929212(us) 19324 ! txn_stock_level (tpcc.cc:3398):     ERROR warehouse_id:2, cid:97765, maxbytes:2
20251110-03:35.54-43783(us) 19324 ! txn_stock_level (tpcc.cc:3398):     ERROR warehouse_id:1, cid:14055, maxbytes:2
20251110-03:35.54-45963(us) 19324 ! txn_stock_level (tpcc.cc:3398):     ERROR warehouse_id:1, cid:14055, maxbytes:2
20251110-03:35.54-46137(us) 19324 ! txn_stock_level (tpcc.cc:3398):     ERROR warehouse_id:1, cid:14055, maxbytes:2
20251110-03:35.54-46196(us) 19324 ! txn_stock_level (tpcc.cc:3398):     ERROR warehouse_id:1, cid:14055, maxbytes:2
20251110-03:35.54-46224(us) 19324 ! txn_stock_level (tpcc.cc:3398):     ERROR warehouse_id:1, cid:14055, maxbytes:2
20251110-03:35.54-46399(us) 19324 ! txn_stock_level (tpcc.cc:3398):     ERROR warehouse_id:1, cid:14055, maxbytes:2
20251110-03:35.54-60680(us) 19324 ! txn_stock_level (tpcc.cc:3398):     ERROR warehouse_id:1, cid:6211, maxbytes:2
20251110-03:35.54-61907(us) 19324 ! txn_stock_level (tpcc.cc:3398):     ERROR warehouse_id:1, cid:6211, maxbytes:2
20251110-03:35.54-62092(us) 19324 ! txn_stock_level (tpcc.cc:3398):     ERROR warehouse_id:1, cid:6211, maxbytes:2
20251110-03:35.54-63066(us) 19324 ! txn_stock_level (tpcc.cc:3398):     ERROR warehouse_id:1, cid:6211, maxbytes:2
20251110-03:35.54-65642(us) 19324 ! txn_stock_level (tpcc.cc:3398):     ERROR warehouse_id:1, cid:23263, maxbytes:2
20251110-03:35.54-65740(us) 19324 ! txn_stock_level (tpcc.cc:3398):     ERROR warehouse_id:1, cid:23263, maxbytes:2
20251110-03:35.54-210622(us) 19324 ! txn_stock_level (tpcc.cc:3398):     ERROR warehouse_id:2, cid:6211, maxbytes:2
20251110-03:35.54-212916(us) 19324 ! txn_stock_level (tpcc.cc:3398):     ERROR warehouse_id:2, cid:6211, maxbytes:2
20251110-03:35.54-213018(us) 19324 ! txn_stock_level (tpcc.cc:3398):     ERROR warehouse_id:2, cid:6211, maxbytes:2
20251110-03:35.54-213151(us) 19324 ! txn_stock_level (tpcc.cc:3398):     ERROR warehouse_id:2, cid:6211, maxbytes:2
20251110-03:35.54-213217(us) 19324 ! txn_stock_level (tpcc.cc:3398):     ERROR warehouse_id:2, cid:6211, maxbytes:2
20251110-03:35.54-213261(us) 19324 ! txn_stock_level (tpcc.cc:3398):     ERROR warehouse_id:2, cid:6211, maxbytes:2
20251110-03:35.54-213368(us) 19324 ! txn_stock_level (tpcc.cc:3398):     ERROR warehouse_id:2, cid:6211, maxbytes:2
20251110-03:35.54-213408(us) 19324 ! txn_stock_level (tpcc.cc:3398):     ERROR warehouse_id:2, cid:6211, maxbytes:2
20251110-03:35.54-213614(us) 19324 ! txn_stock_level (tpcc.cc:3398):     ERROR warehouse_id:2, cid:6211, maxbytes:2
20251110-03:35.54-213651(us) 19324 ! txn_stock_level (tpcc.cc:3398):     ERROR warehouse_id:2, cid:6211, maxbytes:2
20251110-03:35.54-213686(us) 19324 ! txn_stock_level (tpcc.cc:3398):     ERROR warehouse_id:2, cid:6211, maxbytes:2
20251110-03:35.54-213895(us) 19324 ! txn_stock_level (tpcc.cc:3398):     ERROR warehouse_id:2, cid:6211, maxbytes:2
20251110-03:35.54-213948(us) 19324 ! txn_stock_level (tpcc.cc:3398):     ERROR warehouse_id:2, cid:6211, maxbytes:2
20251110-03:35.54-214055(us) 19324 ! txn_stock_level (tpcc.cc:3398):     ERROR warehouse_id:2, cid:6211, maxbytes:2
20251110-03:35.54-214120(us) 19324 ! txn_stock_level (tpcc.cc:3398):     ERROR warehouse_id:2, cid:6211, maxbytes:2
20251110-03:35.54-214139(us) 19324 ! txn_stock_level (tpcc.cc:3398):     ERROR warehouse_id:2, cid:6211, maxbytes:2
20251110-03:35.54-215119(us) 19324 ! txn_stock_level (tpcc.cc:3398):     ERROR warehouse_id:2, cid:6211, maxbytes:2
20251110-03:35.54-271841(us) 19324 ! run             (bench.cc:473):     runtime time left:2000 ms, bool:1
20251110-03:35.54-321139(us) 19324 ! txn_stock_level (tpcc.cc:3398):     ERROR warehouse_id:1, cid:73447, maxbytes:2
20251110-03:35.54-321393(us) 19324 ! txn_stock_level (tpcc.cc:3398):     ERROR warehouse_id:1, cid:73447, maxbytes:2
20251110-03:35.54-322577(us) 19324 ! txn_stock_level (tpcc.cc:3398):     ERROR warehouse_id:1, cid:73447, maxbytes:2
20251110-03:35.54-690220(us) 19324 ! txn_stock_level (tpcc.cc:3398):     ERROR warehouse_id:2, cid:5191, maxbytes:2
20251110-03:35.54-690337(us) 19324 ! txn_stock_level (tpcc.cc:3398):     ERROR warehouse_id:2, cid:5191, maxbytes:2
20251110-03:35.54-690366(us) 19324 ! txn_stock_level (tpcc.cc:3398):     ERROR warehouse_id:2, cid:5191, maxbytes:2
20251110-03:35.54-690454(us) 19324 ! txn_stock_level (tpcc.cc:3398):     ERROR warehouse_id:2, cid:5191, maxbytes:2
20251110-03:35.54-691646(us) 19324 ! txn_stock_level (tpcc.cc:3398):     ERROR warehouse_id:2, cid:5191, maxbytes:2
20251110-03:35.54-691866(us) 19324 ! txn_stock_level (tpcc.cc:3398):     ERROR warehouse_id:2, cid:5191, maxbytes:2
20251110-03:35.54-691887(us) 19324 ! txn_stock_level (tpcc.cc:3398):     ERROR warehouse_id:2, cid:5191, maxbytes:2
20251110-03:35.54-691915(us) 19324 ! txn_stock_level (tpcc.cc:3398):     ERROR warehouse_id:2, cid:5191, maxbytes:2
20251110-03:35.54-691934(us) 19324 ! txn_stock_level (tpcc.cc:3398):     ERROR warehouse_id:2, cid:5191, maxbytes:2
20251110-03:35.54-692042(us) 19324 ! txn_stock_level (tpcc.cc:3398):     ERROR warehouse_id:2, cid:5191, maxbytes:2
20251110-03:35.54-918602(us) 19324 ! txn_stock_level (tpcc.cc:3398):     ERROR warehouse_id:2, cid:89318, maxbytes:2
20251110-03:35.54-918780(us) 19324 ! txn_stock_level (tpcc.cc:3398):     ERROR warehouse_id:2, cid:89318, maxbytes:2
20251110-03:35.54-918807(us) 19324 ! txn_stock_level (tpcc.cc:3398):     ERROR warehouse_id:2, cid:89318, maxbytes:2
20251110-03:35.54-918978(us) 19324 ! txn_stock_level (tpcc.cc:3398):     ERROR warehouse_id:2, cid:89318, maxbytes:2
20251110-03:35.54-919166(us) 19324 ! txn_stock_level (tpcc.cc:3398):     ERROR warehouse_id:2, cid:89318, maxbytes:2
20251110-03:35.54-920949(us) 19324 ! txn_stock_level (tpcc.cc:3398):     ERROR warehouse_id:2, cid:89318, maxbytes:2
20251110-03:35.54-921133(us) 19324 ! txn_stock_level (tpcc.cc:3398):     ERROR warehouse_id:2, cid:89318, maxbytes:2
20251110-03:35.54-921151(us) 19324 ! txn_stock_level (tpcc.cc:3398):     ERROR warehouse_id:2, cid:89318, maxbytes:2
20251110-03:35.54-921356(us) 19324 ! txn_stock_level (tpcc.cc:3398):     ERROR warehouse_id:2, cid:89318, maxbytes:2
20251110-03:35.54-922276(us) 19324 ! txn_stock_level (tpcc.cc:3398):     ERROR warehouse_id:2, cid:89318, maxbytes:2
20251110-03:35.54-923157(us) 19324 ! txn_stock_level (tpcc.cc:3398):     ERROR warehouse_id:2, cid:89318, maxbytes:2
20251110-03:35.54-923319(us) 19324 ! txn_stock_level (tpcc.cc:3398):     ERROR warehouse_id:2, cid:89318, maxbytes:2
20251110-03:35.54-923368(us) 19324 ! txn_stock_level (tpcc.cc:3398):     ERROR warehouse_id:2, cid:89318, maxbytes:2
20251110-03:35.54-923468(us) 19324 ! txn_stock_level (tpcc.cc:3398):     ERROR warehouse_id:2, cid:89318, maxbytes:2
20251110-03:35.54-924524(us) 19324 ! txn_stock_level (tpcc.cc:3398):     ERROR warehouse_id:2, cid:89318, maxbytes:2
20251110-03:35.54-924548(us) 19324 ! txn_stock_level (tpcc.cc:3398):     ERROR warehouse_id:2, cid:89318, maxbytes:2
20251110-03:35.54-924615(us) 19324 ! txn_stock_level (tpcc.cc:3398):     ERROR warehouse_id:2, cid:89318, maxbytes:2
20251110-03:35.54-924676(us) 19324 ! txn_stock_level (tpcc.cc:3398):     ERROR warehouse_id:2, cid:89318, maxbytes:2
20251110-03:35.54-924796(us) 19324 ! txn_stock_level (tpcc.cc:3398):     ERROR warehouse_id:2, cid:89318, maxbytes:2
20251110-03:35.54-924860(us) 19324 ! txn_stock_level (tpcc.cc:3398):     ERROR warehouse_id:2, cid:89318, maxbytes:2
20251110-03:35.54-924925(us) 19324 ! txn_stock_level (tpcc.cc:3398):     ERROR warehouse_id:2, cid:89318, maxbytes:2
20251110-03:35.54-924990(us) 19324 ! txn_stock_level (tpcc.cc:3398):     ERROR warehouse_id:2, cid:89318, maxbytes:2
20251110-03:35.54-925049(us) 19324 ! txn_stock_level (tpcc.cc:3398):     ERROR warehouse_id:2, cid:89318, maxbytes:2
20251110-03:35.54-927301(us) 19324 ! txn_stock_level (tpcc.cc:3398):     ERROR warehouse_id:2, cid:89318, maxbytes:2
20251110-03:35.54-927512(us) 19324 ! txn_stock_level (tpcc.cc:3398):     ERROR warehouse_id:2, cid:89318, maxbytes:2
20251110-03:35.54-927633(us) 19324 ! txn_stock_level (tpcc.cc:3398):     ERROR warehouse_id:2, cid:89318, maxbytes:2
20251110-03:35.54-927646(us) 19324 ! txn_stock_level (tpcc.cc:3398):     ERROR warehouse_id:2, cid:89318, maxbytes:2
20251110-03:35.54-927687(us) 19324 ! txn_stock_level (tpcc.cc:3398):     ERROR warehouse_id:2, cid:89318, maxbytes:2
20251110-03:35.54-927916(us) 19324 ! txn_stock_level (tpcc.cc:3398):     ERROR warehouse_id:2, cid:89318, maxbytes:2
20251110-03:35.54-930648(us) 19324 ! txn_stock_level (tpcc.cc:3398):     ERROR warehouse_id:2, cid:89318, maxbytes:2
20251110-03:35.54-931990(us) 19324 ! txn_stock_level (tpcc.cc:3398):     ERROR warehouse_id:2, cid:89318, maxbytes:2
20251110-03:35.54-934122(us) 19324 ! txn_stock_level (tpcc.cc:3398):     ERROR warehouse_id:2, cid:89318, maxbytes:2
20251110-03:35.54-968199(us) 19324 ! txn_stock_level (tpcc.cc:3398):     ERROR warehouse_id:2, cid:63207, maxbytes:2
20251110-03:35.54-972296(us) 19324 ! txn_stock_level (tpcc.cc:3398):     ERROR warehouse_id:2, cid:63207, maxbytes:2
20251110-03:35.54-972344(us) 19324 ! txn_stock_level (tpcc.cc:3398):     ERROR warehouse_id:2, cid:32471, maxbytes:2
20251110-03:35.54-972383(us) 19324 ! txn_stock_level (tpcc.cc:3398):     ERROR warehouse_id:2, cid:32471, maxbytes:2
20251110-03:35.54-972435(us) 19324 ! txn_stock_level (tpcc.cc:3398):     ERROR warehouse_id:2, cid:63207, maxbytes:2
20251110-03:35.54-973289(us) 19324 ! txn_stock_level (tpcc.cc:3398):     ERROR warehouse_id:2, cid:63207, maxbytes:2
20251110-03:35.54-975085(us) 19324 ! txn_stock_level (tpcc.cc:3398):     ERROR warehouse_id:2, cid:63207, maxbytes:2
20251110-03:35.54-975145(us) 19324 ! txn_stock_level (tpcc.cc:3398):     ERROR warehouse_id:2, cid:63207, maxbytes:2
20251110-03:35.54-976064(us) 19324 ! txn_stock_level (tpcc.cc:3398):     ERROR warehouse_id:2, cid:63207, maxbytes:2
20251110-03:35.54-976177(us) 19324 ! txn_stock_level (tpcc.cc:3398):     ERROR warehouse_id:2, cid:32471, maxbytes:2
20251110-03:35.54-976322(us) 19324 ! txn_stock_level (tpcc.cc:3398):     ERROR warehouse_id:2, cid:63207, maxbytes:2
20251110-03:35.54-976455(us) 19324 ! txn_stock_level (tpcc.cc:3398):     ERROR warehouse_id:2, cid:32471, maxbytes:2
20251110-03:35.54-976473(us) 19324 ! txn_stock_level (tpcc.cc:3398):     ERROR warehouse_id:2, cid:63207, maxbytes:2
20251110-03:35.54-976599(us) 19324 ! txn_stock_level (tpcc.cc:3398):     ERROR warehouse_id:2, cid:32471, maxbytes:2
20251110-03:35.54-976648(us) 19324 ! txn_stock_level (tpcc.cc:3398):     ERROR warehouse_id:2, cid:32471, maxbytes:2
20251110-03:35.54-976654(us) 19324 ! txn_stock_level (tpcc.cc:3398):     ERROR warehouse_id:2, cid:32471, maxbytes:2
20251110-03:35.54-976661(us) 19324 ! txn_stock_level (tpcc.cc:3398):     ERROR warehouse_id:2, cid:32471, maxbytes:2
20251110-03:35.54-976711(us) 19324 ! txn_stock_level (tpcc.cc:3398):     ERROR warehouse_id:2, cid:32471, maxbytes:2
20251110-03:35.55-277383(us) 19324 ! run             (bench.cc:473):     runtime time left:1000 ms, bool:1
20251110-03:35.55-473034(us) 19324 ! txn_stock_level (tpcc.cc:3398):     ERROR warehouse_id:2, cid:23271, maxbytes:2
20251110-03:35.55-473147(us) 19324 ! txn_stock_level (tpcc.cc:3398):     ERROR warehouse_id:2, cid:23271, maxbytes:2
20251110-03:35.55-474266(us) 19324 ! txn_stock_level (tpcc.cc:3398):     ERROR warehouse_id:2, cid:23271, maxbytes:2
20251110-03:35.55-476833(us) 19324 ! txn_stock_level (tpcc.cc:3398):     ERROR warehouse_id:2, cid:23271, maxbytes:2
20251110-03:35.55-758999(us) 19324 ! txn_stock_level (tpcc.cc:3398):     ERROR warehouse_id:2, cid:73447, maxbytes:2
20251110-03:35.55-760033(us) 19324 ! txn_stock_level (tpcc.cc:3398):     ERROR warehouse_id:2, cid:73447, maxbytes:2
20251110-03:35.55-760106(us) 19324 ! txn_stock_level (tpcc.cc:3398):     ERROR warehouse_id:2, cid:73447, maxbytes:2
20251110-03:35.55-760138(us) 19324 ! txn_stock_level (tpcc.cc:3398):     ERROR warehouse_id:2, cid:73447, maxbytes:2
20251110-03:35.55-760212(us) 19324 ! txn_stock_level (tpcc.cc:3398):     ERROR warehouse_id:2, cid:73447, maxbytes:2
20251110-03:35.55-760225(us) 19324 ! txn_stock_level (tpcc.cc:3398):     ERROR warehouse_id:2, cid:73447, maxbytes:2
20251110-03:35.55-760240(us) 19324 ! txn_stock_level (tpcc.cc:3398):     ERROR warehouse_id:2, cid:73447, maxbytes:2
20251110-03:35.55-760272(us) 19324 ! txn_stock_level (tpcc.cc:3398):     ERROR warehouse_id:2, cid:73447, maxbytes:2
20251110-03:35.55-761169(us) 19324 ! txn_stock_level (tpcc.cc:3398):     ERROR warehouse_id:2, cid:73447, maxbytes:2
20251110-03:35.55-762041(us) 19324 ! txn_stock_level (tpcc.cc:3398):     ERROR warehouse_id:2, cid:73447, maxbytes:2
20251110-03:35.55-762215(us) 19324 ! txn_stock_level (tpcc.cc:3398):     ERROR warehouse_id:2, cid:73447, maxbytes:2
20251110-03:35.55-762268(us) 19324 ! txn_stock_level (tpcc.cc:3398):     ERROR warehouse_id:2, cid:73447, maxbytes:2
20251110-03:35.55-762317(us) 19324 ! txn_stock_level (tpcc.cc:3398):     ERROR warehouse_id:2, cid:73447, maxbytes:2
20251110-03:35.55-762466(us) 19324 ! txn_stock_level (tpcc.cc:3398):     ERROR warehouse_id:2, cid:73447, maxbytes:2
20251110-03:35.55-762482(us) 19324 ! txn_stock_level (tpcc.cc:3398):     ERROR warehouse_id:2, cid:73447, maxbytes:2
20251110-03:35.55-762512(us) 19324 ! txn_stock_level (tpcc.cc:3398):     ERROR warehouse_id:2, cid:73447, maxbytes:2
20251110-03:35.55-762531(us) 19324 ! txn_stock_level (tpcc.cc:3398):     ERROR warehouse_id:2, cid:73447, maxbytes:2
20251110-03:35.55-765035(us) 19324 ! txn_stock_level (tpcc.cc:3398):     ERROR warehouse_id:2, cid:73447, maxbytes:2
20251110-03:35.55-765144(us) 19324 ! txn_stock_level (tpcc.cc:3398):     ERROR warehouse_id:2, cid:73447, maxbytes:2
20251110-03:35.55-765166(us) 19324 ! txn_stock_level (tpcc.cc:3398):     ERROR warehouse_id:2, cid:73447, maxbytes:2
20251110-03:35.55-765180(us) 19324 ! txn_stock_level (tpcc.cc:3398):     ERROR warehouse_id:2, cid:73447, maxbytes:2
20251110-03:35.55-765202(us) 19324 ! txn_stock_level (tpcc.cc:3398):     ERROR warehouse_id:2, cid:73447, maxbytes:2
20251110-03:35.55-765241(us) 19324 ! txn_stock_level (tpcc.cc:3398):     ERROR warehouse_id:2, cid:73447, maxbytes:2
20251110-03:35.55-765267(us) 19324 ! txn_stock_level (tpcc.cc:3398):     ERROR warehouse_id:2, cid:73447, maxbytes:2
20251110-03:35.55-765283(us) 19324 ! txn_stock_level (tpcc.cc:3398):     ERROR warehouse_id:2, cid:73447, maxbytes:2
20251110-03:35.55-765382(us) 19324 ! txn_stock_level (tpcc.cc:3398):     ERROR warehouse_id:2, cid:73447, maxbytes:2
20251110-03:35.55-765407(us) 19324 ! txn_stock_level (tpcc.cc:3398):     ERROR warehouse_id:2, cid:73447, maxbytes:2
20251110-03:35.55-765644(us) 19324 ! txn_stock_level (tpcc.cc:3398):     ERROR warehouse_id:2, cid:73447, maxbytes:2
20251110-03:35.55-765672(us) 19324 ! txn_stock_level (tpcc.cc:3398):     ERROR warehouse_id:2, cid:73447, maxbytes:2
20251110-03:35.55-787944(us) 19324 ! txn_stock_level (tpcc.cc:3398):     ERROR warehouse_id:2, cid:73447, maxbytes:2
20251110-03:35.55-787991(us) 19324 ! txn_stock_level (tpcc.cc:3398):     ERROR warehouse_id:2, cid:73447, maxbytes:2
20251110-03:35.55-788039(us) 19324 ! txn_stock_level (tpcc.cc:3398):     ERROR warehouse_id:2, cid:73447, maxbytes:2
20251110-03:35.55-788092(us) 19324 ! txn_stock_level (tpcc.cc:3398):     ERROR warehouse_id:2, cid:73447, maxbytes:2
20251110-03:35.55-788942(us) 19324 ! txn_stock_level (tpcc.cc:3398):     ERROR warehouse_id:2, cid:73447, maxbytes:2
20251110-03:35.56-282841(us) 19324 ! run             (bench.cc:483):     runtime_plus:0
[SHUTDOWN] Setting running=false to stop database worker threads
[SHUTDOWN] Calling first stop() to stop client transports
20251110-03:35.56-282887(us) 19324 ! stop            (bench.cc:332):     stop all erpc clients. set stop=false
20251110-03:35.56-282894(us) 19324 * Stop            (rrr_rpc_backend.cc:599): RrrRpcBackend::Stop: BEGIN - Setting stop flag
20251110-03:35.56-282899(us) 19324 * Stop            (rrr_rpc_backend.cc:602): RrrRpcBackend::Stop: Waiting for event loop to exit...
20251110-03:35.56-282904(us) 19324 * Stop            (rrr_rpc_backend.cc:618): RrrRpcBackend::Stop: Event loop exited successfully
20251110-03:35.56-282908(us) 19324 * Stop            (rrr_rpc_backend.cc:622): RrrRpcBackend::Stop: Signaling 0 request queues to stop
20251110-03:35.56-282916(us) 19324 * Stop            (rrr_rpc_backend.cc:630): RrrRpcBackend::Stop: Signaling 0 response queues to stop
20251110-03:35.56-282923(us) 19324 * Stop            (rrr_rpc_backend.cc:641): RrrRpcBackend::Stop: Server cleanup deferred to destructor
20251110-03:35.56-282928(us) 19324 * Stop            (rrr_rpc_backend.cc:644): RrrRpcBackend::Stop: Closing client connections
20251110-03:35.56-282935(us) 19324 * Stop            (rrr_rpc_backend.cc:648): RrrRpcBackend::Stop: Found 2 client connections to close
20251110-03:35.56-282947(us) 19324 ! SendBatchToAll  (rrr_rpc_backend.cc:440): RrrRpcBackend::SendBatchToAll: stop requested, not sending (req_type=10)
20251110-03:35.56-282971(us) 19324 ! SendToAll       (rrr_rpc_backend.cc:340): RrrRpcBackend::SendToAll: stop requested, not sending (req_type=8)
20251110-03:35.56-282977(us) 19324 ! SendToAll       (rrr_rpc_backend.cc:340): RrrRpcBackend::SendToAll: stop requested, not sending (req_type=3)
20251110-03:35.56-282983(us) 19324 ! SendToAll       (rrr_rpc_backend.cc:340): RrrRpcBackend::SendToAll: stop requested, not sending (req_type=4)
jump out the while loop
20251110-03:35.56-282995(us) 19324 * Stop            (rrr_rpc_backend.cc:668): RrrRpcBackend::Stop: Closed 2 client connections
20251110-03:35.56-283004(us) 19324 * Stop            (rrr_rpc_backend.cc:680): RrrRpcBackend stats: msg_size_resp_sent: 0 bytes, counter: 0, avg: -nan
20251110-03:35.56-283023(us) 19324 * Stop            (rrr_rpc_backend.cc:683): RrrRpcBackend::Stop: END
20251110-03:35.56-283035(us) 19324 * Stop            (rrr_rpc_backend.cc:599): RrrRpcBackend::Stop: BEGIN - Setting stop flag
20251110-03:35.56-283043(us) 19324 * Stop            (rrr_rpc_backend.cc:602): RrrRpcBackend::Stop: Waiting for event loop to exit...
20251110-03:35.56-283050(us) 19324 * Stop            (rrr_rpc_backend.cc:618): RrrRpcBackend::Stop: Event loop exited successfully
20251110-03:35.56-283054(us) 19324 * Stop            (rrr_rpc_backend.cc:622): RrrRpcBackend::Stop: Signaling 0 request queues to stop
20251110-03:35.56-283061(us) 19324 * Stop            (rrr_rpc_backend.cc:630): RrrRpcBackend::Stop: Signaling 0 response queues to stop
20251110-03:35.56-283066(us) 19324 * Stop            (rrr_rpc_backend.cc:641): RrrRpcBackend::Stop: Server cleanup deferred to destructor
20251110-03:35.56-283072(us) 19324 * Stop            (rrr_rpc_backend.cc:644): RrrRpcBackend::Stop: Closing client connections
20251110-03:35.56-283079(us) 19324 * Stop            (rrr_rpc_backend.cc:648): RrrRpcBackend::Stop: Found 2 client connections to close
20251110-03:35.56-283085(us) 19324 * PrintStats      (rrr_rpc_backend.cc:689): RrrRpcBackend request stats: msg_size_req_sent: 7067631 bytes, counter: 139632, avg: 50.616127
20251110-03:35.56-283116(us) 19324 * Stop            (rrr_rpc_backend.cc:668): RrrRpcBackend::Stop: Closed 2 client connections
20251110-03:35.56-283121(us) 19324 * Stop            (rrr_rpc_backend.cc:680): RrrRpcBackend stats: msg_size_resp_sent: 0 bytes, counter: 0, avg: -nan
20251110-03:35.56-283128(us) 19324 * Stop            (rrr_rpc_backend.cc:683): RrrRpcBackend::Stop: END
[SHUTDOWN] First stop() completed
[SHUTDOWN] Joining 2 worker threads
[SHUTDOWN] Joining worker 0
20251110-03:35.56-283140(us) 19324 ! SendToShard     (rrr_rpc_backend.cc:301): RrrRpcBackend::SendToShard: stop requested after wait, aborting
20251110-03:35.56-283162(us) 19324 ! SendToShard     (rrr_rpc_backend.cc:246): RrrRpcBackend::SendToShard: stop requested, not sending (req_type=1)
20251110-03:35.56-283185(us) 19324 ! SendBatchToAll  (rrr_rpc_backend.cc:440): RrrRpcBackend::SendBatchToAll: stop requested, not sending (req_type=10)
20251110-03:35.56-283193(us) 19324 ! SendToAll       (rrr_rpc_backend.cc:340): RrrRpcBackend::SendToAll: stop requested, not sending (req_type=8)
20251110-03:35.56-283199(us) 19324 ! SendToAll       (rrr_rpc_backend.cc:340): RrrRpcBackend::SendToAll: stop requested, not sending (req_type=3)
20251110-03:35.56-283205(us) 19324 ! SendToAll       (rrr_rpc_backend.cc:340): RrrRpcBackend::SendToAll: stop requested, not sending (req_type=4)
jump out the while loop
20251110-03:35.56-283214(us) 19324 * PrintStats      (rrr_rpc_backend.cc:689): RrrRpcBackend request stats: msg_size_req_sent: 6767334 bytes, counter: 131164, avg: 51.594447
[SHUTDOWN] Worker 0 joined
[SHUTDOWN] Joining worker 1
[SHUTDOWN] Worker 1 joined
[SHUTDOWN] All workers joined
[SHUTDOWN] Calling stop_erpc_server()
[STOP_SERVER] Stopping 2 server transports
[STOP_SERVER] Stopping server transport 0
20251110-03:35.57-283507(us) 19324 * Stop            (rrr_rpc_backend.cc:599): RrrRpcBackend::Stop: BEGIN - Setting stop flag
20251110-03:35.57-283532(us) 19324 * Stop            (rrr_rpc_backend.cc:602): RrrRpcBackend::Stop: Waiting for event loop to exit...
20251110-03:35.57-283664(us) 19324 * RunEventLoop    (rrr_rpc_backend.cc:583): RrrRpcBackend::RunEventLoop: Stop flag detected, exiting event loop
20251110-03:35.57-283691(us) 19324 * RunEventLoop    (rrr_rpc_backend.cc:587): RrrRpcBackend::RunEventLoop: Exited cleanly
20251110-03:35.57-283698(us) 19324 * erpc_server     (rpc_setup.cc:121): the erpc_server is terminated on shardIdx:1, alpha:0!
20251110-03:35.57-293615(us) 19324 * Stop            (rrr_rpc_backend.cc:618): RrrRpcBackend::Stop: Event loop exited successfully
20251110-03:35.57-293631(us) 19324 * Stop            (rrr_rpc_backend.cc:622): RrrRpcBackend::Stop: Signaling 2 request queues to stop
20251110-03:35.57-293643(us) 19324 * Stop            (rrr_rpc_backend.cc:625): RrrRpcBackend::Stop: Stopping request queue for server_id 4
20251110-03:35.57-293663(us) 19324 * Stop            (rrr_rpc_backend.cc:625): RrrRpcBackend::Stop: Stopping request queue for server_id 0
20251110-03:35.57-293675(us) 19324 * Stop            (rrr_rpc_backend.cc:630): RrrRpcBackend::Stop: Signaling 2 response queues to stop
20251110-03:35.57-293680(us) 19324 * Stop            (rrr_rpc_backend.cc:633): RrrRpcBackend::Stop: Stopping response queue for server_id 4
20251110-03:35.57-293685(us) 19324 * Stop            (rrr_rpc_backend.cc:633): RrrRpcBackend::Stop: Stopping response queue for server_id 0
20251110-03:35.57-293689(us) 19324 * Stop            (rrr_rpc_backend.cc:641): RrrRpcBackend::Stop: Server cleanup deferred to destructor
20251110-03:35.57-293693(us) 19324 * Stop            (rrr_rpc_backend.cc:644): RrrRpcBackend::Stop: Closing client connections
20251110-03:35.57-293698(us) 19324 * Stop            (rrr_rpc_backend.cc:648): RrrRpcBackend::Stop: Found 0 client connections to close
20251110-03:35.57-293702(us) 19324 * Stop            (rrr_rpc_backend.cc:668): RrrRpcBackend::Stop: Closed 0 client connections
20251110-03:35.57-293706(us) 19324 * Stop            (rrr_rpc_backend.cc:680): RrrRpcBackend stats: msg_size_resp_sent: 5212711 bytes, counter: 139463, avg: 37.377018
20251110-03:35.57-293714(us) 19324 * Stop            (rrr_rpc_backend.cc:683): RrrRpcBackend::Stop: END
[STOP_SERVER] Server transport 0 stopped
[STOP_SERVER] Stopping server transport 1
20251110-03:35.57-293729(us) 19324 * Stop            (rrr_rpc_backend.cc:599): RrrRpcBackend::Stop: BEGIN - Setting stop flag
20251110-03:35.57-293733(us) 19324 * Stop            (rrr_rpc_backend.cc:602): RrrRpcBackend::Stop: Waiting for event loop to exit...
20251110-03:35.57-293808(us) 19324 * RunEventLoop    (rrr_rpc_backend.cc:583): RrrRpcBackend::RunEventLoop: Stop flag detected, exiting event loop
20251110-03:35.57-293828(us) 19324 * RunEventLoop    (rrr_rpc_backend.cc:587): RrrRpcBackend::RunEventLoop: Exited cleanly
20251110-03:35.57-293835(us) 19324 * erpc_server     (rpc_setup.cc:121): the erpc_server is terminated on shardIdx:1, alpha:1!
20251110-03:35.57-303758(us) 19324 * Stop            (rrr_rpc_backend.cc:618): RrrRpcBackend::Stop: Event loop exited successfully
20251110-03:35.57-303773(us) 19324 * Stop            (rrr_rpc_backend.cc:622): RrrRpcBackend::Stop: Signaling 2 request queues to stop
20251110-03:35.57-303778(us) 19324 * Stop            (rrr_rpc_backend.cc:625): RrrRpcBackend::Stop: Stopping request queue for server_id 5
20251110-03:35.57-303787(us) 19324 * Stop            (rrr_rpc_backend.cc:625): RrrRpcBackend::Stop: Stopping request queue for server_id 1
20251110-03:35.57-303795(us) 19324 * Stop            (rrr_rpc_backend.cc:630): RrrRpcBackend::Stop: Signaling 2 response queues to stop
20251110-03:35.57-303799(us) 19324 * Stop            (rrr_rpc_backend.cc:633): RrrRpcBackend::Stop: Stopping response queue for server_id 5
20251110-03:35.57-303803(us) 19324 * Stop            (rrr_rpc_backend.cc:633): RrrRpcBackend::Stop: Stopping response queue for server_id 1
20251110-03:35.57-303808(us) 19324 * Stop            (rrr_rpc_backend.cc:641): RrrRpcBackend::Stop: Server cleanup deferred to destructor
20251110-03:35.57-303812(us) 19324 * Stop            (rrr_rpc_backend.cc:644): RrrRpcBackend::Stop: Closing client connections
20251110-03:35.57-303816(us) 19324 * Stop            (rrr_rpc_backend.cc:648): RrrRpcBackend::Stop: Found 0 client connections to close
20251110-03:35.57-303820(us) 19324 * Stop            (rrr_rpc_backend.cc:668): RrrRpcBackend::Stop: Closed 0 client connections
20251110-03:35.57-303824(us) 19324 * Stop            (rrr_rpc_backend.cc:680): RrrRpcBackend stats: msg_size_resp_sent: 4739970 bytes, counter: 127800, avg: 37.088967
20251110-03:35.57-303830(us) 19324 * Stop            (rrr_rpc_backend.cc:683): RrrRpcBackend::Stop: END
[STOP_SERVER] Server transport 1 stopped
[STOP_SERVER] All server transports stopped
[SHUTDOWN] stop_erpc_server() completed
[SHUTDOWN] Calling second stop()
20251110-03:35.57-303851(us) 19324 ! stop            (bench.cc:332):     stop all erpc clients. set stop=false
[SHUTDOWN] Second stop() completed
[SHUTDOWN] Calling do_txn_finish()
[SHUTDOWN] do_txn_finish() completed
--- n_commits per partition ---
 par_id: 0, n_commits: 1201475
 par_id: 1, n_commits: 1285451
--- benchmark statistics ---
runtime: 30.1879 sec
memory delta: 10374.8 MB
n_commits: 2486926
latency_numer_us: 13212822
latency_numer_us_remote: 44356181
memory delta rate: 343.673 MB/sec
logical memory delta: 35.4699 MB
logical memory delta rate: 1.17497 MB/sec
agg_nosync_throughput: 82381.6 ops/sec
avg_nosync_per_core_throughput: 41190.8 ops/sec/core
agg_throughput: 82381.6 ops/sec
avg_per_core_throughput: 41190.8 ops/sec/core
agg_persist_throughput: 82381.6 ops/sec
avg_per_core_persist_throughput: 41190.8 ops/sec/core
avg_latency: 0.00531291 ms
avg_persist_latency: 0 ms
agg_abort_rate: 2547.31 aborts/sec
avg_per_core_abort_rate: 1273.66 aborts/sec/core
  NewOrder_local_commit_latency: 0.0226809 ms
  NewOrder_local_abort_latency: 0.0123788 ms
  NewOrder_local_abort_ratio: 0.0290989
  Payment_local_commit_latency: 0.0068009 ms
  Payment_local_abort_latency: 0.00288112 ms
  Payment_local_abort_ratio: 0.00179936
  OrderStatus_local_commit_latency: 0.00423968 ms
  OrderStatus_local_abort_latency: 0.0017666 ms
  OrderStatus_local_abort_ratio: 0.00280911
  StockLevel_local_commit_latency: 0.00342883 ms
  StockLevel_local_abort_latency: 0.00213325 ms
  StockLevel_local_abort_ratio: 0.0642143
  NewOrder_remote_ratio: 7.61732 %
  NewOrder_remote_abort_ratio: 3.87279 %
  NewOrder_remote_commit_latency: 0.826754 ms
  NewOrder_remote_abort_latency: 0.224626 ms
  Payment_remote_ratio: 12.0341 %
  Payment_remote_abort_ratio: 0.326396 %
  Payment_remote_commit_latency: 0.936602 ms
  Payment_remote_abort_latency: 10.3742 ms
--- system counters (for benchmark) ---
--- perf counters (if enabled, for benchmark) ---
--- allocator stats ---
[allocator] ncpus=2
[allocator] cpu=0 fully_faulted?=0 remaining=536870912 bytes
[allocator] cpu=1 fully_faulted?=0 remaining=536870912 bytes
---------------------------------------
--- system counters for n_comits ---
[STOP_SERVER] Stopping 2 server transports
[STOP_SERVER] Stopping server transport 0
20251110-03:35.57-304118(us) 19324 * Stop            (rrr_rpc_backend.cc:595): RrrRpcBackend::Stop: Already stopped, returning
[STOP_SERVER] Server transport 0 stopped
[STOP_SERVER] Stopping server transport 1
20251110-03:35.57-304128(us) 19324 * Stop            (rrr_rpc_backend.cc:595): RrrRpcBackend::Stop: Already stopped, returning
[STOP_SERVER] Server transport 1 stopped
[STOP_SERVER] All server transports stopped
20251110-03:35.57-304141(us) 19324 ! send_end_signal (mako.hh:834):      ######--------------###### send endLlogs #####---------------######
20251110-03:35.57-304153(us) 19324 * db_close        (mako.hh:861):      Leader sent end signal, waiting 3 seconds for propagation...
20251110-03:35.57-355083(us) 19324 ! operator()      (mako.hh:391):      Recieved a zero length log
20251110-03:35.57-355378(us) 19324 ! operator()      (mako.hh:391):      Recieved a zero length log
I [/opt/actions-runner/_work/mako-fast-reads/mako-fast-reads/src/deptran/paxos_worker.cc:140] 2025-12-10 03:35:57.355 | Recieved a zero length log
I [/opt/actions-runner/_work/mako-fast-reads/mako-fast-reads/src/deptran/paxos_worker.cc:140] 2025-12-10 03:35:57.355 | Recieved a zero length log
I [/opt/actions-runner/_work/mako-fast-reads/mako-fast-reads/src/deptran/paxos_main_helper.cc:999] 2025-12-10 03:36:02.304 | shutdown Server Control Service after task finish total submit 0
I [/opt/actions-runner/_work/mako-fast-reads/mako-fast-reads/src/deptran/benchmark_control_rpc.cc:43] 2025-12-10 03:36:02.304 | Shutdown Server Control Service
I [/opt/actions-runner/_work/mako-fast-reads/mako-fast-reads/src/deptran/benchmark_control_rpc.cc:43] 2025-12-10 03:36:02.304 | Shutdown Server Control Service
I [/opt/actions-runner/_work/mako-fast-reads/mako-fast-reads/src/deptran/paxos_main_helper.cc:311] 2025-12-10 03:36:02.304 | all server workers have shut down.
I [/opt/actions-runner/_work/mako-fast-reads/mako-fast-reads/src/deptran/paxos_worker.cc:288] 2025-12-10 03:36:02.404 | site s101 deleting services, num: 1 0 1067 1067
I [/opt/actions-runner/_work/mako-fast-reads/mako-fast-reads/src/deptran/paxos/server.h:47] 2025-12-10 03:36:02.454 | site par 0, loc 0: prepare 0, accept 1067, commit 1067
I [/opt/actions-runner/_work/mako-fast-reads/mako-fast-reads/src/deptran/paxos_worker.cc:288] 2025-12-10 03:36:02.465 | site s102 deleting services, num: 1 0 857 857
I [/opt/actions-runner/_work/mako-fast-reads/mako-fast-reads/src/deptran/paxos/server.h:47] 2025-12-10 03:36:02.515 | site par 1, loc 0: prepare 0, accept 857, commit 857
I [/opt/actions-runner/_work/mako-fast-reads/mako-fast-reads/src/deptran/paxos_worker.cc:649] 2025-12-10 03:36:02.573 | Ending worker with n_tot 1067 and n_current 1067
I [/opt/actions-runner/_work/mako-fast-reads/mako-fast-reads/src/deptran/paxos_worker.cc:649] 2025-12-10 03:36:02.585 | Ending worker with n_tot 857 and n_current 857
I [/opt/actions-runner/_work/mako-fast-reads/mako-fast-reads/src/deptran/paxos_main_helper.cc:332] 2025-12-10 03:36:02.596 | exit process.
END of advancer
END of advancer
