=========================================
Configuration:
=========================================
  Number of shards:  3
  Shard index:       0
  Number of threads: 2
  Cluster:           localhost
  Micro benchmark:   disabled
  Replicated mode:   enabled
=========================================
20251110-03:35.14-574676(us) 19253 * ParseOldFormat  (configuration.cc:66): Using old configuration format
I [/opt/actions-runner/_work/mako-fast-reads/mako-fast-reads/src/deptran/paxos_main_helper.cc:78] 2025-12-10 03:35:14.575 | PWD : /opt/actions-runner/_work/mako-fast-reads/mako-fast-reads
I [/opt/actions-runner/_work/mako-fast-reads/mako-fast-reads/src/deptran/paxos_main_helper.cc:276] 2025-12-10 03:35:14.575 | starting process 19253
I [/opt/actions-runner/_work/mako-fast-reads/mako-fast-reads/src/deptran/config.cc:290] 2025-12-10 03:35:14.575 | LoadYML: config/1leader_2followers/paxos2_shardidx0.yml
I [/opt/actions-runner/_work/mako-fast-reads/mako-fast-reads/src/deptran/config.cc:290] 2025-12-10 03:35:14.575 | LoadYML: config/occ_paxos.yml
I [/opt/actions-runner/_work/mako-fast-reads/mako-fast-reads/src/deptran/paxos_main_helper.cc:285] 2025-12-10 03:35:14.575 | server_infos, number of sites: 2, proc_name: localhost
I [/opt/actions-runner/_work/mako-fast-reads/mako-fast-reads/src/deptran/paxos_main_helper.cc:291] 2025-12-10 03:35:14.580 | parition id of each Paxos group is 1, site-name: s102, site-id: 4
I [/opt/actions-runner/_work/mako-fast-reads/mako-fast-reads/src/deptran/paxos_main_helper.cc:291] 2025-12-10 03:35:14.586 | parition id of each Paxos group is 0, site-name: s101, site-id: 0
I [/opt/actions-runner/_work/mako-fast-reads/mako-fast-reads/src/deptran/paxos_main_helper.cc:297] 2025-12-10 03:35:14.586 | running machine-id: 0
I [/opt/actions-runner/_work/mako-fast-reads/mako-fast-reads/src/deptran/paxos_main_helper.cc:92] 2025-12-10 03:35:14.586 | launching site: 0, bind address 0.0.0.0:17001
I [/opt/actions-runner/_work/mako-fast-reads/mako-fast-reads/src/deptran/paxos_main_helper.cc:106] 2025-12-10 03:35:14.586 | waiting for server setup threads.
I [/opt/actions-runner/_work/mako-fast-reads/mako-fast-reads/src/deptran/paxos_main_helper.cc:92] 2025-12-10 03:35:14.586 | launching site: 4, bind address 0.0.0.0:17002
I [/opt/actions-runner/_work/mako-fast-reads/mako-fast-reads/src/deptran/paxos_worker.cc:198] 2025-12-10 03:35:14.586 | [service]loc_id: 0, name: s101, proc: localhost, id: 0
I [/opt/actions-runner/_work/mako-fast-reads/mako-fast-reads/src/deptran/paxos_worker.cc:198] 2025-12-10 03:35:14.586 | [service]loc_id: 0, name: s102, proc: localhost, id: 4
starting server at 0.0.0.0:17001
starting server at 0.0.0.0:17002
I [/opt/actions-runner/_work/mako-fast-reads/mako-fast-reads/src/deptran/paxos_worker.cc:221] 2025-12-10 03:35:14.586 | Server s102 ready at 0.0.0.0:17002
I [/opt/actions-runner/_work/mako-fast-reads/mako-fast-reads/src/deptran/paxos_worker.cc:221] 2025-12-10 03:35:14.586 | Server s101 ready at 0.0.0.0:17001
I [/opt/actions-runner/_work/mako-fast-reads/mako-fast-reads/src/deptran/communicator.cc:14] 2025-12-10 03:35:14.586 | setup paxos communicator
I [/opt/actions-runner/_work/mako-fast-reads/mako-fast-reads/src/deptran/communicator.cc:14] 2025-12-10 03:35:14.586 | setup paxos communicator
I [/opt/actions-runner/_work/mako-fast-reads/mako-fast-reads/src/deptran/communicator.cc:175] 2025-12-10 03:35:14.586 | connect to site: 127.0.0.1:17001 (attempt 0)
I [/opt/actions-runner/_work/mako-fast-reads/mako-fast-reads/src/deptran/communicator.cc:175] 2025-12-10 03:35:14.586 | connect to site: 127.0.0.1:17001 (attempt 0)
I [/opt/actions-runner/_work/mako-fast-reads/mako-fast-reads/src/deptran/communicator.cc:175] 2025-12-10 03:35:14.586 | connect to site: 127.0.0.1:17101 (attempt 0)
E [/opt/actions-runner/_work/mako-fast-reads/mako-fast-reads/src/rrr/rpc/client.cpp:194] 2025-12-10 03:35:14.586 | rrr::Client: connect(127.0.0.1:17101): Connection refused
I [/opt/actions-runner/_work/mako-fast-reads/mako-fast-reads/src/deptran/communicator.cc:175] 2025-12-10 03:35:14.587 | connect to site: 127.0.0.1:17101 (attempt 0)
E [/opt/actions-runner/_work/mako-fast-reads/mako-fast-reads/src/rrr/rpc/client.cpp:194] 2025-12-10 03:35:14.587 | rrr::Client: connect(127.0.0.1:17101): Connection refused
I [/opt/actions-runner/_work/mako-fast-reads/mako-fast-reads/src/deptran/communicator.cc:175] 2025-12-10 03:35:15.586 | connect to site: 127.0.0.1:17101 (attempt 1)
I [/opt/actions-runner/_work/mako-fast-reads/mako-fast-reads/src/deptran/communicator.cc:175] 2025-12-10 03:35:15.587 | connect to site: 127.0.0.1:17201 (attempt 0)
I [/opt/actions-runner/_work/mako-fast-reads/mako-fast-reads/src/deptran/communicator.cc:175] 2025-12-10 03:35:15.587 | connect to site: 127.0.0.1:17301 (attempt 0)
I [/opt/actions-runner/_work/mako-fast-reads/mako-fast-reads/src/deptran/communicator.cc:175] 2025-12-10 03:35:15.587 | connect to site: 127.0.0.1:17002 (attempt 0)
I [/opt/actions-runner/_work/mako-fast-reads/mako-fast-reads/src/deptran/communicator.cc:175] 2025-12-10 03:35:15.587 | connect to site: 127.0.0.1:17102 (attempt 0)
I [/opt/actions-runner/_work/mako-fast-reads/mako-fast-reads/src/deptran/communicator.cc:175] 2025-12-10 03:35:15.587 | connect to site: 127.0.0.1:17202 (attempt 0)
I [/opt/actions-runner/_work/mako-fast-reads/mako-fast-reads/src/deptran/communicator.cc:175] 2025-12-10 03:35:15.587 | connect to site: 127.0.0.1:17101 (attempt 1)
I [/opt/actions-runner/_work/mako-fast-reads/mako-fast-reads/src/deptran/communicator.cc:175] 2025-12-10 03:35:15.587 | connect to site: 127.0.0.1:17302 (attempt 0)
I [/opt/actions-runner/_work/mako-fast-reads/mako-fast-reads/src/deptran/paxos_main_helper.cc:103] 2025-12-10 03:35:15.587 | site 0 launched!
I [/opt/actions-runner/_work/mako-fast-reads/mako-fast-reads/src/deptran/communicator.cc:175] 2025-12-10 03:35:15.587 | connect to site: 127.0.0.1:17201 (attempt 0)
I [/opt/actions-runner/_work/mako-fast-reads/mako-fast-reads/src/deptran/communicator.cc:175] 2025-12-10 03:35:15.587 | connect to site: 127.0.0.1:17301 (attempt 0)
I [/opt/actions-runner/_work/mako-fast-reads/mako-fast-reads/src/deptran/communicator.cc:175] 2025-12-10 03:35:15.587 | connect to site: 127.0.0.1:17002 (attempt 0)
I [/opt/actions-runner/_work/mako-fast-reads/mako-fast-reads/src/deptran/communicator.cc:175] 2025-12-10 03:35:15.587 | connect to site: 127.0.0.1:17102 (attempt 0)
I [/opt/actions-runner/_work/mako-fast-reads/mako-fast-reads/src/deptran/communicator.cc:175] 2025-12-10 03:35:15.587 | connect to site: 127.0.0.1:17202 (attempt 0)
I [/opt/actions-runner/_work/mako-fast-reads/mako-fast-reads/src/deptran/communicator.cc:175] 2025-12-10 03:35:15.587 | connect to site: 127.0.0.1:17302 (attempt 0)
I [/opt/actions-runner/_work/mako-fast-rDisk persistence disabled by DISABLE_DISK flag
eads/mako-fast-reads/src/deptran/paxos_main_helper.cc:103] 2025-12-10 03:35:15.587 | site 4 launched!
I [/opt/actions-runner/_work/mako-fast-reads/mako-fast-reads/src/deptran/paxos_main_helper.cc:110] 2025-12-10 03:35:15.587 | done waiting for server setup threads.
I [/opt/actions-runner/_work/mako-fast-reads/mako-fast-reads/src/deptran/paxos_worker.cc:255] 2025-12-10 03:35:15.587 | heartbeat setup for s101 on 0.0.0.0:27001
I [/opt/actions-runner/_work/mako-fast-reads/mako-fast-reads/src/deptran/paxos_worker.cc:255] 2025-12-10 03:35:15.587 | heartbeat setup for s102 on 0.0.0.0:27002
I [/opt/actions-runner/_work/mako-fast-reads/mako-fast-reads/src/deptran/paxos_main_helper.cc:117] 2025-12-10 03:35:15.587 | server workers' communicators setup
allocator::Initialize()
  hugepgsize: 2097152
  use MADV_WILLNEED: 1
  mmap() region [0x769269a00000, 0x7692a9c00000)
cpu0 owns [0x769269a00000, 0x769289a00000)
cpu1 owns [0x769289a00000, 0x7692a9a00000)
Database Benchmark:
  pid: 19253
settings:
  num-cpus    : 32
  num-threads : 2
  shardIndex  : 0
  paxos_proc_name  : localhost
  nshards     : 3
  is_micro    : 0
  is_replicated : 1
  var-encode  : yes
  allocator   : jemalloc
system properties:
  tuple_prefetch          : no
  btree_node_prefetch     : yes
tpcc settings:
  cross_partition_transactions : 1
  read_only_snapshots          : 1
  partition_locks              : 0
  separate_tree_per_partition  : 1
  new_order_remote_item_pct    : 1
  new_order_fast_id_gen        : 1
  uniform_item_dist            : 0
  order_status_scan_hack       : 0
  workload_mix                 : [10, 10, 0, 40, 40]
new table is createded with name: customer_0, table-id: 1, on shard-server id:0
new table is createded with name: customer_1, table-id: 2, on shard-server id:0
new table is createded with name: customer_name_idx_0, table-id: 3, on shard-server id:0
new table is createded with name: customer_name_idx_1, table-id: 4, on shard-server id:0
new table is createded with name: district_0, table-id: 5, on shard-server id:0
new table is createded with name: district_1, table-id: 6, on shard-server id:0
new table is createded with name: history_0, table-id: 7, on shard-server id:0
new table is createded with name: history_1, table-id: 8, on shard-server id:0
new table is createded with name: new_order_0, table-id: 9, on shard-server id:0
new table is createded with name: new_order_1, table-id: 10, on shard-server id:0
new table is createded with name: oorder_0, table-id: 11, on shard-server id:0
new table is createded with name: oorder_1, table-id: 12, on shard-server id:0
new table is createded with name: oorder_c_id_idx_0, table-id: 13, on shard-server id:0
new table is createded with name: oorder_c_id_idx_1, table-id: 14, on shard-server id:0
new table is createded with name: order_line_0, table-id: 15, on shard-server id:0
new table is createded with name: order_line_1, table-id: 16, on shard-server id:0
new table is createded with name: stock_0, table-id: 17, on shard-server id:0
new table is createded with name: stock_1, table-id: 18, on shard-server id:0
new table is createded with name: stock_data_0, table-id: 19, on shard-server id:0
new table is createded with name: stock_data_1, table-id: 20, on shard-server id:0
new table is createded with name: warehouse_0, table-id: 21, on shard-server id:0
new table is createded with name: warehouse_1, table-id: 22, on shard-server id:0
new table is createded with name: item, table-id: 23, on shard-server id:0
new table is createded with name: customer_remote_3, table-id: 201, on shard-server id:1
new table is createded with name: customer_remote_4, table-id: 202, on shard-server id:1
new table is createded with name: customer_remote_5, table-id: 401, on shard-server id:2
new table is createded with name: customer_remote_6, table-id: 402, on shard-server id:2
new table is createded with name: customer_name_idx_remote_3, table-id: 203, on shard-server id:1
new table is createded with name: customer_name_idx_remote_4, table-id: 204, on shard-server id:1
new table is createded with name: customer_name_idx_remote_5, table-id: 403, on shard-server id:2
new table is createded with name: customer_name_idx_remote_6, table-id: 404, on shard-server id:2
new table is createded with name: district_remote_3, table-id: 205, on shard-server id:1
new table is createded with name: district_remote_4, table-id: 206, on shard-server id:1
new table is createded with name: district_remote_5, table-id: 405, on shard-server id:2
new table is createded with name: district_remote_6, table-id: 406, on shard-server id:2
new table is createded with name: history_remote_3, table-id: 207, on shard-server id:1
new table is createded with name: history_remote_4, table-id: 208, on shard-server id:1
new table is createded with name: history_remote_5, table-id: 407, on shard-server id:2
new table is createded with name: history_remote_6, table-id: 408, on shard-server id:2
new table is createded with name: new_order_remote_3, table-id: 209, on shard-server id:1
new table is createded with name: new_order_remote_4, table-id: 210, on shard-server id:1
new table is createded with name: new_order_remote_5, table-id: 409, on shard-server id:2
new table is createded with name: new_order_remote_6, table-id: 410, on shard-server id:2
new table is createded with name: oorder_remote_3, table-id: 211, on shard-server id:1
new table is createded with name: oorder_remote_4, table-id: 212, on shard-server id:1
new table is createded with name: oorder_remote_5, table-id: 411, on shard-server id:2
new table is createded with name: oorder_remote_6, table-id: 412, on shard-server id:2
new table is createded with name: oorder_c_id_idx_remote_3, table-id: 213, on shard-server id:1
new table is createded with name: oorder_c_id_idx_remote_4, table-id: 214, on shard-server id:1
new table is createded with name: oorder_c_id_idx_remote_5, table-id: 413, on shard-server id:2
new table is createded with name: oorder_c_id_idx_remote_6, table-id: 414, on shard-server id:2
new table is createded with name: order_line_remote_3, table-id: 215, on shard-server id:1
new table is createded with name: order_line_remote_4, table-id: 216, on shard-server id:1
new table is createded with name: order_line_remote_5, table-id: 415, on shard-server id:2
new table is createded with name: order_line_remote_6, table-id: 416, on shard-server id:2
new table is createded with name: stock_remote_3, table-id: 217, on shard-server id:1
new table is createded with name: stock_remote_4, table-id: 218, on shard-server id:1
new table is createded with name: stock_remote_5, table-id: 417, on shard-server id:2
new table is createded with name: stock_remote_6, table-id: 418, on shard-server id:2
new table is createded with name: stock_data_remote_3, table-id: 219, on shard-server id:1
new table is createded with name: stock_data_remote_4, table-id: 220, on shard-server id:1
new table is createded with name: stock_data_remote_5, table-id: 419, on shard-server id:2
new table is createded with name: stock_data_remote_6, table-id: 420, on shard-server id:2
new table is createded with name: warehouse_remote_3, table-id: 221, on shard-server id:1
new table is createded with name: warehouse_remote_4, table-id: 222, on shard-server id:1
new table is createded with name: warehouse_remote_5, table-id: 421, on shard-server id:2
new table is createded with name: warehouse_remote_6, table-id: 422, on shard-server id:2
new table is createded with name: item_remote_3, table-id: 223, on shard-server id:1
new table is createded with name: item_remote_4, table-id: 224, on shard-server id:1
new table is createded with name: item_remote_5, table-id: 423, on shard-server id:2
new table is createded with name: item_remote_6, table-id: 424, on shard-server id:2
20251110-03:35.18-588403(us) 19253 * ParseOldFormat  (configuration.cc:66): Using old configuration format
20251110-03:35.18-588466(us) 19253 * ParseOldFormat  (configuration.cc:66): Using old configuration format
[TRANSPORT] Using default: rrr
[TRANSPORT] Using default: rrr
20251110-03:35.18-588561(us) 19253 * Initialize      (rrr_rpc_backend.cc:58): RrrRpcBackend::Initialize: poll_thread_worker_ created, is_some=1
20251110-03:35.18-588602(us) 19253 * Initialize      (rrr_rpc_backend.cc:88): RrrRpcBackend initialized on 127.0.0.1:31007 (listening on 0.0.0.0:31007)
20251110-03:35.18-588611(us) 19253 * FastTransport   (fasttransport.cc:116): FastTransport initialized with rrr/rpc backend on 127.0.0.1:31007
20251110-03:35.18-588626(us) 19253 * RunEventLoop    (rrr_rpc_backend.cc:518): RrrRpcBackend::RunEventLoop: Starting event loop
20251110-03:35.18-588637(us) 19253 * Initialize      (rrr_rpc_backend.cc:58): RrrRpcBackend::Initialize: poll_thread_worker_ created, is_some=1
20251110-03:35.18-588663(us) 19253 * Initialize      (rrr_rpc_backend.cc:88): RrrRpcBackend initialized on 127.0.0.1:31008 (listening on 0.0.0.0:31008)
20251110-03:35.18-588669(us) 19253 * FastTransport   (fasttransport.cc:116): FastTransport initialized with rrr/rpc backend on 127.0.0.1:31008
20251110-03:35.18-588678(us) 19253 * RunEventLoop    (rrr_rpc_backend.cc:518): RrrRpcBackend::RunEventLoop: Starting event loop
20251110-03:35.18-589187(us) 19253 * ParseOldFormat  (configuration.cc:66): Using old configuration format
20251110-03:35.18-589209(us) 19253 * ParseOldFormat  (configuration.cc:66): Using old configuration format
20251110-03:35.18-589239(us) 19253 * ParseOldFormat  (configuration.cc:66): Using old configuration format
20251110-03:35.18-589271(us) 19253 * ParseOldFormat  (configuration.cc:66): Using old configuration format
20251110-03:35.18-589428(us) 19253 * ParseOldFormat  (configuration.cc:66): Using old configuration format
20251110-03:35.18-589462(us) 19253 * ParseOldFormat  (configuration.cc:66): Using old configuration format
20251110-03:35.18-589488(us) 19253 * ParseOldFormat  (configuration.cc:66): Using old configuration format
20251110-03:35.18-589509(us) 19253 * ParseOldFormat  (configuration.cc:66): Using old configuration format
20251110-03:35.18-590741(us) 19253 ! run             (bench.cc:357):     # of loaders size:6
start worker:1964
[INFO] finished loading warehouse
[INFO]   * average warehouse record length: 97 bytes
[INFO] finished loading item
[INFO]   * average item record length: 84.1739 bytes
PinToWarehouseId(): coreid=2 pinned to whse=1 (partid=0)
PinToWarehouseId(): coreid=3 pinned to whse=1 (partid=0)
PinToWarehouseId(): coreid=3 pinned to whse=2 (partid=1)
[INFO] finished loading district
[INFO]   * average district record length: 99 bytes
PinToWarehouseId(): coreid=2 pinned to whse=2 (partid=1)
[INFO] finished loading stock
[INFO]   * average stock record length: 8 bytes
PinToWarehouseId(): coreid=5 pinned to whse=1 (partid=0)
num batches: 30
PinToWarehouseId(): coreid=4 pinned to whse=1 (partid=0)
PinToWarehouseId(): coreid=5 pinned to whse=2 (partid=1)
[INFO] finished loading order
[INFO]   * average order_line record length: 11.1187 bytes
[INFO]   * average oorder record length: 7.7038 bytes
[INFO]   * average new_order record length: 12 bytes
PinToWarehouseId(): coreid=4 pinned to whse=2 (partid=1)
[INFO] finished loading customer
[INFO]   * average customer record length: 153.862 bytes 
timed region dataloading took 2005.62 ms
DB size: 923.754 MB
[0, 0, 0] txns persisted in loading phase
20251110-03:35.20-596401(us) 19253 ! run             (bench.cc:410):     # of nthreads:2
starting benchmark...
--------------Finish loading data and wait for others completing load phase ------------
tpcc: worker id 32 => warehouses [1, 2)
tpcc: worker id 33 => warehouses [2, 3)
No JEMALLOC_NO_RENAME
No JEMALLOC_NO_RENAME
20251110-03:35.26-115115(us) 19253 * ParseOldFormat  (configuration.cc:66): Using old configuration format
20251110-03:35.26-115189(us) 19253 * ParseOldFormat  (configuration.cc:66): Using old configuration format
20251110-03:35.26-115389(us) 19253 * ParseOldFormat  (configuration.cc:66): Using old configuration format
[TRANSPORT] Using default: rrr
20251110-03:35.26-115458(us) 19253 * ParseOldFormat  (configuration.cc:66): Using old configuration format
[TRANSPORT] Using default: rrr
20251110-03:35.26-115525(us) 19253 * Initialize      (rrr_rpc_backend.cc:58): RrrRpcBackend::Initialize: poll_thread_worker_ created, is_some=1
20251110-03:35.26-115573(us) 19253 * Initialize      (rrr_rpc_backend.cc:88): RrrRpcBackend initialized on 127.0.0.1:31000 (listening on 0.0.0.0:31000)
20251110-03:35.26-115599(us) 19253 * FastTransport   (fasttransport.cc:116): FastTransport initialized with rrr/rpc backend on 127.0.0.1:31000
20251110-03:35.26-115612(us) 19253 * Initialize      (rrr_rpc_backend.cc:58): RrrRpcBackend::Initialize: poll_thread_worker_ created, is_some=1
20251110-03:35.26-115641(us) 19253 * Initialize      (rrr_rpc_backend.cc:88): RrrRpcBackend initialized on 127.0.0.1:31001 (listening on 0.0.0.0:31001)
20251110-03:35.26-115647(us) 19253 * FastTransport   (fasttransport.cc:116): FastTransport initialized with rrr/rpc backend on 127.0.0.1:31001
20251110-03:35.26-115819(us) 19253 * ParseOldFormat  (configuration.cc:66): Using old configuration format
20251110-03:35.26-115869(us) 19253 * ParseOldFormat  (configuration.cc:66): Using old configuration format
20251110-03:35.26-116043(us) 19253 ! run             (bench.cc:461):     start the running time, runTime:30
20251110-03:35.26-116056(us) 19253 ! run             (bench.cc:473):     runtime time left:30000 ms, bool:1
we can start a advancer
start the advancer thread...
20251110-03:35.26-283742(us) 19253 ! txn_stock_level (tpcc.cc:3398):     ERROR warehouse_id:1, cid:73318, maxbytes:2
20251110-03:35.26-284043(us) 19253 ! txn_stock_level (tpcc.cc:3398):     ERROR warehouse_id:2, cid:93351, maxbytes:2
20251110-03:35.26-284216(us) 19253 ! txn_stock_level (tpcc.cc:3398):     ERROR warehouse_id:2, cid:93351, maxbytes:2
20251110-03:35.26-285980(us) 19253 ! txn_stock_level (tpcc.cc:3398):     ERROR warehouse_id:1, cid:73318, maxbytes:2
20251110-03:35.26-286127(us) 19253 ! txn_stock_level (tpcc.cc:3398):     ERROR warehouse_id:1, cid:73318, maxbytes:2
20251110-03:35.26-286275(us) 19253 ! txn_stock_level (tpcc.cc:3398):     ERROR warehouse_id:1, cid:73318, maxbytes:2
20251110-03:35.26-286299(us) 19253 ! txn_stock_level (tpcc.cc:3398):     ERROR warehouse_id:1, cid:73318, maxbytes:2
20251110-03:35.26-286524(us) 19253 ! txn_stock_level (tpcc.cc:3398):     ERROR warehouse_id:2, cid:93351, maxbytes:2
20251110-03:35.26-287143(us) 19253 ! txn_stock_level (tpcc.cc:3398):     ERROR warehouse_id:2, cid:93351, maxbytes:2
20251110-03:35.26-288830(us) 19253 ! txn_stock_level (tpcc.cc:3398):     ERROR warehouse_id:2, cid:93351, maxbytes:2
20251110-03:35.26-288867(us) 19253 ! txn_stock_level (tpcc.cc:3398):     ERROR warehouse_id:1, cid:73318, maxbytes:2
20251110-03:35.26-288962(us) 19253 ! txn_stock_level (tpcc.cc:3398):     ERROR warehouse_id:1, cid:73318, maxbytes:2
20251110-03:35.26-289940(us) 19253 ! txn_stock_level (tpcc.cc:3398):     ERROR warehouse_id:1, cid:73318, maxbytes:2
20251110-03:35.26-290007(us) 19253 ! txn_stock_level (tpcc.cc:3398):     ERROR warehouse_id:1, cid:73318, maxbytes:2
20251110-03:35.26-290120(us) 19253 ! txn_stock_level (tpcc.cc:3398):     ERROR warehouse_id:1, cid:73318, maxbytes:2
20251110-03:35.26-290239(us) 19253 ! txn_stock_level (tpcc.cc:3398):     ERROR warehouse_id:1, cid:73318, maxbytes:2
20251110-03:35.26-290265(us) 19253 ! txn_stock_level (tpcc.cc:3398):     ERROR warehouse_id:1, cid:73318, maxbytes:2
20251110-03:35.26-291237(us) 19253 ! txn_stock_level (tpcc.cc:3398):     ERROR warehouse_id:1, cid:73318, maxbytes:2
20251110-03:35.26-292424(us) 19253 ! txn_stock_level (tpcc.cc:3398):     ERROR warehouse_id:1, cid:73318, maxbytes:2
20251110-03:35.26-292463(us) 19253 ! txn_stock_level (tpcc.cc:3398):     ERROR warehouse_id:1, cid:73318, maxbytes:2
20251110-03:35.26-292535(us) 19253 ! txn_stock_level (tpcc.cc:3398):     ERROR warehouse_id:1, cid:73318, maxbytes:2
20251110-03:35.26-294077(us) 19253 ! txn_stock_level (tpcc.cc:3398):     ERROR warehouse_id:1, cid:73318, maxbytes:2
20251110-03:35.26-294112(us) 19253 ! txn_stock_level (tpcc.cc:3398):     ERROR warehouse_id:1, cid:73318, maxbytes:2
20251110-03:35.26-294142(us) 19253 ! txn_stock_level (tpcc.cc:3398):     ERROR warehouse_id:1, cid:73318, maxbytes:2
20251110-03:35.26-295126(us) 19253 ! txn_stock_level (tpcc.cc:3398):     ERROR warehouse_id:2, cid:93351, maxbytes:2
20251110-03:35.26-296744(us) 19253 ! txn_stock_level (tpcc.cc:3398):     ERROR warehouse_id:2, cid:93351, maxbytes:2
20251110-03:35.26-297704(us) 19253 ! txn_stock_level (tpcc.cc:3398):     ERROR warehouse_id:2, cid:93351, maxbytes:2
20251110-03:35.26-297737(us) 19253 ! txn_stock_level (tpcc.cc:3398):     ERROR warehouse_id:2, cid:93351, maxbytes:2
20251110-03:35.26-297914(us) 19253 ! txn_stock_level (tpcc.cc:3398):     ERROR warehouse_id:2, cid:93351, maxbytes:2
20251110-03:35.26-297975(us) 19253 ! txn_stock_level (tpcc.cc:3398):     ERROR warehouse_id:2, cid:93351, maxbytes:2
20251110-03:35.26-298157(us) 19253 ! txn_stock_level (tpcc.cc:3398):     ERROR warehouse_id:2, cid:93351, maxbytes:2
20251110-03:35.26-298309(us) 19253 ! txn_stock_level (tpcc.cc:3398):     ERROR warehouse_id:2, cid:93351, maxbytes:2
20251110-03:35.26-298774(us) 19253 ! txn_stock_level (tpcc.cc:3398):     ERROR warehouse_id:2, cid:93351, maxbytes:2
20251110-03:35.26-298877(us) 19253 ! txn_stock_level (tpcc.cc:3398):     ERROR warehouse_id:2, cid:93351, maxbytes:2
20251110-03:35.26-433746(us) 19253 ! txn_stock_level (tpcc.cc:3398):     ERROR warehouse_id:1, cid:6215, maxbytes:2
20251110-03:35.26-434028(us) 19253 ! txn_stock_level (tpcc.cc:3398):     ERROR warehouse_id:1, cid:6215, maxbytes:2
20251110-03:35.26-436064(us) 19253 ! txn_stock_level (tpcc.cc:3398):     ERROR warehouse_id:1, cid:6215, maxbytes:2
20251110-03:35.26-446092(us) 19253 ! txn_stock_level (tpcc.cc:3398):     ERROR warehouse_id:1, cid:95702, maxbytes:2
20251110-03:35.26-446166(us) 19253 ! txn_stock_level (tpcc.cc:3398):     ERROR warehouse_id:1, cid:95702, maxbytes:2
20251110-03:35.26-458733(us) 19253 ! txn_stock_level (tpcc.cc:3398):     ERROR warehouse_id:1, cid:19815, maxbytes:2
20251110-03:35.26-459725(us) 19253 ! txn_stock_level (tpcc.cc:3398):     ERROR warehouse_id:1, cid:19815, maxbytes:2
20251110-03:35.26-460931(us) 19253 ! txn_stock_level (tpcc.cc:3398):     ERROR warehouse_id:1, cid:19815, maxbytes:2
20251110-03:35.26-461024(us) 19253 ! txn_stock_level (tpcc.cc:3398):     ERROR warehouse_id:1, cid:19815, maxbytes:2
20251110-03:35.26-461882(us) 19253 ! txn_stock_level (tpcc.cc:3398):     ERROR warehouse_id:1, cid:19815, maxbytes:2
20251110-03:35.26-461928(us) 19253 ! txn_stock_level (tpcc.cc:3398):     ERROR warehouse_id:1, cid:19815, maxbytes:2
20251110-03:35.26-461995(us) 19253 ! txn_stock_level (tpcc.cc:3398):     ERROR warehouse_id:1, cid:19815, maxbytes:2
20251110-03:35.26-462017(us) 19253 ! txn_stock_level (tpcc.cc:3398):     ERROR warehouse_id:1, cid:19815, maxbytes:2
20251110-03:35.26-462037(us) 19253 ! txn_stock_level (tpcc.cc:3398):     ERROR warehouse_id:1, cid:19815, maxbytes:2
20251110-03:35.26-462083(us) 19253 ! txn_stock_level (tpcc.cc:3398):     ERROR warehouse_id:1, cid:19815, maxbytes:2
20251110-03:35.26-464044(us) 19253 ! txn_stock_level (tpcc.cc:3398):     ERROR warehouse_id:1, cid:19815, maxbytes:2
20251110-03:35.26-464077(us) 19253 ! txn_stock_level (tpcc.cc:3398):     ERROR warehouse_id:1, cid:19815, maxbytes:2
20251110-03:35.26-548673(us) 19253 ! txn_stock_level (tpcc.cc:3398):     ERROR warehouse_id:1, cid:6215, maxbytes:2
20251110-03:35.26-548883(us) 19253 ! txn_stock_level (tpcc.cc:3398):     ERROR warehouse_id:1, cid:6215, maxbytes:2
20251110-03:35.26-550062(us) 19253 ! txn_stock_level (tpcc.cc:3398):     ERROR warehouse_id:1, cid:6215, maxbytes:2
20251110-03:35.26-777416(us) 19253 ! txn_stock_level (tpcc.cc:3398):     ERROR warehouse_id:1, cid:65255, maxbytes:2
20251110-03:35.26-777752(us) 19253 ! txn_stock_level (tpcc.cc:3398):     ERROR warehouse_id:1, cid:65255, maxbytes:2
20251110-03:35.26-777802(us) 19253 ! txn_stock_level (tpcc.cc:3398):     ERROR warehouse_id:1, cid:65255, maxbytes:2
20251110-03:35.26-777866(us) 19253 ! txn_stock_level (tpcc.cc:3398):     ERROR warehouse_id:1, cid:65255, maxbytes:2
20251110-03:35.26-778861(us) 19253 ! txn_stock_level (tpcc.cc:3398):     ERROR warehouse_id:1, cid:65255, maxbytes:2
20251110-03:35.26-778908(us) 19253 ! txn_stock_level (tpcc.cc:3398):     ERROR warehouse_id:1, cid:65255, maxbytes:2
20251110-03:35.26-778916(us) 19253 ! txn_stock_level (tpcc.cc:3398):     ERROR warehouse_id:1, cid:65255, maxbytes:2
20251110-03:35.26-779256(us) 19253 ! txn_stock_level (tpcc.cc:3398):     ERROR warehouse_id:1, cid:65255, maxbytes:2
20251110-03:35.26-779282(us) 19253 ! txn_stock_level (tpcc.cc:3398):     ERROR warehouse_id:1, cid:65255, maxbytes:2
20251110-03:35.26-779298(us) 19253 ! txn_stock_level (tpcc.cc:3398):     ERROR warehouse_id:1, cid:65255, maxbytes:2
20251110-03:35.26-779332(us) 19253 ! txn_stock_level (tpcc.cc:3398):     ERROR warehouse_id:1, cid:65255, maxbytes:2
20251110-03:35.26-779384(us) 19253 ! txn_stock_level (tpcc.cc:3398):     ERROR warehouse_id:1, cid:65255, maxbytes:2
20251110-03:35.26-899953(us) 19253 ! txn_stock_level (tpcc.cc:3398):     ERROR warehouse_id:1, cid:23271, maxbytes:2
20251110-03:35.26-900218(us) 19253 ! txn_stock_level (tpcc.cc:3398):     ERROR warehouse_id:1, cid:23271, maxbytes:2
20251110-03:35.26-900600(us) 19253 ! txn_stock_level (tpcc.cc:3398):     ERROR warehouse_id:1, cid:23271, maxbytes:2
20251110-03:35.26-900664(us) 19253 ! txn_stock_level (tpcc.cc:3398):     ERROR warehouse_id:1, cid:23271, maxbytes:2
20251110-03:35.26-900771(us) 19253 ! txn_stock_level (tpcc.cc:3398):     ERROR warehouse_id:1, cid:23271, maxbytes:2
20251110-03:35.26-900810(us) 19253 ! txn_stock_level (tpcc.cc:3398):     ERROR warehouse_id:1, cid:23271, maxbytes:2
20251110-03:35.26-901826(us) 19253 ! txn_stock_level (tpcc.cc:3398):     ERROR warehouse_id:1, cid:23271, maxbytes:2
20251110-03:35.26-901887(us) 19253 ! txn_stock_level (tpcc.cc:3398):     ERROR warehouse_id:1, cid:23271, maxbytes:2
20251110-03:35.26-902033(us) 19253 ! txn_stock_level (tpcc.cc:3398):     ERROR warehouse_id:1, cid:23271, maxbytes:2
20251110-03:35.26-902114(us) 19253 ! txn_stock_level (tpcc.cc:3398):     ERROR warehouse_id:1, cid:23271, maxbytes:2
20251110-03:35.26-903268(us) 19253 ! txn_stock_level (tpcc.cc:3398):     ERROR warehouse_id:1, cid:23271, maxbytes:2
20251110-03:35.26-903345(us) 19253 ! txn_stock_level (tpcc.cc:3398):     ERROR warehouse_id:1, cid:23271, maxbytes:2
20251110-03:35.26-903511(us) 19253 ! txn_stock_level (tpcc.cc:3398):     ERROR warehouse_id:1, cid:23271, maxbytes:2
20251110-03:35.26-903546(us) 19253 ! txn_stock_level (tpcc.cc:3398):     ERROR warehouse_id:1, cid:23271, maxbytes:2
20251110-03:35.26-904640(us) 19253 ! txn_stock_level (tpcc.cc:3398):     ERROR warehouse_id:1, cid:23271, maxbytes:2
20251110-03:35.26-906551(us) 19253 ! txn_stock_level (tpcc.cc:3398):     ERROR warehouse_id:1, cid:23271, maxbytes:2
20251110-03:35.27-121661(us) 19253 ! run             (bench.cc:473):     runtime time left:29000 ms, bool:1
20251110-03:35.27-314364(us) 19253 ! txn_stock_level (tpcc.cc:3398):     ERROR warehouse_id:1, cid:6087, maxbytes:2
20251110-03:35.27-316285(us) 19253 ! txn_stock_level (tpcc.cc:3398):     ERROR warehouse_id:1, cid:6087, maxbytes:2
20251110-03:35.27-319427(us) 19253 ! txn_stock_level (tpcc.cc:3398):     ERROR warehouse_id:2, cid:24295, maxbytes:2
20251110-03:35.27-319464(us) 19253 ! txn_stock_level (tpcc.cc:3398):     ERROR warehouse_id:2, cid:24295, maxbytes:2
20251110-03:35.27-319686(us) 19253 ! txn_stock_level (tpcc.cc:3398):     ERROR warehouse_id:2, cid:24295, maxbytes:2
20251110-03:35.27-320792(us) 19253 ! txn_stock_level (tpcc.cc:3398):     ERROR warehouse_id:2, cid:24295, maxbytes:2
20251110-03:35.27-321836(us) 19253 ! txn_stock_level (tpcc.cc:3398):     ERROR warehouse_id:2, cid:24295, maxbytes:2
20251110-03:35.27-321912(us) 19253 ! txn_stock_level (tpcc.cc:3398):     ERROR warehouse_id:2, cid:24295, maxbytes:2
20251110-03:35.27-322718(us) 19253 ! txn_stock_level (tpcc.cc:3398):     ERROR warehouse_id:2, cid:24295, maxbytes:2
20251110-03:35.27-322812(us) 19253 ! txn_stock_level (tpcc.cc:3398):     ERROR warehouse_id:2, cid:24295, maxbytes:2
20251110-03:35.27-322857(us) 19253 ! txn_stock_level (tpcc.cc:3398):     ERROR warehouse_id:2, cid:24295, maxbytes:2
20251110-03:35.27-322946(us) 19253 ! txn_stock_level (tpcc.cc:3398):     ERROR warehouse_id:2, cid:24295, maxbytes:2
20251110-03:35.27-323164(us) 19253 ! txn_stock_level (tpcc.cc:3398):     ERROR warehouse_id:2, cid:24295, maxbytes:2
20251110-03:35.27-323381(us) 19253 ! txn_stock_level (tpcc.cc:3398):     ERROR warehouse_id:2, cid:24295, maxbytes:2
20251110-03:35.27-323411(us) 19253 ! txn_stock_level (tpcc.cc:3398):     ERROR warehouse_id:2, cid:24295, maxbytes:2
20251110-03:35.27-323443(us) 19253 ! txn_stock_level (tpcc.cc:3398):     ERROR warehouse_id:2, cid:24295, maxbytes:2
20251110-03:35.27-323499(us) 19253 ! txn_stock_level (tpcc.cc:3398):     ERROR warehouse_id:2, cid:24295, maxbytes:2
20251110-03:35.27-323603(us) 19253 ! txn_stock_level (tpcc.cc:3398):     ERROR warehouse_id:2, cid:24295, maxbytes:2
20251110-03:35.27-324610(us) 19253 ! txn_stock_level (tpcc.cc:3398):     ERROR warehouse_id:2, cid:24295, maxbytes:2
20251110-03:35.27-324710(us) 19253 ! txn_stock_level (tpcc.cc:3398):     ERROR warehouse_id:2, cid:24295, maxbytes:2
20251110-03:35.27-324926(us) 19253 ! txn_stock_level (tpcc.cc:3398):     ERROR warehouse_id:2, cid:24295, maxbytes:2
20251110-03:35.27-324943(us) 19253 ! txn_stock_level (tpcc.cc:3398):     ERROR warehouse_id:2, cid:24295, maxbytes:2
20251110-03:35.27-325952(us) 19253 ! txn_stock_level (tpcc.cc:3398):     ERROR warehouse_id:2, cid:24295, maxbytes:2
20251110-03:35.27-325998(us) 19253 ! txn_stock_level (tpcc.cc:3398):     ERROR warehouse_id:2, cid:24295, maxbytes:2
20251110-03:35.27-326029(us) 19253 ! txn_stock_level (tpcc.cc:3398):     ERROR warehouse_id:2, cid:24295, maxbytes:2
20251110-03:35.27-326130(us) 19253 ! txn_stock_level (tpcc.cc:3398):     ERROR warehouse_id:2, cid:24295, maxbytes:2
20251110-03:35.27-326146(us) 19253 ! txn_stock_level (tpcc.cc:3398):     ERROR warehouse_id:2, cid:24295, maxbytes:2
20251110-03:35.27-326209(us) 19253 ! txn_stock_level (tpcc.cc:3398):     ERROR warehouse_id:2, cid:24295, maxbytes:2
20251110-03:35.27-326263(us) 19253 ! txn_stock_level (tpcc.cc:3398):     ERROR warehouse_id:2, cid:24295, maxbytes:2
20251110-03:35.27-327217(us) 19253 ! txn_stock_level (tpcc.cc:3398):     ERROR warehouse_id:2, cid:24295, maxbytes:2
20251110-03:35.27-327257(us) 19253 ! txn_stock_level (tpcc.cc:3398):     ERROR warehouse_id:2, cid:24295, maxbytes:2
20251110-03:35.27-327303(us) 19253 ! txn_stock_level (tpcc.cc:3398):     ERROR warehouse_id:2, cid:24295, maxbytes:2
20251110-03:35.27-327312(us) 19253 ! txn_stock_level (tpcc.cc:3398):     ERROR warehouse_id:2, cid:24295, maxbytes:2
20251110-03:35.27-327603(us) 19253 ! txn_stock_level (tpcc.cc:3398):     ERROR warehouse_id:2, cid:24295, maxbytes:2
20251110-03:35.27-327630(us) 19253 ! txn_stock_level (tpcc.cc:3398):     ERROR warehouse_id:2, cid:24295, maxbytes:2
20251110-03:35.27-327638(us) 19253 ! txn_stock_level (tpcc.cc:3398):     ERROR warehouse_id:2, cid:24295, maxbytes:2
20251110-03:35.27-327725(us) 19253 ! txn_stock_level (tpcc.cc:3398):     ERROR warehouse_id:2, cid:24295, maxbytes:2
20251110-03:35.27-327734(us) 19253 ! txn_stock_level (tpcc.cc:3398):     ERROR warehouse_id:2, cid:24295, maxbytes:2
20251110-03:35.27-327741(us) 19253 ! txn_stock_level (tpcc.cc:3398):     ERROR warehouse_id:2, cid:24295, maxbytes:2
20251110-03:35.27-327831(us) 19253 ! txn_stock_level (tpcc.cc:3398):     ERROR warehouse_id:2, cid:24295, maxbytes:2
20251110-03:35.27-519704(us) 19253 ! txn_stock_level (tpcc.cc:3398):     ERROR warehouse_id:2, cid:81127, maxbytes:2
20251110-03:35.27-520037(us) 19253 ! txn_stock_level (tpcc.cc:3398):     ERROR warehouse_id:2, cid:81127, maxbytes:2
20251110-03:35.27-530621(us) 19253 ! txn_stock_level (tpcc.cc:3398):     ERROR warehouse_id:2, cid:21863, maxbytes:2
20251110-03:35.27-530661(us) 19253 ! txn_stock_level (tpcc.cc:3398):     ERROR warehouse_id:2, cid:21863, maxbytes:2
20251110-03:35.27-539319(us) 19253 ! txn_stock_level (tpcc.cc:3398):     ERROR warehouse_id:1, cid:95847, maxbytes:2
20251110-03:35.27-539514(us) 19253 ! txn_stock_level (tpcc.cc:3398):     ERROR warehouse_id:1, cid:95847, maxbytes:2
20251110-03:35.27-542088(us) 19253 ! txn_stock_level (tpcc.cc:3398):     ERROR warehouse_id:1, cid:95847, maxbytes:2
20251110-03:35.27-542153(us) 19253 ! txn_stock_level (tpcc.cc:3398):     ERROR warehouse_id:1, cid:95847, maxbytes:2
20251110-03:35.27-544176(us) 19253 ! txn_stock_level (tpcc.cc:3398):     ERROR warehouse_id:1, cid:95847, maxbytes:2
20251110-03:35.27-544651(us) 19253 ! txn_stock_level (tpcc.cc:3398):     ERROR warehouse_id:1, cid:95847, maxbytes:2
20251110-03:35.27-544946(us) 19253 ! txn_stock_level (tpcc.cc:3398):     ERROR warehouse_id:1, cid:95847, maxbytes:2
20251110-03:35.27-544980(us) 19253 ! txn_stock_level (tpcc.cc:3398):     ERROR warehouse_id:1, cid:95847, maxbytes:2
20251110-03:35.27-648670(us) 19253 ! txn_stock_level (tpcc.cc:3398):     ERROR warehouse_id:1, cid:32471, maxbytes:2
20251110-03:35.27-649256(us) 19253 ! txn_stock_level (tpcc.cc:3398):     ERROR warehouse_id:1, cid:32471, maxbytes:2
20251110-03:35.27-649280(us) 19253 ! txn_stock_level (tpcc.cc:3398):     ERROR warehouse_id:1, cid:32471, maxbytes:2
20251110-03:35.27-650285(us) 19253 ! txn_stock_level (tpcc.cc:3398):     ERROR warehouse_id:1, cid:32471, maxbytes:2
20251110-03:35.27-650523(us) 19253 ! txn_stock_level (tpcc.cc:3398):     ERROR warehouse_id:1, cid:32471, maxbytes:2
20251110-03:35.27-650972(us) 19253 ! txn_stock_level (tpcc.cc:3398):     ERROR warehouse_id:1, cid:32471, maxbytes:2
20251110-03:35.27-651094(us) 19253 ! txn_stock_level (tpcc.cc:3398):     ERROR warehouse_id:1, cid:32471, maxbytes:2
20251110-03:35.27-652056(us) 19253 ! txn_stock_level (tpcc.cc:3398):     ERROR warehouse_id:1, cid:32471, maxbytes:2
20251110-03:35.27-652263(us) 19253 ! txn_stock_level (tpcc.cc:3398):     ERROR warehouse_id:1, cid:32471, maxbytes:2
20251110-03:35.27-652346(us) 19253 ! txn_stock_level (tpcc.cc:3398):     ERROR warehouse_id:1, cid:32471, maxbytes:2
20251110-03:35.27-652409(us) 19253 ! txn_stock_level (tpcc.cc:3398):     ERROR warehouse_id:1, cid:32471, maxbytes:2
20251110-03:35.27-653812(us) 19253 ! txn_stock_level (tpcc.cc:3398):     ERROR warehouse_id:1, cid:32471, maxbytes:2
20251110-03:35.27-653869(us) 19253 ! txn_stock_level (tpcc.cc:3398):     ERROR warehouse_id:1, cid:32471, maxbytes:2
20251110-03:35.27-653959(us) 19253 ! txn_stock_level (tpcc.cc:3398):     ERROR warehouse_id:1, cid:32471, maxbytes:2
20251110-03:35.27-654834(us) 19253 ! txn_stock_level (tpcc.cc:3398):     ERROR warehouse_id:1, cid:32471, maxbytes:2
20251110-03:35.27-655943(us) 19253 ! txn_stock_level (tpcc.cc:3398):     ERROR warehouse_id:1, cid:32471, maxbytes:2
20251110-03:35.27-655968(us) 19253 ! txn_stock_level (tpcc.cc:3398):     ERROR warehouse_id:1, cid:32471, maxbytes:2
20251110-03:35.27-656061(us) 19253 ! txn_stock_level (tpcc.cc:3398):     ERROR warehouse_id:1, cid:32471, maxbytes:2
20251110-03:35.27-657192(us) 19253 ! txn_stock_level (tpcc.cc:3398):     ERROR warehouse_id:1, cid:32471, maxbytes:2
20251110-03:35.27-657243(us) 19253 ! txn_stock_level (tpcc.cc:3398):     ERROR warehouse_id:1, cid:32471, maxbytes:2
20251110-03:35.27-657255(us) 19253 ! txn_stock_level (tpcc.cc:3398):     ERROR warehouse_id:1, cid:32471, maxbytes:2
20251110-03:35.27-657323(us) 19253 ! txn_stock_level (tpcc.cc:3398):     ERROR warehouse_id:1, cid:32471, maxbytes:2
20251110-03:35.27-657339(us) 19253 ! txn_stock_level (tpcc.cc:3398):     ERROR warehouse_id:1, cid:32471, maxbytes:2
20251110-03:35.27-657517(us) 19253 ! txn_stock_level (tpcc.cc:3398):     ERROR warehouse_id:1, cid:32471, maxbytes:2
20251110-03:35.27-659186(us) 19253 ! txn_stock_level (tpcc.cc:3398):     ERROR warehouse_id:1, cid:32471, maxbytes:2
20251110-03:35.27-659260(us) 19253 ! txn_stock_level (tpcc.cc:3398):     ERROR warehouse_id:1, cid:32471, maxbytes:2
20251110-03:35.27-660320(us) 19253 ! txn_stock_level (tpcc.cc:3398):     ERROR warehouse_id:1, cid:32471, maxbytes:2
20251110-03:35.27-660575(us) 19253 ! txn_stock_level (tpcc.cc:3398):     ERROR warehouse_id:1, cid:32471, maxbytes:2
20251110-03:35.27-662345(us) 19253 ! txn_stock_level (tpcc.cc:3398):     ERROR warehouse_id:1, cid:32471, maxbytes:2
20251110-03:35.27-664430(us) 19253 ! txn_stock_level (tpcc.cc:3398):     ERROR warehouse_id:1, cid:32471, maxbytes:2
20251110-03:35.27-664480(us) 19253 ! txn_stock_level (tpcc.cc:3398):     ERROR warehouse_id:1, cid:32471, maxbytes:2
20251110-03:35.27-665619(us) 19253 ! txn_stock_level (tpcc.cc:3398):     ERROR warehouse_id:1, cid:32471, maxbytes:2
20251110-03:35.27-665652(us) 19253 ! txn_stock_level (tpcc.cc:3398):     ERROR warehouse_id:1, cid:32471, maxbytes:2
20251110-03:35.27-665814(us) 19253 ! txn_stock_level (tpcc.cc:3398):     ERROR warehouse_id:1, cid:32471, maxbytes:2
20251110-03:35.27-665839(us) 19253 ! txn_stock_level (tpcc.cc:3398):     ERROR warehouse_id:1, cid:32471, maxbytes:2
20251110-03:35.27-665861(us) 19253 ! txn_stock_level (tpcc.cc:3398):     ERROR warehouse_id:1, cid:32471, maxbytes:2
20251110-03:35.27-665946(us) 19253 ! txn_stock_level (tpcc.cc:3398):     ERROR warehouse_id:1, cid:32471, maxbytes:2
20251110-03:35.27-665958(us) 19253 ! txn_stock_level (tpcc.cc:3398):     ERROR warehouse_id:1, cid:32471, maxbytes:2
20251110-03:35.27-666062(us) 19253 ! txn_stock_level (tpcc.cc:3398):     ERROR warehouse_id:1, cid:32471, maxbytes:2
20251110-03:35.27-666106(us) 19253 ! txn_stock_level (tpcc.cc:3398):     ERROR warehouse_id:1, cid:32471, maxbytes:2
20251110-03:35.27-666119(us) 19253 ! txn_stock_level (tpcc.cc:3398):     ERROR warehouse_id:1, cid:32471, maxbytes:2
20251110-03:35.27-666228(us) 19253 ! txn_stock_level (tpcc.cc:3398):     ERROR warehouse_id:1, cid:32471, maxbytes:2
20251110-03:35.27-666244(us) 19253 ! txn_stock_level (tpcc.cc:3398):     ERROR warehouse_id:1, cid:32471, maxbytes:2
20251110-03:35.27-666293(us) 19253 ! txn_stock_level (tpcc.cc:3398):     ERROR warehouse_id:1, cid:32471, maxbytes:2
20251110-03:35.27-666423(us) 19253 ! txn_stock_level (tpcc.cc:3398):     ERROR warehouse_id:1, cid:32471, maxbytes:2
20251110-03:35.27-720549(us) 19253 ! txn_stock_level (tpcc.cc:3398):     ERROR warehouse_id:1, cid:20189, maxbytes:2
20251110-03:35.27-773005(us) 19253 ! txn_stock_level (tpcc.cc:3398):     ERROR warehouse_id:2, cid:65127, maxbytes:2
20251110-03:35.27-775099(us) 19253 ! txn_stock_level (tpcc.cc:3398):     ERROR warehouse_id:2, cid:65127, maxbytes:2
20251110-03:35.27-775259(us) 19253 ! txn_stock_level (tpcc.cc:3398):     ERROR warehouse_id:2, cid:65127, maxbytes:2
20251110-03:35.27-775273(us) 19253 ! txn_stock_level (tpcc.cc:3398):     ERROR warehouse_id:2, cid:16083, maxbytes:2
20251110-03:35.27-776999(us) 19253 ! txn_stock_level (tpcc.cc:3398):     ERROR warehouse_id:2, cid:16083, maxbytes:2
20251110-03:35.27-777200(us) 19253 ! txn_stock_level (tpcc.cc:3398):     ERROR warehouse_id:2, cid:16083, maxbytes:2
20251110-03:35.27-777349(us) 19253 ! txn_stock_level (tpcc.cc:3398):     ERROR warehouse_id:2, cid:16083, maxbytes:2
20251110-03:35.27-777544(us) 19253 ! txn_stock_level (tpcc.cc:3398):     ERROR warehouse_id:2, cid:16083, maxbytes:2
20251110-03:35.27-777677(us) 19253 ! txn_stock_level (tpcc.cc:3398):     ERROR warehouse_id:2, cid:16083, maxbytes:2
20251110-03:35.27-777726(us) 19253 ! txn_stock_level (tpcc.cc:3398):     ERROR warehouse_id:2, cid:16083, maxbytes:2
20251110-03:35.27-777787(us) 19253 ! txn_stock_level (tpcc.cc:3398):     ERROR warehouse_id:2, cid:16083, maxbytes:2
20251110-03:35.27-777856(us) 19253 ! txn_stock_level (tpcc.cc:3398):     ERROR warehouse_id:2, cid:16083, maxbytes:2
20251110-03:35.27-777929(us) 19253 ! txn_stock_level (tpcc.cc:3398):     ERROR warehouse_id:2, cid:16083, maxbytes:2
20251110-03:35.27-778015(us) 19253 ! txn_stock_level (tpcc.cc:3398):     ERROR warehouse_id:2, cid:16083, maxbytes:2
20251110-03:35.27-778078(us) 19253 ! txn_stock_level (tpcc.cc:3398):     ERROR warehouse_id:2, cid:16083, maxbytes:2
20251110-03:35.27-779135(us) 19253 ! txn_stock_level (tpcc.cc:3398):     ERROR warehouse_id:2, cid:16083, maxbytes:2
20251110-03:35.27-780528(us) 19253 ! txn_stock_level (tpcc.cc:3398):     ERROR warehouse_id:2, cid:16083, maxbytes:2
20251110-03:35.27-780573(us) 19253 ! txn_stock_level (tpcc.cc:3398):     ERROR warehouse_id:2, cid:16083, maxbytes:2
20251110-03:35.27-806107(us) 19253 ! txn_stock_level (tpcc.cc:3398):     ERROR warehouse_id:1, cid:24159, maxbytes:2
20251110-03:35.27-807999(us) 19253 ! txn_stock_level (tpcc.cc:3398):     ERROR warehouse_id:1, cid:24159, maxbytes:2
20251110-03:35.27-808083(us) 19253 ! txn_stock_level (tpcc.cc:3398):     ERROR warehouse_id:1, cid:24159, maxbytes:2
20251110-03:35.27-808226(us) 19253 ! txn_stock_level (tpcc.cc:3398):     ERROR warehouse_id:1, cid:24159, maxbytes:2
20251110-03:35.27-809215(us) 19253 ! txn_stock_level (tpcc.cc:3398):     ERROR warehouse_id:1, cid:24159, maxbytes:2
20251110-03:35.27-809496(us) 19253 ! txn_stock_level (tpcc.cc:3398):     ERROR warehouse_id:1, cid:24159, maxbytes:2
20251110-03:35.27-809644(us) 19253 ! txn_stock_level (tpcc.cc:3398):     ERROR warehouse_id:1, cid:24159, maxbytes:2
20251110-03:35.27-809913(us) 19253 ! txn_stock_level (tpcc.cc:3398):     ERROR warehouse_id:1, cid:24159, maxbytes:2
20251110-03:35.27-812902(us) 19253 ! txn_stock_level (tpcc.cc:3398):     ERROR warehouse_id:1, cid:24159, maxbytes:2
20251110-03:35.27-813079(us) 19253 ! txn_stock_level (tpcc.cc:3398):     ERROR warehouse_id:1, cid:24159, maxbytes:2
20251110-03:35.27-813327(us) 19253 ! txn_stock_level (tpcc.cc:3398):     ERROR warehouse_id:1, cid:24159, maxbytes:2
20251110-03:35.27-813428(us) 19253 ! txn_stock_level (tpcc.cc:3398):     ERROR warehouse_id:1, cid:24159, maxbytes:2
20251110-03:35.27-813455(us) 19253 ! txn_stock_level (tpcc.cc:3398):     ERROR warehouse_id:1, cid:24159, maxbytes:2
20251110-03:35.27-814475(us) 19253 ! txn_stock_level (tpcc.cc:3398):     ERROR warehouse_id:1, cid:24159, maxbytes:2
20251110-03:35.27-815380(us) 19253 ! txn_stock_level (tpcc.cc:3398):     ERROR warehouse_id:1, cid:24159, maxbytes:2
20251110-03:35.27-815425(us) 19253 ! txn_stock_level (tpcc.cc:3398):     ERROR warehouse_id:1, cid:24159, maxbytes:2
20251110-03:35.27-843816(us) 19253 ! txn_stock_level (tpcc.cc:3398):     ERROR warehouse_id:2, cid:73319, maxbytes:2
20251110-03:35.27-843875(us) 19253 ! txn_stock_level (tpcc.cc:3398):     ERROR warehouse_id:2, cid:73319, maxbytes:2
20251110-03:35.27-844929(us) 19253 ! txn_stock_level (tpcc.cc:3398):     ERROR warehouse_id:2, cid:73319, maxbytes:2
20251110-03:35.27-845186(us) 19253 ! txn_stock_level (tpcc.cc:3398):     ERROR warehouse_id:2, cid:73319, maxbytes:2
20251110-03:35.27-846274(us) 19253 ! txn_stock_level (tpcc.cc:3398):     ERROR warehouse_id:2, cid:73319, maxbytes:2
20251110-03:35.27-847252(us) 19253 ! txn_stock_level (tpcc.cc:3398):     ERROR warehouse_id:2, cid:73319, maxbytes:2
20251110-03:35.27-847340(us) 19253 ! txn_stock_level (tpcc.cc:3398):     ERROR warehouse_id:2, cid:73319, maxbytes:2
20251110-03:35.27-847367(us) 19253 ! txn_stock_level (tpcc.cc:3398):     ERROR warehouse_id:2, cid:73319, maxbytes:2
20251110-03:35.27-848279(us) 19253 ! txn_stock_level (tpcc.cc:3398):     ERROR warehouse_id:2, cid:73319, maxbytes:2
20251110-03:35.27-850702(us) 19253 ! txn_stock_level (tpcc.cc:3398):     ERROR warehouse_id:2, cid:73319, maxbytes:2
20251110-03:35.27-850815(us) 19253 ! txn_stock_level (tpcc.cc:3398):     ERROR warehouse_id:2, cid:73319, maxbytes:2
20251110-03:35.27-850876(us) 19253 ! txn_stock_level (tpcc.cc:3398):     ERROR warehouse_id:2, cid:73319, maxbytes:2
20251110-03:35.27-850913(us) 19253 ! txn_stock_level (tpcc.cc:3398):     ERROR warehouse_id:2, cid:73319, maxbytes:2
20251110-03:35.27-854187(us) 19253 ! txn_stock_level (tpcc.cc:3398):     ERROR warehouse_id:2, cid:73319, maxbytes:2
20251110-03:35.27-854370(us) 19253 ! txn_stock_level (tpcc.cc:3398):     ERROR warehouse_id:2, cid:73319, maxbytes:2
20251110-03:35.27-854548(us) 19253 ! txn_stock_level (tpcc.cc:3398):     ERROR warehouse_id:2, cid:73319, maxbytes:2
20251110-03:35.27-854601(us) 19253 ! txn_stock_level (tpcc.cc:3398):     ERROR warehouse_id:2, cid:73319, maxbytes:2
20251110-03:35.27-903500(us) 19253 ! txn_stock_level (tpcc.cc:3398):     ERROR warehouse_id:2, cid:89815, maxbytes:2
20251110-03:35.27-904489(us) 19253 ! txn_stock_level (tpcc.cc:3398):     ERROR warehouse_id:2, cid:89815, maxbytes:2
20251110-03:35.27-905668(us) 19253 ! txn_stock_level (tpcc.cc:3398):     ERROR warehouse_id:2, cid:89815, maxbytes:2
20251110-03:35.27-905817(us) 19253 ! txn_stock_level (tpcc.cc:3398):     ERROR warehouse_id:2, cid:89815, maxbytes:2
20251110-03:35.27-905953(us) 19253 ! txn_stock_level (tpcc.cc:3398):     ERROR warehouse_id:2, cid:89815, maxbytes:2
20251110-03:35.27-906022(us) 19253 ! txn_stock_level (tpcc.cc:3398):     ERROR warehouse_id:2, cid:89815, maxbytes:2
20251110-03:35.27-907060(us) 19253 ! txn_stock_level (tpcc.cc:3398):     ERROR warehouse_id:2, cid:89815, maxbytes:2
20251110-03:35.27-952211(us) 19253 ! txn_stock_level (tpcc.cc:3398):     ERROR warehouse_id:2, cid:5191, maxbytes:2
20251110-03:35.27-975963(us) 19253 ! txn_stock_level (tpcc.cc:3398):     ERROR warehouse_id:2, cid:87777, maxbytes:2
20251110-03:35.27-975998(us) 19253 ! txn_stock_level (tpcc.cc:3398):     ERROR warehouse_id:2, cid:87777, maxbytes:2
20251110-03:35.27-976105(us) 19253 ! txn_stock_level (tpcc.cc:3398):     ERROR warehouse_id:2, cid:87777, maxbytes:2
20251110-03:35.27-976119(us) 19253 ! txn_stock_level (tpcc.cc:3398):     ERROR warehouse_id:2, cid:87777, maxbytes:2
20251110-03:35.27-976173(us) 19253 ! txn_stock_level (tpcc.cc:3398):     ERROR warehouse_id:2, cid:87777, maxbytes:2
20251110-03:35.27-979163(us) 19253 ! txn_stock_level (tpcc.cc:3398):     ERROR warehouse_id:2, cid:87777, maxbytes:2
20251110-03:35.27-979240(us) 19253 ! txn_stock_level (tpcc.cc:3398):     ERROR warehouse_id:2, cid:87777, maxbytes:2
20251110-03:35.27-980168(us) 19253 ! txn_stock_level (tpcc.cc:3398):     ERROR warehouse_id:2, cid:87777, maxbytes:2
20251110-03:35.27-980195(us) 19253 ! txn_stock_level (tpcc.cc:3398):     ERROR warehouse_id:2, cid:87777, maxbytes:2
20251110-03:35.27-980396(us) 19253 ! txn_stock_level (tpcc.cc:3398):     ERROR warehouse_id:2, cid:87777, maxbytes:2
20251110-03:35.27-981473(us) 19253 ! txn_stock_level (tpcc.cc:3398):     ERROR warehouse_id:2, cid:87777, maxbytes:2
20251110-03:35.27-989799(us) 19253 ! txn_stock_level (tpcc.cc:3398):     ERROR warehouse_id:2, cid:16611, maxbytes:2
20251110-03:35.27-989827(us) 19253 ! txn_stock_level (tpcc.cc:3398):     ERROR warehouse_id:2, cid:16611, maxbytes:2
20251110-03:35.27-992100(us) 19253 ! txn_stock_level (tpcc.cc:3398):     ERROR warehouse_id:2, cid:16611, maxbytes:2
20251110-03:35.27-992209(us) 19253 ! txn_stock_level (tpcc.cc:3398):     ERROR warehouse_id:2, cid:16611, maxbytes:2
20251110-03:35.27-993414(us) 19253 ! txn_stock_level (tpcc.cc:3398):     ERROR warehouse_id:2, cid:16611, maxbytes:2
20251110-03:35.27-993441(us) 19253 ! txn_stock_level (tpcc.cc:3398):     ERROR warehouse_id:2, cid:16611, maxbytes:2
20251110-03:35.28-127140(us) 19253 ! run             (bench.cc:473):     runtime time left:28000 ms, bool:1
20251110-03:35.28-172060(us) 19253 ! txn_stock_level (tpcc.cc:3398):     ERROR warehouse_id:2, cid:57062, maxbytes:2
20251110-03:35.28-172273(us) 19253 ! txn_stock_level (tpcc.cc:3398):     ERROR warehouse_id:2, cid:57062, maxbytes:2
20251110-03:35.28-172396(us) 19253 ! txn_stock_level (tpcc.cc:3398):     ERROR warehouse_id:2, cid:57062, maxbytes:2
20251110-03:35.28-172617(us) 19253 ! txn_stock_level (tpcc.cc:3398):     ERROR warehouse_id:2, cid:57062, maxbytes:2
20251110-03:35.28-172664(us) 19253 ! txn_stock_level (tpcc.cc:3398):     ERROR warehouse_id:2, cid:57062, maxbytes:2
20251110-03:35.28-172880(us) 19253 ! txn_stock_level (tpcc.cc:3398):     ERROR warehouse_id:2, cid:57062, maxbytes:2
20251110-03:35.28-172896(us) 19253 ! txn_stock_level (tpcc.cc:3398):     ERROR warehouse_id:2, cid:57062, maxbytes:2
20251110-03:35.28-172952(us) 19253 ! txn_stock_level (tpcc.cc:3398):     ERROR warehouse_id:2, cid:57062, maxbytes:2
20251110-03:35.28-172985(us) 19253 ! txn_stock_level (tpcc.cc:3398):     ERROR warehouse_id:2, cid:57062, maxbytes:2
20251110-03:35.28-172998(us) 19253 ! txn_stock_level (tpcc.cc:3398):     ERROR warehouse_id:2, cid:57062, maxbytes:2
20251110-03:35.28-174168(us) 19253 ! txn_stock_level (tpcc.cc:3398):     ERROR warehouse_id:2, cid:57062, maxbytes:2
20251110-03:35.28-178397(us) 19253 ! txn_stock_level (tpcc.cc:3398):     ERROR warehouse_id:2, cid:57062, maxbytes:2
20251110-03:35.28-178503(us) 19253 ! txn_stock_level (tpcc.cc:3398):     ERROR warehouse_id:2, cid:57062, maxbytes:2
20251110-03:35.28-178847(us) 19253 ! txn_stock_level (tpcc.cc:3398):     ERROR warehouse_id:2, cid:57062, maxbytes:2
20251110-03:35.28-178921(us) 19253 ! txn_stock_level (tpcc.cc:3398):     ERROR warehouse_id:2, cid:57062, maxbytes:2
20251110-03:35.28-179019(us) 19253 ! txn_stock_level (tpcc.cc:3398):     ERROR warehouse_id:2, cid:57062, maxbytes:2
20251110-03:35.28-179143(us) 19253 ! txn_stock_level (tpcc.cc:3398):     ERROR warehouse_id:2, cid:57062, maxbytes:2
20251110-03:35.28-179296(us) 19253 ! txn_stock_level (tpcc.cc:3398):     ERROR warehouse_id:2, cid:57062, maxbytes:2
20251110-03:35.28-179368(us) 19253 ! txn_stock_level (tpcc.cc:3398):     ERROR warehouse_id:2, cid:57062, maxbytes:2
20251110-03:35.28-180232(us) 19253 ! txn_stock_level (tpcc.cc:3398):     ERROR warehouse_id:2, cid:57062, maxbytes:2
20251110-03:35.28-181318(us) 19253 ! txn_stock_level (tpcc.cc:3398):     ERROR warehouse_id:2, cid:57062, maxbytes:2
20251110-03:35.28-181437(us) 19253 ! txn_stock_level (tpcc.cc:3398):     ERROR warehouse_id:2, cid:57062, maxbytes:2
20251110-03:35.28-182558(us) 19253 ! txn_stock_level (tpcc.cc:3398):     ERROR warehouse_id:2, cid:57062, maxbytes:2
20251110-03:35.28-182722(us) 19253 ! txn_stock_level (tpcc.cc:3398):     ERROR warehouse_id:2, cid:57062, maxbytes:2
20251110-03:35.28-183974(us) 19253 ! txn_stock_level (tpcc.cc:3398):     ERROR warehouse_id:2, cid:57062, maxbytes:2
20251110-03:35.28-184969(us) 19253 ! txn_stock_level (tpcc.cc:3398):     ERROR warehouse_id:2, cid:57062, maxbytes:2
20251110-03:35.28-185185(us) 19253 ! txn_stock_level (tpcc.cc:3398):     ERROR warehouse_id:2, cid:57062, maxbytes:2
20251110-03:35.28-185212(us) 19253 ! txn_stock_level (tpcc.cc:3398):     ERROR warehouse_id:2, cid:57062, maxbytes:2
20251110-03:35.28-185315(us) 19253 ! txn_stock_level (tpcc.cc:3398):     ERROR warehouse_id:2, cid:57062, maxbytes:2
20251110-03:35.28-185373(us) 19253 ! txn_stock_level (tpcc.cc:3398):     ERROR warehouse_id:2, cid:57062, maxbytes:2
20251110-03:35.28-185440(us) 19253 ! txn_stock_level (tpcc.cc:3398):     ERROR warehouse_id:2, cid:57062, maxbytes:2
20251110-03:35.28-185457(us) 19253 ! txn_stock_level (tpcc.cc:3398):     ERROR warehouse_id:2, cid:57062, maxbytes:2
20251110-03:35.28-185475(us) 19253 ! txn_stock_level (tpcc.cc:3398):     ERROR warehouse_id:2, cid:57062, maxbytes:2
20251110-03:35.28-185539(us) 19253 ! txn_stock_level (tpcc.cc:3398):     ERROR warehouse_id:2, cid:57062, maxbytes:2
20251110-03:35.28-185569(us) 19253 ! txn_stock_level (tpcc.cc:3398):     ERROR warehouse_id:2, cid:57062, maxbytes:2
20251110-03:35.28-185643(us) 19253 ! txn_stock_level (tpcc.cc:3398):     ERROR warehouse_id:2, cid:57062, maxbytes:2
20251110-03:35.28-185672(us) 19253 ! txn_stock_level (tpcc.cc:3398):     ERROR warehouse_id:2, cid:57062, maxbytes:2
20251110-03:35.28-186553(us) 19253 ! txn_stock_level (tpcc.cc:3398):     ERROR warehouse_id:2, cid:57062, maxbytes:2
20251110-03:35.28-186657(us) 19253 ! txn_stock_level (tpcc.cc:3398):     ERROR warehouse_id:2, cid:57062, maxbytes:2
20251110-03:35.28-187742(us) 19253 ! txn_stock_level (tpcc.cc:3398):     ERROR warehouse_id:2, cid:57062, maxbytes:2
20251110-03:35.28-187908(us) 19253 ! txn_stock_level (tpcc.cc:3398):     ERROR warehouse_id:2, cid:57062, maxbytes:2
20251110-03:35.28-190024(us) 19253 ! txn_stock_level (tpcc.cc:3398):     ERROR warehouse_id:2, cid:57062, maxbytes:2
20251110-03:35.28-190052(us) 19253 ! txn_stock_level (tpcc.cc:3398):     ERROR warehouse_id:2, cid:57062, maxbytes:2
20251110-03:35.28-191109(us) 19253 ! txn_stock_level (tpcc.cc:3398):     ERROR warehouse_id:2, cid:57062, maxbytes:2
20251110-03:35.28-192245(us) 19253 ! txn_stock_level (tpcc.cc:3398):     ERROR warehouse_id:2, cid:57062, maxbytes:2
20251110-03:35.28-192326(us) 19253 ! txn_stock_level (tpcc.cc:3398):     ERROR warehouse_id:2, cid:57062, maxbytes:2
20251110-03:35.28-192376(us) 19253 ! txn_stock_level (tpcc.cc:3398):     ERROR warehouse_id:2, cid:57062, maxbytes:2
20251110-03:35.28-192416(us) 19253 ! txn_stock_level (tpcc.cc:3398):     ERROR warehouse_id:2, cid:57062, maxbytes:2
20251110-03:35.28-192444(us) 19253 ! txn_stock_level (tpcc.cc:3398):     ERROR warehouse_id:2, cid:57062, maxbytes:2
20251110-03:35.28-265120(us) 19253 ! txn_stock_level (tpcc.cc:3398):     ERROR warehouse_id:1, cid:89703, maxbytes:2
20251110-03:35.28-265170(us) 19253 ! txn_stock_level (tpcc.cc:3398):     ERROR warehouse_id:1, cid:89703, maxbytes:2
20251110-03:35.28-265183(us) 19253 ! txn_stock_level (tpcc.cc:3398):     ERROR warehouse_id:1, cid:89703, maxbytes:2
20251110-03:35.28-265254(us) 19253 ! txn_stock_level (tpcc.cc:3398):     ERROR warehouse_id:1, cid:89703, maxbytes:2
20251110-03:35.28-266284(us) 19253 ! txn_stock_level (tpcc.cc:3398):     ERROR warehouse_id:1, cid:89703, maxbytes:2
20251110-03:35.28-267395(us) 19253 ! txn_stock_level (tpcc.cc:3398):     ERROR warehouse_id:1, cid:89703, maxbytes:2
20251110-03:35.28-267430(us) 19253 ! txn_stock_level (tpcc.cc:3398):     ERROR warehouse_id:1, cid:89703, maxbytes:2
20251110-03:35.28-267538(us) 19253 ! txn_stock_level (tpcc.cc:3398):     ERROR warehouse_id:1, cid:89703, maxbytes:2
20251110-03:35.28-267549(us) 19253 ! txn_stock_level (tpcc.cc:3398):     ERROR warehouse_id:1, cid:89703, maxbytes:2
20251110-03:35.28-267683(us) 19253 ! txn_stock_level (tpcc.cc:3398):     ERROR warehouse_id:1, cid:89703, maxbytes:2
20251110-03:35.28-274889(us) 19253 ! txn_stock_level (tpcc.cc:3398):     ERROR warehouse_id:1, cid:40671, maxbytes:2
20251110-03:35.28-274932(us) 19253 ! txn_stock_level (tpcc.cc:3398):     ERROR warehouse_id:1, cid:40671, maxbytes:2
20251110-03:35.28-275620(us) 19253 ! txn_stock_level (tpcc.cc:3398):     ERROR warehouse_id:2, cid:73191, maxbytes:2
20251110-03:35.28-275901(us) 19253 ! txn_stock_level (tpcc.cc:3398):     ERROR warehouse_id:1, cid:40671, maxbytes:2
20251110-03:35.28-275914(us) 19253 ! txn_stock_level (tpcc.cc:3398):     ERROR warehouse_id:1, cid:40671, maxbytes:2
20251110-03:35.28-276949(us) 19253 ! txn_stock_level (tpcc.cc:3398):     ERROR warehouse_id:1, cid:40671, maxbytes:2
20251110-03:35.28-276969(us) 19253 ! txn_stock_level (tpcc.cc:3398):     ERROR warehouse_id:1, cid:40671, maxbytes:2
20251110-03:35.28-278003(us) 19253 ! txn_stock_level (tpcc.cc:3398):     ERROR warehouse_id:1, cid:40671, maxbytes:2
20251110-03:35.28-278095(us) 19253 ! txn_stock_level (tpcc.cc:3398):     ERROR warehouse_id:1, cid:40671, maxbytes:2
20251110-03:35.28-278130(us) 19253 ! txn_stock_level (tpcc.cc:3398):     ERROR warehouse_id:1, cid:40671, maxbytes:2
20251110-03:35.28-278181(us) 19253 ! txn_stock_level (tpcc.cc:3398):     ERROR warehouse_id:1, cid:40671, maxbytes:2
20251110-03:35.28-278383(us) 19253 ! txn_stock_level (tpcc.cc:3398):     ERROR warehouse_id:1, cid:40671, maxbytes:2
20251110-03:35.28-278405(us) 19253 ! txn_stock_level (tpcc.cc:3398):     ERROR warehouse_id:1, cid:40671, maxbytes:2
20251110-03:35.28-278483(us) 19253 ! txn_stock_level (tpcc.cc:3398):     ERROR warehouse_id:1, cid:40671, maxbytes:2
20251110-03:35.28-278496(us) 19253 ! txn_stock_level (tpcc.cc:3398):     ERROR warehouse_id:1, cid:40671, maxbytes:2
20251110-03:35.28-278541(us) 19253 ! txn_stock_level (tpcc.cc:3398):     ERROR warehouse_id:1, cid:40671, maxbytes:2
20251110-03:35.28-278602(us) 19253 ! txn_stock_level (tpcc.cc:3398):     ERROR warehouse_id:1, cid:40671, maxbytes:2
20251110-03:35.28-279803(us) 19253 ! txn_stock_level (tpcc.cc:3398):     ERROR warehouse_id:1, cid:40671, maxbytes:2
20251110-03:35.28-279985(us) 19253 ! txn_stock_level (tpcc.cc:3398):     ERROR warehouse_id:1, cid:40671, maxbytes:2
20251110-03:35.28-280045(us) 19253 ! txn_stock_level (tpcc.cc:3398):     ERROR warehouse_id:1, cid:40671, maxbytes:2
20251110-03:35.28-601171(us) 19253 ! txn_stock_level (tpcc.cc:3398):     ERROR warehouse_id:2, cid:97879, maxbytes:2
20251110-03:35.28-601332(us) 19253 ! txn_stock_level (tpcc.cc:3398):     ERROR warehouse_id:2, cid:97879, maxbytes:2
20251110-03:35.28-602243(us) 19253 ! txn_stock_level (tpcc.cc:3398):     ERROR warehouse_id:2, cid:97879, maxbytes:2
20251110-03:35.28-602464(us) 19253 ! txn_stock_level (tpcc.cc:3398):     ERROR warehouse_id:2, cid:97879, maxbytes:2
20251110-03:35.28-602508(us) 19253 ! txn_stock_level (tpcc.cc:3398):     ERROR warehouse_id:2, cid:97879, maxbytes:2
20251110-03:35.28-602720(us) 19253 ! txn_stock_level (tpcc.cc:3398):     ERROR warehouse_id:2, cid:97879, maxbytes:2
20251110-03:35.28-602763(us) 19253 ! txn_stock_level (tpcc.cc:3398):     ERROR warehouse_id:2, cid:97879, maxbytes:2
20251110-03:35.28-602893(us) 19253 ! txn_stock_level (tpcc.cc:3398):     ERROR warehouse_id:2, cid:97879, maxbytes:2
20251110-03:35.28-602939(us) 19253 ! txn_stock_level (tpcc.cc:3398):     ERROR warehouse_id:2, cid:97879, maxbytes:2
20251110-03:35.28-603097(us) 19253 ! txn_stock_level (tpcc.cc:3398):     ERROR warehouse_id:2, cid:97879, maxbytes:2
20251110-03:35.28-603545(us) 19253 ! txn_stock_level (tpcc.cc:3398):     ERROR warehouse_id:2, cid:97879, maxbytes:2
20251110-03:35.28-605961(us) 19253 ! txn_stock_level (tpcc.cc:3398):     ERROR warehouse_id:2, cid:97879, maxbytes:2
20251110-03:35.28-607694(us) 19253 ! txn_stock_level (tpcc.cc:3398):     ERROR warehouse_id:2, cid:97879, maxbytes:2
20251110-03:35.28-607734(us) 19253 ! txn_stock_level (tpcc.cc:3398):     ERROR warehouse_id:2, cid:97879, maxbytes:2
20251110-03:35.28-608896(us) 19253 ! txn_stock_level (tpcc.cc:3398):     ERROR warehouse_id:2, cid:97879, maxbytes:2
20251110-03:35.28-611413(us) 19253 ! txn_stock_level (tpcc.cc:3398):     ERROR warehouse_id:2, cid:97879, maxbytes:2
20251110-03:35.28-611498(us) 19253 ! txn_stock_level (tpcc.cc:3398):     ERROR warehouse_id:2, cid:97879, maxbytes:2
20251110-03:35.28-613822(us) 19253 ! txn_stock_level (tpcc.cc:3398):     ERROR warehouse_id:2, cid:97879, maxbytes:2
20251110-03:35.28-613852(us) 19253 ! txn_stock_level (tpcc.cc:3398):     ERROR warehouse_id:2, cid:97879, maxbytes:2
20251110-03:35.28-615185(us) 19253 ! txn_stock_level (tpcc.cc:3398):     ERROR warehouse_id:2, cid:97879, maxbytes:2
20251110-03:35.28-615247(us) 19253 ! txn_stock_level (tpcc.cc:3398):     ERROR warehouse_id:2, cid:97879, maxbytes:2
20251110-03:35.28-616988(us) 19253 ! txn_stock_level (tpcc.cc:3398):     ERROR warehouse_id:2, cid:97879, maxbytes:2
20251110-03:35.28-617164(us) 19253 ! txn_stock_level (tpcc.cc:3398):     ERROR warehouse_id:2, cid:97879, maxbytes:2
20251110-03:35.28-617279(us) 19253 ! txn_stock_level (tpcc.cc:3398):     ERROR warehouse_id:2, cid:97879, maxbytes:2
20251110-03:35.28-617418(us) 19253 ! txn_stock_level (tpcc.cc:3398):     ERROR warehouse_id:2, cid:97879, maxbytes:2
20251110-03:35.28-617440(us) 19253 ! txn_stock_level (tpcc.cc:3398):     ERROR warehouse_id:2, cid:97879, maxbytes:2
20251110-03:35.28-617710(us) 19253 ! txn_stock_level (tpcc.cc:3398):     ERROR warehouse_id:2, cid:97879, maxbytes:2
20251110-03:35.28-618721(us) 19253 ! txn_stock_level (tpcc.cc:3398):     ERROR warehouse_id:2, cid:97879, maxbytes:2
20251110-03:35.28-619733(us) 19253 ! txn_stock_level (tpcc.cc:3398):     ERROR warehouse_id:2, cid:97879, maxbytes:2
20251110-03:35.28-621084(us) 19253 ! txn_stock_level (tpcc.cc:3398):     ERROR warehouse_id:2, cid:97879, maxbytes:2
20251110-03:35.28-621198(us) 19253 ! txn_stock_level (tpcc.cc:3398):     ERROR warehouse_id:2, cid:97879, maxbytes:2
20251110-03:35.28-621313(us) 19253 ! txn_stock_level (tpcc.cc:3398):     ERROR warehouse_id:2, cid:97879, maxbytes:2
20251110-03:35.28-621333(us) 19253 ! txn_stock_level (tpcc.cc:3398):     ERROR warehouse_id:2, cid:97879, maxbytes:2
20251110-03:35.28-621379(us) 19253 ! txn_stock_level (tpcc.cc:3398):     ERROR warehouse_id:2, cid:97879, maxbytes:2
20251110-03:35.28-621392(us) 19253 ! txn_stock_level (tpcc.cc:3398):     ERROR warehouse_id:2, cid:97879, maxbytes:2
20251110-03:35.28-621430(us) 19253 ! txn_stock_level (tpcc.cc:3398):     ERROR warehouse_id:2, cid:97879, maxbytes:2
20251110-03:35.28-621671(us) 19253 ! txn_stock_level (tpcc.cc:3398):     ERROR warehouse_id:2, cid:97879, maxbytes:2
20251110-03:35.28-621698(us) 19253 ! txn_stock_level (tpcc.cc:3398):     ERROR warehouse_id:2, cid:97879, maxbytes:2
20251110-03:35.28-621795(us) 19253 ! txn_stock_level (tpcc.cc:3398):     ERROR warehouse_id:2, cid:97879, maxbytes:2
20251110-03:35.28-621897(us) 19253 ! txn_stock_level (tpcc.cc:3398):     ERROR warehouse_id:2, cid:97879, maxbytes:2
20251110-03:35.28-621998(us) 19253 ! txn_stock_level (tpcc.cc:3398):     ERROR warehouse_id:2, cid:97879, maxbytes:2
20251110-03:35.28-622014(us) 19253 ! txn_stock_level (tpcc.cc:3398):     ERROR warehouse_id:2, cid:97879, maxbytes:2
20251110-03:35.28-622024(us) 19253 ! txn_stock_level (tpcc.cc:3398):     ERROR warehouse_id:2, cid:97879, maxbytes:2
20251110-03:35.28-622084(us) 19253 ! txn_stock_level (tpcc.cc:3398):     ERROR warehouse_id:2, cid:97879, maxbytes:2
20251110-03:35.28-622244(us) 19253 ! txn_stock_level (tpcc.cc:3398):     ERROR warehouse_id:2, cid:97879, maxbytes:2
20251110-03:35.28-623467(us) 19253 ! txn_stock_level (tpcc.cc:3398):     ERROR warehouse_id:2, cid:97879, maxbytes:2
20251110-03:35.28-623539(us) 19253 ! txn_stock_level (tpcc.cc:3398):     ERROR warehouse_id:2, cid:97879, maxbytes:2
20251110-03:35.28-623575(us) 19253 ! txn_stock_level (tpcc.cc:3398):     ERROR warehouse_id:2, cid:97879, maxbytes:2
20251110-03:35.28-623607(us) 19253 ! txn_stock_level (tpcc.cc:3398):     ERROR warehouse_id:2, cid:97879, maxbytes:2
20251110-03:35.28-623692(us) 19253 ! txn_stock_level (tpcc.cc:3398):     ERROR warehouse_id:2, cid:97879, maxbytes:2
20251110-03:35.28-832662(us) 19253 ! txn_stock_level (tpcc.cc:3398):     ERROR warehouse_id:2, cid:52935, maxbytes:2
20251110-03:35.28-832694(us) 19253 ! txn_stock_level (tpcc.cc:3398):     ERROR warehouse_id:2, cid:52935, maxbytes:2
20251110-03:35.28-832750(us) 19253 ! txn_stock_level (tpcc.cc:3398):     ERROR warehouse_id:2, cid:52935, maxbytes:2
20251110-03:35.28-832759(us) 19253 ! txn_stock_level (tpcc.cc:3398):     ERROR warehouse_id:2, cid:52935, maxbytes:2
20251110-03:35.28-832819(us) 19253 ! txn_stock_level (tpcc.cc:3398):     ERROR warehouse_id:2, cid:52935, maxbytes:2
20251110-03:35.28-890496(us) 19253 ! txn_stock_level (tpcc.cc:3398):     ERROR warehouse_id:1, cid:56789, maxbytes:2
20251110-03:35.28-890710(us) 19253 ! txn_stock_level (tpcc.cc:3398):     ERROR warehouse_id:1, cid:56789, maxbytes:2
20251110-03:35.29-132683(us) 19253 ! run             (bench.cc:473):     runtime time left:27000 ms, bool:1
20251110-03:35.29-334319(us) 19253 ! txn_stock_level (tpcc.cc:3398):     ERROR warehouse_id:2, cid:16085, maxbytes:2
20251110-03:35.29-334464(us) 19253 ! txn_stock_level (tpcc.cc:3398):     ERROR warehouse_id:2, cid:16085, maxbytes:2
20251110-03:35.29-334621(us) 19253 ! txn_stock_level (tpcc.cc:3398):     ERROR warehouse_id:2, cid:16085, maxbytes:2
20251110-03:35.29-335713(us) 19253 ! txn_stock_level (tpcc.cc:3398):     ERROR warehouse_id:2, cid:16085, maxbytes:2
20251110-03:35.29-336887(us) 19253 ! txn_stock_level (tpcc.cc:3398):     ERROR warehouse_id:2, cid:16085, maxbytes:2
20251110-03:35.29-336974(us) 19253 ! txn_stock_level (tpcc.cc:3398):     ERROR warehouse_id:2, cid:16085, maxbytes:2
20251110-03:35.29-337189(us) 19253 ! txn_stock_level (tpcc.cc:3398):     ERROR warehouse_id:2, cid:16085, maxbytes:2
20251110-03:35.29-339352(us) 19253 ! txn_stock_level (tpcc.cc:3398):     ERROR warehouse_id:2, cid:16085, maxbytes:2
20251110-03:35.29-339654(us) 19253 ! txn_stock_level (tpcc.cc:3398):     ERROR warehouse_id:2, cid:16085, maxbytes:2
20251110-03:35.29-339715(us) 19253 ! txn_stock_level (tpcc.cc:3398):     ERROR warehouse_id:2, cid:16085, maxbytes:2
20251110-03:35.29-339900(us) 19253 ! txn_stock_level (tpcc.cc:3398):     ERROR warehouse_id:2, cid:16085, maxbytes:2
20251110-03:35.29-341090(us) 19253 ! txn_stock_level (tpcc.cc:3398):     ERROR warehouse_id:2, cid:16085, maxbytes:2
20251110-03:35.29-403275(us) 19253 ! txn_stock_level (tpcc.cc:3398):     ERROR warehouse_id:1, cid:95907, maxbytes:2
20251110-03:35.29-519265(us) 19253 ! txn_stock_level (tpcc.cc:3398):     ERROR warehouse_id:1, cid:81639, maxbytes:2
20251110-03:35.29-521720(us) 19253 ! txn_stock_level (tpcc.cc:3398):     ERROR warehouse_id:1, cid:81639, maxbytes:2
20251110-03:35.29-521796(us) 19253 ! txn_stock_level (tpcc.cc:3398):     ERROR warehouse_id:1, cid:81639, maxbytes:2
20251110-03:35.29-521835(us) 19253 ! txn_stock_level (tpcc.cc:3398):     ERROR warehouse_id:1, cid:81639, maxbytes:2
20251110-03:35.29-521849(us) 19253 ! txn_stock_level (tpcc.cc:3398):     ERROR warehouse_id:1, cid:81639, maxbytes:2
20251110-03:35.29-521866(us) 19253 ! txn_stock_level (tpcc.cc:3398):     ERROR warehouse_id:1, cid:81639, maxbytes:2
20251110-03:35.29-522951(us) 19253 ! txn_stock_level (tpcc.cc:3398):     ERROR warehouse_id:1, cid:81639, maxbytes:2
20251110-03:35.29-523061(us) 19253 ! txn_stock_level (tpcc.cc:3398):     ERROR warehouse_id:1, cid:81639, maxbytes:2
20251110-03:35.29-523231(us) 19253 ! txn_stock_level (tpcc.cc:3398):     ERROR warehouse_id:1, cid:81639, maxbytes:2
20251110-03:35.29-523243(us) 19253 ! txn_stock_level (tpcc.cc:3398):     ERROR warehouse_id:1, cid:81639, maxbytes:2
20251110-03:35.29-523329(us) 19253 ! txn_stock_level (tpcc.cc:3398):     ERROR warehouse_id:1, cid:81639, maxbytes:2
20251110-03:35.29-523367(us) 19253 ! txn_stock_level (tpcc.cc:3398):     ERROR warehouse_id:1, cid:81639, maxbytes:2
20251110-03:35.29-523432(us) 19253 ! txn_stock_level (tpcc.cc:3398):     ERROR warehouse_id:1, cid:81639, maxbytes:2
20251110-03:35.29-524382(us) 19253 ! txn_stock_level (tpcc.cc:3398):     ERROR warehouse_id:1, cid:81639, maxbytes:2
20251110-03:35.29-524534(us) 19253 ! txn_stock_level (tpcc.cc:3398):     ERROR warehouse_id:1, cid:81639, maxbytes:2
20251110-03:35.29-524643(us) 19253 ! txn_stock_level (tpcc.cc:3398):     ERROR warehouse_id:1, cid:81639, maxbytes:2
20251110-03:35.29-524708(us) 19253 ! txn_stock_level (tpcc.cc:3398):     ERROR warehouse_id:1, cid:81639, maxbytes:2
20251110-03:35.29-526125(us) 19253 ! txn_stock_level (tpcc.cc:3398):     ERROR warehouse_id:1, cid:81639, maxbytes:2
20251110-03:35.29-526201(us) 19253 ! txn_stock_level (tpcc.cc:3398):     ERROR warehouse_id:1, cid:81639, maxbytes:2
20251110-03:35.29-526209(us) 19253 ! txn_stock_level (tpcc.cc:3398):     ERROR warehouse_id:1, cid:81639, maxbytes:2
20251110-03:35.29-526222(us) 19253 ! txn_stock_level (tpcc.cc:3398):     ERROR warehouse_id:1, cid:81639, maxbytes:2
20251110-03:35.29-526241(us) 19253 ! txn_stock_level (tpcc.cc:3398):     ERROR warehouse_id:1, cid:81639, maxbytes:2
20251110-03:35.29-554725(us) 19253 ! txn_stock_level (tpcc.cc:3398):     ERROR warehouse_id:1, cid:11495, maxbytes:2
20251110-03:35.29-554774(us) 19253 ! txn_stock_level (tpcc.cc:3398):     ERROR warehouse_id:1, cid:11495, maxbytes:2
20251110-03:35.29-554806(us) 19253 ! txn_stock_level (tpcc.cc:3398):     ERROR warehouse_id:1, cid:11495, maxbytes:2
20251110-03:35.29-555958(us) 19253 ! txn_stock_level (tpcc.cc:3398):     ERROR warehouse_id:1, cid:11495, maxbytes:2
20251110-03:35.29-557230(us) 19253 ! txn_stock_level (tpcc.cc:3398):     ERROR warehouse_id:1, cid:11495, maxbytes:2
20251110-03:35.29-559456(us) 19253 ! txn_stock_level (tpcc.cc:3398):     ERROR warehouse_id:1, cid:11495, maxbytes:2
20251110-03:35.29-559489(us) 19253 ! txn_stock_level (tpcc.cc:3398):     ERROR warehouse_id:1, cid:11495, maxbytes:2
20251110-03:35.29-560636(us) 19253 ! txn_stock_level (tpcc.cc:3398):     ERROR warehouse_id:1, cid:11495, maxbytes:2
20251110-03:35.29-560700(us) 19253 ! txn_stock_level (tpcc.cc:3398):     ERROR warehouse_id:1, cid:11495, maxbytes:2
20251110-03:35.29-561850(us) 19253 ! txn_stock_level (tpcc.cc:3398):     ERROR warehouse_id:1, cid:11495, maxbytes:2
20251110-03:35.29-598288(us) 19253 ! txn_stock_level (tpcc.cc:3398):     ERROR warehouse_id:2, cid:57061, maxbytes:2
20251110-03:35.29-598414(us) 19253 ! txn_stock_level (tpcc.cc:3398):     ERROR warehouse_id:2, cid:57061, maxbytes:2
20251110-03:35.29-599576(us) 19253 ! txn_stock_level (tpcc.cc:3398):     ERROR warehouse_id:2, cid:57061, maxbytes:2
20251110-03:35.29-599633(us) 19253 ! txn_stock_level (tpcc.cc:3398):     ERROR warehouse_id:2, cid:57061, maxbytes:2
20251110-03:35.29-601073(us) 19253 ! txn_stock_level (tpcc.cc:3398):     ERROR warehouse_id:2, cid:57061, maxbytes:2
20251110-03:35.29-601151(us) 19253 ! txn_stock_level (tpcc.cc:3398):     ERROR warehouse_id:2, cid:57061, maxbytes:2
20251110-03:35.29-601262(us) 19253 ! txn_stock_level (tpcc.cc:3398):     ERROR warehouse_id:2, cid:57061, maxbytes:2
20251110-03:35.29-601472(us) 19253 ! txn_stock_level (tpcc.cc:3398):     ERROR warehouse_id:2, cid:57061, maxbytes:2
20251110-03:35.29-601488(us) 19253 ! txn_stock_level (tpcc.cc:3398):     ERROR warehouse_id:2, cid:57061, maxbytes:2
20251110-03:35.29-601532(us) 19253 ! txn_stock_level (tpcc.cc:3398):     ERROR warehouse_id:2, cid:57061, maxbytes:2
20251110-03:35.29-601545(us) 19253 ! txn_stock_level (tpcc.cc:3398):     ERROR warehouse_id:2, cid:57061, maxbytes:2
20251110-03:35.29-602458(us) 19253 ! txn_stock_level (tpcc.cc:3398):     ERROR warehouse_id:2, cid:57061, maxbytes:2
20251110-03:35.29-604474(us) 19253 ! txn_stock_level (tpcc.cc:3398):     ERROR warehouse_id:2, cid:57061, maxbytes:2
20251110-03:35.29-605530(us) 19253 ! txn_stock_level (tpcc.cc:3398):     ERROR warehouse_id:2, cid:57061, maxbytes:2
20251110-03:35.29-605657(us) 19253 ! txn_stock_level (tpcc.cc:3398):     ERROR warehouse_id:2, cid:57061, maxbytes:2
20251110-03:35.29-606929(us) 19253 ! txn_stock_level (tpcc.cc:3398):     ERROR warehouse_id:2, cid:57061, maxbytes:2
20251110-03:35.29-606965(us) 19253 ! txn_stock_level (tpcc.cc:3398):     ERROR warehouse_id:2, cid:57061, maxbytes:2
20251110-03:35.29-607138(us) 19253 ! txn_stock_level (tpcc.cc:3398):     ERROR warehouse_id:2, cid:57061, maxbytes:2
20251110-03:35.29-607161(us) 19253 ! txn_stock_level (tpcc.cc:3398):     ERROR warehouse_id:2, cid:57061, maxbytes:2
20251110-03:35.29-607226(us) 19253 ! txn_stock_level (tpcc.cc:3398):     ERROR warehouse_id:2, cid:57061, maxbytes:2
20251110-03:35.29-608567(us) 19253 ! txn_stock_level (tpcc.cc:3398):     ERROR warehouse_id:2, cid:57061, maxbytes:2
20251110-03:35.29-609693(us) 19253 ! txn_stock_level (tpcc.cc:3398):     ERROR warehouse_id:2, cid:57061, maxbytes:2
20251110-03:35.29-609836(us) 19253 ! txn_stock_level (tpcc.cc:3398):     ERROR warehouse_id:2, cid:57061, maxbytes:2
20251110-03:35.29-609878(us) 19253 ! txn_stock_level (tpcc.cc:3398):     ERROR warehouse_id:2, cid:57061, maxbytes:2
20251110-03:35.29-611058(us) 19253 ! txn_stock_level (tpcc.cc:3398):     ERROR warehouse_id:2, cid:57061, maxbytes:2
20251110-03:35.29-612104(us) 19253 ! txn_stock_level (tpcc.cc:3398):     ERROR warehouse_id:2, cid:57061, maxbytes:2
20251110-03:35.29-614015(us) 19253 ! txn_stock_level (tpcc.cc:3398):     ERROR warehouse_id:2, cid:57061, maxbytes:2
20251110-03:35.29-615093(us) 19253 ! txn_stock_level (tpcc.cc:3398):     ERROR warehouse_id:2, cid:57061, maxbytes:2
20251110-03:35.29-615116(us) 19253 ! txn_stock_level (tpcc.cc:3398):     ERROR warehouse_id:2, cid:57061, maxbytes:2
20251110-03:35.29-615262(us) 19253 ! txn_stock_level (tpcc.cc:3398):     ERROR warehouse_id:2, cid:57061, maxbytes:2
20251110-03:35.29-615329(us) 19253 ! txn_stock_level (tpcc.cc:3398):     ERROR warehouse_id:2, cid:57061, maxbytes:2
20251110-03:35.29-615645(us) 19253 ! txn_stock_level (tpcc.cc:3398):     ERROR warehouse_id:2, cid:57061, maxbytes:2
20251110-03:35.29-615677(us) 19253 ! txn_stock_level (tpcc.cc:3398):     ERROR warehouse_id:2, cid:57061, maxbytes:2
20251110-03:35.29-615789(us) 19253 ! txn_stock_level (tpcc.cc:3398):     ERROR warehouse_id:2, cid:57061, maxbytes:2
20251110-03:35.29-615935(us) 19253 ! txn_stock_level (tpcc.cc:3398):     ERROR warehouse_id:2, cid:57061, maxbytes:2
20251110-03:35.29-617032(us) 19253 ! txn_stock_level (tpcc.cc:3398):     ERROR warehouse_id:2, cid:57061, maxbytes:2
20251110-03:35.29-617118(us) 19253 ! txn_stock_level (tpcc.cc:3398):     ERROR warehouse_id:2, cid:57061, maxbytes:2
20251110-03:35.29-618033(us) 19253 ! txn_stock_level (tpcc.cc:3398):     ERROR warehouse_id:2, cid:57061, maxbytes:2
20251110-03:35.29-618107(us) 19253 ! txn_stock_level (tpcc.cc:3398):     ERROR warehouse_id:2, cid:57061, maxbytes:2
20251110-03:35.29-618190(us) 19253 ! txn_stock_level (tpcc.cc:3398):     ERROR warehouse_id:2, cid:57061, maxbytes:2
20251110-03:35.29-618204(us) 19253 ! txn_stock_level (tpcc.cc:3398):     ERROR warehouse_id:2, cid:57061, maxbytes:2
20251110-03:35.29-618226(us) 19253 ! txn_stock_level (tpcc.cc:3398):     ERROR warehouse_id:2, cid:57061, maxbytes:2
20251110-03:35.29-618330(us) 19253 ! txn_stock_level (tpcc.cc:3398):     ERROR warehouse_id:2, cid:57061, maxbytes:2
20251110-03:35.29-618362(us) 19253 ! txn_stock_level (tpcc.cc:3398):     ERROR warehouse_id:2, cid:57061, maxbytes:2
20251110-03:35.29-618389(us) 19253 ! txn_stock_level (tpcc.cc:3398):     ERROR warehouse_id:2, cid:57061, maxbytes:2
20251110-03:35.29-619621(us) 19253 ! txn_stock_level (tpcc.cc:3398):     ERROR warehouse_id:2, cid:57061, maxbytes:2
20251110-03:35.29-619644(us) 19253 ! txn_stock_level (tpcc.cc:3398):     ERROR warehouse_id:2, cid:57061, maxbytes:2
20251110-03:35.29-619729(us) 19253 ! txn_stock_level (tpcc.cc:3398):     ERROR warehouse_id:2, cid:57061, maxbytes:2
20251110-03:35.29-619745(us) 19253 ! txn_stock_level (tpcc.cc:3398):     ERROR warehouse_id:2, cid:57061, maxbytes:2
20251110-03:35.29-622575(us) 19253 ! txn_stock_level (tpcc.cc:3398):     ERROR warehouse_id:2, cid:57061, maxbytes:2
20251110-03:35.29-622900(us) 19253 ! txn_stock_level (tpcc.cc:3398):     ERROR warehouse_id:2, cid:57061, maxbytes:2
20251110-03:35.29-623045(us) 19253 ! txn_stock_level (tpcc.cc:3398):     ERROR warehouse_id:2, cid:57061, maxbytes:2
20251110-03:35.29-623063(us) 19253 ! txn_stock_level (tpcc.cc:3398):     ERROR warehouse_id:2, cid:57061, maxbytes:2
20251110-03:35.29-623161(us) 19253 ! txn_stock_level (tpcc.cc:3398):     ERROR warehouse_id:2, cid:57061, maxbytes:2
20251110-03:35.29-658857(us) 19253 ! txn_stock_level (tpcc.cc:3398):     ERROR warehouse_id:2, cid:9511, maxbytes:2
20251110-03:35.29-783100(us) 19253 ! txn_stock_level (tpcc.cc:3398):     ERROR warehouse_id:2, cid:81127, maxbytes:2
20251110-03:35.29-783154(us) 19253 ! txn_stock_level (tpcc.cc:3398):     ERROR warehouse_id:2, cid:81127, maxbytes:2
20251110-03:35.29-783163(us) 19253 ! txn_stock_level (tpcc.cc:3398):     ERROR warehouse_id:2, cid:81127, maxbytes:2
20251110-03:35.29-785262(us) 19253 ! txn_stock_level (tpcc.cc:3398):     ERROR warehouse_id:2, cid:81127, maxbytes:2
20251110-03:35.29-785356(us) 19253 ! txn_stock_level (tpcc.cc:3398):     ERROR warehouse_id:2, cid:81127, maxbytes:2
20251110-03:35.29-786298(us) 19253 ! txn_stock_level (tpcc.cc:3398):     ERROR warehouse_id:2, cid:81127, maxbytes:2
20251110-03:35.29-786317(us) 19253 ! txn_stock_level (tpcc.cc:3398):     ERROR warehouse_id:2, cid:81127, maxbytes:2
20251110-03:35.29-786343(us) 19253 ! txn_stock_level (tpcc.cc:3398):     ERROR warehouse_id:2, cid:81127, maxbytes:2
20251110-03:35.29-786352(us) 19253 ! txn_stock_level (tpcc.cc:3398):     ERROR warehouse_id:2, cid:81127, maxbytes:2
20251110-03:35.29-786367(us) 19253 ! txn_stock_level (tpcc.cc:3398):     ERROR warehouse_id:2, cid:81127, maxbytes:2
20251110-03:35.29-786468(us) 19253 ! txn_stock_level (tpcc.cc:3398):     ERROR warehouse_id:2, cid:81127, maxbytes:2
20251110-03:35.29-786484(us) 19253 ! txn_stock_level (tpcc.cc:3398):     ERROR warehouse_id:2, cid:81127, maxbytes:2
20251110-03:35.29-787364(us) 19253 ! txn_stock_level (tpcc.cc:3398):     ERROR warehouse_id:2, cid:81127, maxbytes:2
20251110-03:35.29-787393(us) 19253 ! txn_stock_level (tpcc.cc:3398):     ERROR warehouse_id:2, cid:81127, maxbytes:2
20251110-03:35.29-787402(us) 19253 ! txn_stock_level (tpcc.cc:3398):     ERROR warehouse_id:2, cid:81127, maxbytes:2
20251110-03:35.29-825355(us) 19253 ! txn_stock_level (tpcc.cc:3398):     ERROR warehouse_id:2, cid:5957, maxbytes:2
20251110-03:35.29-826319(us) 19253 ! txn_stock_level (tpcc.cc:3398):     ERROR warehouse_id:2, cid:5957, maxbytes:2
20251110-03:35.29-826365(us) 19253 ! txn_stock_level (tpcc.cc:3398):     ERROR warehouse_id:2, cid:5957, maxbytes:2
20251110-03:35.29-826656(us) 19253 ! txn_stock_level (tpcc.cc:3398):     ERROR warehouse_id:2, cid:5957, maxbytes:2
20251110-03:35.29-826684(us) 19253 ! txn_stock_level (tpcc.cc:3398):     ERROR warehouse_id:2, cid:5957, maxbytes:2
20251110-03:35.29-875382(us) 19253 ! txn_stock_level (tpcc.cc:3398):     ERROR warehouse_id:2, cid:26343, maxbytes:2
20251110-03:35.29-875619(us) 19253 ! txn_stock_level (tpcc.cc:3398):     ERROR warehouse_id:2, cid:81639, maxbytes:2
20251110-03:35.29-875709(us) 19253 ! txn_stock_level (tpcc.cc:3398):     ERROR warehouse_id:2, cid:81639, maxbytes:2
20251110-03:35.29-878694(us) 19253 ! txn_stock_level (tpcc.cc:3398):     ERROR warehouse_id:2, cid:81639, maxbytes:2
20251110-03:35.29-878808(us) 19253 ! txn_stock_level (tpcc.cc:3398):     ERROR warehouse_id:2, cid:81639, maxbytes:2
20251110-03:35.29-878832(us) 19253 ! txn_stock_level (tpcc.cc:3398):     ERROR warehouse_id:2, cid:81639, maxbytes:2
20251110-03:35.29-879031(us) 19253 ! txn_stock_level (tpcc.cc:3398):     ERROR warehouse_id:2, cid:81639, maxbytes:2
20251110-03:35.29-879077(us) 19253 ! txn_stock_level (tpcc.cc:3398):     ERROR warehouse_id:2, cid:81639, maxbytes:2
20251110-03:35.29-879233(us) 19253 ! txn_stock_level (tpcc.cc:3398):     ERROR warehouse_id:2, cid:81639, maxbytes:2
20251110-03:35.29-879324(us) 19253 ! txn_stock_level (tpcc.cc:3398):     ERROR warehouse_id:2, cid:81639, maxbytes:2
20251110-03:35.29-880241(us) 19253 ! txn_stock_level (tpcc.cc:3398):     ERROR warehouse_id:2, cid:81639, maxbytes:2
20251110-03:35.29-881183(us) 19253 ! txn_stock_level (tpcc.cc:3398):     ERROR warehouse_id:2, cid:81639, maxbytes:2
20251110-03:35.29-883189(us) 19253 ! txn_stock_level (tpcc.cc:3398):     ERROR warehouse_id:2, cid:81639, maxbytes:2
20251110-03:35.29-883348(us) 19253 ! txn_stock_level (tpcc.cc:3398):     ERROR warehouse_id:2, cid:81639, maxbytes:2
20251110-03:35.29-883363(us) 19253 ! txn_stock_level (tpcc.cc:3398):     ERROR warehouse_id:2, cid:81639, maxbytes:2
20251110-03:35.29-883370(us) 19253 ! txn_stock_level (tpcc.cc:3398):     ERROR warehouse_id:2, cid:81639, maxbytes:2
20251110-03:35.29-883383(us) 19253 ! txn_stock_level (tpcc.cc:3398):     ERROR warehouse_id:2, cid:81639, maxbytes:2
20251110-03:35.30-38736(us) 19253 ! txn_stock_level (tpcc.cc:3398):     ERROR warehouse_id:2, cid:81639, maxbytes:2
20251110-03:35.30-38811(us) 19253 ! txn_stock_level (tpcc.cc:3398):     ERROR warehouse_id:2, cid:81639, maxbytes:2
20251110-03:35.30-38822(us) 19253 ! txn_stock_level (tpcc.cc:3398):     ERROR warehouse_id:2, cid:81639, maxbytes:2
20251110-03:35.30-41608(us) 19253 ! txn_stock_level (tpcc.cc:3398):     ERROR warehouse_id:2, cid:81639, maxbytes:2
20251110-03:35.30-41657(us) 19253 ! txn_stock_level (tpcc.cc:3398):     ERROR warehouse_id:2, cid:81639, maxbytes:2
20251110-03:35.30-41793(us) 19253 ! txn_stock_level (tpcc.cc:3398):     ERROR warehouse_id:2, cid:81639, maxbytes:2
20251110-03:35.30-41806(us) 19253 ! txn_stock_level (tpcc.cc:3398):     ERROR warehouse_id:2, cid:81639, maxbytes:2
20251110-03:35.30-41830(us) 19253 ! txn_stock_level (tpcc.cc:3398):     ERROR warehouse_id:2, cid:81639, maxbytes:2
20251110-03:35.30-41842(us) 19253 ! txn_stock_level (tpcc.cc:3398):     ERROR warehouse_id:2, cid:81639, maxbytes:2
20251110-03:35.30-100201(us) 19253 ! txn_stock_level (tpcc.cc:3398):     ERROR warehouse_id:1, cid:72903, maxbytes:2
20251110-03:35.30-100258(us) 19253 ! txn_stock_level (tpcc.cc:3398):     ERROR warehouse_id:1, cid:72903, maxbytes:2
20251110-03:35.30-101234(us) 19253 ! txn_stock_level (tpcc.cc:3398):     ERROR warehouse_id:1, cid:72903, maxbytes:2
20251110-03:35.30-101275(us) 19253 ! txn_stock_level (tpcc.cc:3398):     ERROR warehouse_id:1, cid:72903, maxbytes:2
20251110-03:35.30-101337(us) 19253 ! txn_stock_level (tpcc.cc:3398):     ERROR warehouse_id:1, cid:72903, maxbytes:2
20251110-03:35.30-101346(us) 19253 ! txn_stock_level (tpcc.cc:3398):     ERROR warehouse_id:1, cid:72903, maxbytes:2
20251110-03:35.30-101359(us) 19253 ! txn_stock_level (tpcc.cc:3398):     ERROR warehouse_id:1, cid:72903, maxbytes:2
20251110-03:35.30-101502(us) 19253 ! txn_stock_level (tpcc.cc:3398):     ERROR warehouse_id:1, cid:72903, maxbytes:2
20251110-03:35.30-101523(us) 19253 ! txn_stock_level (tpcc.cc:3398):     ERROR warehouse_id:1, cid:72903, maxbytes:2
20251110-03:35.30-103478(us) 19253 ! txn_stock_level (tpcc.cc:3398):     ERROR warehouse_id:1, cid:72903, maxbytes:2
20251110-03:35.30-103594(us) 19253 ! txn_stock_level (tpcc.cc:3398):     ERROR warehouse_id:1, cid:72903, maxbytes:2
20251110-03:35.30-103616(us) 19253 ! txn_stock_level (tpcc.cc:3398):     ERROR warehouse_id:1, cid:72903, maxbytes:2
20251110-03:35.30-103636(us) 19253 ! txn_stock_level (tpcc.cc:3398):     ERROR warehouse_id:1, cid:72903, maxbytes:2
20251110-03:35.30-103790(us) 19253 ! txn_stock_level (tpcc.cc:3398):     ERROR warehouse_id:1, cid:72903, maxbytes:2
20251110-03:35.30-103826(us) 19253 ! txn_stock_level (tpcc.cc:3398):     ERROR warehouse_id:1, cid:72903, maxbytes:2
20251110-03:35.30-103913(us) 19253 ! txn_stock_level (tpcc.cc:3398):     ERROR warehouse_id:1, cid:72903, maxbytes:2
20251110-03:35.30-104024(us) 19253 ! txn_stock_level (tpcc.cc:3398):     ERROR warehouse_id:1, cid:72903, maxbytes:2
20251110-03:35.30-104920(us) 19253 ! txn_stock_level (tpcc.cc:3398):     ERROR warehouse_id:1, cid:72903, maxbytes:2
20251110-03:35.30-105873(us) 19253 ! txn_stock_level (tpcc.cc:3398):     ERROR warehouse_id:1, cid:72903, maxbytes:2
20251110-03:35.30-138196(us) 19253 ! run             (bench.cc:473):     runtime time left:26000 ms, bool:1
20251110-03:35.30-279565(us) 19253 ! txn_stock_level (tpcc.cc:3398):     ERROR warehouse_id:2, cid:57063, maxbytes:2
20251110-03:35.30-281476(us) 19253 ! txn_stock_level (tpcc.cc:3398):     ERROR warehouse_id:2, cid:57063, maxbytes:2
20251110-03:35.30-281512(us) 19253 ! txn_stock_level (tpcc.cc:3398):     ERROR warehouse_id:2, cid:57063, maxbytes:2
20251110-03:35.30-283505(us) 19253 ! txn_stock_level (tpcc.cc:3398):     ERROR warehouse_id:2, cid:97991, maxbytes:2
20251110-03:35.30-286373(us) 19253 ! txn_stock_level (tpcc.cc:3398):     ERROR warehouse_id:2, cid:97991, maxbytes:2
20251110-03:35.30-286616(us) 19253 ! txn_stock_level (tpcc.cc:3398):     ERROR warehouse_id:2, cid:97991, maxbytes:2
20251110-03:35.30-286653(us) 19253 ! txn_stock_level (tpcc.cc:3398):     ERROR warehouse_id:2, cid:97991, maxbytes:2
20251110-03:35.30-286948(us) 19253 ! txn_stock_level (tpcc.cc:3398):     ERROR warehouse_id:2, cid:97991, maxbytes:2
20251110-03:35.30-287000(us) 19253 ! txn_stock_level (tpcc.cc:3398):     ERROR warehouse_id:2, cid:97991, maxbytes:2
20251110-03:35.30-287011(us) 19253 ! txn_stock_level (tpcc.cc:3398):     ERROR warehouse_id:2, cid:97991, maxbytes:2
20251110-03:35.30-288206(us) 19253 ! txn_stock_level (tpcc.cc:3398):     ERROR warehouse_id:2, cid:97991, maxbytes:2
20251110-03:35.30-288281(us) 19253 ! txn_stock_level (tpcc.cc:3398):     ERROR warehouse_id:2, cid:97991, maxbytes:2
20251110-03:35.30-326447(us) 19253 ! txn_stock_level (tpcc.cc:3398):     ERROR warehouse_id:1, cid:32487, maxbytes:2
20251110-03:35.30-326499(us) 19253 ! txn_stock_level (tpcc.cc:3398):     ERROR warehouse_id:1, cid:32487, maxbytes:2
20251110-03:35.30-327429(us) 19253 ! txn_stock_level (tpcc.cc:3398):     ERROR warehouse_id:1, cid:32487, maxbytes:2
20251110-03:35.30-500039(us) 19253 ! txn_stock_level (tpcc.cc:3398):     ERROR warehouse_id:1, cid:32471, maxbytes:2
20251110-03:35.30-500137(us) 19253 ! txn_stock_level (tpcc.cc:3398):     ERROR warehouse_id:1, cid:32471, maxbytes:2
20251110-03:35.30-500173(us) 19253 ! txn_stock_level (tpcc.cc:3398):     ERROR warehouse_id:1, cid:32471, maxbytes:2
20251110-03:35.30-500274(us) 19253 ! txn_stock_level (tpcc.cc:3398):     ERROR warehouse_id:1, cid:32471, maxbytes:2
20251110-03:35.30-500299(us) 19253 ! txn_stock_level (tpcc.cc:3398):     ERROR warehouse_id:1, cid:32471, maxbytes:2
20251110-03:35.30-500369(us) 19253 ! txn_stock_level (tpcc.cc:3398):     ERROR warehouse_id:1, cid:32471, maxbytes:2
20251110-03:35.30-880168(us) 19253 ! txn_stock_level (tpcc.cc:3398):     ERROR warehouse_id:1, cid:73447, maxbytes:2
20251110-03:35.30-881345(us) 19253 ! txn_stock_level (tpcc.cc:3398):     ERROR warehouse_id:1, cid:73447, maxbytes:2
20251110-03:35.30-881509(us) 19253 ! txn_stock_level (tpcc.cc:3398):     ERROR warehouse_id:1, cid:73447, maxbytes:2
20251110-03:35.30-882666(us) 19253 ! txn_stock_level (tpcc.cc:3398):     ERROR warehouse_id:1, cid:73447, maxbytes:2
20251110-03:35.30-886325(us) 19253 ! txn_stock_level (tpcc.cc:3398):     ERROR warehouse_id:1, cid:73447, maxbytes:2
20251110-03:35.30-886630(us) 19253 ! txn_stock_level (tpcc.cc:3398):     ERROR warehouse_id:1, cid:73447, maxbytes:2
20251110-03:35.30-889823(us) 19253 ! txn_stock_level (tpcc.cc:3398):     ERROR warehouse_id:1, cid:73447, maxbytes:2
20251110-03:35.30-889860(us) 19253 ! txn_stock_level (tpcc.cc:3398):     ERROR warehouse_id:1, cid:73447, maxbytes:2
20251110-03:35.30-889930(us) 19253 ! txn_stock_level (tpcc.cc:3398):     ERROR warehouse_id:1, cid:73447, maxbytes:2
20251110-03:35.30-890207(us) 19253 ! txn_stock_level (tpcc.cc:3398):     ERROR warehouse_id:1, cid:73447, maxbytes:2
20251110-03:35.30-890255(us) 19253 ! txn_stock_level (tpcc.cc:3398):     ERROR warehouse_id:1, cid:73447, maxbytes:2
20251110-03:35.30-891494(us) 19253 ! txn_stock_level (tpcc.cc:3398):     ERROR warehouse_id:1, cid:73447, maxbytes:2
20251110-03:35.30-892448(us) 19253 ! txn_stock_level (tpcc.cc:3398):     ERROR warehouse_id:1, cid:73447, maxbytes:2
20251110-03:35.30-893648(us) 19253 ! txn_stock_level (tpcc.cc:3398):     ERROR warehouse_id:1, cid:73447, maxbytes:2
20251110-03:35.30-894676(us) 19253 ! txn_stock_level (tpcc.cc:3398):     ERROR warehouse_id:1, cid:73447, maxbytes:2
20251110-03:35.30-894747(us) 19253 ! txn_stock_level (tpcc.cc:3398):     ERROR warehouse_id:1, cid:73447, maxbytes:2
20251110-03:35.30-895977(us) 19253 ! txn_stock_level (tpcc.cc:3398):     ERROR warehouse_id:1, cid:73447, maxbytes:2
20251110-03:35.30-897152(us) 19253 ! txn_stock_level (tpcc.cc:3398):     ERROR warehouse_id:1, cid:73447, maxbytes:2
20251110-03:35.30-897337(us) 19253 ! txn_stock_level (tpcc.cc:3398):     ERROR warehouse_id:1, cid:73447, maxbytes:2
20251110-03:35.30-897375(us) 19253 ! txn_stock_level (tpcc.cc:3398):     ERROR warehouse_id:1, cid:73447, maxbytes:2
20251110-03:35.30-897400(us) 19253 ! txn_stock_level (tpcc.cc:3398):     ERROR warehouse_id:1, cid:73447, maxbytes:2
20251110-03:35.30-897480(us) 19253 ! txn_stock_level (tpcc.cc:3398):     ERROR warehouse_id:1, cid:73447, maxbytes:2
20251110-03:35.30-897530(us) 19253 ! txn_stock_level (tpcc.cc:3398):     ERROR warehouse_id:1, cid:73447, maxbytes:2
20251110-03:35.30-897560(us) 19253 ! txn_stock_level (tpcc.cc:3398):     ERROR warehouse_id:1, cid:73447, maxbytes:2
20251110-03:35.30-897595(us) 19253 ! txn_stock_level (tpcc.cc:3398):     ERROR warehouse_id:1, cid:73447, maxbytes:2
20251110-03:35.30-897677(us) 19253 ! txn_stock_level (tpcc.cc:3398):     ERROR warehouse_id:1, cid:73447, maxbytes:2
20251110-03:35.30-912109(us) 19253 ! txn_stock_level (tpcc.cc:3398):     ERROR warehouse_id:1, cid:48871, maxbytes:2
20251110-03:35.30-912282(us) 19253 ! txn_stock_level (tpcc.cc:3398):     ERROR warehouse_id:1, cid:48871, maxbytes:2
20251110-03:35.30-912320(us) 19253 ! txn_stock_level (tpcc.cc:3398):     ERROR warehouse_id:1, cid:48871, maxbytes:2
20251110-03:35.30-913183(us) 19253 ! txn_stock_level (tpcc.cc:3398):     ERROR warehouse_id:1, cid:48871, maxbytes:2
20251110-03:35.30-913206(us) 19253 ! txn_stock_level (tpcc.cc:3398):     ERROR warehouse_id:1, cid:48871, maxbytes:2
20251110-03:35.30-913293(us) 19253 ! txn_stock_level (tpcc.cc:3398):     ERROR warehouse_id:1, cid:48871, maxbytes:2
20251110-03:35.30-913343(us) 19253 ! txn_stock_level (tpcc.cc:3398):     ERROR warehouse_id:1, cid:48871, maxbytes:2
20251110-03:35.30-913433(us) 19253 ! txn_stock_level (tpcc.cc:3398):     ERROR warehouse_id:1, cid:48871, maxbytes:2
20251110-03:35.30-913682(us) 19253 ! txn_stock_level (tpcc.cc:3398):     ERROR warehouse_id:1, cid:48871, maxbytes:2
20251110-03:35.30-913827(us) 19253 ! txn_stock_level (tpcc.cc:3398):     ERROR warehouse_id:1, cid:48871, maxbytes:2
20251110-03:35.30-914945(us) 19253 ! txn_stock_level (tpcc.cc:3398):     ERROR warehouse_id:1, cid:48871, maxbytes:2
20251110-03:35.30-914995(us) 19253 ! txn_stock_level (tpcc.cc:3398):     ERROR warehouse_id:1, cid:48871, maxbytes:2
20251110-03:35.30-915067(us) 19253 ! txn_stock_level (tpcc.cc:3398):     ERROR warehouse_id:1, cid:48871, maxbytes:2
20251110-03:35.30-916162(us) 19253 ! txn_stock_level (tpcc.cc:3398):     ERROR warehouse_id:1, cid:48871, maxbytes:2
20251110-03:35.30-916331(us) 19253 ! txn_stock_level (tpcc.cc:3398):     ERROR warehouse_id:1, cid:48871, maxbytes:2
20251110-03:35.30-916343(us) 19253 ! txn_stock_level (tpcc.cc:3398):     ERROR warehouse_id:1, cid:48871, maxbytes:2
20251110-03:35.31-26100(us) 19253 ! txn_stock_level (tpcc.cc:3398):     ERROR warehouse_id:1, cid:63127, maxbytes:2
20251110-03:35.31-27067(us) 19253 ! txn_stock_level (tpcc.cc:3398):     ERROR warehouse_id:1, cid:63127, maxbytes:2
20251110-03:35.31-27191(us) 19253 ! txn_stock_level (tpcc.cc:3398):     ERROR warehouse_id:1, cid:63127, maxbytes:2
20251110-03:35.31-27227(us) 19253 ! txn_stock_level (tpcc.cc:3398):     ERROR warehouse_id:1, cid:63127, maxbytes:2
20251110-03:35.31-27290(us) 19253 ! txn_stock_level (tpcc.cc:3398):     ERROR warehouse_id:1, cid:63127, maxbytes:2
20251110-03:35.31-27304(us) 19253 ! txn_stock_level (tpcc.cc:3398):     ERROR warehouse_id:1, cid:63127, maxbytes:2
20251110-03:35.31-27352(us) 19253 ! txn_stock_level (tpcc.cc:3398):     ERROR warehouse_id:1, cid:63127, maxbytes:2
20251110-03:35.31-51917(us) 19253 ! txn_stock_level (tpcc.cc:3398):     ERROR warehouse_id:1, cid:47799, maxbytes:2
20251110-03:35.31-52144(us) 19253 ! txn_stock_level (tpcc.cc:3398):     ERROR warehouse_id:1, cid:47799, maxbytes:2
20251110-03:35.31-52201(us) 19253 ! txn_stock_level (tpcc.cc:3398):     ERROR warehouse_id:1, cid:47799, maxbytes:2
20251110-03:35.31-52231(us) 19253 ! txn_stock_level (tpcc.cc:3398):     ERROR warehouse_id:1, cid:47799, maxbytes:2
20251110-03:35.31-52360(us) 19253 ! txn_stock_level (tpcc.cc:3398):     ERROR warehouse_id:1, cid:47799, maxbytes:2
20251110-03:35.31-52378(us) 19253 ! txn_stock_level (tpcc.cc:3398):     ERROR warehouse_id:1, cid:47799, maxbytes:2
20251110-03:35.31-141272(us) 19253 ! txn_stock_level (tpcc.cc:3398):     ERROR warehouse_id:2, cid:98023, maxbytes:2
20251110-03:35.31-141340(us) 19253 ! txn_stock_level (tpcc.cc:3398):     ERROR warehouse_id:2, cid:98023, maxbytes:2
20251110-03:35.31-142506(us) 19253 ! txn_stock_level (tpcc.cc:3398):     ERROR warehouse_id:2, cid:98023, maxbytes:2
20251110-03:35.31-142566(us) 19253 ! txn_stock_level (tpcc.cc:3398):     ERROR warehouse_id:2, cid:98023, maxbytes:2
20251110-03:35.31-142600(us) 19253 ! txn_stock_level (tpcc.cc:3398):     ERROR warehouse_id:2, cid:98023, maxbytes:2
20251110-03:35.31-143716(us) 19253 ! run             (bench.cc:473):     runtime time left:25000 ms, bool:1
20251110-03:35.31-143744(us) 19253 ! txn_stock_level (tpcc.cc:3398):     ERROR warehouse_id:2, cid:98023, maxbytes:2
20251110-03:35.31-143775(us) 19253 ! txn_stock_level (tpcc.cc:3398):     ERROR warehouse_id:2, cid:98023, maxbytes:2
20251110-03:35.31-144202(us) 19253 ! txn_stock_level (tpcc.cc:3398):     ERROR warehouse_id:2, cid:98023, maxbytes:2
20251110-03:35.31-146151(us) 19253 ! txn_stock_level (tpcc.cc:3398):     ERROR warehouse_id:2, cid:98023, maxbytes:2
20251110-03:35.31-147264(us) 19253 ! txn_stock_level (tpcc.cc:3398):     ERROR warehouse_id:2, cid:98023, maxbytes:2
20251110-03:35.31-148490(us) 19253 ! txn_stock_level (tpcc.cc:3398):     ERROR warehouse_id:2, cid:98023, maxbytes:2
20251110-03:35.31-148548(us) 19253 ! txn_stock_level (tpcc.cc:3398):     ERROR warehouse_id:2, cid:98023, maxbytes:2
20251110-03:35.31-151406(us) 19253 ! txn_stock_level (tpcc.cc:3398):     ERROR warehouse_id:2, cid:98023, maxbytes:2
20251110-03:35.31-151535(us) 19253 ! txn_stock_level (tpcc.cc:3398):     ERROR warehouse_id:2, cid:98023, maxbytes:2
20251110-03:35.31-152603(us) 19253 ! txn_stock_level (tpcc.cc:3398):     ERROR warehouse_id:2, cid:98023, maxbytes:2
20251110-03:35.31-154452(us) 19253 ! txn_stock_level (tpcc.cc:3398):     ERROR warehouse_id:2, cid:98023, maxbytes:2
20251110-03:35.31-154490(us) 19253 ! txn_stock_level (tpcc.cc:3398):     ERROR warehouse_id:2, cid:98023, maxbytes:2
20251110-03:35.31-154724(us) 19253 ! txn_stock_level (tpcc.cc:3398):     ERROR warehouse_id:2, cid:98023, maxbytes:2
20251110-03:35.31-154739(us) 19253 ! txn_stock_level (tpcc.cc:3398):     ERROR warehouse_id:2, cid:98023, maxbytes:2
20251110-03:35.31-154825(us) 19253 ! txn_stock_level (tpcc.cc:3398):     ERROR warehouse_id:2, cid:98023, maxbytes:2
20251110-03:35.31-243080(us) 19253 ! txn_stock_level (tpcc.cc:3398):     ERROR warehouse_id:1, cid:57029, maxbytes:2
20251110-03:35.31-243132(us) 19253 ! txn_stock_level (tpcc.cc:3398):     ERROR warehouse_id:1, cid:57029, maxbytes:2
20251110-03:35.31-243182(us) 19253 ! txn_stock_level (tpcc.cc:3398):     ERROR warehouse_id:1, cid:57029, maxbytes:2
20251110-03:35.31-243203(us) 19253 ! txn_stock_level (tpcc.cc:3398):     ERROR warehouse_id:1, cid:57029, maxbytes:2
20251110-03:35.31-244149(us) 19253 ! txn_stock_level (tpcc.cc:3398):     ERROR warehouse_id:1, cid:57029, maxbytes:2
20251110-03:35.31-244176(us) 19253 ! txn_stock_level (tpcc.cc:3398):     ERROR warehouse_id:1, cid:57029, maxbytes:2
20251110-03:35.31-280908(us) 19253 ! txn_stock_level (tpcc.cc:3398):     ERROR warehouse_id:1, cid:32423, maxbytes:2
20251110-03:35.31-281013(us) 19253 ! txn_stock_level (tpcc.cc:3398):     ERROR warehouse_id:1, cid:32423, maxbytes:2
20251110-03:35.31-281126(us) 19253 ! txn_stock_level (tpcc.cc:3398):     ERROR warehouse_id:1, cid:32423, maxbytes:2
20251110-03:35.31-281155(us) 19253 ! txn_stock_level (tpcc.cc:3398):     ERROR warehouse_id:1, cid:32423, maxbytes:2
20251110-03:35.31-282314(us) 19253 ! txn_stock_level (tpcc.cc:3398):     ERROR warehouse_id:1, cid:32423, maxbytes:2
20251110-03:35.31-282530(us) 19253 ! txn_stock_level (tpcc.cc:3398):     ERROR warehouse_id:1, cid:32423, maxbytes:2
20251110-03:35.31-282691(us) 19253 ! txn_stock_level (tpcc.cc:3398):     ERROR warehouse_id:1, cid:32423, maxbytes:2
20251110-03:35.31-282756(us) 19253 ! txn_stock_level (tpcc.cc:3398):     ERROR warehouse_id:1, cid:32423, maxbytes:2
20251110-03:35.31-440270(us) 19253 ! txn_stock_level (tpcc.cc:3398):     ERROR warehouse_id:2, cid:65127, maxbytes:2
20251110-03:35.31-440318(us) 19253 ! txn_stock_level (tpcc.cc:3398):     ERROR warehouse_id:2, cid:65127, maxbytes:2
20251110-03:35.31-440334(us) 19253 ! txn_stock_level (tpcc.cc:3398):     ERROR warehouse_id:2, cid:65127, maxbytes:2
20251110-03:35.31-440456(us) 19253 ! txn_stock_level (tpcc.cc:3398):     ERROR warehouse_id:2, cid:65127, maxbytes:2
20251110-03:35.31-440479(us) 19253 ! txn_stock_level (tpcc.cc:3398):     ERROR warehouse_id:2, cid:65127, maxbytes:2
20251110-03:35.31-441597(us) 19253 ! txn_stock_level (tpcc.cc:3398):     ERROR warehouse_id:2, cid:65127, maxbytes:2
20251110-03:35.31-441648(us) 19253 ! txn_stock_level (tpcc.cc:3398):     ERROR warehouse_id:2, cid:65127, maxbytes:2
20251110-03:35.31-441796(us) 19253 ! txn_stock_level (tpcc.cc:3398):     ERROR warehouse_id:2, cid:65127, maxbytes:2
20251110-03:35.31-442803(us) 19253 ! txn_stock_level (tpcc.cc:3398):     ERROR warehouse_id:2, cid:65127, maxbytes:2
20251110-03:35.31-442940(us) 19253 ! txn_stock_level (tpcc.cc:3398):     ERROR warehouse_id:2, cid:65127, maxbytes:2
20251110-03:35.31-444838(us) 19253 ! txn_stock_level (tpcc.cc:3398):     ERROR warehouse_id:2, cid:65127, maxbytes:2
20251110-03:35.31-447099(us) 19253 ! txn_stock_level (tpcc.cc:3398):     ERROR warehouse_id:2, cid:65127, maxbytes:2
20251110-03:35.31-448151(us) 19253 ! txn_stock_level (tpcc.cc:3398):     ERROR warehouse_id:2, cid:65127, maxbytes:2
20251110-03:35.31-448183(us) 19253 ! txn_stock_level (tpcc.cc:3398):     ERROR warehouse_id:2, cid:65127, maxbytes:2
20251110-03:35.31-448231(us) 19253 ! txn_stock_level (tpcc.cc:3398):     ERROR warehouse_id:2, cid:65127, maxbytes:2
20251110-03:35.31-453705(us) 19253 ! txn_stock_level (tpcc.cc:3398):     ERROR warehouse_id:1, cid:24231, maxbytes:2
20251110-03:35.31-454692(us) 19253 ! txn_stock_level (tpcc.cc:3398):     ERROR warehouse_id:1, cid:24231, maxbytes:2
20251110-03:35.31-455563(us) 19253 ! txn_stock_level (tpcc.cc:3398):     ERROR warehouse_id:1, cid:24231, maxbytes:2
20251110-03:35.31-456462(us) 19253 ! txn_stock_level (tpcc.cc:3398):     ERROR warehouse_id:1, cid:24231, maxbytes:2
20251110-03:35.31-456490(us) 19253 ! txn_stock_level (tpcc.cc:3398):     ERROR warehouse_id:1, cid:24231, maxbytes:2
20251110-03:35.31-457713(us) 19253 ! txn_stock_level (tpcc.cc:3398):     ERROR warehouse_id:1, cid:24231, maxbytes:2
20251110-03:35.31-457933(us) 19253 ! txn_stock_level (tpcc.cc:3398):     ERROR warehouse_id:1, cid:24231, maxbytes:2
20251110-03:35.31-457994(us) 19253 ! txn_stock_level (tpcc.cc:3398):     ERROR warehouse_id:1, cid:24231, maxbytes:2
20251110-03:35.31-458055(us) 19253 ! txn_stock_level (tpcc.cc:3398):     ERROR warehouse_id:1, cid:24231, maxbytes:2
20251110-03:35.31-459098(us) 19253 ! txn_stock_level (tpcc.cc:3398):     ERROR warehouse_id:1, cid:24231, maxbytes:2
20251110-03:35.31-463676(us) 19253 ! txn_stock_level (tpcc.cc:3398):     ERROR warehouse_id:1, cid:24231, maxbytes:2
20251110-03:35.31-463788(us) 19253 ! txn_stock_level (tpcc.cc:3398):     ERROR warehouse_id:1, cid:24231, maxbytes:2
20251110-03:35.31-464066(us) 19253 ! txn_stock_level (tpcc.cc:3398):     ERROR warehouse_id:1, cid:24231, maxbytes:2
20251110-03:35.31-466026(us) 19253 ! txn_stock_level (tpcc.cc:3398):     ERROR warehouse_id:1, cid:24231, maxbytes:2
20251110-03:35.31-466061(us) 19253 ! txn_stock_level (tpcc.cc:3398):     ERROR warehouse_id:1, cid:24231, maxbytes:2
20251110-03:35.31-466085(us) 19253 ! txn_stock_level (tpcc.cc:3398):     ERROR warehouse_id:1, cid:24231, maxbytes:2
20251110-03:35.31-466380(us) 19253 ! txn_stock_level (tpcc.cc:3398):     ERROR warehouse_id:1, cid:24231, maxbytes:2
20251110-03:35.31-466514(us) 19253 ! txn_stock_level (tpcc.cc:3398):     ERROR warehouse_id:1, cid:24231, maxbytes:2
20251110-03:35.31-467608(us) 19253 ! txn_stock_level (tpcc.cc:3398):     ERROR warehouse_id:1, cid:24231, maxbytes:2
20251110-03:35.31-468637(us) 19253 ! txn_stock_level (tpcc.cc:3398):     ERROR warehouse_id:1, cid:24231, maxbytes:2
20251110-03:35.31-469550(us) 19253 ! txn_stock_level (tpcc.cc:3398):     ERROR warehouse_id:1, cid:24231, maxbytes:2
20251110-03:35.31-471279(us) 19253 ! txn_stock_level (tpcc.cc:3398):     ERROR warehouse_id:1, cid:24231, maxbytes:2
20251110-03:35.31-471360(us) 19253 ! txn_stock_level (tpcc.cc:3398):     ERROR warehouse_id:1, cid:24231, maxbytes:2
20251110-03:35.31-471395(us) 19253 ! txn_stock_level (tpcc.cc:3398):     ERROR warehouse_id:1, cid:24231, maxbytes:2
20251110-03:35.31-471420(us) 19253 ! txn_stock_level (tpcc.cc:3398):     ERROR warehouse_id:1, cid:24231, maxbytes:2
20251110-03:35.31-471439(us) 19253 ! txn_stock_level (tpcc.cc:3398):     ERROR warehouse_id:1, cid:24231, maxbytes:2
20251110-03:35.31-473461(us) 19253 ! txn_stock_level (tpcc.cc:3398):     ERROR warehouse_id:1, cid:24231, maxbytes:2
20251110-03:35.31-474532(us) 19253 ! txn_stock_level (tpcc.cc:3398):     ERROR warehouse_id:1, cid:24231, maxbytes:2
20251110-03:35.31-475748(us) 19253 ! txn_stock_level (tpcc.cc:3398):     ERROR warehouse_id:1, cid:24231, maxbytes:2
20251110-03:35.31-476883(us) 19253 ! txn_stock_level (tpcc.cc:3398):     ERROR warehouse_id:1, cid:24231, maxbytes:2
20251110-03:35.31-476914(us) 19253 ! txn_stock_level (tpcc.cc:3398):     ERROR warehouse_id:1, cid:24231, maxbytes:2
20251110-03:35.31-478205(us) 19253 ! txn_stock_level (tpcc.cc:3398):     ERROR warehouse_id:1, cid:24231, maxbytes:2
20251110-03:35.31-629333(us) 19253 ! txn_stock_level (tpcc.cc:3398):     ERROR warehouse_id:1, cid:70878, maxbytes:2
20251110-03:35.31-632164(us) 19253 ! txn_stock_level (tpcc.cc:3398):     ERROR warehouse_id:1, cid:70878, maxbytes:2
20251110-03:35.31-632194(us) 19253 ! txn_stock_level (tpcc.cc:3398):     ERROR warehouse_id:1, cid:70878, maxbytes:2
20251110-03:35.31-635113(us) 19253 ! txn_stock_level (tpcc.cc:3398):     ERROR warehouse_id:1, cid:70878, maxbytes:2
20251110-03:35.31-635218(us) 19253 ! txn_stock_level (tpcc.cc:3398):     ERROR warehouse_id:1, cid:70878, maxbytes:2
20251110-03:35.31-637316(us) 19253 ! txn_stock_level (tpcc.cc:3398):     ERROR warehouse_id:1, cid:70878, maxbytes:2
20251110-03:35.31-679869(us) 19253 ! txn_stock_level (tpcc.cc:3398):     ERROR warehouse_id:1, cid:73447, maxbytes:2
20251110-03:35.31-681060(us) 19253 ! txn_stock_level (tpcc.cc:3398):     ERROR warehouse_id:1, cid:73447, maxbytes:2
20251110-03:35.31-682322(us) 19253 ! txn_stock_level (tpcc.cc:3398):     ERROR warehouse_id:1, cid:73447, maxbytes:2
20251110-03:35.31-682430(us) 19253 ! txn_stock_level (tpcc.cc:3398):     ERROR warehouse_id:1, cid:73447, maxbytes:2
20251110-03:35.31-682445(us) 19253 ! txn_stock_level (tpcc.cc:3398):     ERROR warehouse_id:1, cid:73447, maxbytes:2
20251110-03:35.31-682497(us) 19253 ! txn_stock_level (tpcc.cc:3398):     ERROR warehouse_id:1, cid:73447, maxbytes:2
20251110-03:35.31-682506(us) 19253 ! txn_stock_level (tpcc.cc:3398):     ERROR warehouse_id:1, cid:73447, maxbytes:2
20251110-03:35.31-683623(us) 19253 ! txn_stock_level (tpcc.cc:3398):     ERROR warehouse_id:1, cid:73447, maxbytes:2
20251110-03:35.31-684644(us) 19253 ! txn_stock_level (tpcc.cc:3398):     ERROR warehouse_id:1, cid:73447, maxbytes:2
20251110-03:35.31-684858(us) 19253 ! txn_stock_level (tpcc.cc:3398):     ERROR warehouse_id:1, cid:73447, maxbytes:2
20251110-03:35.31-684873(us) 19253 ! txn_stock_level (tpcc.cc:3398):     ERROR warehouse_id:1, cid:73447, maxbytes:2
20251110-03:35.31-684997(us) 19253 ! txn_stock_level (tpcc.cc:3398):     ERROR warehouse_id:1, cid:73447, maxbytes:2
20251110-03:35.31-686373(us) 19253 ! txn_stock_level (tpcc.cc:3398):     ERROR warehouse_id:1, cid:73447, maxbytes:2
20251110-03:35.31-686461(us) 19253 ! txn_stock_level (tpcc.cc:3398):     ERROR warehouse_id:1, cid:73447, maxbytes:2
20251110-03:35.31-686739(us) 19253 ! txn_stock_level (tpcc.cc:3398):     ERROR warehouse_id:1, cid:73447, maxbytes:2
20251110-03:35.31-686753(us) 19253 ! txn_stock_level (tpcc.cc:3398):     ERROR warehouse_id:1, cid:73447, maxbytes:2
20251110-03:35.31-686786(us) 19253 ! txn_stock_level (tpcc.cc:3398):     ERROR warehouse_id:1, cid:73447, maxbytes:2
20251110-03:35.31-686802(us) 19253 ! txn_stock_level (tpcc.cc:3398):     ERROR warehouse_id:1, cid:73447, maxbytes:2
20251110-03:35.31-686862(us) 19253 ! txn_stock_level (tpcc.cc:3398):     ERROR warehouse_id:1, cid:73447, maxbytes:2
20251110-03:35.31-693066(us) 19253 ! txn_stock_level (tpcc.cc:3398):     ERROR warehouse_id:2, cid:48871, maxbytes:2
20251110-03:35.31-694180(us) 19253 ! txn_stock_level (tpcc.cc:3398):     ERROR warehouse_id:2, cid:48871, maxbytes:2
20251110-03:35.31-694237(us) 19253 ! txn_stock_level (tpcc.cc:3398):     ERROR warehouse_id:2, cid:48871, maxbytes:2
20251110-03:35.31-695156(us) 19253 ! txn_stock_level (tpcc.cc:3398):     ERROR warehouse_id:2, cid:48871, maxbytes:2
20251110-03:35.31-696023(us) 19253 ! txn_stock_level (tpcc.cc:3398):     ERROR warehouse_id:2, cid:48871, maxbytes:2
20251110-03:35.31-698057(us) 19253 ! txn_stock_level (tpcc.cc:3398):     ERROR warehouse_id:2, cid:48871, maxbytes:2
20251110-03:35.31-698091(us) 19253 ! txn_stock_level (tpcc.cc:3398):     ERROR warehouse_id:2, cid:48871, maxbytes:2
20251110-03:35.31-698141(us) 19253 ! txn_stock_level (tpcc.cc:3398):     ERROR warehouse_id:2, cid:48871, maxbytes:2
20251110-03:35.31-698243(us) 19253 ! txn_stock_level (tpcc.cc:3398):     ERROR warehouse_id:2, cid:48871, maxbytes:2
20251110-03:35.31-698383(us) 19253 ! txn_stock_level (tpcc.cc:3398):     ERROR warehouse_id:2, cid:48871, maxbytes:2
20251110-03:35.31-698510(us) 19253 ! txn_stock_level (tpcc.cc:3398):     ERROR warehouse_id:2, cid:48871, maxbytes:2
20251110-03:35.31-698655(us) 19253 ! txn_stock_level (tpcc.cc:3398):     ERROR warehouse_id:2, cid:48871, maxbytes:2
20251110-03:35.31-701364(us) 19253 ! txn_stock_level (tpcc.cc:3398):     ERROR warehouse_id:2, cid:95975, maxbytes:2
20251110-03:35.31-701400(us) 19253 ! txn_stock_level (tpcc.cc:3398):     ERROR warehouse_id:2, cid:81635, maxbytes:2
20251110-03:35.31-701445(us) 19253 ! txn_stock_level (tpcc.cc:3398):     ERROR warehouse_id:2, cid:95975, maxbytes:2
20251110-03:35.31-701551(us) 19253 ! txn_stock_level (tpcc.cc:3398):     ERROR warehouse_id:2, cid:95975, maxbytes:2
20251110-03:35.31-701563(us) 19253 ! txn_stock_level (tpcc.cc:3398):     ERROR warehouse_id:2, cid:81635, maxbytes:2
20251110-03:35.31-701612(us) 19253 ! txn_stock_level (tpcc.cc:3398):     ERROR warehouse_id:2, cid:95975, maxbytes:2
20251110-03:35.31-702645(us) 19253 ! txn_stock_level (tpcc.cc:3398):     ERROR warehouse_id:2, cid:81635, maxbytes:2
20251110-03:35.31-703902(us) 19253 ! txn_stock_level (tpcc.cc:3398):     ERROR warehouse_id:2, cid:95975, maxbytes:2
20251110-03:35.31-703960(us) 19253 ! txn_stock_level (tpcc.cc:3398):     ERROR warehouse_id:2, cid:81635, maxbytes:2
20251110-03:35.31-703987(us) 19253 ! txn_stock_level (tpcc.cc:3398):     ERROR warehouse_id:2, cid:81635, maxbytes:2
20251110-03:35.31-704049(us) 19253 ! txn_stock_level (tpcc.cc:3398):     ERROR warehouse_id:2, cid:81635, maxbytes:2
20251110-03:35.31-704072(us) 19253 ! txn_stock_level (tpcc.cc:3398):     ERROR warehouse_id:2, cid:95975, maxbytes:2
20251110-03:35.31-704212(us) 19253 ! txn_stock_level (tpcc.cc:3398):     ERROR warehouse_id:2, cid:95975, maxbytes:2
20251110-03:35.31-704251(us) 19253 ! txn_stock_level (tpcc.cc:3398):     ERROR warehouse_id:2, cid:95975, maxbytes:2
20251110-03:35.31-704290(us) 19253 ! txn_stock_level (tpcc.cc:3398):     ERROR warehouse_id:2, cid:81635, maxbytes:2
20251110-03:35.31-704307(us) 19253 ! txn_stock_level (tpcc.cc:3398):     ERROR warehouse_id:2, cid:95975, maxbytes:2
20251110-03:35.31-704328(us) 19253 ! txn_stock_level (tpcc.cc:3398):     ERROR warehouse_id:2, cid:95975, maxbytes:2
20251110-03:35.31-705407(us) 19253 ! txn_stock_level (tpcc.cc:3398):     ERROR warehouse_id:2, cid:95975, maxbytes:2
20251110-03:35.31-705577(us) 19253 ! txn_stock_level (tpcc.cc:3398):     ERROR warehouse_id:2, cid:81635, maxbytes:2
20251110-03:35.31-705725(us) 19253 ! txn_stock_level (tpcc.cc:3398):     ERROR warehouse_id:2, cid:95975, maxbytes:2
20251110-03:35.31-705765(us) 19253 ! txn_stock_level (tpcc.cc:3398):     ERROR warehouse_id:2, cid:81635, maxbytes:2
20251110-03:35.31-705791(us) 19253 ! txn_stock_level (tpcc.cc:3398):     ERROR warehouse_id:2, cid:95975, maxbytes:2
20251110-03:35.31-705816(us) 19253 ! txn_stock_level (tpcc.cc:3398):     ERROR warehouse_id:2, cid:81635, maxbytes:2
20251110-03:35.31-706810(us) 19253 ! txn_stock_level (tpcc.cc:3398):     ERROR warehouse_id:2, cid:81635, maxbytes:2
20251110-03:35.31-706906(us) 19253 ! txn_stock_level (tpcc.cc:3398):     ERROR warehouse_id:2, cid:81635, maxbytes:2
20251110-03:35.31-706992(us) 19253 ! txn_stock_level (tpcc.cc:3398):     ERROR warehouse_id:2, cid:95975, maxbytes:2
20251110-03:35.31-707927(us) 19253 ! txn_stock_level (tpcc.cc:3398):     ERROR warehouse_id:2, cid:95975, maxbytes:2
20251110-03:35.31-708143(us) 19253 ! txn_stock_level (tpcc.cc:3398):     ERROR warehouse_id:2, cid:95975, maxbytes:2
20251110-03:35.31-708170(us) 19253 ! txn_stock_level (tpcc.cc:3398):     ERROR warehouse_id:2, cid:95975, maxbytes:2
20251110-03:35.31-708190(us) 19253 ! txn_stock_level (tpcc.cc:3398):     ERROR warehouse_id:2, cid:95975, maxbytes:2
20251110-03:35.31-708206(us) 19253 ! txn_stock_level (tpcc.cc:3398):     ERROR warehouse_id:2, cid:95975, maxbytes:2
20251110-03:35.31-709362(us) 19253 ! txn_stock_level (tpcc.cc:3398):     ERROR warehouse_id:2, cid:95975, maxbytes:2
20251110-03:35.31-709390(us) 19253 ! txn_stock_level (tpcc.cc:3398):     ERROR warehouse_id:2, cid:95975, maxbytes:2
20251110-03:35.31-710398(us) 19253 ! txn_stock_level (tpcc.cc:3398):     ERROR warehouse_id:2, cid:95975, maxbytes:2
20251110-03:35.31-710482(us) 19253 ! txn_stock_level (tpcc.cc:3398):     ERROR warehouse_id:2, cid:95975, maxbytes:2
20251110-03:35.31-711478(us) 19253 ! txn_stock_level (tpcc.cc:3398):     ERROR warehouse_id:2, cid:95975, maxbytes:2
20251110-03:35.31-801301(us) 19253 ! txn_stock_level (tpcc.cc:3398):     ERROR warehouse_id:2, cid:98023, maxbytes:2
20251110-03:35.31-801351(us) 19253 ! txn_stock_level (tpcc.cc:3398):     ERROR warehouse_id:2, cid:98023, maxbytes:2
20251110-03:35.31-801478(us) 19253 ! txn_stock_level (tpcc.cc:3398):     ERROR warehouse_id:2, cid:98023, maxbytes:2
20251110-03:35.31-801688(us) 19253 ! txn_stock_level (tpcc.cc:3398):     ERROR warehouse_id:2, cid:98023, maxbytes:2
20251110-03:35.31-801710(us) 19253 ! txn_stock_level (tpcc.cc:3398):     ERROR warehouse_id:2, cid:98023, maxbytes:2
20251110-03:35.31-801912(us) 19253 ! txn_stock_level (tpcc.cc:3398):     ERROR warehouse_id:2, cid:98023, maxbytes:2
20251110-03:35.31-852103(us) 19253 ! txn_stock_level (tpcc.cc:3398):     ERROR warehouse_id:1, cid:81575, maxbytes:2
20251110-03:35.31-852142(us) 19253 ! txn_stock_level (tpcc.cc:3398):     ERROR warehouse_id:1, cid:81575, maxbytes:2
20251110-03:35.31-852472(us) 19253 ! txn_stock_level (tpcc.cc:3398):     ERROR warehouse_id:1, cid:81575, maxbytes:2
20251110-03:35.31-852534(us) 19253 ! txn_stock_level (tpcc.cc:3398):     ERROR warehouse_id:1, cid:81575, maxbytes:2
20251110-03:35.31-852563(us) 19253 ! txn_stock_level (tpcc.cc:3398):     ERROR warehouse_id:1, cid:81575, maxbytes:2
20251110-03:35.31-852666(us) 19253 ! txn_stock_level (tpcc.cc:3398):     ERROR warehouse_id:1, cid:81575, maxbytes:2
20251110-03:35.31-853660(us) 19253 ! txn_stock_level (tpcc.cc:3398):     ERROR warehouse_id:1, cid:81575, maxbytes:2
20251110-03:35.31-853683(us) 19253 ! txn_stock_level (tpcc.cc:3398):     ERROR warehouse_id:1, cid:81575, maxbytes:2
20251110-03:35.31-853815(us) 19253 ! txn_stock_level (tpcc.cc:3398):     ERROR warehouse_id:1, cid:81575, maxbytes:2
20251110-03:35.31-853884(us) 19253 ! txn_stock_level (tpcc.cc:3398):     ERROR warehouse_id:1, cid:81575, maxbytes:2
20251110-03:35.31-853903(us) 19253 ! txn_stock_level (tpcc.cc:3398):     ERROR warehouse_id:1, cid:81575, maxbytes:2
20251110-03:35.31-853923(us) 19253 ! txn_stock_level (tpcc.cc:3398):     ERROR warehouse_id:1, cid:81575, maxbytes:2
20251110-03:35.31-854025(us) 19253 ! txn_stock_level (tpcc.cc:3398):     ERROR warehouse_id:1, cid:81575, maxbytes:2
20251110-03:35.31-854137(us) 19253 ! txn_stock_level (tpcc.cc:3398):     ERROR warehouse_id:1, cid:81575, maxbytes:2
20251110-03:35.31-854230(us) 19253 ! txn_stock_level (tpcc.cc:3398):     ERROR warehouse_id:1, cid:81575, maxbytes:2
20251110-03:35.31-857576(us) 19253 ! txn_stock_level (tpcc.cc:3398):     ERROR warehouse_id:1, cid:81575, maxbytes:2
20251110-03:35.31-857631(us) 19253 ! txn_stock_level (tpcc.cc:3398):     ERROR warehouse_id:1, cid:81575, maxbytes:2
20251110-03:35.31-857831(us) 19253 ! txn_stock_level (tpcc.cc:3398):     ERROR warehouse_id:1, cid:81575, maxbytes:2
20251110-03:35.31-932848(us) 19253 ! txn_stock_level (tpcc.cc:3398):     ERROR warehouse_id:2, cid:89799, maxbytes:2
20251110-03:35.31-932930(us) 19253 ! txn_stock_level (tpcc.cc:3398):     ERROR warehouse_id:2, cid:89799, maxbytes:2
20251110-03:35.31-934110(us) 19253 ! txn_stock_level (tpcc.cc:3398):     ERROR warehouse_id:2, cid:89799, maxbytes:2
20251110-03:35.31-934239(us) 19253 ! txn_stock_level (tpcc.cc:3398):     ERROR warehouse_id:2, cid:89799, maxbytes:2
20251110-03:35.31-934292(us) 19253 ! txn_stock_level (tpcc.cc:3398):     ERROR warehouse_id:2, cid:89799, maxbytes:2
20251110-03:35.31-934325(us) 19253 ! txn_stock_level (tpcc.cc:3398):     ERROR warehouse_id:2, cid:89799, maxbytes:2
20251110-03:35.31-935393(us) 19253 ! txn_stock_level (tpcc.cc:3398):     ERROR warehouse_id:2, cid:89799, maxbytes:2
20251110-03:35.31-937502(us) 19253 ! txn_stock_level (tpcc.cc:3398):     ERROR warehouse_id:2, cid:89799, maxbytes:2
20251110-03:35.31-940823(us) 19253 ! txn_stock_level (tpcc.cc:3398):     ERROR warehouse_id:2, cid:95975, maxbytes:2
20251110-03:35.31-940903(us) 19253 ! txn_stock_level (tpcc.cc:3398):     ERROR warehouse_id:2, cid:95975, maxbytes:2
20251110-03:35.31-940969(us) 19253 ! txn_stock_level (tpcc.cc:3398):     ERROR warehouse_id:2, cid:95975, maxbytes:2
20251110-03:35.31-941262(us) 19253 ! txn_stock_level (tpcc.cc:3398):     ERROR warehouse_id:2, cid:95975, maxbytes:2
20251110-03:35.31-941434(us) 19253 ! txn_stock_level (tpcc.cc:3398):     ERROR warehouse_id:2, cid:95975, maxbytes:2
20251110-03:35.31-942535(us) 19253 ! txn_stock_level (tpcc.cc:3398):     ERROR warehouse_id:2, cid:95975, maxbytes:2
20251110-03:35.31-942659(us) 19253 ! txn_stock_level (tpcc.cc:3398):     ERROR warehouse_id:2, cid:95975, maxbytes:2
20251110-03:35.31-942704(us) 19253 ! txn_stock_level (tpcc.cc:3398):     ERROR warehouse_id:2, cid:95975, maxbytes:2
20251110-03:35.31-942990(us) 19253 ! txn_stock_level (tpcc.cc:3398):     ERROR warehouse_id:2, cid:95975, maxbytes:2
20251110-03:35.31-943051(us) 19253 ! txn_stock_level (tpcc.cc:3398):     ERROR warehouse_id:2, cid:95975, maxbytes:2
20251110-03:35.31-943177(us) 19253 ! txn_stock_level (tpcc.cc:3398):     ERROR warehouse_id:2, cid:95975, maxbytes:2
20251110-03:35.31-969517(us) 19253 ! txn_stock_level (tpcc.cc:3398):     ERROR warehouse_id:1, cid:65247, maxbytes:2
20251110-03:35.31-969593(us) 19253 ! txn_stock_level (tpcc.cc:3398):     ERROR warehouse_id:1, cid:65247, maxbytes:2
20251110-03:35.31-970702(us) 19253 ! txn_stock_level (tpcc.cc:3398):     ERROR warehouse_id:1, cid:65247, maxbytes:2
20251110-03:35.31-971933(us) 19253 ! txn_stock_level (tpcc.cc:3398):     ERROR warehouse_id:1, cid:65247, maxbytes:2
20251110-03:35.31-972016(us) 19253 ! txn_stock_level (tpcc.cc:3398):     ERROR warehouse_id:1, cid:65247, maxbytes:2
20251110-03:35.31-972188(us) 19253 ! txn_stock_level (tpcc.cc:3398):     ERROR warehouse_id:1, cid:65247, maxbytes:2
20251110-03:35.31-972331(us) 19253 ! txn_stock_level (tpcc.cc:3398):     ERROR warehouse_id:1, cid:65247, maxbytes:2
20251110-03:35.31-973197(us) 19253 ! txn_stock_level (tpcc.cc:3398):     ERROR warehouse_id:1, cid:65247, maxbytes:2
20251110-03:35.31-974289(us) 19253 ! txn_stock_level (tpcc.cc:3398):     ERROR warehouse_id:1, cid:65247, maxbytes:2
20251110-03:35.31-974855(us) 19253 ! txn_stock_level (tpcc.cc:3398):     ERROR warehouse_id:1, cid:65247, maxbytes:2
20251110-03:35.31-974964(us) 19253 ! txn_stock_level (tpcc.cc:3398):     ERROR warehouse_id:1, cid:65247, maxbytes:2
20251110-03:35.31-975834(us) 19253 ! txn_stock_level (tpcc.cc:3398):     ERROR warehouse_id:1, cid:65247, maxbytes:2
20251110-03:35.31-975976(us) 19253 ! txn_stock_level (tpcc.cc:3398):     ERROR warehouse_id:1, cid:65247, maxbytes:2
20251110-03:35.32-64514(us) 19253 ! txn_stock_level (tpcc.cc:3398):     ERROR warehouse_id:2, cid:73415, maxbytes:2
20251110-03:35.32-64655(us) 19253 ! txn_stock_level (tpcc.cc:3398):     ERROR warehouse_id:2, cid:73415, maxbytes:2
20251110-03:35.32-66650(us) 19253 ! txn_stock_level (tpcc.cc:3398):     ERROR warehouse_id:2, cid:73415, maxbytes:2
20251110-03:35.32-66754(us) 19253 ! txn_stock_level (tpcc.cc:3398):     ERROR warehouse_id:2, cid:73415, maxbytes:2
20251110-03:35.32-68922(us) 19253 ! txn_stock_level (tpcc.cc:3398):     ERROR warehouse_id:2, cid:73415, maxbytes:2
20251110-03:35.32-69006(us) 19253 ! txn_stock_level (tpcc.cc:3398):     ERROR warehouse_id:2, cid:73415, maxbytes:2
20251110-03:35.32-69020(us) 19253 ! txn_stock_level (tpcc.cc:3398):     ERROR warehouse_id:2, cid:73415, maxbytes:2
20251110-03:35.32-69094(us) 19253 ! txn_stock_level (tpcc.cc:3398):     ERROR warehouse_id:2, cid:73415, maxbytes:2
20251110-03:35.32-69135(us) 19253 ! txn_stock_level (tpcc.cc:3398):     ERROR warehouse_id:2, cid:73415, maxbytes:2
20251110-03:35.32-71071(us) 19253 ! txn_stock_level (tpcc.cc:3398):     ERROR warehouse_id:2, cid:73415, maxbytes:2
20251110-03:35.32-71146(us) 19253 ! txn_stock_level (tpcc.cc:3398):     ERROR warehouse_id:2, cid:73415, maxbytes:2
20251110-03:35.32-71164(us) 19253 ! txn_stock_level (tpcc.cc:3398):     ERROR warehouse_id:2, cid:73415, maxbytes:2
20251110-03:35.32-72162(us) 19253 ! txn_stock_level (tpcc.cc:3398):     ERROR warehouse_id:2, cid:73415, maxbytes:2
20251110-03:35.32-72193(us) 19253 ! txn_stock_level (tpcc.cc:3398):     ERROR warehouse_id:2, cid:73415, maxbytes:2
20251110-03:35.32-72361(us) 19253 ! txn_stock_level (tpcc.cc:3398):     ERROR warehouse_id:2, cid:73415, maxbytes:2
20251110-03:35.32-73453(us) 19253 ! txn_stock_level (tpcc.cc:3398):     ERROR warehouse_id:2, cid:73415, maxbytes:2
20251110-03:35.32-74402(us) 19253 ! txn_stock_level (tpcc.cc:3398):     ERROR warehouse_id:2, cid:73415, maxbytes:2
20251110-03:35.32-74460(us) 19253 ! txn_stock_level (tpcc.cc:3398):     ERROR warehouse_id:2, cid:73415, maxbytes:2
20251110-03:35.32-149572(us) 19253 ! run             (bench.cc:473):     runtime time left:24000 ms, bool:1
20251110-03:35.32-154926(us) 19253 ! txn_stock_level (tpcc.cc:3398):     ERROR warehouse_id:2, cid:24279, maxbytes:2
20251110-03:35.32-154992(us) 19253 ! txn_stock_level (tpcc.cc:3398):     ERROR warehouse_id:2, cid:24279, maxbytes:2
20251110-03:35.32-155095(us) 19253 ! txn_stock_level (tpcc.cc:3398):     ERROR warehouse_id:2, cid:24279, maxbytes:2
20251110-03:35.32-155175(us) 19253 ! txn_stock_level (tpcc.cc:3398):     ERROR warehouse_id:2, cid:24279, maxbytes:2
20251110-03:35.32-155405(us) 19253 ! txn_stock_level (tpcc.cc:3398):     ERROR warehouse_id:2, cid:24279, maxbytes:2
20251110-03:35.32-157448(us) 19253 ! txn_stock_level (tpcc.cc:3398):     ERROR warehouse_id:2, cid:24279, maxbytes:2
20251110-03:35.32-157494(us) 19253 ! txn_stock_level (tpcc.cc:3398):     ERROR warehouse_id:2, cid:24279, maxbytes:2
20251110-03:35.32-157610(us) 19253 ! txn_stock_level (tpcc.cc:3398):     ERROR warehouse_id:2, cid:24279, maxbytes:2
20251110-03:35.32-157723(us) 19253 ! txn_stock_level (tpcc.cc:3398):     ERROR warehouse_id:2, cid:24279, maxbytes:2
20251110-03:35.32-157800(us) 19253 ! txn_stock_level (tpcc.cc:3398):     ERROR warehouse_id:2, cid:24279, maxbytes:2
20251110-03:35.32-157900(us) 19253 ! txn_stock_level (tpcc.cc:3398):     ERROR warehouse_id:2, cid:24279, maxbytes:2
20251110-03:35.32-158871(us) 19253 ! txn_stock_level (tpcc.cc:3398):     ERROR warehouse_id:2, cid:24279, maxbytes:2
20251110-03:35.32-159991(us) 19253 ! txn_stock_level (tpcc.cc:3398):     ERROR warehouse_id:2, cid:24279, maxbytes:2
20251110-03:35.32-160040(us) 19253 ! txn_stock_level (tpcc.cc:3398):     ERROR warehouse_id:2, cid:24279, maxbytes:2
20251110-03:35.32-161009(us) 19253 ! txn_stock_level (tpcc.cc:3398):     ERROR warehouse_id:2, cid:24279, maxbytes:2
20251110-03:35.32-161138(us) 19253 ! txn_stock_level (tpcc.cc:3398):     ERROR warehouse_id:2, cid:24279, maxbytes:2
20251110-03:35.32-161239(us) 19253 ! txn_stock_level (tpcc.cc:3398):     ERROR warehouse_id:2, cid:24279, maxbytes:2
20251110-03:35.32-161283(us) 19253 ! txn_stock_level (tpcc.cc:3398):     ERROR warehouse_id:2, cid:24279, maxbytes:2
20251110-03:35.32-161290(us) 19253 ! txn_stock_level (tpcc.cc:3398):     ERROR warehouse_id:2, cid:24279, maxbytes:2
20251110-03:35.32-161305(us) 19253 ! txn_stock_level (tpcc.cc:3398):     ERROR warehouse_id:2, cid:24279, maxbytes:2
20251110-03:35.32-162271(us) 19253 ! txn_stock_level (tpcc.cc:3398):     ERROR warehouse_id:2, cid:24279, maxbytes:2
20251110-03:35.32-162300(us) 19253 ! txn_stock_level (tpcc.cc:3398):     ERROR warehouse_id:2, cid:24279, maxbytes:2
20251110-03:35.32-162379(us) 19253 ! txn_stock_level (tpcc.cc:3398):     ERROR warehouse_id:2, cid:24279, maxbytes:2
20251110-03:35.32-269676(us) 19253 ! txn_stock_level (tpcc.cc:3398):     ERROR warehouse_id:2, cid:64743, maxbytes:2
20251110-03:35.32-269709(us) 19253 ! txn_stock_level (tpcc.cc:3398):     ERROR warehouse_id:2, cid:64743, maxbytes:2
20251110-03:35.32-270135(us) 19253 ! txn_stock_level (tpcc.cc:3398):     ERROR warehouse_id:2, cid:64743, maxbytes:2
20251110-03:35.32-353450(us) 19253 ! txn_stock_level (tpcc.cc:3398):     ERROR warehouse_id:1, cid:32423, maxbytes:2
20251110-03:35.32-518209(us) 19253 ! txn_stock_level (tpcc.cc:3398):     ERROR warehouse_id:1, cid:57063, maxbytes:2
20251110-03:35.32-520178(us) 19253 ! txn_stock_level (tpcc.cc:3398):     ERROR warehouse_id:1, cid:57063, maxbytes:2
20251110-03:35.32-521522(us) 19253 ! txn_stock_level (tpcc.cc:3398):     ERROR warehouse_id:1, cid:57063, maxbytes:2
20251110-03:35.32-521696(us) 19253 ! txn_stock_level (tpcc.cc:3398):     ERROR warehouse_id:1, cid:57063, maxbytes:2
20251110-03:35.32-522001(us) 19253 ! txn_stock_level (tpcc.cc:3398):     ERROR warehouse_id:1, cid:57063, maxbytes:2
20251110-03:35.32-522015(us) 19253 ! txn_stock_level (tpcc.cc:3398):     ERROR warehouse_id:1, cid:57063, maxbytes:2
20251110-03:35.32-522024(us) 19253 ! txn_stock_level (tpcc.cc:3398):     ERROR warehouse_id:1, cid:57063, maxbytes:2
20251110-03:35.32-522145(us) 19253 ! txn_stock_level (tpcc.cc:3398):     ERROR warehouse_id:1, cid:57063, maxbytes:2
20251110-03:35.32-522265(us) 19253 ! txn_stock_level (tpcc.cc:3398):     ERROR warehouse_id:1, cid:57063, maxbytes:2
20251110-03:35.32-522441(us) 19253 ! txn_stock_level (tpcc.cc:3398):     ERROR warehouse_id:1, cid:57063, maxbytes:2
20251110-03:35.32-522482(us) 19253 ! txn_stock_level (tpcc.cc:3398):     ERROR warehouse_id:1, cid:57063, maxbytes:2
20251110-03:35.32-526306(us) 19253 ! txn_stock_level (tpcc.cc:3398):     ERROR warehouse_id:1, cid:65255, maxbytes:2
20251110-03:35.32-527508(us) 19253 ! txn_stock_level (tpcc.cc:3398):     ERROR warehouse_id:1, cid:65255, maxbytes:2
20251110-03:35.32-527738(us) 19253 ! txn_stock_level (tpcc.cc:3398):     ERROR warehouse_id:1, cid:65255, maxbytes:2
20251110-03:35.32-554053(us) 19253 ! txn_stock_level (tpcc.cc:3398):     ERROR warehouse_id:1, cid:55011, maxbytes:2
20251110-03:35.32-554101(us) 19253 ! txn_stock_level (tpcc.cc:3398):     ERROR warehouse_id:1, cid:55011, maxbytes:2
20251110-03:35.32-556218(us) 19253 ! txn_stock_level (tpcc.cc:3398):     ERROR warehouse_id:1, cid:55011, maxbytes:2
20251110-03:35.32-556270(us) 19253 ! txn_stock_level (tpcc.cc:3398):     ERROR warehouse_id:1, cid:55011, maxbytes:2
20251110-03:35.32-556294(us) 19253 ! txn_stock_level (tpcc.cc:3398):     ERROR warehouse_id:1, cid:55011, maxbytes:2
20251110-03:35.32-556333(us) 19253 ! txn_stock_level (tpcc.cc:3398):     ERROR warehouse_id:1, cid:55011, maxbytes:2
20251110-03:35.32-556403(us) 19253 ! txn_stock_level (tpcc.cc:3398):     ERROR warehouse_id:1, cid:55011, maxbytes:2
20251110-03:35.32-556422(us) 19253 ! txn_stock_level (tpcc.cc:3398):     ERROR warehouse_id:1, cid:55011, maxbytes:2
20251110-03:35.32-557461(us) 19253 ! txn_stock_level (tpcc.cc:3398):     ERROR warehouse_id:1, cid:55011, maxbytes:2
20251110-03:35.32-557520(us) 19253 ! txn_stock_level (tpcc.cc:3398):     ERROR warehouse_id:1, cid:55011, maxbytes:2
20251110-03:35.32-557571(us) 19253 ! txn_stock_level (tpcc.cc:3398):     ERROR warehouse_id:1, cid:55011, maxbytes:2
20251110-03:35.32-558666(us) 19253 ! txn_stock_level (tpcc.cc:3398):     ERROR warehouse_id:1, cid:55011, maxbytes:2
20251110-03:35.32-558704(us) 19253 ! txn_stock_level (tpcc.cc:3398):     ERROR warehouse_id:1, cid:55011, maxbytes:2
20251110-03:35.32-559553(us) 19253 ! txn_stock_level (tpcc.cc:3398):     ERROR warehouse_id:1, cid:55011, maxbytes:2
20251110-03:35.32-728059(us) 19253 ! txn_stock_level (tpcc.cc:3398):     ERROR warehouse_id:2, cid:61671, maxbytes:2
20251110-03:35.32-729339(us) 19253 ! txn_stock_level (tpcc.cc:3398):     ERROR warehouse_id:2, cid:61671, maxbytes:2
20251110-03:35.32-729381(us) 19253 ! txn_stock_level (tpcc.cc:3398):     ERROR warehouse_id:2, cid:61671, maxbytes:2
20251110-03:35.32-773539(us) 19253 ! txn_stock_level (tpcc.cc:3398):     ERROR warehouse_id:1, cid:72807, maxbytes:2
20251110-03:35.32-773623(us) 19253 ! txn_stock_level (tpcc.cc:3398):     ERROR warehouse_id:1, cid:72807, maxbytes:2
20251110-03:35.32-774887(us) 19253 ! txn_stock_level (tpcc.cc:3398):     ERROR warehouse_id:1, cid:72807, maxbytes:2
20251110-03:35.32-774969(us) 19253 ! txn_stock_level (tpcc.cc:3398):     ERROR warehouse_id:1, cid:72807, maxbytes:2
20251110-03:35.32-777009(us) 19253 ! txn_stock_level (tpcc.cc:3398):     ERROR warehouse_id:1, cid:72807, maxbytes:2
20251110-03:35.32-778025(us) 19253 ! txn_stock_level (tpcc.cc:3398):     ERROR warehouse_id:1, cid:72807, maxbytes:2
20251110-03:35.32-778053(us) 19253 ! txn_stock_level (tpcc.cc:3398):     ERROR warehouse_id:1, cid:72807, maxbytes:2
20251110-03:35.32-778174(us) 19253 ! txn_stock_level (tpcc.cc:3398):     ERROR warehouse_id:1, cid:72807, maxbytes:2
20251110-03:35.32-779233(us) 19253 ! txn_stock_level (tpcc.cc:3398):     ERROR warehouse_id:1, cid:72807, maxbytes:2
20251110-03:35.32-779314(us) 19253 ! txn_stock_level (tpcc.cc:3398):     ERROR warehouse_id:1, cid:72807, maxbytes:2
20251110-03:35.33-14623(us) 19253 ! txn_stock_level (tpcc.cc:3398):     ERROR warehouse_id:1, cid:60119, maxbytes:2
20251110-03:35.33-116994(us) 19253 ! txn_stock_level (tpcc.cc:3398):     ERROR warehouse_id:2, cid:16103, maxbytes:2
20251110-03:35.33-117062(us) 19253 ! txn_stock_level (tpcc.cc:3398):     ERROR warehouse_id:2, cid:16103, maxbytes:2
20251110-03:35.33-117088(us) 19253 ! txn_stock_level (tpcc.cc:3398):     ERROR warehouse_id:2, cid:16103, maxbytes:2
20251110-03:35.33-155216(us) 19253 ! txn_stock_level (tpcc.cc:3398):     ERROR warehouse_id:1, cid:87718, maxbytes:2
20251110-03:35.33-155387(us) 19253 ! run             (bench.cc:473):     runtime time left:23000 ms, bool:1
20251110-03:35.33-156637(us) 19253 ! txn_stock_level (tpcc.cc:3398):     ERROR warehouse_id:1, cid:87718, maxbytes:2
20251110-03:35.33-156701(us) 19253 ! txn_stock_level (tpcc.cc:3398):     ERROR warehouse_id:1, cid:87718, maxbytes:2
20251110-03:35.33-156728(us) 19253 ! txn_stock_level (tpcc.cc:3398):     ERROR warehouse_id:1, cid:87718, maxbytes:2
20251110-03:35.33-157991(us) 19253 ! txn_stock_level (tpcc.cc:3398):     ERROR warehouse_id:1, cid:87718, maxbytes:2
20251110-03:35.33-158053(us) 19253 ! txn_stock_level (tpcc.cc:3398):     ERROR warehouse_id:1, cid:87718, maxbytes:2
20251110-03:35.33-158079(us) 19253 ! txn_stock_level (tpcc.cc:3398):     ERROR warehouse_id:1, cid:87718, maxbytes:2
20251110-03:35.33-158252(us) 19253 ! txn_stock_level (tpcc.cc:3398):     ERROR warehouse_id:1, cid:87718, maxbytes:2
20251110-03:35.33-158399(us) 19253 ! txn_stock_level (tpcc.cc:3398):     ERROR warehouse_id:1, cid:87718, maxbytes:2
20251110-03:35.33-158465(us) 19253 ! txn_stock_level (tpcc.cc:3398):     ERROR warehouse_id:1, cid:87718, maxbytes:2
20251110-03:35.33-158518(us) 19253 ! txn_stock_level (tpcc.cc:3398):     ERROR warehouse_id:1, cid:87718, maxbytes:2
20251110-03:35.33-158549(us) 19253 ! txn_stock_level (tpcc.cc:3398):     ERROR warehouse_id:1, cid:87718, maxbytes:2
20251110-03:35.33-158623(us) 19253 ! txn_stock_level (tpcc.cc:3398):     ERROR warehouse_id:1, cid:87718, maxbytes:2
20251110-03:35.33-159607(us) 19253 ! txn_stock_level (tpcc.cc:3398):     ERROR warehouse_id:1, cid:87718, maxbytes:2
20251110-03:35.33-159676(us) 19253 ! txn_stock_level (tpcc.cc:3398):     ERROR warehouse_id:1, cid:87718, maxbytes:2
20251110-03:35.33-159731(us) 19253 ! txn_stock_level (tpcc.cc:3398):     ERROR warehouse_id:1, cid:87718, maxbytes:2
20251110-03:35.33-161022(us) 19253 ! txn_stock_level (tpcc.cc:3398):     ERROR warehouse_id:1, cid:87718, maxbytes:2
20251110-03:35.33-162529(us) 19253 ! txn_stock_level (tpcc.cc:3398):     ERROR warehouse_id:1, cid:87718, maxbytes:2
20251110-03:35.33-162822(us) 19253 ! txn_stock_level (tpcc.cc:3398):     ERROR warehouse_id:1, cid:87718, maxbytes:2
20251110-03:35.33-164752(us) 19253 ! txn_stock_level (tpcc.cc:3398):     ERROR warehouse_id:1, cid:87718, maxbytes:2
20251110-03:35.33-164901(us) 19253 ! txn_stock_level (tpcc.cc:3398):     ERROR warehouse_id:1, cid:87718, maxbytes:2
20251110-03:35.33-164931(us) 19253 ! txn_stock_level (tpcc.cc:3398):     ERROR warehouse_id:1, cid:87718, maxbytes:2
20251110-03:35.33-164957(us) 19253 ! txn_stock_level (tpcc.cc:3398):     ERROR warehouse_id:1, cid:87718, maxbytes:2
20251110-03:35.33-166316(us) 19253 ! txn_stock_level (tpcc.cc:3398):     ERROR warehouse_id:1, cid:87718, maxbytes:2
20251110-03:35.33-166423(us) 19253 ! txn_stock_level (tpcc.cc:3398):     ERROR warehouse_id:1, cid:87718, maxbytes:2
20251110-03:35.33-166477(us) 19253 ! txn_stock_level (tpcc.cc:3398):     ERROR warehouse_id:1, cid:87718, maxbytes:2
20251110-03:35.33-166499(us) 19253 ! txn_stock_level (tpcc.cc:3398):     ERROR warehouse_id:1, cid:87718, maxbytes:2
20251110-03:35.33-337026(us) 19253 ! txn_stock_level (tpcc.cc:3398):     ERROR warehouse_id:1, cid:56039, maxbytes:2
20251110-03:35.33-502631(us) 19253 ! txn_stock_level (tpcc.cc:3398):     ERROR warehouse_id:2, cid:32487, maxbytes:2
20251110-03:35.33-502690(us) 19253 ! txn_stock_level (tpcc.cc:3398):     ERROR warehouse_id:2, cid:32487, maxbytes:2
20251110-03:35.33-503804(us) 19253 ! txn_stock_level (tpcc.cc:3398):     ERROR warehouse_id:2, cid:32487, maxbytes:2
20251110-03:35.33-519298(us) 19253 ! txn_stock_level (tpcc.cc:3398):     ERROR warehouse_id:1, cid:32486, maxbytes:2
20251110-03:35.33-519454(us) 19253 ! txn_stock_level (tpcc.cc:3398):     ERROR warehouse_id:1, cid:32486, maxbytes:2
20251110-03:35.33-519566(us) 19253 ! txn_stock_level (tpcc.cc:3398):     ERROR warehouse_id:1, cid:32486, maxbytes:2
20251110-03:35.33-519689(us) 19253 ! txn_stock_level (tpcc.cc:3398):     ERROR warehouse_id:1, cid:32486, maxbytes:2
20251110-03:35.33-519724(us) 19253 ! txn_stock_level (tpcc.cc:3398):     ERROR warehouse_id:1, cid:32486, maxbytes:2
20251110-03:35.33-519795(us) 19253 ! txn_stock_level (tpcc.cc:3398):     ERROR warehouse_id:1, cid:32486, maxbytes:2
20251110-03:35.33-519838(us) 19253 ! txn_stock_level (tpcc.cc:3398):     ERROR warehouse_id:1, cid:32486, maxbytes:2
20251110-03:35.33-519873(us) 19253 ! txn_stock_level (tpcc.cc:3398):     ERROR warehouse_id:1, cid:32486, maxbytes:2
20251110-03:35.33-519954(us) 19253 ! txn_stock_level (tpcc.cc:3398):     ERROR warehouse_id:1, cid:32486, maxbytes:2
20251110-03:35.33-520021(us) 19253 ! txn_stock_level (tpcc.cc:3398):     ERROR warehouse_id:1, cid:32486, maxbytes:2
20251110-03:35.33-520217(us) 19253 ! txn_stock_level (tpcc.cc:3398):     ERROR warehouse_id:1, cid:32486, maxbytes:2
20251110-03:35.33-520287(us) 19253 ! txn_stock_level (tpcc.cc:3398):     ERROR warehouse_id:1, cid:32486, maxbytes:2
20251110-03:35.33-522234(us) 19253 ! txn_stock_level (tpcc.cc:3398):     ERROR warehouse_id:1, cid:32486, maxbytes:2
20251110-03:35.33-522266(us) 19253 ! txn_stock_level (tpcc.cc:3398):     ERROR warehouse_id:1, cid:32486, maxbytes:2
20251110-03:35.33-522286(us) 19253 ! txn_stock_level (tpcc.cc:3398):     ERROR warehouse_id:1, cid:32486, maxbytes:2
20251110-03:35.33-523348(us) 19253 ! txn_stock_level (tpcc.cc:3398):     ERROR warehouse_id:1, cid:32486, maxbytes:2
20251110-03:35.33-523387(us) 19253 ! txn_stock_level (tpcc.cc:3398):     ERROR warehouse_id:1, cid:32486, maxbytes:2
20251110-03:35.33-523443(us) 19253 ! txn_stock_level (tpcc.cc:3398):     ERROR warehouse_id:1, cid:32486, maxbytes:2
20251110-03:35.33-523618(us) 19253 ! txn_stock_level (tpcc.cc:3398):     ERROR warehouse_id:1, cid:32486, maxbytes:2
20251110-03:35.33-523648(us) 19253 ! txn_stock_level (tpcc.cc:3398):     ERROR warehouse_id:1, cid:32486, maxbytes:2
20251110-03:35.33-523688(us) 19253 ! txn_stock_level (tpcc.cc:3398):     ERROR warehouse_id:1, cid:32486, maxbytes:2
20251110-03:35.33-523783(us) 19253 ! txn_stock_level (tpcc.cc:3398):     ERROR warehouse_id:1, cid:32486, maxbytes:2
20251110-03:35.33-523793(us) 19253 ! txn_stock_level (tpcc.cc:3398):     ERROR warehouse_id:1, cid:32486, maxbytes:2
20251110-03:35.33-524712(us) 19253 ! txn_stock_level (tpcc.cc:3398):     ERROR warehouse_id:1, cid:32486, maxbytes:2
20251110-03:35.33-525003(us) 19253 ! txn_stock_level (tpcc.cc:3398):     ERROR warehouse_id:1, cid:32486, maxbytes:2
20251110-03:35.33-525060(us) 19253 ! txn_stock_level (tpcc.cc:3398):     ERROR warehouse_id:1, cid:32486, maxbytes:2
20251110-03:35.33-526197(us) 19253 ! txn_stock_level (tpcc.cc:3398):     ERROR warehouse_id:1, cid:32486, maxbytes:2
20251110-03:35.33-528150(us) 19253 ! txn_stock_level (tpcc.cc:3398):     ERROR warehouse_id:1, cid:32486, maxbytes:2
20251110-03:35.33-528171(us) 19253 ! txn_stock_level (tpcc.cc:3398):     ERROR warehouse_id:1, cid:32486, maxbytes:2
20251110-03:35.33-528303(us) 19253 ! txn_stock_level (tpcc.cc:3398):     ERROR warehouse_id:1, cid:32486, maxbytes:2
20251110-03:35.33-528329(us) 19253 ! txn_stock_level (tpcc.cc:3398):     ERROR warehouse_id:1, cid:32486, maxbytes:2
20251110-03:35.33-528399(us) 19253 ! txn_stock_level (tpcc.cc:3398):     ERROR warehouse_id:1, cid:32486, maxbytes:2
20251110-03:35.33-528409(us) 19253 ! txn_stock_level (tpcc.cc:3398):     ERROR warehouse_id:1, cid:32486, maxbytes:2
20251110-03:35.33-528486(us) 19253 ! txn_stock_level (tpcc.cc:3398):     ERROR warehouse_id:1, cid:32486, maxbytes:2
20251110-03:35.33-528502(us) 19253 ! txn_stock_level (tpcc.cc:3398):     ERROR warehouse_id:1, cid:32486, maxbytes:2
20251110-03:35.33-528541(us) 19253 ! txn_stock_level (tpcc.cc:3398):     ERROR warehouse_id:1, cid:32486, maxbytes:2
20251110-03:35.33-528621(us) 19253 ! txn_stock_level (tpcc.cc:3398):     ERROR warehouse_id:1, cid:32486, maxbytes:2
20251110-03:35.33-528655(us) 19253 ! txn_stock_level (tpcc.cc:3398):     ERROR warehouse_id:1, cid:32486, maxbytes:2
20251110-03:35.33-528751(us) 19253 ! txn_stock_level (tpcc.cc:3398):     ERROR warehouse_id:1, cid:32486, maxbytes:2
20251110-03:35.33-529804(us) 19253 ! txn_stock_level (tpcc.cc:3398):     ERROR warehouse_id:1, cid:32486, maxbytes:2
20251110-03:35.33-532022(us) 19253 ! txn_stock_level (tpcc.cc:3398):     ERROR warehouse_id:1, cid:32486, maxbytes:2
20251110-03:35.33-532209(us) 19253 ! txn_stock_level (tpcc.cc:3398):     ERROR warehouse_id:1, cid:32486, maxbytes:2
20251110-03:35.33-661135(us) 19253 ! txn_stock_level (tpcc.cc:3398):     ERROR warehouse_id:1, cid:81639, maxbytes:2
20251110-03:35.33-661322(us) 19253 ! txn_stock_level (tpcc.cc:3398):     ERROR warehouse_id:1, cid:81639, maxbytes:2
20251110-03:35.33-661371(us) 19253 ! txn_stock_level (tpcc.cc:3398):     ERROR warehouse_id:1, cid:81639, maxbytes:2
20251110-03:35.33-661408(us) 19253 ! txn_stock_level (tpcc.cc:3398):     ERROR warehouse_id:1, cid:81639, maxbytes:2
20251110-03:35.33-661656(us) 19253 ! txn_stock_level (tpcc.cc:3398):     ERROR warehouse_id:1, cid:81639, maxbytes:2
20251110-03:35.33-666832(us) 19253 ! txn_stock_level (tpcc.cc:3398):     ERROR warehouse_id:1, cid:81639, maxbytes:2
20251110-03:35.33-719377(us) 19253 ! txn_stock_level (tpcc.cc:3398):     ERROR warehouse_id:1, cid:6087, maxbytes:2
20251110-03:35.33-720429(us) 19253 ! txn_stock_level (tpcc.cc:3398):     ERROR warehouse_id:1, cid:6087, maxbytes:2
20251110-03:35.33-720467(us) 19253 ! txn_stock_level (tpcc.cc:3398):     ERROR warehouse_id:1, cid:6087, maxbytes:2
20251110-03:35.33-721902(us) 19253 ! txn_stock_level (tpcc.cc:3398):     ERROR warehouse_id:1, cid:6087, maxbytes:2
20251110-03:35.33-722982(us) 19253 ! txn_stock_level (tpcc.cc:3398):     ERROR warehouse_id:1, cid:6087, maxbytes:2
20251110-03:35.33-723802(us) 19253 ! txn_stock_level (tpcc.cc:3398):     ERROR warehouse_id:1, cid:6087, maxbytes:2
20251110-03:35.33-723934(us) 19253 ! txn_stock_level (tpcc.cc:3398):     ERROR warehouse_id:1, cid:6087, maxbytes:2
20251110-03:35.33-724030(us) 19253 ! txn_stock_level (tpcc.cc:3398):     ERROR warehouse_id:1, cid:6087, maxbytes:2
20251110-03:35.33-724055(us) 19253 ! txn_stock_level (tpcc.cc:3398):     ERROR warehouse_id:1, cid:6087, maxbytes:2
20251110-03:35.33-728181(us) 19253 ! txn_stock_level (tpcc.cc:3398):     ERROR warehouse_id:1, cid:6087, maxbytes:2
20251110-03:35.33-781028(us) 19253 ! txn_stock_level (tpcc.cc:3398):     ERROR warehouse_id:2, cid:32359, maxbytes:2
20251110-03:35.33-869623(us) 19253 ! txn_stock_level (tpcc.cc:3398):     ERROR warehouse_id:2, cid:96935, maxbytes:2
20251110-03:35.33-869785(us) 19253 ! txn_stock_level (tpcc.cc:3398):     ERROR warehouse_id:2, cid:96935, maxbytes:2
20251110-03:35.33-869822(us) 19253 ! txn_stock_level (tpcc.cc:3398):     ERROR warehouse_id:2, cid:96935, maxbytes:2
20251110-03:35.33-870991(us) 19253 ! txn_stock_level (tpcc.cc:3398):     ERROR warehouse_id:2, cid:80606, maxbytes:2
20251110-03:35.33-871140(us) 19253 ! txn_stock_level (tpcc.cc:3398):     ERROR warehouse_id:2, cid:96935, maxbytes:2
20251110-03:35.33-871191(us) 19253 ! txn_stock_level (tpcc.cc:3398):     ERROR warehouse_id:2, cid:96935, maxbytes:2
20251110-03:35.33-871330(us) 19253 ! txn_stock_level (tpcc.cc:3398):     ERROR warehouse_id:2, cid:96935, maxbytes:2
20251110-03:35.33-871399(us) 19253 ! txn_stock_level (tpcc.cc:3398):     ERROR warehouse_id:2, cid:96935, maxbytes:2
20251110-03:35.33-871429(us) 19253 ! txn_stock_level (tpcc.cc:3398):     ERROR warehouse_id:2, cid:96935, maxbytes:2
20251110-03:35.33-871443(us) 19253 ! txn_stock_level (tpcc.cc:3398):     ERROR warehouse_id:2, cid:96935, maxbytes:2
20251110-03:35.33-871487(us) 19253 ! txn_stock_level (tpcc.cc:3398):     ERROR warehouse_id:2, cid:96935, maxbytes:2
20251110-03:35.33-871555(us) 19253 ! txn_stock_level (tpcc.cc:3398):     ERROR warehouse_id:2, cid:96935, maxbytes:2
20251110-03:35.33-872790(us) 19253 ! txn_stock_level (tpcc.cc:3398):     ERROR warehouse_id:2, cid:96935, maxbytes:2
20251110-03:35.33-873320(us) 19253 ! txn_stock_level (tpcc.cc:3398):     ERROR warehouse_id:2, cid:96935, maxbytes:2
20251110-03:35.33-875156(us) 19253 ! txn_stock_level (tpcc.cc:3398):     ERROR warehouse_id:2, cid:96935, maxbytes:2
20251110-03:35.33-875219(us) 19253 ! txn_stock_level (tpcc.cc:3398):     ERROR warehouse_id:2, cid:96935, maxbytes:2
20251110-03:35.33-875318(us) 19253 ! txn_stock_level (tpcc.cc:3398):     ERROR warehouse_id:2, cid:96935, maxbytes:2
20251110-03:35.33-876508(us) 19253 ! txn_stock_level (tpcc.cc:3398):     ERROR warehouse_id:2, cid:96935, maxbytes:2
20251110-03:35.33-877191(us) 19253 ! txn_stock_level (tpcc.cc:3398):     ERROR warehouse_id:2, cid:96935, maxbytes:2
20251110-03:35.33-878314(us) 19253 ! txn_stock_level (tpcc.cc:3398):     ERROR warehouse_id:2, cid:96935, maxbytes:2
20251110-03:35.33-878562(us) 19253 ! txn_stock_level (tpcc.cc:3398):     ERROR warehouse_id:2, cid:96935, maxbytes:2
20251110-03:35.33-878710(us) 19253 ! txn_stock_level (tpcc.cc:3398):     ERROR warehouse_id:2, cid:96935, maxbytes:2
20251110-03:35.33-878841(us) 19253 ! txn_stock_level (tpcc.cc:3398):     ERROR warehouse_id:2, cid:96935, maxbytes:2
20251110-03:35.33-878901(us) 19253 ! txn_stock_level (tpcc.cc:3398):     ERROR warehouse_id:2, cid:96935, maxbytes:2
20251110-03:35.33-879102(us) 19253 ! txn_stock_level (tpcc.cc:3398):     ERROR warehouse_id:2, cid:96935, maxbytes:2
20251110-03:35.33-879205(us) 19253 ! txn_stock_level (tpcc.cc:3398):     ERROR warehouse_id:2, cid:40663, maxbytes:2
20251110-03:35.33-880299(us) 19253 ! txn_stock_level (tpcc.cc:3398):     ERROR warehouse_id:2, cid:40663, maxbytes:2
20251110-03:35.33-882105(us) 19253 ! txn_stock_level (tpcc.cc:3398):     ERROR warehouse_id:2, cid:40663, maxbytes:2
20251110-03:35.33-882254(us) 19253 ! txn_stock_level (tpcc.cc:3398):     ERROR warehouse_id:2, cid:65255, maxbytes:2
20251110-03:35.33-882278(us) 19253 ! txn_stock_level (tpcc.cc:3398):     ERROR warehouse_id:2, cid:65255, maxbytes:2
20251110-03:35.33-882404(us) 19253 ! txn_stock_level (tpcc.cc:3398):     ERROR warehouse_id:2, cid:65255, maxbytes:2
20251110-03:35.33-882416(us) 19253 ! txn_stock_level (tpcc.cc:3398):     ERROR warehouse_id:2, cid:40663, maxbytes:2
20251110-03:35.33-882456(us) 19253 ! txn_stock_level (tpcc.cc:3398):     ERROR warehouse_id:2, cid:65255, maxbytes:2
20251110-03:35.33-882492(us) 19253 ! txn_stock_level (tpcc.cc:3398):     ERROR warehouse_id:2, cid:65255, maxbytes:2
20251110-03:35.33-883456(us) 19253 ! txn_stock_level (tpcc.cc:3398):     ERROR warehouse_id:2, cid:65255, maxbytes:2
20251110-03:35.33-883640(us) 19253 ! txn_stock_level (tpcc.cc:3398):     ERROR warehouse_id:2, cid:65255, maxbytes:2
20251110-03:35.33-883798(us) 19253 ! txn_stock_level (tpcc.cc:3398):     ERROR warehouse_id:2, cid:65255, maxbytes:2
20251110-03:35.33-883904(us) 19253 ! txn_stock_level (tpcc.cc:3398):     ERROR warehouse_id:2, cid:65255, maxbytes:2
20251110-03:35.33-883925(us) 19253 ! txn_stock_level (tpcc.cc:3398):     ERROR warehouse_id:2, cid:65255, maxbytes:2
20251110-03:35.33-886218(us) 19253 ! txn_stock_level (tpcc.cc:3398):     ERROR warehouse_id:2, cid:65255, maxbytes:2
20251110-03:35.33-888144(us) 19253 ! txn_stock_level (tpcc.cc:3398):     ERROR warehouse_id:2, cid:65255, maxbytes:2
20251110-03:35.33-888445(us) 19253 ! txn_stock_level (tpcc.cc:3398):     ERROR warehouse_id:2, cid:65255, maxbytes:2
20251110-03:35.33-900775(us) 19253 ! txn_stock_level (tpcc.cc:3398):     ERROR warehouse_id:2, cid:24287, maxbytes:2
20251110-03:35.33-901692(us) 19253 ! txn_stock_level (tpcc.cc:3398):     ERROR warehouse_id:2, cid:24287, maxbytes:2
20251110-03:35.33-901936(us) 19253 ! txn_stock_level (tpcc.cc:3398):     ERROR warehouse_id:2, cid:24287, maxbytes:2
20251110-03:35.33-902246(us) 19253 ! txn_stock_level (tpcc.cc:3398):     ERROR warehouse_id:2, cid:24287, maxbytes:2
20251110-03:35.33-902560(us) 19253 ! txn_stock_level (tpcc.cc:3398):     ERROR warehouse_id:2, cid:24287, maxbytes:2
20251110-03:35.33-902695(us) 19253 ! txn_stock_level (tpcc.cc:3398):     ERROR warehouse_id:2, cid:24287, maxbytes:2
20251110-03:35.33-903700(us) 19253 ! txn_stock_level (tpcc.cc:3398):     ERROR warehouse_id:2, cid:24287, maxbytes:2
20251110-03:35.33-903897(us) 19253 ! txn_stock_level (tpcc.cc:3398):     ERROR warehouse_id:2, cid:24287, maxbytes:2
20251110-03:35.33-907219(us) 19253 ! txn_stock_level (tpcc.cc:3398):     ERROR warehouse_id:2, cid:24287, maxbytes:2
20251110-03:35.33-907244(us) 19253 ! txn_stock_level (tpcc.cc:3398):     ERROR warehouse_id:2, cid:24287, maxbytes:2
20251110-03:35.33-907314(us) 19253 ! txn_stock_level (tpcc.cc:3398):     ERROR warehouse_id:2, cid:24287, maxbytes:2
20251110-03:35.33-907371(us) 19253 ! txn_stock_level (tpcc.cc:3398):     ERROR warehouse_id:2, cid:24287, maxbytes:2
20251110-03:35.34-138092(us) 19253 ! txn_stock_level (tpcc.cc:3398):     ERROR warehouse_id:1, cid:22247, maxbytes:2
20251110-03:35.34-138153(us) 19253 ! txn_stock_level (tpcc.cc:3398):     ERROR warehouse_id:1, cid:22247, maxbytes:2
20251110-03:35.34-138329(us) 19253 ! txn_stock_level (tpcc.cc:3398):     ERROR warehouse_id:1, cid:22247, maxbytes:2
20251110-03:35.34-138338(us) 19253 ! txn_stock_level (tpcc.cc:3398):     ERROR warehouse_id:1, cid:22247, maxbytes:2
20251110-03:35.34-138401(us) 19253 ! txn_stock_level (tpcc.cc:3398):     ERROR warehouse_id:1, cid:22247, maxbytes:2
20251110-03:35.34-138426(us) 19253 ! txn_stock_level (tpcc.cc:3398):     ERROR warehouse_id:1, cid:22247, maxbytes:2
20251110-03:35.34-140649(us) 19253 ! txn_stock_level (tpcc.cc:3398):     ERROR warehouse_id:1, cid:22247, maxbytes:2
20251110-03:35.34-140776(us) 19253 ! txn_stock_level (tpcc.cc:3398):     ERROR warehouse_id:1, cid:22247, maxbytes:2
20251110-03:35.34-141948(us) 19253 ! txn_stock_level (tpcc.cc:3398):     ERROR warehouse_id:1, cid:22247, maxbytes:2
20251110-03:35.34-145466(us) 19253 ! txn_stock_level (tpcc.cc:3398):     ERROR warehouse_id:1, cid:6215, maxbytes:2
20251110-03:35.34-145748(us) 19253 ! txn_stock_level (tpcc.cc:3398):     ERROR warehouse_id:1, cid:6215, maxbytes:2
20251110-03:35.34-145801(us) 19253 ! txn_stock_level (tpcc.cc:3398):     ERROR warehouse_id:1, cid:6215, maxbytes:2
20251110-03:35.34-146832(us) 19253 ! txn_stock_level (tpcc.cc:3398):     ERROR warehouse_id:1, cid:6215, maxbytes:2
20251110-03:35.34-146993(us) 19253 ! txn_stock_level (tpcc.cc:3398):     ERROR warehouse_id:1, cid:6215, maxbytes:2
20251110-03:35.34-151359(us) 19253 ! txn_stock_level (tpcc.cc:3398):     ERROR warehouse_id:1, cid:15575, maxbytes:2
20251110-03:35.34-152777(us) 19253 ! txn_stock_level (tpcc.cc:3398):     ERROR warehouse_id:1, cid:15575, maxbytes:2
20251110-03:35.34-153180(us) 19253 ! txn_stock_level (tpcc.cc:3398):     ERROR warehouse_id:1, cid:15575, maxbytes:2
20251110-03:35.34-154146(us) 19253 ! txn_stock_level (tpcc.cc:3398):     ERROR warehouse_id:1, cid:15575, maxbytes:2
20251110-03:35.34-155208(us) 19253 ! txn_stock_level (tpcc.cc:3398):     ERROR warehouse_id:1, cid:15575, maxbytes:2
20251110-03:35.34-158226(us) 19253 ! txn_stock_level (tpcc.cc:3398):     ERROR warehouse_id:1, cid:15575, maxbytes:2
20251110-03:35.34-158324(us) 19253 ! txn_stock_level (tpcc.cc:3398):     ERROR warehouse_id:1, cid:15575, maxbytes:2
20251110-03:35.34-158573(us) 19253 ! txn_stock_level (tpcc.cc:3398):     ERROR warehouse_id:1, cid:15575, maxbytes:2
20251110-03:35.34-158845(us) 19253 ! txn_stock_level (tpcc.cc:3398):     ERROR warehouse_id:1, cid:15575, maxbytes:2
20251110-03:35.34-158967(us) 19253 ! txn_stock_level (tpcc.cc:3398):     ERROR warehouse_id:1, cid:15575, maxbytes:2
20251110-03:35.34-159135(us) 19253 ! txn_stock_level (tpcc.cc:3398):     ERROR warehouse_id:1, cid:15575, maxbytes:2
20251110-03:35.34-159252(us) 19253 ! txn_stock_level (tpcc.cc:3398):     ERROR warehouse_id:1, cid:15575, maxbytes:2
20251110-03:35.34-160884(us) 19253 ! run             (bench.cc:473):     runtime time left:22000 ms, bool:1
20251110-03:35.34-161224(us) 19253 ! txn_stock_level (tpcc.cc:3398):     ERROR warehouse_id:1, cid:15575, maxbytes:2
20251110-03:35.34-161351(us) 19253 ! txn_stock_level (tpcc.cc:3398):     ERROR warehouse_id:1, cid:15575, maxbytes:2
20251110-03:35.34-161493(us) 19253 ! txn_stock_level (tpcc.cc:3398):     ERROR warehouse_id:1, cid:15575, maxbytes:2
20251110-03:35.34-161564(us) 19253 ! txn_stock_level (tpcc.cc:3398):     ERROR warehouse_id:1, cid:15575, maxbytes:2
20251110-03:35.34-161617(us) 19253 ! txn_stock_level (tpcc.cc:3398):     ERROR warehouse_id:1, cid:15575, maxbytes:2
20251110-03:35.34-161674(us) 19253 ! txn_stock_level (tpcc.cc:3398):     ERROR warehouse_id:1, cid:15575, maxbytes:2
20251110-03:35.34-161714(us) 19253 ! txn_stock_level (tpcc.cc:3398):     ERROR warehouse_id:1, cid:15575, maxbytes:2
20251110-03:35.34-310945(us) 19253 ! txn_stock_level (tpcc.cc:3398):     ERROR warehouse_id:2, cid:16099, maxbytes:2
20251110-03:35.34-311053(us) 19253 ! txn_stock_level (tpcc.cc:3398):     ERROR warehouse_id:2, cid:16099, maxbytes:2
20251110-03:35.34-313558(us) 19253 ! txn_stock_level (tpcc.cc:3398):     ERROR warehouse_id:2, cid:16099, maxbytes:2
20251110-03:35.34-313829(us) 19253 ! txn_stock_level (tpcc.cc:3398):     ERROR warehouse_id:2, cid:16099, maxbytes:2
20251110-03:35.34-313847(us) 19253 ! txn_stock_level (tpcc.cc:3398):     ERROR warehouse_id:2, cid:16099, maxbytes:2
20251110-03:35.34-314947(us) 19253 ! txn_stock_level (tpcc.cc:3398):     ERROR warehouse_id:2, cid:16099, maxbytes:2
20251110-03:35.34-315072(us) 19253 ! txn_stock_level (tpcc.cc:3398):     ERROR warehouse_id:2, cid:16099, maxbytes:2
20251110-03:35.34-315110(us) 19253 ! txn_stock_level (tpcc.cc:3398):     ERROR warehouse_id:2, cid:16099, maxbytes:2
20251110-03:35.34-315142(us) 19253 ! txn_stock_level (tpcc.cc:3398):     ERROR warehouse_id:2, cid:16099, maxbytes:2
20251110-03:35.34-315381(us) 19253 ! txn_stock_level (tpcc.cc:3398):     ERROR warehouse_id:2, cid:16099, maxbytes:2
20251110-03:35.34-361920(us) 19253 ! txn_stock_level (tpcc.cc:3398):     ERROR warehouse_id:1, cid:55007, maxbytes:2
20251110-03:35.34-362035(us) 19253 ! txn_stock_level (tpcc.cc:3398):     ERROR warehouse_id:1, cid:55007, maxbytes:2
20251110-03:35.34-363201(us) 19253 ! txn_stock_level (tpcc.cc:3398):     ERROR warehouse_id:1, cid:55007, maxbytes:2
20251110-03:35.34-364301(us) 19253 ! txn_stock_level (tpcc.cc:3398):     ERROR warehouse_id:1, cid:55007, maxbytes:2
20251110-03:35.34-365298(us) 19253 ! txn_stock_level (tpcc.cc:3398):     ERROR warehouse_id:1, cid:55007, maxbytes:2
20251110-03:35.34-368503(us) 19253 ! txn_stock_level (tpcc.cc:3398):     ERROR warehouse_id:1, cid:55007, maxbytes:2
20251110-03:35.34-368577(us) 19253 ! txn_stock_level (tpcc.cc:3398):     ERROR warehouse_id:1, cid:55007, maxbytes:2
20251110-03:35.34-368623(us) 19253 ! txn_stock_level (tpcc.cc:3398):     ERROR warehouse_id:1, cid:55007, maxbytes:2
20251110-03:35.34-368700(us) 19253 ! txn_stock_level (tpcc.cc:3398):     ERROR warehouse_id:1, cid:55007, maxbytes:2
20251110-03:35.34-369728(us) 19253 ! txn_stock_level (tpcc.cc:3398):     ERROR warehouse_id:1, cid:55007, maxbytes:2
20251110-03:35.34-369787(us) 19253 ! txn_stock_level (tpcc.cc:3398):     ERROR warehouse_id:1, cid:55007, maxbytes:2
20251110-03:35.34-370046(us) 19253 ! txn_stock_level (tpcc.cc:3398):     ERROR warehouse_id:1, cid:55007, maxbytes:2
20251110-03:35.34-371116(us) 19253 ! txn_stock_level (tpcc.cc:3398):     ERROR warehouse_id:1, cid:55007, maxbytes:2
20251110-03:35.34-371222(us) 19253 ! txn_stock_level (tpcc.cc:3398):     ERROR warehouse_id:1, cid:55007, maxbytes:2
20251110-03:35.34-373216(us) 19253 ! txn_stock_level (tpcc.cc:3398):     ERROR warehouse_id:1, cid:55007, maxbytes:2
20251110-03:35.34-375252(us) 19253 ! txn_stock_level (tpcc.cc:3398):     ERROR warehouse_id:1, cid:55007, maxbytes:2
20251110-03:35.34-375275(us) 19253 ! txn_stock_level (tpcc.cc:3398):     ERROR warehouse_id:1, cid:55007, maxbytes:2
20251110-03:35.34-378873(us) 19253 ! txn_stock_level (tpcc.cc:3398):     ERROR warehouse_id:1, cid:48583, maxbytes:2
20251110-03:35.34-378979(us) 19253 ! txn_stock_level (tpcc.cc:3398):     ERROR warehouse_id:1, cid:48583, maxbytes:2
20251110-03:35.34-379028(us) 19253 ! txn_stock_level (tpcc.cc:3398):     ERROR warehouse_id:1, cid:48583, maxbytes:2
20251110-03:35.34-379863(us) 19253 ! txn_stock_level (tpcc.cc:3398):     ERROR warehouse_id:1, cid:48583, maxbytes:2
20251110-03:35.34-379988(us) 19253 ! txn_stock_level (tpcc.cc:3398):     ERROR warehouse_id:1, cid:48583, maxbytes:2
20251110-03:35.34-380083(us) 19253 ! txn_stock_level (tpcc.cc:3398):     ERROR warehouse_id:1, cid:48583, maxbytes:2
20251110-03:35.34-380193(us) 19253 ! txn_stock_level (tpcc.cc:3398):     ERROR warehouse_id:1, cid:48583, maxbytes:2
20251110-03:35.34-381474(us) 19253 ! txn_stock_level (tpcc.cc:3398):     ERROR warehouse_id:1, cid:48583, maxbytes:2
20251110-03:35.34-381529(us) 19253 ! txn_stock_level (tpcc.cc:3398):     ERROR warehouse_id:1, cid:48583, maxbytes:2
20251110-03:35.34-381558(us) 19253 ! txn_stock_level (tpcc.cc:3398):     ERROR warehouse_id:1, cid:48583, maxbytes:2
20251110-03:35.34-381791(us) 19253 ! txn_stock_level (tpcc.cc:3398):     ERROR warehouse_id:1, cid:48583, maxbytes:2
20251110-03:35.34-383227(us) 19253 ! txn_stock_level (tpcc.cc:3398):     ERROR warehouse_id:1, cid:48583, maxbytes:2
20251110-03:35.34-383293(us) 19253 ! txn_stock_level (tpcc.cc:3398):     ERROR warehouse_id:1, cid:48583, maxbytes:2
20251110-03:35.34-383329(us) 19253 ! txn_stock_level (tpcc.cc:3398):     ERROR warehouse_id:1, cid:48583, maxbytes:2
20251110-03:35.34-383530(us) 19253 ! txn_stock_level (tpcc.cc:3398):     ERROR warehouse_id:1, cid:48583, maxbytes:2
20251110-03:35.34-383748(us) 19253 ! txn_stock_level (tpcc.cc:3398):     ERROR warehouse_id:1, cid:48583, maxbytes:2
20251110-03:35.34-383920(us) 19253 ! txn_stock_level (tpcc.cc:3398):     ERROR warehouse_id:1, cid:48583, maxbytes:2
20251110-03:35.34-384173(us) 19253 ! txn_stock_level (tpcc.cc:3398):     ERROR warehouse_id:1, cid:48583, maxbytes:2
20251110-03:35.34-384465(us) 19253 ! txn_stock_level (tpcc.cc:3398):     ERROR warehouse_id:1, cid:48583, maxbytes:2
20251110-03:35.34-385697(us) 19253 ! txn_stock_level (tpcc.cc:3398):     ERROR warehouse_id:1, cid:48583, maxbytes:2
20251110-03:35.34-386819(us) 19253 ! txn_stock_level (tpcc.cc:3398):     ERROR warehouse_id:1, cid:48583, maxbytes:2
20251110-03:35.34-386986(us) 19253 ! txn_stock_level (tpcc.cc:3398):     ERROR warehouse_id:1, cid:48583, maxbytes:2
20251110-03:35.34-387332(us) 19253 ! txn_stock_level (tpcc.cc:3398):     ERROR warehouse_id:1, cid:48583, maxbytes:2
20251110-03:35.34-387539(us) 19253 ! txn_stock_level (tpcc.cc:3398):     ERROR warehouse_id:1, cid:48583, maxbytes:2
20251110-03:35.34-388610(us) 19253 ! txn_stock_level (tpcc.cc:3398):     ERROR warehouse_id:1, cid:48583, maxbytes:2
20251110-03:35.34-389905(us) 19253 ! txn_stock_level (tpcc.cc:3398):     ERROR warehouse_id:1, cid:48583, maxbytes:2
20251110-03:35.34-389942(us) 19253 ! txn_stock_level (tpcc.cc:3398):     ERROR warehouse_id:1, cid:48583, maxbytes:2
20251110-03:35.34-391985(us) 19253 ! txn_stock_level (tpcc.cc:3398):     ERROR warehouse_id:1, cid:48583, maxbytes:2
20251110-03:35.34-393476(us) 19253 ! txn_stock_level (tpcc.cc:3398):     ERROR warehouse_id:1, cid:48583, maxbytes:2
20251110-03:35.34-393499(us) 19253 ! txn_stock_level (tpcc.cc:3398):     ERROR warehouse_id:1, cid:48583, maxbytes:2
20251110-03:35.34-396153(us) 19253 ! txn_stock_level (tpcc.cc:3398):     ERROR warehouse_id:1, cid:48583, maxbytes:2
20251110-03:35.34-396265(us) 19253 ! txn_stock_level (tpcc.cc:3398):     ERROR warehouse_id:1, cid:48583, maxbytes:2
20251110-03:35.34-396298(us) 19253 ! txn_stock_level (tpcc.cc:3398):     ERROR warehouse_id:1, cid:48583, maxbytes:2
20251110-03:35.34-397975(us) 19253 ! txn_stock_level (tpcc.cc:3398):     ERROR warehouse_id:1, cid:48583, maxbytes:2
20251110-03:35.34-398004(us) 19253 ! txn_stock_level (tpcc.cc:3398):     ERROR warehouse_id:1, cid:48583, maxbytes:2
20251110-03:35.34-399224(us) 19253 ! txn_stock_level (tpcc.cc:3398):     ERROR warehouse_id:1, cid:48583, maxbytes:2
20251110-03:35.34-399275(us) 19253 ! txn_stock_level (tpcc.cc:3398):     ERROR warehouse_id:1, cid:48583, maxbytes:2
20251110-03:35.34-399476(us) 19253 ! txn_stock_level (tpcc.cc:3398):     ERROR warehouse_id:1, cid:48583, maxbytes:2
20251110-03:35.34-437056(us) 19253 ! txn_stock_level (tpcc.cc:3398):     ERROR warehouse_id:1, cid:97959, maxbytes:2
20251110-03:35.34-437178(us) 19253 ! txn_stock_level (tpcc.cc:3398):     ERROR warehouse_id:1, cid:97959, maxbytes:2
20251110-03:35.34-437375(us) 19253 ! txn_stock_level (tpcc.cc:3398):     ERROR warehouse_id:1, cid:97959, maxbytes:2
20251110-03:35.34-437531(us) 19253 ! txn_stock_level (tpcc.cc:3398):     ERROR warehouse_id:1, cid:97959, maxbytes:2
20251110-03:35.34-437700(us) 19253 ! txn_stock_level (tpcc.cc:3398):     ERROR warehouse_id:1, cid:97959, maxbytes:2
20251110-03:35.34-437724(us) 19253 ! txn_stock_level (tpcc.cc:3398):     ERROR warehouse_id:1, cid:97959, maxbytes:2
20251110-03:35.34-437810(us) 19253 ! txn_stock_level (tpcc.cc:3398):     ERROR warehouse_id:1, cid:97959, maxbytes:2
20251110-03:35.34-438647(us) 19253 ! txn_stock_level (tpcc.cc:3398):     ERROR warehouse_id:1, cid:97959, maxbytes:2
20251110-03:35.34-438796(us) 19253 ! txn_stock_level (tpcc.cc:3398):     ERROR warehouse_id:1, cid:97959, maxbytes:2
20251110-03:35.34-564320(us) 19253 ! txn_stock_level (tpcc.cc:3398):     ERROR warehouse_id:2, cid:2119, maxbytes:2
20251110-03:35.34-564389(us) 19253 ! txn_stock_level (tpcc.cc:3398):     ERROR warehouse_id:2, cid:2119, maxbytes:2
20251110-03:35.34-564618(us) 19253 ! txn_stock_level (tpcc.cc:3398):     ERROR warehouse_id:2, cid:2119, maxbytes:2
20251110-03:35.34-565890(us) 19253 ! txn_stock_level (tpcc.cc:3398):     ERROR warehouse_id:2, cid:2119, maxbytes:2
20251110-03:35.34-565967(us) 19253 ! txn_stock_level (tpcc.cc:3398):     ERROR warehouse_id:2, cid:2119, maxbytes:2
20251110-03:35.34-568096(us) 19253 ! txn_stock_level (tpcc.cc:3398):     ERROR warehouse_id:2, cid:2119, maxbytes:2
20251110-03:35.34-568118(us) 19253 ! txn_stock_level (tpcc.cc:3398):     ERROR warehouse_id:2, cid:2119, maxbytes:2
20251110-03:35.34-569399(us) 19253 ! txn_stock_level (tpcc.cc:3398):     ERROR warehouse_id:2, cid:2119, maxbytes:2
20251110-03:35.34-569479(us) 19253 ! txn_stock_level (tpcc.cc:3398):     ERROR warehouse_id:2, cid:2119, maxbytes:2
20251110-03:35.34-569567(us) 19253 ! txn_stock_level (tpcc.cc:3398):     ERROR warehouse_id:2, cid:2119, maxbytes:2
20251110-03:35.34-570444(us) 19253 ! txn_stock_level (tpcc.cc:3398):     ERROR warehouse_id:2, cid:2119, maxbytes:2
20251110-03:35.34-571505(us) 19253 ! txn_stock_level (tpcc.cc:3398):     ERROR warehouse_id:2, cid:2119, maxbytes:2
20251110-03:35.34-573094(us) 19253 ! txn_stock_level (tpcc.cc:3398):     ERROR warehouse_id:2, cid:2119, maxbytes:2
20251110-03:35.34-574150(us) 19253 ! txn_stock_level (tpcc.cc:3398):     ERROR warehouse_id:2, cid:2119, maxbytes:2
20251110-03:35.34-648916(us) 19253 ! txn_stock_level (tpcc.cc:3398):     ERROR warehouse_id:1, cid:48607, maxbytes:2
20251110-03:35.34-649813(us) 19253 ! txn_stock_level (tpcc.cc:3398):     ERROR warehouse_id:1, cid:48607, maxbytes:2
20251110-03:35.34-656755(us) 19253 ! txn_stock_level (tpcc.cc:3398):     ERROR warehouse_id:2, cid:31974, maxbytes:2
20251110-03:35.34-657842(us) 19253 ! txn_stock_level (tpcc.cc:3398):     ERROR warehouse_id:2, cid:31974, maxbytes:2
20251110-03:35.34-657896(us) 19253 ! txn_stock_level (tpcc.cc:3398):     ERROR warehouse_id:2, cid:31974, maxbytes:2
20251110-03:35.34-657918(us) 19253 ! txn_stock_level (tpcc.cc:3398):     ERROR warehouse_id:2, cid:31974, maxbytes:2
20251110-03:35.34-657990(us) 19253 ! txn_stock_level (tpcc.cc:3398):     ERROR warehouse_id:2, cid:31974, maxbytes:2
20251110-03:35.34-658026(us) 19253 ! txn_stock_level (tpcc.cc:3398):     ERROR warehouse_id:2, cid:31974, maxbytes:2
20251110-03:35.34-714931(us) 19253 ! txn_stock_level (tpcc.cc:3398):     ERROR warehouse_id:2, cid:95719, maxbytes:2
20251110-03:35.34-715010(us) 19253 ! txn_stock_level (tpcc.cc:3398):     ERROR warehouse_id:2, cid:95719, maxbytes:2
20251110-03:35.34-715237(us) 19253 ! txn_stock_level (tpcc.cc:3398):     ERROR warehouse_id:2, cid:95719, maxbytes:2
20251110-03:35.34-716376(us) 19253 ! txn_stock_level (tpcc.cc:3398):     ERROR warehouse_id:2, cid:95719, maxbytes:2
20251110-03:35.34-716453(us) 19253 ! txn_stock_level (tpcc.cc:3398):     ERROR warehouse_id:2, cid:95719, maxbytes:2
20251110-03:35.34-716490(us) 19253 ! txn_stock_level (tpcc.cc:3398):     ERROR warehouse_id:2, cid:95719, maxbytes:2
20251110-03:35.34-716558(us) 19253 ! txn_stock_level (tpcc.cc:3398):     ERROR warehouse_id:2, cid:95719, maxbytes:2
20251110-03:35.34-717513(us) 19253 ! txn_stock_level (tpcc.cc:3398):     ERROR warehouse_id:2, cid:95719, maxbytes:2
20251110-03:35.34-717544(us) 19253 ! txn_stock_level (tpcc.cc:3398):     ERROR warehouse_id:2, cid:95719, maxbytes:2
20251110-03:35.34-719309(us) 19253 ! txn_stock_level (tpcc.cc:3398):     ERROR warehouse_id:2, cid:95719, maxbytes:2
20251110-03:35.34-719482(us) 19253 ! txn_stock_level (tpcc.cc:3398):     ERROR warehouse_id:2, cid:95719, maxbytes:2
20251110-03:35.34-719530(us) 19253 ! txn_stock_level (tpcc.cc:3398):     ERROR warehouse_id:2, cid:95719, maxbytes:2
20251110-03:35.34-719608(us) 19253 ! txn_stock_level (tpcc.cc:3398):     ERROR warehouse_id:2, cid:95719, maxbytes:2
20251110-03:35.34-719686(us) 19253 ! txn_stock_level (tpcc.cc:3398):     ERROR warehouse_id:2, cid:95719, maxbytes:2
20251110-03:35.34-720546(us) 19253 ! txn_stock_level (tpcc.cc:3398):     ERROR warehouse_id:2, cid:95719, maxbytes:2
20251110-03:35.34-720566(us) 19253 ! txn_stock_level (tpcc.cc:3398):     ERROR warehouse_id:2, cid:95719, maxbytes:2
20251110-03:35.34-721564(us) 19253 ! txn_stock_level (tpcc.cc:3398):     ERROR warehouse_id:2, cid:95719, maxbytes:2
20251110-03:35.34-723906(us) 19253 ! txn_stock_level (tpcc.cc:3398):     ERROR warehouse_id:2, cid:95719, maxbytes:2
20251110-03:35.34-723932(us) 19253 ! txn_stock_level (tpcc.cc:3398):     ERROR warehouse_id:2, cid:95719, maxbytes:2
20251110-03:35.34-723992(us) 19253 ! txn_stock_level (tpcc.cc:3398):     ERROR warehouse_id:2, cid:95719, maxbytes:2
20251110-03:35.34-724238(us) 19253 ! txn_stock_level (tpcc.cc:3398):     ERROR warehouse_id:2, cid:48823, maxbytes:2
20251110-03:35.34-728854(us) 19253 ! txn_stock_level (tpcc.cc:3398):     ERROR warehouse_id:2, cid:48823, maxbytes:2
20251110-03:35.34-729063(us) 19253 ! txn_stock_level (tpcc.cc:3398):     ERROR warehouse_id:2, cid:95719, maxbytes:2
20251110-03:35.34-729078(us) 19253 ! txn_stock_level (tpcc.cc:3398):     ERROR warehouse_id:2, cid:95719, maxbytes:2
20251110-03:35.34-731256(us) 19253 ! txn_stock_level (tpcc.cc:3398):     ERROR warehouse_id:2, cid:95719, maxbytes:2
20251110-03:35.34-731341(us) 19253 ! txn_stock_level (tpcc.cc:3398):     ERROR warehouse_id:2, cid:95719, maxbytes:2
20251110-03:35.34-733160(us) 19253 ! txn_stock_level (tpcc.cc:3398):     ERROR warehouse_id:2, cid:95719, maxbytes:2
20251110-03:35.34-734805(us) 19253 ! txn_stock_level (tpcc.cc:3398):     ERROR warehouse_id:2, cid:95719, maxbytes:2
20251110-03:35.34-734886(us) 19253 ! txn_stock_level (tpcc.cc:3398):     ERROR warehouse_id:2, cid:95719, maxbytes:2
20251110-03:35.34-735922(us) 19253 ! txn_stock_level (tpcc.cc:3398):     ERROR warehouse_id:2, cid:95719, maxbytes:2
20251110-03:35.34-738593(us) 19253 ! txn_stock_level (tpcc.cc:3398):     ERROR warehouse_id:2, cid:95719, maxbytes:2
20251110-03:35.34-738623(us) 19253 ! txn_stock_level (tpcc.cc:3398):     ERROR warehouse_id:2, cid:95719, maxbytes:2
20251110-03:35.34-738650(us) 19253 ! txn_stock_level (tpcc.cc:3398):     ERROR warehouse_id:2, cid:95719, maxbytes:2
20251110-03:35.34-739013(us) 19253 ! txn_stock_level (tpcc.cc:3398):     ERROR warehouse_id:2, cid:95719, maxbytes:2
20251110-03:35.34-739138(us) 19253 ! txn_stock_level (tpcc.cc:3398):     ERROR warehouse_id:2, cid:95719, maxbytes:2
20251110-03:35.34-739259(us) 19253 ! txn_stock_level (tpcc.cc:3398):     ERROR warehouse_id:2, cid:95719, maxbytes:2
20251110-03:35.34-741178(us) 19253 ! txn_stock_level (tpcc.cc:3398):     ERROR warehouse_id:2, cid:95719, maxbytes:2
20251110-03:35.34-741223(us) 19253 ! txn_stock_level (tpcc.cc:3398):     ERROR warehouse_id:2, cid:95719, maxbytes:2
20251110-03:35.34-741245(us) 19253 ! txn_stock_level (tpcc.cc:3398):     ERROR warehouse_id:2, cid:95719, maxbytes:2
20251110-03:35.34-784430(us) 19253 ! txn_stock_level (tpcc.cc:3398):     ERROR warehouse_id:1, cid:44775, maxbytes:2
20251110-03:35.34-785605(us) 19253 ! txn_stock_level (tpcc.cc:3398):     ERROR warehouse_id:1, cid:44775, maxbytes:2
20251110-03:35.34-785672(us) 19253 ! txn_stock_level (tpcc.cc:3398):     ERROR warehouse_id:1, cid:44775, maxbytes:2
20251110-03:35.34-785683(us) 19253 ! txn_stock_level (tpcc.cc:3398):     ERROR warehouse_id:1, cid:44775, maxbytes:2
20251110-03:35.34-785861(us) 19253 ! txn_stock_level (tpcc.cc:3398):     ERROR warehouse_id:1, cid:44775, maxbytes:2
20251110-03:35.34-785926(us) 19253 ! txn_stock_level (tpcc.cc:3398):     ERROR warehouse_id:1, cid:44775, maxbytes:2
20251110-03:35.34-786038(us) 19253 ! txn_stock_level (tpcc.cc:3398):     ERROR warehouse_id:1, cid:44775, maxbytes:2
20251110-03:35.34-786147(us) 19253 ! txn_stock_level (tpcc.cc:3398):     ERROR warehouse_id:1, cid:44775, maxbytes:2
20251110-03:35.34-787312(us) 19253 ! txn_stock_level (tpcc.cc:3398):     ERROR warehouse_id:1, cid:44775, maxbytes:2
20251110-03:35.34-787359(us) 19253 ! txn_stock_level (tpcc.cc:3398):     ERROR warehouse_id:1, cid:44775, maxbytes:2
20251110-03:35.34-787653(us) 19253 ! txn_stock_level (tpcc.cc:3398):     ERROR warehouse_id:1, cid:44775, maxbytes:2
20251110-03:35.34-787686(us) 19253 ! txn_stock_level (tpcc.cc:3398):     ERROR warehouse_id:1, cid:44775, maxbytes:2
20251110-03:35.34-787745(us) 19253 ! txn_stock_level (tpcc.cc:3398):     ERROR warehouse_id:1, cid:44775, maxbytes:2
20251110-03:35.34-787967(us) 19253 ! txn_stock_level (tpcc.cc:3398):     ERROR warehouse_id:1, cid:44775, maxbytes:2
20251110-03:35.34-788972(us) 19253 ! txn_stock_level (tpcc.cc:3398):     ERROR warehouse_id:1, cid:44775, maxbytes:2
20251110-03:35.34-789102(us) 19253 ! txn_stock_level (tpcc.cc:3398):     ERROR warehouse_id:1, cid:44775, maxbytes:2
20251110-03:35.34-789988(us) 19253 ! txn_stock_level (tpcc.cc:3398):     ERROR warehouse_id:1, cid:44775, maxbytes:2
20251110-03:35.34-790132(us) 19253 ! txn_stock_level (tpcc.cc:3398):     ERROR warehouse_id:1, cid:44775, maxbytes:2
20251110-03:35.34-790191(us) 19253 ! txn_stock_level (tpcc.cc:3398):     ERROR warehouse_id:1, cid:44775, maxbytes:2
20251110-03:35.34-790244(us) 19253 ! txn_stock_level (tpcc.cc:3398):     ERROR warehouse_id:1, cid:44775, maxbytes:2
20251110-03:35.34-791959(us) 19253 ! txn_stock_level (tpcc.cc:3398):     ERROR warehouse_id:1, cid:44775, maxbytes:2
20251110-03:35.34-792201(us) 19253 ! txn_stock_level (tpcc.cc:3398):     ERROR warehouse_id:1, cid:44775, maxbytes:2
20251110-03:35.34-792214(us) 19253 ! txn_stock_level (tpcc.cc:3398):     ERROR warehouse_id:1, cid:44775, maxbytes:2
20251110-03:35.34-804776(us) 19253 ! txn_stock_level (tpcc.cc:3398):     ERROR warehouse_id:1, cid:77539, maxbytes:2
20251110-03:35.34-804838(us) 19253 ! txn_stock_level (tpcc.cc:3398):     ERROR warehouse_id:1, cid:77539, maxbytes:2
20251110-03:35.34-805806(us) 19253 ! txn_stock_level (tpcc.cc:3398):     ERROR warehouse_id:1, cid:77539, maxbytes:2
20251110-03:35.34-939474(us) 19253 ! txn_stock_level (tpcc.cc:3398):     ERROR warehouse_id:2, cid:32221, maxbytes:2
20251110-03:35.34-939543(us) 19253 ! txn_stock_level (tpcc.cc:3398):     ERROR warehouse_id:2, cid:32221, maxbytes:2
20251110-03:35.34-939577(us) 19253 ! txn_stock_level (tpcc.cc:3398):     ERROR warehouse_id:2, cid:32221, maxbytes:2
20251110-03:35.34-939645(us) 19253 ! txn_stock_level (tpcc.cc:3398):     ERROR warehouse_id:2, cid:32221, maxbytes:2
20251110-03:35.34-940472(us) 19253 ! txn_stock_level (tpcc.cc:3398):     ERROR warehouse_id:2, cid:32221, maxbytes:2
20251110-03:35.34-941453(us) 19253 ! txn_stock_level (tpcc.cc:3398):     ERROR warehouse_id:2, cid:32221, maxbytes:2
20251110-03:35.34-942464(us) 19253 ! txn_stock_level (tpcc.cc:3398):     ERROR warehouse_id:2, cid:32221, maxbytes:2
20251110-03:35.34-942503(us) 19253 ! txn_stock_level (tpcc.cc:3398):     ERROR warehouse_id:2, cid:32221, maxbytes:2
20251110-03:35.34-942612(us) 19253 ! txn_stock_level (tpcc.cc:3398):     ERROR warehouse_id:2, cid:32221, maxbytes:2
20251110-03:35.34-943683(us) 19253 ! txn_stock_level (tpcc.cc:3398):     ERROR warehouse_id:2, cid:32221, maxbytes:2
20251110-03:35.34-943749(us) 19253 ! txn_stock_level (tpcc.cc:3398):     ERROR warehouse_id:2, cid:32221, maxbytes:2
20251110-03:35.34-944045(us) 19253 ! txn_stock_level (tpcc.cc:3398):     ERROR warehouse_id:2, cid:32221, maxbytes:2
20251110-03:35.34-971545(us) 19253 ! txn_stock_level (tpcc.cc:3398):     ERROR warehouse_id:2, cid:81607, maxbytes:2
20251110-03:35.34-971657(us) 19253 ! txn_stock_level (tpcc.cc:3398):     ERROR warehouse_id:2, cid:81607, maxbytes:2
20251110-03:35.34-971798(us) 19253 ! txn_stock_level (tpcc.cc:3398):     ERROR warehouse_id:2, cid:81607, maxbytes:2
20251110-03:35.34-971844(us) 19253 ! txn_stock_level (tpcc.cc:3398):     ERROR warehouse_id:2, cid:81607, maxbytes:2
20251110-03:35.34-972094(us) 19253 ! txn_stock_level (tpcc.cc:3398):     ERROR warehouse_id:2, cid:81607, maxbytes:2
20251110-03:35.34-972846(us) 19253 ! txn_stock_level (tpcc.cc:3398):     ERROR warehouse_id:2, cid:81607, maxbytes:2
20251110-03:35.34-972885(us) 19253 ! txn_stock_level (tpcc.cc:3398):     ERROR warehouse_id:2, cid:81607, maxbytes:2
20251110-03:35.34-972948(us) 19253 ! txn_stock_level (tpcc.cc:3398):     ERROR warehouse_id:2, cid:81607, maxbytes:2
20251110-03:35.34-973943(us) 19253 ! txn_stock_level (tpcc.cc:3398):     ERROR warehouse_id:2, cid:81607, maxbytes:2
20251110-03:35.34-974969(us) 19253 ! txn_stock_level (tpcc.cc:3398):     ERROR warehouse_id:2, cid:81607, maxbytes:2
20251110-03:35.34-975104(us) 19253 ! txn_stock_level (tpcc.cc:3398):     ERROR warehouse_id:2, cid:81607, maxbytes:2
20251110-03:35.34-975123(us) 19253 ! txn_stock_level (tpcc.cc:3398):     ERROR warehouse_id:2, cid:81607, maxbytes:2
20251110-03:35.35-45043(us) 19253 ! txn_stock_level (tpcc.cc:3398):     ERROR warehouse_id:1, cid:6215, maxbytes:2
20251110-03:35.35-45146(us) 19253 ! txn_stock_level (tpcc.cc:3398):     ERROR warehouse_id:1, cid:6215, maxbytes:2
20251110-03:35.35-46329(us) 19253 ! txn_stock_level (tpcc.cc:3398):     ERROR warehouse_id:1, cid:6215, maxbytes:2
20251110-03:35.35-47378(us) 19253 ! txn_stock_level (tpcc.cc:3398):     ERROR warehouse_id:1, cid:6215, maxbytes:2
20251110-03:35.35-48739(us) 19253 ! txn_stock_level (tpcc.cc:3398):     ERROR warehouse_id:1, cid:6215, maxbytes:2
20251110-03:35.35-48843(us) 19253 ! txn_stock_level (tpcc.cc:3398):     ERROR warehouse_id:1, cid:6215, maxbytes:2
20251110-03:35.35-49199(us) 19253 ! txn_stock_level (tpcc.cc:3398):     ERROR warehouse_id:1, cid:6215, maxbytes:2
20251110-03:35.35-49283(us) 19253 ! txn_stock_level (tpcc.cc:3398):     ERROR warehouse_id:1, cid:6215, maxbytes:2
20251110-03:35.35-49309(us) 19253 ! txn_stock_level (tpcc.cc:3398):     ERROR warehouse_id:1, cid:6215, maxbytes:2
20251110-03:35.35-49334(us) 19253 ! txn_stock_level (tpcc.cc:3398):     ERROR warehouse_id:1, cid:6215, maxbytes:2
20251110-03:35.35-50435(us) 19253 ! txn_stock_level (tpcc.cc:3398):     ERROR warehouse_id:1, cid:6215, maxbytes:2
20251110-03:35.35-51436(us) 19253 ! txn_stock_level (tpcc.cc:3398):     ERROR warehouse_id:1, cid:6215, maxbytes:2
20251110-03:35.35-51701(us) 19253 ! txn_stock_level (tpcc.cc:3398):     ERROR warehouse_id:1, cid:6215, maxbytes:2
20251110-03:35.35-51722(us) 19253 ! txn_stock_level (tpcc.cc:3398):     ERROR warehouse_id:1, cid:6215, maxbytes:2
20251110-03:35.35-51776(us) 19253 ! txn_stock_level (tpcc.cc:3398):     ERROR warehouse_id:1, cid:6215, maxbytes:2
20251110-03:35.35-54050(us) 19253 ! txn_stock_level (tpcc.cc:3398):     ERROR warehouse_id:1, cid:6215, maxbytes:2
20251110-03:35.35-54109(us) 19253 ! txn_stock_level (tpcc.cc:3398):     ERROR warehouse_id:1, cid:6215, maxbytes:2
20251110-03:35.35-54305(us) 19253 ! txn_stock_level (tpcc.cc:3398):     ERROR warehouse_id:1, cid:6215, maxbytes:2
20251110-03:35.35-54438(us) 19253 ! txn_stock_level (tpcc.cc:3398):     ERROR warehouse_id:1, cid:6215, maxbytes:2
20251110-03:35.35-54468(us) 19253 ! txn_stock_level (tpcc.cc:3398):     ERROR warehouse_id:1, cid:6215, maxbytes:2
20251110-03:35.35-54517(us) 19253 ! txn_stock_level (tpcc.cc:3398):     ERROR warehouse_id:1, cid:6215, maxbytes:2
20251110-03:35.35-54600(us) 19253 ! txn_stock_level (tpcc.cc:3398):     ERROR warehouse_id:1, cid:6215, maxbytes:2
20251110-03:35.35-56954(us) 19253 ! txn_stock_level (tpcc.cc:3398):     ERROR warehouse_id:1, cid:6215, maxbytes:2
20251110-03:35.35-60142(us) 19253 ! txn_stock_level (tpcc.cc:3398):     ERROR warehouse_id:1, cid:6215, maxbytes:2
20251110-03:35.35-61045(us) 19253 ! txn_stock_level (tpcc.cc:3398):     ERROR warehouse_id:1, cid:6215, maxbytes:2
20251110-03:35.35-62135(us) 19253 ! txn_stock_level (tpcc.cc:3398):     ERROR warehouse_id:1, cid:6215, maxbytes:2
20251110-03:35.35-62199(us) 19253 ! txn_stock_level (tpcc.cc:3398):     ERROR warehouse_id:1, cid:6215, maxbytes:2
20251110-03:35.35-63111(us) 19253 ! txn_stock_level (tpcc.cc:3398):     ERROR warehouse_id:1, cid:6215, maxbytes:2
20251110-03:35.35-63252(us) 19253 ! txn_stock_level (tpcc.cc:3398):     ERROR warehouse_id:1, cid:6215, maxbytes:2
20251110-03:35.35-63275(us) 19253 ! txn_stock_level (tpcc.cc:3398):     ERROR warehouse_id:1, cid:6215, maxbytes:2
20251110-03:35.35-64503(us) 19253 ! txn_stock_level (tpcc.cc:3398):     ERROR warehouse_id:1, cid:6215, maxbytes:2
20251110-03:35.35-132662(us) 19253 ! txn_stock_level (tpcc.cc:3398):     ERROR warehouse_id:1, cid:60641, maxbytes:2
20251110-03:35.35-133843(us) 19253 ! txn_stock_level (tpcc.cc:3398):     ERROR warehouse_id:1, cid:60641, maxbytes:2
20251110-03:35.35-133969(us) 19253 ! txn_stock_level (tpcc.cc:3398):     ERROR warehouse_id:1, cid:60641, maxbytes:2
20251110-03:35.35-134148(us) 19253 ! txn_stock_level (tpcc.cc:3398):     ERROR warehouse_id:1, cid:60641, maxbytes:2
20251110-03:35.35-135198(us) 19253 ! txn_stock_level (tpcc.cc:3398):     ERROR warehouse_id:1, cid:60641, maxbytes:2
20251110-03:35.35-135274(us) 19253 ! txn_stock_level (tpcc.cc:3398):     ERROR warehouse_id:1, cid:60641, maxbytes:2
20251110-03:35.35-135344(us) 19253 ! txn_stock_level (tpcc.cc:3398):     ERROR warehouse_id:1, cid:60641, maxbytes:2
20251110-03:35.35-137962(us) 19253 ! txn_stock_level (tpcc.cc:3398):     ERROR warehouse_id:1, cid:60641, maxbytes:2
20251110-03:35.35-137994(us) 19253 ! txn_stock_level (tpcc.cc:3398):     ERROR warehouse_id:1, cid:60641, maxbytes:2
20251110-03:35.35-166602(us) 19253 ! run             (bench.cc:473):     runtime time left:21000 ms, bool:1
20251110-03:35.35-192563(us) 19253 ! txn_stock_level (tpcc.cc:3398):     ERROR warehouse_id:2, cid:32479, maxbytes:2
20251110-03:35.35-194796(us) 19253 ! txn_stock_level (tpcc.cc:3398):     ERROR warehouse_id:2, cid:32479, maxbytes:2
20251110-03:35.35-197456(us) 19253 ! txn_stock_level (tpcc.cc:3398):     ERROR warehouse_id:2, cid:32479, maxbytes:2
20251110-03:35.35-197577(us) 19253 ! txn_stock_level (tpcc.cc:3398):     ERROR warehouse_id:2, cid:32479, maxbytes:2
20251110-03:35.35-198616(us) 19253 ! txn_stock_level (tpcc.cc:3398):     ERROR warehouse_id:2, cid:32479, maxbytes:2
20251110-03:35.35-198644(us) 19253 ! txn_stock_level (tpcc.cc:3398):     ERROR warehouse_id:2, cid:32479, maxbytes:2
20251110-03:35.35-199054(us) 19253 ! txn_stock_level (tpcc.cc:3398):     ERROR warehouse_id:2, cid:32479, maxbytes:2
20251110-03:35.35-199076(us) 19253 ! txn_stock_level (tpcc.cc:3398):     ERROR warehouse_id:2, cid:32479, maxbytes:2
20251110-03:35.35-199153(us) 19253 ! txn_stock_level (tpcc.cc:3398):     ERROR warehouse_id:2, cid:32479, maxbytes:2
20251110-03:35.35-388121(us) 19253 ! txn_stock_level (tpcc.cc:3398):     ERROR warehouse_id:2, cid:52934, maxbytes:2
20251110-03:35.35-388153(us) 19253 ! txn_stock_level (tpcc.cc:3398):     ERROR warehouse_id:2, cid:52934, maxbytes:2
20251110-03:35.35-389309(us) 19253 ! txn_stock_level (tpcc.cc:3398):     ERROR warehouse_id:2, cid:52934, maxbytes:2
20251110-03:35.35-389656(us) 19253 ! txn_stock_level (tpcc.cc:3398):     ERROR warehouse_id:2, cid:52934, maxbytes:2
20251110-03:35.35-389725(us) 19253 ! txn_stock_level (tpcc.cc:3398):     ERROR warehouse_id:2, cid:52934, maxbytes:2
20251110-03:35.35-389850(us) 19253 ! txn_stock_level (tpcc.cc:3398):     ERROR warehouse_id:2, cid:52934, maxbytes:2
20251110-03:35.35-389871(us) 19253 ! txn_stock_level (tpcc.cc:3398):     ERROR warehouse_id:2, cid:52934, maxbytes:2
20251110-03:35.35-389948(us) 19253 ! txn_stock_level (tpcc.cc:3398):     ERROR warehouse_id:2, cid:52934, maxbytes:2
20251110-03:35.35-390079(us) 19253 ! txn_stock_level (tpcc.cc:3398):     ERROR warehouse_id:2, cid:52934, maxbytes:2
20251110-03:35.35-390305(us) 19253 ! txn_stock_level (tpcc.cc:3398):     ERROR warehouse_id:2, cid:52934, maxbytes:2
20251110-03:35.35-390320(us) 19253 ! txn_stock_level (tpcc.cc:3398):     ERROR warehouse_id:2, cid:52934, maxbytes:2
20251110-03:35.35-392170(us) 19253 ! txn_stock_level (tpcc.cc:3398):     ERROR warehouse_id:2, cid:52934, maxbytes:2
20251110-03:35.35-394517(us) 19253 ! txn_stock_level (tpcc.cc:3398):     ERROR warehouse_id:2, cid:48871, maxbytes:2
20251110-03:35.35-394566(us) 19253 ! txn_stock_level (tpcc.cc:3398):     ERROR warehouse_id:2, cid:48871, maxbytes:2
20251110-03:35.35-394755(us) 19253 ! txn_stock_level (tpcc.cc:3398):     ERROR warehouse_id:2, cid:48871, maxbytes:2
20251110-03:35.35-394775(us) 19253 ! txn_stock_level (tpcc.cc:3398):     ERROR warehouse_id:2, cid:48871, maxbytes:2
20251110-03:35.35-395631(us) 19253 ! txn_stock_level (tpcc.cc:3398):     ERROR warehouse_id:2, cid:48871, maxbytes:2
20251110-03:35.35-395660(us) 19253 ! txn_stock_level (tpcc.cc:3398):     ERROR warehouse_id:2, cid:48871, maxbytes:2
20251110-03:35.35-396183(us) 19253 ! txn_stock_level (tpcc.cc:3398):     ERROR warehouse_id:2, cid:48871, maxbytes:2
20251110-03:35.35-396297(us) 19253 ! txn_stock_level (tpcc.cc:3398):     ERROR warehouse_id:2, cid:48871, maxbytes:2
20251110-03:35.35-396439(us) 19253 ! txn_stock_level (tpcc.cc:3398):     ERROR warehouse_id:2, cid:48871, maxbytes:2
20251110-03:35.35-396464(us) 19253 ! txn_stock_level (tpcc.cc:3398):     ERROR warehouse_id:2, cid:48871, maxbytes:2
20251110-03:35.35-396548(us) 19253 ! txn_stock_level (tpcc.cc:3398):     ERROR warehouse_id:2, cid:48871, maxbytes:2
20251110-03:35.35-396685(us) 19253 ! txn_stock_level (tpcc.cc:3398):     ERROR warehouse_id:2, cid:48871, maxbytes:2
20251110-03:35.35-396792(us) 19253 ! txn_stock_level (tpcc.cc:3398):     ERROR warehouse_id:2, cid:48871, maxbytes:2
20251110-03:35.35-396855(us) 19253 ! txn_stock_level (tpcc.cc:3398):     ERROR warehouse_id:2, cid:48871, maxbytes:2
20251110-03:35.35-396961(us) 19253 ! txn_stock_level (tpcc.cc:3398):     ERROR warehouse_id:2, cid:48871, maxbytes:2
20251110-03:35.35-397008(us) 19253 ! txn_stock_level (tpcc.cc:3398):     ERROR warehouse_id:2, cid:48871, maxbytes:2
20251110-03:35.35-397024(us) 19253 ! txn_stock_level (tpcc.cc:3398):     ERROR warehouse_id:2, cid:48871, maxbytes:2
20251110-03:35.35-397158(us) 19253 ! txn_stock_level (tpcc.cc:3398):     ERROR warehouse_id:2, cid:48871, maxbytes:2
20251110-03:35.35-397259(us) 19253 ! txn_stock_level (tpcc.cc:3398):     ERROR warehouse_id:2, cid:48871, maxbytes:2
20251110-03:35.35-398335(us) 19253 ! txn_stock_level (tpcc.cc:3398):     ERROR warehouse_id:2, cid:48871, maxbytes:2
20251110-03:35.35-398709(us) 19253 ! txn_stock_level (tpcc.cc:3398):     ERROR warehouse_id:2, cid:48871, maxbytes:2
20251110-03:35.35-398974(us) 19253 ! txn_stock_level (tpcc.cc:3398):     ERROR warehouse_id:2, cid:97991, maxbytes:2
20251110-03:35.35-399091(us) 19253 ! txn_stock_level (tpcc.cc:3398):     ERROR warehouse_id:2, cid:97991, maxbytes:2
20251110-03:35.35-400379(us) 19253 ! txn_stock_level (tpcc.cc:3398):     ERROR warehouse_id:2, cid:97991, maxbytes:2
20251110-03:35.35-403239(us) 19253 ! txn_stock_level (tpcc.cc:3398):     ERROR warehouse_id:2, cid:97991, maxbytes:2
20251110-03:35.35-403296(us) 19253 ! txn_stock_level (tpcc.cc:3398):     ERROR warehouse_id:2, cid:97991, maxbytes:2
20251110-03:35.35-404235(us) 19253 ! txn_stock_level (tpcc.cc:3398):     ERROR warehouse_id:2, cid:97991, maxbytes:2
20251110-03:35.35-405800(us) 19253 ! txn_stock_level (tpcc.cc:3398):     ERROR warehouse_id:2, cid:97991, maxbytes:2
20251110-03:35.35-406876(us) 19253 ! txn_stock_level (tpcc.cc:3398):     ERROR warehouse_id:2, cid:97991, maxbytes:2
20251110-03:35.35-443765(us) 19253 ! txn_stock_level (tpcc.cc:3398):     ERROR warehouse_id:1, cid:6199, maxbytes:2
20251110-03:35.35-443815(us) 19253 ! txn_stock_level (tpcc.cc:3398):     ERROR warehouse_id:1, cid:6199, maxbytes:2
20251110-03:35.35-444185(us) 19253 ! txn_stock_level (tpcc.cc:3398):     ERROR warehouse_id:1, cid:6199, maxbytes:2
20251110-03:35.35-444237(us) 19253 ! txn_stock_level (tpcc.cc:3398):     ERROR warehouse_id:1, cid:6199, maxbytes:2
20251110-03:35.35-530567(us) 19253 ! txn_stock_level (tpcc.cc:3398):     ERROR warehouse_id:2, cid:36519, maxbytes:2
20251110-03:35.35-530624(us) 19253 ! txn_stock_level (tpcc.cc:3398):     ERROR warehouse_id:2, cid:36519, maxbytes:2
20251110-03:35.35-531759(us) 19253 ! txn_stock_level (tpcc.cc:3398):     ERROR warehouse_id:2, cid:36519, maxbytes:2
20251110-03:35.35-531858(us) 19253 ! txn_stock_level (tpcc.cc:3398):     ERROR warehouse_id:2, cid:36519, maxbytes:2
20251110-03:35.35-533238(us) 19253 ! txn_stock_level (tpcc.cc:3398):     ERROR warehouse_id:2, cid:36519, maxbytes:2
20251110-03:35.35-533367(us) 19253 ! txn_stock_level (tpcc.cc:3398):     ERROR warehouse_id:2, cid:36519, maxbytes:2
20251110-03:35.35-534425(us) 19253 ! txn_stock_level (tpcc.cc:3398):     ERROR warehouse_id:2, cid:36519, maxbytes:2
20251110-03:35.35-534472(us) 19253 ! txn_stock_level (tpcc.cc:3398):     ERROR warehouse_id:2, cid:36519, maxbytes:2
20251110-03:35.35-535727(us) 19253 ! txn_stock_level (tpcc.cc:3398):     ERROR warehouse_id:2, cid:36519, maxbytes:2
20251110-03:35.35-654440(us) 19253 ! txn_stock_level (tpcc.cc:3398):     ERROR warehouse_id:1, cid:38631, maxbytes:2
20251110-03:35.35-657126(us) 19253 ! txn_stock_level (tpcc.cc:3398):     ERROR warehouse_id:1, cid:38631, maxbytes:2
20251110-03:35.35-657159(us) 19253 ! txn_stock_level (tpcc.cc:3398):     ERROR warehouse_id:1, cid:38631, maxbytes:2
20251110-03:35.35-657388(us) 19253 ! txn_stock_level (tpcc.cc:3398):     ERROR warehouse_id:1, cid:38631, maxbytes:2
20251110-03:35.35-657408(us) 19253 ! txn_stock_level (tpcc.cc:3398):     ERROR warehouse_id:1, cid:38631, maxbytes:2
20251110-03:35.35-657500(us) 19253 ! txn_stock_level (tpcc.cc:3398):     ERROR warehouse_id:1, cid:38631, maxbytes:2
20251110-03:35.35-657785(us) 19253 ! txn_stock_level (tpcc.cc:3398):     ERROR warehouse_id:1, cid:38631, maxbytes:2
20251110-03:35.35-657911(us) 19253 ! txn_stock_level (tpcc.cc:3398):     ERROR warehouse_id:1, cid:38631, maxbytes:2
20251110-03:35.35-659153(us) 19253 ! txn_stock_level (tpcc.cc:3398):     ERROR warehouse_id:1, cid:38631, maxbytes:2
20251110-03:35.35-849122(us) 19253 ! txn_stock_level (tpcc.cc:3398):     ERROR warehouse_id:2, cid:98023, maxbytes:2
20251110-03:35.35-849247(us) 19253 ! txn_stock_level (tpcc.cc:3398):     ERROR warehouse_id:2, cid:98023, maxbytes:2
20251110-03:35.36-172183(us) 19253 ! run             (bench.cc:473):     runtime time left:20000 ms, bool:1
20251110-03:35.36-268647(us) 19253 ! txn_stock_level (tpcc.cc:3398):     ERROR warehouse_id:1, cid:65247, maxbytes:2
20251110-03:35.36-269502(us) 19253 ! txn_stock_level (tpcc.cc:3398):     ERROR warehouse_id:1, cid:65247, maxbytes:2
20251110-03:35.36-270490(us) 19253 ! txn_stock_level (tpcc.cc:3398):     ERROR warehouse_id:1, cid:65247, maxbytes:2
20251110-03:35.36-270603(us) 19253 ! txn_stock_level (tpcc.cc:3398):     ERROR warehouse_id:1, cid:65247, maxbytes:2
20251110-03:35.36-270668(us) 19253 ! txn_stock_level (tpcc.cc:3398):     ERROR warehouse_id:1, cid:65247, maxbytes:2
20251110-03:35.36-271750(us) 19253 ! txn_stock_level (tpcc.cc:3398):     ERROR warehouse_id:1, cid:65247, maxbytes:2
20251110-03:35.36-271886(us) 19253 ! txn_stock_level (tpcc.cc:3398):     ERROR warehouse_id:1, cid:65247, maxbytes:2
20251110-03:35.36-271927(us) 19253 ! txn_stock_level (tpcc.cc:3398):     ERROR warehouse_id:1, cid:65247, maxbytes:2
20251110-03:35.36-272082(us) 19253 ! txn_stock_level (tpcc.cc:3398):     ERROR warehouse_id:1, cid:65247, maxbytes:2
20251110-03:35.36-272127(us) 19253 ! txn_stock_level (tpcc.cc:3398):     ERROR warehouse_id:1, cid:65247, maxbytes:2
20251110-03:35.36-272551(us) 19253 ! txn_stock_level (tpcc.cc:3398):     ERROR warehouse_id:1, cid:65247, maxbytes:2
20251110-03:35.36-272594(us) 19253 ! txn_stock_level (tpcc.cc:3398):     ERROR warehouse_id:1, cid:65247, maxbytes:2
20251110-03:35.36-272798(us) 19253 ! txn_stock_level (tpcc.cc:3398):     ERROR warehouse_id:1, cid:65247, maxbytes:2
20251110-03:35.36-272843(us) 19253 ! txn_stock_level (tpcc.cc:3398):     ERROR warehouse_id:1, cid:65247, maxbytes:2
20251110-03:35.36-273020(us) 19253 ! txn_stock_level (tpcc.cc:3398):     ERROR warehouse_id:1, cid:65247, maxbytes:2
20251110-03:35.36-273032(us) 19253 ! txn_stock_level (tpcc.cc:3398):     ERROR warehouse_id:1, cid:65247, maxbytes:2
20251110-03:35.36-273223(us) 19253 ! txn_stock_level (tpcc.cc:3398):     ERROR warehouse_id:1, cid:65247, maxbytes:2
20251110-03:35.36-652522(us) 19253 ! txn_stock_level (tpcc.cc:3398):     ERROR warehouse_id:1, cid:71398, maxbytes:2
20251110-03:35.36-652610(us) 19253 ! txn_stock_level (tpcc.cc:3398):     ERROR warehouse_id:1, cid:71398, maxbytes:2
20251110-03:35.36-653697(us) 19253 ! txn_stock_level (tpcc.cc:3398):     ERROR warehouse_id:1, cid:71398, maxbytes:2
20251110-03:35.36-653741(us) 19253 ! txn_stock_level (tpcc.cc:3398):     ERROR warehouse_id:1, cid:71398, maxbytes:2
20251110-03:35.36-653751(us) 19253 ! txn_stock_level (tpcc.cc:3398):     ERROR warehouse_id:1, cid:71398, maxbytes:2
20251110-03:35.36-654810(us) 19253 ! txn_stock_level (tpcc.cc:3398):     ERROR warehouse_id:1, cid:71398, maxbytes:2
20251110-03:35.36-657569(us) 19253 ! txn_stock_level (tpcc.cc:3398):     ERROR warehouse_id:1, cid:71398, maxbytes:2
20251110-03:35.36-658519(us) 19253 ! txn_stock_level (tpcc.cc:3398):     ERROR warehouse_id:1, cid:71398, maxbytes:2
20251110-03:35.36-658652(us) 19253 ! txn_stock_level (tpcc.cc:3398):     ERROR warehouse_id:1, cid:71398, maxbytes:2
20251110-03:35.36-658793(us) 19253 ! txn_stock_level (tpcc.cc:3398):     ERROR warehouse_id:1, cid:71398, maxbytes:2
20251110-03:35.36-658985(us) 19253 ! txn_stock_level (tpcc.cc:3398):     ERROR warehouse_id:1, cid:71398, maxbytes:2
20251110-03:35.36-659151(us) 19253 ! txn_stock_level (tpcc.cc:3398):     ERROR warehouse_id:1, cid:71398, maxbytes:2
20251110-03:35.36-659212(us) 19253 ! txn_stock_level (tpcc.cc:3398):     ERROR warehouse_id:1, cid:71398, maxbytes:2
20251110-03:35.36-660095(us) 19253 ! txn_stock_level (tpcc.cc:3398):     ERROR warehouse_id:1, cid:71398, maxbytes:2
20251110-03:35.36-660252(us) 19253 ! txn_stock_level (tpcc.cc:3398):     ERROR warehouse_id:1, cid:71398, maxbytes:2
20251110-03:35.36-660649(us) 19253 ! txn_stock_level (tpcc.cc:3398):     ERROR warehouse_id:1, cid:71398, maxbytes:2
20251110-03:35.36-660726(us) 19253 ! txn_stock_level (tpcc.cc:3398):     ERROR warehouse_id:1, cid:71398, maxbytes:2
20251110-03:35.36-660795(us) 19253 ! txn_stock_level (tpcc.cc:3398):     ERROR warehouse_id:1, cid:71398, maxbytes:2
20251110-03:35.36-662682(us) 19253 ! txn_stock_level (tpcc.cc:3398):     ERROR warehouse_id:1, cid:71398, maxbytes:2
20251110-03:35.36-662710(us) 19253 ! txn_stock_level (tpcc.cc:3398):     ERROR warehouse_id:1, cid:71398, maxbytes:2
20251110-03:35.36-662769(us) 19253 ! txn_stock_level (tpcc.cc:3398):     ERROR warehouse_id:1, cid:71398, maxbytes:2
20251110-03:35.36-704448(us) 19253 ! txn_stock_level (tpcc.cc:3398):     ERROR warehouse_id:1, cid:69351, maxbytes:2
20251110-03:35.36-704539(us) 19253 ! txn_stock_level (tpcc.cc:3398):     ERROR warehouse_id:1, cid:69351, maxbytes:2
20251110-03:35.36-704565(us) 19253 ! txn_stock_level (tpcc.cc:3398):     ERROR warehouse_id:1, cid:69351, maxbytes:2
20251110-03:35.36-704599(us) 19253 ! txn_stock_level (tpcc.cc:3398):     ERROR warehouse_id:1, cid:69351, maxbytes:2
20251110-03:35.36-704657(us) 19253 ! txn_stock_level (tpcc.cc:3398):     ERROR warehouse_id:1, cid:69351, maxbytes:2
20251110-03:35.36-704699(us) 19253 ! txn_stock_level (tpcc.cc:3398):     ERROR warehouse_id:1, cid:69351, maxbytes:2
20251110-03:35.36-725883(us) 19253 ! txn_stock_level (tpcc.cc:3398):     ERROR warehouse_id:1, cid:81634, maxbytes:2
20251110-03:35.36-727828(us) 19253 ! txn_stock_level (tpcc.cc:3398):     ERROR warehouse_id:1, cid:81634, maxbytes:2
20251110-03:35.36-727905(us) 19253 ! txn_stock_level (tpcc.cc:3398):     ERROR warehouse_id:1, cid:81634, maxbytes:2
20251110-03:35.36-728028(us) 19253 ! txn_stock_level (tpcc.cc:3398):     ERROR warehouse_id:1, cid:81634, maxbytes:2
20251110-03:35.36-728454(us) 19253 ! txn_stock_level (tpcc.cc:3398):     ERROR warehouse_id:1, cid:81634, maxbytes:2
20251110-03:35.36-728594(us) 19253 ! txn_stock_level (tpcc.cc:3398):     ERROR warehouse_id:1, cid:81634, maxbytes:2
20251110-03:35.36-728667(us) 19253 ! txn_stock_level (tpcc.cc:3398):     ERROR warehouse_id:1, cid:81634, maxbytes:2
20251110-03:35.36-729971(us) 19253 ! txn_stock_level (tpcc.cc:3398):     ERROR warehouse_id:1, cid:81634, maxbytes:2
20251110-03:35.36-730064(us) 19253 ! txn_stock_level (tpcc.cc:3398):     ERROR warehouse_id:1, cid:81634, maxbytes:2
20251110-03:35.36-747899(us) 19253 ! txn_stock_level (tpcc.cc:3398):     ERROR warehouse_id:1, cid:80607, maxbytes:2
20251110-03:35.36-747968(us) 19253 ! txn_stock_level (tpcc.cc:3398):     ERROR warehouse_id:1, cid:80607, maxbytes:2
20251110-03:35.36-749164(us) 19253 ! txn_stock_level (tpcc.cc:3398):     ERROR warehouse_id:1, cid:80607, maxbytes:2
20251110-03:35.36-749276(us) 19253 ! txn_stock_level (tpcc.cc:3398):     ERROR warehouse_id:1, cid:80607, maxbytes:2
20251110-03:35.36-749381(us) 19253 ! txn_stock_level (tpcc.cc:3398):     ERROR warehouse_id:1, cid:80607, maxbytes:2
20251110-03:35.36-750692(us) 19253 ! txn_stock_level (tpcc.cc:3398):     ERROR warehouse_id:1, cid:32295, maxbytes:2
20251110-03:35.36-751844(us) 19253 ! txn_stock_level (tpcc.cc:3398):     ERROR warehouse_id:1, cid:32295, maxbytes:2
20251110-03:35.36-751951(us) 19253 ! txn_stock_level (tpcc.cc:3398):     ERROR warehouse_id:1, cid:32295, maxbytes:2
20251110-03:35.36-751968(us) 19253 ! txn_stock_level (tpcc.cc:3398):     ERROR warehouse_id:1, cid:80607, maxbytes:2
20251110-03:35.36-752030(us) 19253 ! txn_stock_level (tpcc.cc:3398):     ERROR warehouse_id:1, cid:80607, maxbytes:2
20251110-03:35.36-753169(us) 19253 ! txn_stock_level (tpcc.cc:3398):     ERROR warehouse_id:1, cid:80607, maxbytes:2
20251110-03:35.36-753217(us) 19253 ! txn_stock_level (tpcc.cc:3398):     ERROR warehouse_id:1, cid:32295, maxbytes:2
20251110-03:35.36-753435(us) 19253 ! txn_stock_level (tpcc.cc:3398):     ERROR warehouse_id:1, cid:80607, maxbytes:2
20251110-03:35.36-753484(us) 19253 ! txn_stock_level (tpcc.cc:3398):     ERROR warehouse_id:1, cid:80607, maxbytes:2
20251110-03:35.36-753607(us) 19253 ! txn_stock_level (tpcc.cc:3398):     ERROR warehouse_id:1, cid:80607, maxbytes:2
20251110-03:35.36-753634(us) 19253 ! txn_stock_level (tpcc.cc:3398):     ERROR warehouse_id:1, cid:80607, maxbytes:2
20251110-03:35.36-753648(us) 19253 ! txn_stock_level (tpcc.cc:3398):     ERROR warehouse_id:1, cid:80607, maxbytes:2
20251110-03:35.36-753669(us) 19253 ! txn_stock_level (tpcc.cc:3398):     ERROR warehouse_id:1, cid:80607, maxbytes:2
20251110-03:35.36-754118(us) 19253 ! txn_stock_level (tpcc.cc:3398):     ERROR warehouse_id:1, cid:32487, maxbytes:2
20251110-03:35.36-754151(us) 19253 ! txn_stock_level (tpcc.cc:3398):     ERROR warehouse_id:1, cid:32487, maxbytes:2
20251110-03:35.36-754337(us) 19253 ! txn_stock_level (tpcc.cc:3398):     ERROR warehouse_id:1, cid:32487, maxbytes:2
20251110-03:35.36-754358(us) 19253 ! txn_stock_level (tpcc.cc:3398):     ERROR warehouse_id:1, cid:32487, maxbytes:2
20251110-03:35.36-755155(us) 19253 ! txn_stock_level (tpcc.cc:3398):     ERROR warehouse_id:1, cid:32487, maxbytes:2
20251110-03:35.36-755353(us) 19253 ! txn_stock_level (tpcc.cc:3398):     ERROR warehouse_id:1, cid:32487, maxbytes:2
20251110-03:35.36-755745(us) 19253 ! txn_stock_level (tpcc.cc:3398):     ERROR warehouse_id:1, cid:32487, maxbytes:2
20251110-03:35.36-755764(us) 19253 ! txn_stock_level (tpcc.cc:3398):     ERROR warehouse_id:1, cid:32487, maxbytes:2
20251110-03:35.36-756031(us) 19253 ! txn_stock_level (tpcc.cc:3398):     ERROR warehouse_id:1, cid:32487, maxbytes:2
20251110-03:35.36-756196(us) 19253 ! txn_stock_level (tpcc.cc:3398):     ERROR warehouse_id:1, cid:32487, maxbytes:2
20251110-03:35.36-756275(us) 19253 ! txn_stock_level (tpcc.cc:3398):     ERROR warehouse_id:1, cid:32487, maxbytes:2
20251110-03:35.36-894570(us) 19253 ! txn_stock_level (tpcc.cc:3398):     ERROR warehouse_id:2, cid:16103, maxbytes:2
20251110-03:35.36-894799(us) 19253 ! txn_stock_level (tpcc.cc:3398):     ERROR warehouse_id:2, cid:16103, maxbytes:2
20251110-03:35.36-894879(us) 19253 ! txn_stock_level (tpcc.cc:3398):     ERROR warehouse_id:2, cid:16103, maxbytes:2
20251110-03:35.36-902949(us) 19253 ! txn_stock_level (tpcc.cc:3398):     ERROR warehouse_id:2, cid:16103, maxbytes:2
20251110-03:35.36-903288(us) 19253 ! txn_stock_level (tpcc.cc:3398):     ERROR warehouse_id:2, cid:16103, maxbytes:2
20251110-03:35.36-904093(us) 19253 ! txn_stock_level (tpcc.cc:3398):     ERROR warehouse_id:2, cid:16103, maxbytes:2
20251110-03:35.36-904162(us) 19253 ! txn_stock_level (tpcc.cc:3398):     ERROR warehouse_id:2, cid:16103, maxbytes:2
20251110-03:35.36-904252(us) 19253 ! txn_stock_level (tpcc.cc:3398):     ERROR warehouse_id:2, cid:16103, maxbytes:2
20251110-03:35.36-905260(us) 19253 ! txn_stock_level (tpcc.cc:3398):     ERROR warehouse_id:2, cid:16103, maxbytes:2
20251110-03:35.36-905461(us) 19253 ! txn_stock_level (tpcc.cc:3398):     ERROR warehouse_id:2, cid:16103, maxbytes:2
20251110-03:35.36-905487(us) 19253 ! txn_stock_level (tpcc.cc:3398):     ERROR warehouse_id:2, cid:16103, maxbytes:2
20251110-03:35.36-907840(us) 19253 ! txn_stock_level (tpcc.cc:3398):     ERROR warehouse_id:2, cid:65255, maxbytes:2
20251110-03:35.36-908084(us) 19253 ! txn_stock_level (tpcc.cc:3398):     ERROR warehouse_id:2, cid:65255, maxbytes:2
20251110-03:35.36-909269(us) 19253 ! txn_stock_level (tpcc.cc:3398):     ERROR warehouse_id:2, cid:65255, maxbytes:2
20251110-03:35.36-910536(us) 19253 ! txn_stock_level (tpcc.cc:3398):     ERROR warehouse_id:2, cid:65255, maxbytes:2
20251110-03:35.36-910666(us) 19253 ! txn_stock_level (tpcc.cc:3398):     ERROR warehouse_id:2, cid:65255, maxbytes:2
20251110-03:35.36-910900(us) 19253 ! txn_stock_level (tpcc.cc:3398):     ERROR warehouse_id:2, cid:65255, maxbytes:2
20251110-03:35.36-910954(us) 19253 ! txn_stock_level (tpcc.cc:3398):     ERROR warehouse_id:2, cid:65255, maxbytes:2
20251110-03:35.36-911065(us) 19253 ! txn_stock_level (tpcc.cc:3398):     ERROR warehouse_id:2, cid:65255, maxbytes:2
20251110-03:35.36-911075(us) 19253 ! txn_stock_level (tpcc.cc:3398):     ERROR warehouse_id:2, cid:65255, maxbytes:2
20251110-03:35.36-911084(us) 19253 ! txn_stock_level (tpcc.cc:3398):     ERROR warehouse_id:2, cid:65255, maxbytes:2
20251110-03:35.36-912144(us) 19253 ! txn_stock_level (tpcc.cc:3398):     ERROR warehouse_id:2, cid:65255, maxbytes:2
20251110-03:35.36-912195(us) 19253 ! txn_stock_level (tpcc.cc:3398):     ERROR warehouse_id:2, cid:65255, maxbytes:2
20251110-03:35.36-912219(us) 19253 ! txn_stock_level (tpcc.cc:3398):     ERROR warehouse_id:2, cid:65255, maxbytes:2
20251110-03:35.36-913755(us) 19253 ! txn_stock_level (tpcc.cc:3398):     ERROR warehouse_id:2, cid:65255, maxbytes:2
20251110-03:35.36-927452(us) 19253 ! txn_stock_level (tpcc.cc:3398):     ERROR warehouse_id:2, cid:1607, maxbytes:2
20251110-03:35.36-928636(us) 19253 ! txn_stock_level (tpcc.cc:3398):     ERROR warehouse_id:2, cid:1607, maxbytes:2
20251110-03:35.36-929073(us) 19253 ! txn_stock_level (tpcc.cc:3398):     ERROR warehouse_id:1, cid:23687, maxbytes:2
20251110-03:35.36-929105(us) 19253 ! txn_stock_level (tpcc.cc:3398):     ERROR warehouse_id:1, cid:23687, maxbytes:2
20251110-03:35.36-929130(us) 19253 ! txn_stock_level (tpcc.cc:3398):     ERROR warehouse_id:1, cid:23687, maxbytes:2
20251110-03:35.36-929162(us) 19253 ! txn_stock_level (tpcc.cc:3398):     ERROR warehouse_id:1, cid:23687, maxbytes:2
20251110-03:35.36-929985(us) 19253 ! txn_stock_level (tpcc.cc:3398):     ERROR warehouse_id:2, cid:1607, maxbytes:2
20251110-03:35.36-931060(us) 19253 ! txn_stock_level (tpcc.cc:3398):     ERROR warehouse_id:2, cid:1607, maxbytes:2
20251110-03:35.36-931413(us) 19253 ! txn_stock_level (tpcc.cc:3398):     ERROR warehouse_id:1, cid:23687, maxbytes:2
20251110-03:35.36-931543(us) 19253 ! txn_stock_level (tpcc.cc:3398):     ERROR warehouse_id:1, cid:23687, maxbytes:2
20251110-03:35.36-931719(us) 19253 ! txn_stock_level (tpcc.cc:3398):     ERROR warehouse_id:1, cid:23687, maxbytes:2
20251110-03:35.36-931735(us) 19253 ! txn_stock_level (tpcc.cc:3398):     ERROR warehouse_id:1, cid:23687, maxbytes:2
20251110-03:35.36-931936(us) 19253 ! txn_stock_level (tpcc.cc:3398):     ERROR warehouse_id:1, cid:23687, maxbytes:2
20251110-03:35.36-932492(us) 19253 ! txn_stock_level (tpcc.cc:3398):     ERROR warehouse_id:2, cid:1607, maxbytes:2
20251110-03:35.36-932702(us) 19253 ! txn_stock_level (tpcc.cc:3398):     ERROR warehouse_id:2, cid:1607, maxbytes:2
20251110-03:35.36-932935(us) 19253 ! txn_stock_level (tpcc.cc:3398):     ERROR warehouse_id:2, cid:1607, maxbytes:2
20251110-03:35.36-932977(us) 19253 ! txn_stock_level (tpcc.cc:3398):     ERROR warehouse_id:1, cid:23687, maxbytes:2
20251110-03:35.36-933386(us) 19253 ! txn_stock_level (tpcc.cc:3398):     ERROR warehouse_id:2, cid:1607, maxbytes:2
20251110-03:35.36-933440(us) 19253 ! txn_stock_level (tpcc.cc:3398):     ERROR warehouse_id:2, cid:1607, maxbytes:2
20251110-03:35.36-934254(us) 19253 ! txn_stock_level (tpcc.cc:3398):     ERROR warehouse_id:2, cid:1607, maxbytes:2
20251110-03:35.36-981163(us) 19253 ! txn_stock_level (tpcc.cc:3398):     ERROR warehouse_id:2, cid:6183, maxbytes:2
20251110-03:35.36-983788(us) 19253 ! txn_stock_level (tpcc.cc:3398):     ERROR warehouse_id:2, cid:6183, maxbytes:2
20251110-03:35.37-3357(us) 19253 ! txn_stock_level (tpcc.cc:3398):     ERROR warehouse_id:1, cid:59095, maxbytes:2
20251110-03:35.37-3530(us) 19253 ! txn_stock_level (tpcc.cc:3398):     ERROR warehouse_id:1, cid:59095, maxbytes:2
20251110-03:35.37-5534(us) 19253 ! txn_stock_level (tpcc.cc:3398):     ERROR warehouse_id:1, cid:59095, maxbytes:2
20251110-03:35.37-6612(us) 19253 ! txn_stock_level (tpcc.cc:3398):     ERROR warehouse_id:1, cid:59095, maxbytes:2
20251110-03:35.37-6737(us) 19253 ! txn_stock_level (tpcc.cc:3398):     ERROR warehouse_id:1, cid:59095, maxbytes:2
20251110-03:35.37-7659(us) 19253 ! txn_stock_level (tpcc.cc:3398):     ERROR warehouse_id:1, cid:59095, maxbytes:2
20251110-03:35.37-20076(us) 19253 ! txn_stock_level (tpcc.cc:3398):     ERROR warehouse_id:1, cid:16039, maxbytes:2
20251110-03:35.37-23186(us) 19253 ! txn_stock_level (tpcc.cc:3398):     ERROR warehouse_id:1, cid:16039, maxbytes:2
20251110-03:35.37-24491(us) 19253 ! txn_stock_level (tpcc.cc:3398):     ERROR warehouse_id:1, cid:16039, maxbytes:2
20251110-03:35.37-24667(us) 19253 ! txn_stock_level (tpcc.cc:3398):     ERROR warehouse_id:1, cid:16039, maxbytes:2
20251110-03:35.37-24686(us) 19253 ! txn_stock_level (tpcc.cc:3398):     ERROR warehouse_id:1, cid:16039, maxbytes:2
20251110-03:35.37-24901(us) 19253 ! txn_stock_level (tpcc.cc:3398):     ERROR warehouse_id:1, cid:16039, maxbytes:2
20251110-03:35.37-24914(us) 19253 ! txn_stock_level (tpcc.cc:3398):     ERROR warehouse_id:1, cid:16039, maxbytes:2
20251110-03:35.37-24941(us) 19253 ! txn_stock_level (tpcc.cc:3398):     ERROR warehouse_id:1, cid:16039, maxbytes:2
20251110-03:35.37-25034(us) 19253 ! txn_stock_level (tpcc.cc:3398):     ERROR warehouse_id:1, cid:16039, maxbytes:2
20251110-03:35.37-25065(us) 19253 ! txn_stock_level (tpcc.cc:3398):     ERROR warehouse_id:1, cid:16039, maxbytes:2
20251110-03:35.37-25148(us) 19253 ! txn_stock_level (tpcc.cc:3398):     ERROR warehouse_id:1, cid:16039, maxbytes:2
20251110-03:35.37-30303(us) 19253 ! txn_stock_level (tpcc.cc:3398):     ERROR warehouse_id:2, cid:96487, maxbytes:2
20251110-03:35.37-30344(us) 19253 ! txn_stock_level (tpcc.cc:3398):     ERROR warehouse_id:2, cid:96487, maxbytes:2
20251110-03:35.37-30389(us) 19253 ! txn_stock_level (tpcc.cc:3398):     ERROR warehouse_id:2, cid:96487, maxbytes:2
20251110-03:35.37-30432(us) 19253 ! txn_stock_level (tpcc.cc:3398):     ERROR warehouse_id:2, cid:96487, maxbytes:2
20251110-03:35.37-30504(us) 19253 ! txn_stock_level (tpcc.cc:3398):     ERROR warehouse_id:2, cid:96487, maxbytes:2
20251110-03:35.37-30622(us) 19253 ! txn_stock_level (tpcc.cc:3398):     ERROR warehouse_id:2, cid:96487, maxbytes:2
20251110-03:35.37-30643(us) 19253 ! txn_stock_level (tpcc.cc:3398):     ERROR warehouse_id:2, cid:96487, maxbytes:2
20251110-03:35.37-42405(us) 19253 ! txn_stock_level (tpcc.cc:3398):     ERROR warehouse_id:2, cid:31971, maxbytes:2
20251110-03:35.37-42481(us) 19253 ! txn_stock_level (tpcc.cc:3398):     ERROR warehouse_id:2, cid:31971, maxbytes:2
20251110-03:35.37-42771(us) 19253 ! txn_stock_level (tpcc.cc:3398):     ERROR warehouse_id:2, cid:31971, maxbytes:2
20251110-03:35.37-42874(us) 19253 ! txn_stock_level (tpcc.cc:3398):     ERROR warehouse_id:2, cid:31971, maxbytes:2
20251110-03:35.37-42902(us) 19253 ! txn_stock_level (tpcc.cc:3398):     ERROR warehouse_id:2, cid:31971, maxbytes:2
20251110-03:35.37-43030(us) 19253 ! txn_stock_level (tpcc.cc:3398):     ERROR warehouse_id:2, cid:31971, maxbytes:2
20251110-03:35.37-43129(us) 19253 ! txn_stock_level (tpcc.cc:3398):     ERROR warehouse_id:2, cid:31971, maxbytes:2
20251110-03:35.37-44120(us) 19253 ! txn_stock_level (tpcc.cc:3398):     ERROR warehouse_id:2, cid:31971, maxbytes:2
20251110-03:35.37-45187(us) 19253 ! txn_stock_level (tpcc.cc:3398):     ERROR warehouse_id:2, cid:31971, maxbytes:2
20251110-03:35.37-45219(us) 19253 ! txn_stock_level (tpcc.cc:3398):     ERROR warehouse_id:2, cid:31971, maxbytes:2
20251110-03:35.37-45357(us) 19253 ! txn_stock_level (tpcc.cc:3398):     ERROR warehouse_id:2, cid:31971, maxbytes:2
20251110-03:35.37-45462(us) 19253 ! txn_stock_level (tpcc.cc:3398):     ERROR warehouse_id:2, cid:31971, maxbytes:2
20251110-03:35.37-45692(us) 19253 ! txn_stock_level (tpcc.cc:3398):     ERROR warehouse_id:2, cid:31971, maxbytes:2
20251110-03:35.37-46945(us) 19253 ! txn_stock_level (tpcc.cc:3398):     ERROR warehouse_id:2, cid:31971, maxbytes:2
20251110-03:35.37-47962(us) 19253 ! txn_stock_level (tpcc.cc:3398):     ERROR warehouse_id:2, cid:31971, maxbytes:2
20251110-03:35.37-48075(us) 19253 ! txn_stock_level (tpcc.cc:3398):     ERROR warehouse_id:2, cid:31971, maxbytes:2
20251110-03:35.37-49157(us) 19253 ! txn_stock_level (tpcc.cc:3398):     ERROR warehouse_id:2, cid:31971, maxbytes:2
20251110-03:35.37-49228(us) 19253 ! txn_stock_level (tpcc.cc:3398):     ERROR warehouse_id:2, cid:31971, maxbytes:2
20251110-03:35.37-49411(us) 19253 ! txn_stock_level (tpcc.cc:3398):     ERROR warehouse_id:2, cid:31971, maxbytes:2
20251110-03:35.37-52664(us) 19253 ! txn_stock_level (tpcc.cc:3398):     ERROR warehouse_id:2, cid:31971, maxbytes:2
20251110-03:35.37-52768(us) 19253 ! txn_stock_level (tpcc.cc:3398):     ERROR warehouse_id:2, cid:31971, maxbytes:2
20251110-03:35.37-53747(us) 19253 ! txn_stock_level (tpcc.cc:3398):     ERROR warehouse_id:2, cid:31971, maxbytes:2
20251110-03:35.37-54669(us) 19253 ! txn_stock_level (tpcc.cc:3398):     ERROR warehouse_id:2, cid:31971, maxbytes:2
20251110-03:35.37-54794(us) 19253 ! txn_stock_level (tpcc.cc:3398):     ERROR warehouse_id:2, cid:31971, maxbytes:2
20251110-03:35.37-173540(us) 19253 ! txn_stock_level (tpcc.cc:3398):     ERROR warehouse_id:2, cid:28389, maxbytes:2
20251110-03:35.37-173629(us) 19253 ! txn_stock_level (tpcc.cc:3398):     ERROR warehouse_id:2, cid:28389, maxbytes:2
20251110-03:35.37-173646(us) 19253 ! txn_stock_level (tpcc.cc:3398):     ERROR warehouse_id:2, cid:28389, maxbytes:2
20251110-03:35.37-174530(us) 19253 ! txn_stock_level (tpcc.cc:3398):     ERROR warehouse_id:2, cid:28389, maxbytes:2
20251110-03:35.37-174554(us) 19253 ! txn_stock_level (tpcc.cc:3398):     ERROR warehouse_id:2, cid:28389, maxbytes:2
20251110-03:35.37-174678(us) 19253 ! txn_stock_level (tpcc.cc:3398):     ERROR warehouse_id:2, cid:28389, maxbytes:2
20251110-03:35.37-174723(us) 19253 ! txn_stock_level (tpcc.cc:3398):     ERROR warehouse_id:2, cid:28389, maxbytes:2
20251110-03:35.37-177725(us) 19253 ! run             (bench.cc:473):     runtime time left:19000 ms, bool:1
20251110-03:35.37-314334(us) 19253 ! txn_stock_level (tpcc.cc:3398):     ERROR warehouse_id:1, cid:73447, maxbytes:2
20251110-03:35.37-315432(us) 19253 ! txn_stock_level (tpcc.cc:3398):     ERROR warehouse_id:1, cid:73447, maxbytes:2
20251110-03:35.37-316614(us) 19253 ! txn_stock_level (tpcc.cc:3398):     ERROR warehouse_id:1, cid:73447, maxbytes:2
20251110-03:35.37-317774(us) 19253 ! txn_stock_level (tpcc.cc:3398):     ERROR warehouse_id:1, cid:73447, maxbytes:2
20251110-03:35.37-317826(us) 19253 ! txn_stock_level (tpcc.cc:3398):     ERROR warehouse_id:1, cid:73447, maxbytes:2
20251110-03:35.37-379281(us) 19253 ! txn_stock_level (tpcc.cc:3398):     ERROR warehouse_id:1, cid:89255, maxbytes:2
20251110-03:35.37-379305(us) 19253 ! txn_stock_level (tpcc.cc:3398):     ERROR warehouse_id:1, cid:89255, maxbytes:2
20251110-03:35.37-379393(us) 19253 ! txn_stock_level (tpcc.cc:3398):     ERROR warehouse_id:1, cid:89255, maxbytes:2
20251110-03:35.37-379532(us) 19253 ! txn_stock_level (tpcc.cc:3398):     ERROR warehouse_id:1, cid:89255, maxbytes:2
20251110-03:35.37-379549(us) 19253 ! txn_stock_level (tpcc.cc:3398):     ERROR warehouse_id:1, cid:89255, maxbytes:2
20251110-03:35.37-379621(us) 19253 ! txn_stock_level (tpcc.cc:3398):     ERROR warehouse_id:1, cid:89255, maxbytes:2
20251110-03:35.37-379719(us) 19253 ! txn_stock_level (tpcc.cc:3398):     ERROR warehouse_id:2, cid:31975, maxbytes:2
20251110-03:35.37-380535(us) 19253 ! txn_stock_level (tpcc.cc:3398):     ERROR warehouse_id:1, cid:89255, maxbytes:2
20251110-03:35.37-382871(us) 19253 ! txn_stock_level (tpcc.cc:3398):     ERROR warehouse_id:2, cid:31975, maxbytes:2
20251110-03:35.37-383055(us) 19253 ! txn_stock_level (tpcc.cc:3398):     ERROR warehouse_id:2, cid:31975, maxbytes:2
20251110-03:35.37-383110(us) 19253 ! txn_stock_level (tpcc.cc:3398):     ERROR warehouse_id:2, cid:31975, maxbytes:2
20251110-03:35.37-385441(us) 19253 ! txn_stock_level (tpcc.cc:3398):     ERROR warehouse_id:2, cid:31975, maxbytes:2
20251110-03:35.37-388413(us) 19253 ! txn_stock_level (tpcc.cc:3398):     ERROR warehouse_id:2, cid:31975, maxbytes:2
20251110-03:35.37-388711(us) 19253 ! txn_stock_level (tpcc.cc:3398):     ERROR warehouse_id:2, cid:31975, maxbytes:2
20251110-03:35.37-388835(us) 19253 ! txn_stock_level (tpcc.cc:3398):     ERROR warehouse_id:2, cid:31975, maxbytes:2
20251110-03:35.37-390827(us) 19253 ! txn_stock_level (tpcc.cc:3398):     ERROR warehouse_id:2, cid:98023, maxbytes:2
20251110-03:35.37-390854(us) 19253 ! txn_stock_level (tpcc.cc:3398):     ERROR warehouse_id:2, cid:98023, maxbytes:2
20251110-03:35.37-391044(us) 19253 ! txn_stock_level (tpcc.cc:3398):     ERROR warehouse_id:2, cid:98023, maxbytes:2
20251110-03:35.37-391171(us) 19253 ! txn_stock_level (tpcc.cc:3398):     ERROR warehouse_id:2, cid:98023, maxbytes:2
20251110-03:35.37-391415(us) 19253 ! txn_stock_level (tpcc.cc:3398):     ERROR warehouse_id:2, cid:98023, maxbytes:2
20251110-03:35.37-392700(us) 19253 ! txn_stock_level (tpcc.cc:3398):     ERROR warehouse_id:2, cid:98023, maxbytes:2
20251110-03:35.37-393675(us) 19253 ! txn_stock_level (tpcc.cc:3398):     ERROR warehouse_id:2, cid:98023, maxbytes:2
20251110-03:35.37-393853(us) 19253 ! txn_stock_level (tpcc.cc:3398):     ERROR warehouse_id:2, cid:98023, maxbytes:2
20251110-03:35.37-395015(us) 19253 ! txn_stock_level (tpcc.cc:3398):     ERROR warehouse_id:2, cid:98023, maxbytes:2
20251110-03:35.37-395999(us) 19253 ! txn_stock_level (tpcc.cc:3398):     ERROR warehouse_id:2, cid:98023, maxbytes:2
20251110-03:35.37-396085(us) 19253 ! txn_stock_level (tpcc.cc:3398):     ERROR warehouse_id:2, cid:98023, maxbytes:2
20251110-03:35.37-396327(us) 19253 ! txn_stock_level (tpcc.cc:3398):     ERROR warehouse_id:2, cid:98023, maxbytes:2
20251110-03:35.37-397395(us) 19253 ! txn_stock_level (tpcc.cc:3398):     ERROR warehouse_id:2, cid:98023, maxbytes:2
20251110-03:35.37-397420(us) 19253 ! txn_stock_level (tpcc.cc:3398):     ERROR warehouse_id:2, cid:98023, maxbytes:2
20251110-03:35.37-397606(us) 19253 ! txn_stock_level (tpcc.cc:3398):     ERROR warehouse_id:2, cid:98023, maxbytes:2
20251110-03:35.37-398716(us) 19253 ! txn_stock_level (tpcc.cc:3398):     ERROR warehouse_id:2, cid:98023, maxbytes:2
20251110-03:35.37-399180(us) 19253 ! txn_stock_level (tpcc.cc:3398):     ERROR warehouse_id:2, cid:98023, maxbytes:2
20251110-03:35.37-400348(us) 19253 ! txn_stock_level (tpcc.cc:3398):     ERROR warehouse_id:2, cid:98023, maxbytes:2
20251110-03:35.37-400624(us) 19253 ! txn_stock_level (tpcc.cc:3398):     ERROR warehouse_id:2, cid:98023, maxbytes:2
20251110-03:35.37-402592(us) 19253 ! txn_stock_level (tpcc.cc:3398):     ERROR warehouse_id:2, cid:98023, maxbytes:2
20251110-03:35.37-483486(us) 19253 ! txn_stock_level (tpcc.cc:3398):     ERROR warehouse_id:2, cid:56999, maxbytes:2
20251110-03:35.37-483613(us) 19253 ! txn_stock_level (tpcc.cc:3398):     ERROR warehouse_id:2, cid:56999, maxbytes:2
20251110-03:35.37-483627(us) 19253 ! txn_stock_level (tpcc.cc:3398):     ERROR warehouse_id:2, cid:56999, maxbytes:2
20251110-03:35.37-483682(us) 19253 ! txn_stock_level (tpcc.cc:3398):     ERROR warehouse_id:2, cid:56999, maxbytes:2
20251110-03:35.37-484653(us) 19253 ! txn_stock_level (tpcc.cc:3398):     ERROR warehouse_id:2, cid:56999, maxbytes:2
20251110-03:35.37-485116(us) 19253 ! txn_stock_level (tpcc.cc:3398):     ERROR warehouse_id:2, cid:56999, maxbytes:2
20251110-03:35.37-490113(us) 19253 ! txn_stock_level (tpcc.cc:3398):     ERROR warehouse_id:2, cid:48742, maxbytes:2
20251110-03:35.37-491176(us) 19253 ! txn_stock_level (tpcc.cc:3398):     ERROR warehouse_id:2, cid:48742, maxbytes:2
20251110-03:35.37-491337(us) 19253 ! txn_stock_level (tpcc.cc:3398):     ERROR warehouse_id:2, cid:48742, maxbytes:2
20251110-03:35.37-491388(us) 19253 ! txn_stock_level (tpcc.cc:3398):     ERROR warehouse_id:2, cid:48742, maxbytes:2
20251110-03:35.37-491681(us) 19253 ! txn_stock_level (tpcc.cc:3398):     ERROR warehouse_id:2, cid:48742, maxbytes:2
20251110-03:35.37-491745(us) 19253 ! txn_stock_level (tpcc.cc:3398):     ERROR warehouse_id:2, cid:48742, maxbytes:2
20251110-03:35.37-494171(us) 19253 ! txn_stock_level (tpcc.cc:3398):     ERROR warehouse_id:2, cid:48742, maxbytes:2
20251110-03:35.37-494216(us) 19253 ! txn_stock_level (tpcc.cc:3398):     ERROR warehouse_id:2, cid:48742, maxbytes:2
20251110-03:35.37-494492(us) 19253 ! txn_stock_level (tpcc.cc:3398):     ERROR warehouse_id:2, cid:48742, maxbytes:2
20251110-03:35.37-494511(us) 19253 ! txn_stock_level (tpcc.cc:3398):     ERROR warehouse_id:2, cid:48742, maxbytes:2
20251110-03:35.37-494659(us) 19253 ! txn_stock_level (tpcc.cc:3398):     ERROR warehouse_id:2, cid:48742, maxbytes:2
20251110-03:35.37-494696(us) 19253 ! txn_stock_level (tpcc.cc:3398):     ERROR warehouse_id:2, cid:48742, maxbytes:2
20251110-03:35.37-494875(us) 19253 ! txn_stock_level (tpcc.cc:3398):     ERROR warehouse_id:2, cid:48742, maxbytes:2
20251110-03:35.37-494930(us) 19253 ! txn_stock_level (tpcc.cc:3398):     ERROR warehouse_id:2, cid:48742, maxbytes:2
20251110-03:35.37-494988(us) 19253 ! txn_stock_level (tpcc.cc:3398):     ERROR warehouse_id:2, cid:48742, maxbytes:2
20251110-03:35.37-495163(us) 19253 ! txn_stock_level (tpcc.cc:3398):     ERROR warehouse_id:2, cid:48742, maxbytes:2
20251110-03:35.37-495189(us) 19253 ! txn_stock_level (tpcc.cc:3398):     ERROR warehouse_id:2, cid:48742, maxbytes:2
20251110-03:35.37-495287(us) 19253 ! txn_stock_level (tpcc.cc:3398):     ERROR warehouse_id:2, cid:48742, maxbytes:2
20251110-03:35.37-495311(us) 19253 ! txn_stock_level (tpcc.cc:3398):     ERROR warehouse_id:2, cid:48742, maxbytes:2
20251110-03:35.37-495326(us) 19253 ! txn_stock_level (tpcc.cc:3398):     ERROR warehouse_id:2, cid:48742, maxbytes:2
20251110-03:35.37-495446(us) 19253 ! txn_stock_level (tpcc.cc:3398):     ERROR warehouse_id:2, cid:48742, maxbytes:2
20251110-03:35.37-497492(us) 19253 ! txn_stock_level (tpcc.cc:3398):     ERROR warehouse_id:2, cid:48742, maxbytes:2
20251110-03:35.37-497514(us) 19253 ! txn_stock_level (tpcc.cc:3398):     ERROR warehouse_id:2, cid:48742, maxbytes:2
20251110-03:35.37-497577(us) 19253 ! txn_stock_level (tpcc.cc:3398):     ERROR warehouse_id:2, cid:48742, maxbytes:2
20251110-03:35.37-497881(us) 19253 ! txn_stock_level (tpcc.cc:3398):     ERROR warehouse_id:2, cid:48742, maxbytes:2
20251110-03:35.37-498025(us) 19253 ! txn_stock_level (tpcc.cc:3398):     ERROR warehouse_id:2, cid:48742, maxbytes:2
20251110-03:35.37-498036(us) 19253 ! txn_stock_level (tpcc.cc:3398):     ERROR warehouse_id:2, cid:48742, maxbytes:2
20251110-03:35.37-498081(us) 19253 ! txn_stock_level (tpcc.cc:3398):     ERROR warehouse_id:2, cid:48742, maxbytes:2
20251110-03:35.37-498249(us) 19253 ! txn_stock_level (tpcc.cc:3398):     ERROR warehouse_id:2, cid:48742, maxbytes:2
20251110-03:35.37-498354(us) 19253 ! txn_stock_level (tpcc.cc:3398):     ERROR warehouse_id:2, cid:56551, maxbytes:2
20251110-03:35.37-498390(us) 19253 ! txn_stock_level (tpcc.cc:3398):     ERROR warehouse_id:2, cid:48742, maxbytes:2
20251110-03:35.37-498442(us) 19253 ! txn_stock_level (tpcc.cc:3398):     ERROR warehouse_id:2, cid:48742, maxbytes:2
20251110-03:35.37-498455(us) 19253 ! txn_stock_level (tpcc.cc:3398):     ERROR warehouse_id:2, cid:48742, maxbytes:2
20251110-03:35.37-498524(us) 19253 ! txn_stock_level (tpcc.cc:3398):     ERROR warehouse_id:2, cid:56551, maxbytes:2
20251110-03:35.37-498718(us) 19253 ! txn_stock_level (tpcc.cc:3398):     ERROR warehouse_id:2, cid:56551, maxbytes:2
20251110-03:35.37-498792(us) 19253 ! txn_stock_level (tpcc.cc:3398):     ERROR warehouse_id:2, cid:56551, maxbytes:2
20251110-03:35.37-499869(us) 19253 ! txn_stock_level (tpcc.cc:3398):     ERROR warehouse_id:2, cid:56551, maxbytes:2
20251110-03:35.37-500117(us) 19253 ! txn_stock_level (tpcc.cc:3398):     ERROR warehouse_id:2, cid:56551, maxbytes:2
20251110-03:35.37-500161(us) 19253 ! txn_stock_level (tpcc.cc:3398):     ERROR warehouse_id:2, cid:56551, maxbytes:2
20251110-03:35.37-500180(us) 19253 ! txn_stock_level (tpcc.cc:3398):     ERROR warehouse_id:2, cid:56551, maxbytes:2
20251110-03:35.37-500312(us) 19253 ! txn_stock_level (tpcc.cc:3398):     ERROR warehouse_id:2, cid:56551, maxbytes:2
20251110-03:35.37-501387(us) 19253 ! txn_stock_level (tpcc.cc:3398):     ERROR warehouse_id:2, cid:56551, maxbytes:2
20251110-03:35.37-503494(us) 19253 ! txn_stock_level (tpcc.cc:3398):     ERROR warehouse_id:2, cid:56551, maxbytes:2
20251110-03:35.37-573028(us) 19253 ! txn_stock_level (tpcc.cc:3398):     ERROR warehouse_id:1, cid:81127, maxbytes:2
20251110-03:35.37-573059(us) 19253 ! txn_stock_level (tpcc.cc:3398):     ERROR warehouse_id:1, cid:81127, maxbytes:2
20251110-03:35.37-573104(us) 19253 ! txn_stock_level (tpcc.cc:3398):     ERROR warehouse_id:1, cid:81127, maxbytes:2
20251110-03:35.37-574273(us) 19253 ! txn_stock_level (tpcc.cc:3398):     ERROR warehouse_id:1, cid:81127, maxbytes:2
20251110-03:35.37-575286(us) 19253 ! txn_stock_level (tpcc.cc:3398):     ERROR warehouse_id:1, cid:81127, maxbytes:2
20251110-03:35.37-575376(us) 19253 ! txn_stock_level (tpcc.cc:3398):     ERROR warehouse_id:1, cid:81127, maxbytes:2
20251110-03:35.37-577638(us) 19253 ! txn_stock_level (tpcc.cc:3398):     ERROR warehouse_id:1, cid:81127, maxbytes:2
20251110-03:35.37-578614(us) 19253 ! txn_stock_level (tpcc.cc:3398):     ERROR warehouse_id:1, cid:81127, maxbytes:2
20251110-03:35.37-578743(us) 19253 ! txn_stock_level (tpcc.cc:3398):     ERROR warehouse_id:1, cid:81127, maxbytes:2
20251110-03:35.37-578902(us) 19253 ! txn_stock_level (tpcc.cc:3398):     ERROR warehouse_id:1, cid:81127, maxbytes:2
20251110-03:35.37-579112(us) 19253 ! txn_stock_level (tpcc.cc:3398):     ERROR warehouse_id:1, cid:81127, maxbytes:2
20251110-03:35.37-579129(us) 19253 ! txn_stock_level (tpcc.cc:3398):     ERROR warehouse_id:1, cid:81127, maxbytes:2
20251110-03:35.37-579224(us) 19253 ! txn_stock_level (tpcc.cc:3398):     ERROR warehouse_id:1, cid:81127, maxbytes:2
20251110-03:35.37-579263(us) 19253 ! txn_stock_level (tpcc.cc:3398):     ERROR warehouse_id:1, cid:81127, maxbytes:2
20251110-03:35.37-579352(us) 19253 ! txn_stock_level (tpcc.cc:3398):     ERROR warehouse_id:1, cid:81127, maxbytes:2
20251110-03:35.37-579445(us) 19253 ! txn_stock_level (tpcc.cc:3398):     ERROR warehouse_id:1, cid:81127, maxbytes:2
20251110-03:35.37-579485(us) 19253 ! txn_stock_level (tpcc.cc:3398):     ERROR warehouse_id:1, cid:81127, maxbytes:2
20251110-03:35.37-580472(us) 19253 ! txn_stock_level (tpcc.cc:3398):     ERROR warehouse_id:1, cid:81127, maxbytes:2
20251110-03:35.37-581643(us) 19253 ! txn_stock_level (tpcc.cc:3398):     ERROR warehouse_id:1, cid:81127, maxbytes:2
20251110-03:35.37-581838(us) 19253 ! txn_stock_level (tpcc.cc:3398):     ERROR warehouse_id:1, cid:81127, maxbytes:2
20251110-03:35.37-582891(us) 19253 ! txn_stock_level (tpcc.cc:3398):     ERROR warehouse_id:1, cid:81127, maxbytes:2
20251110-03:35.37-582946(us) 19253 ! txn_stock_level (tpcc.cc:3398):     ERROR warehouse_id:1, cid:81127, maxbytes:2
20251110-03:35.37-583146(us) 19253 ! txn_stock_level (tpcc.cc:3398):     ERROR warehouse_id:1, cid:81127, maxbytes:2
20251110-03:35.37-583319(us) 19253 ! txn_stock_level (tpcc.cc:3398):     ERROR warehouse_id:1, cid:81127, maxbytes:2
20251110-03:35.37-583383(us) 19253 ! txn_stock_level (tpcc.cc:3398):     ERROR warehouse_id:1, cid:81127, maxbytes:2
20251110-03:35.37-583442(us) 19253 ! txn_stock_level (tpcc.cc:3398):     ERROR warehouse_id:1, cid:81127, maxbytes:2
20251110-03:35.37-583517(us) 19253 ! txn_stock_level (tpcc.cc:3398):     ERROR warehouse_id:1, cid:81127, maxbytes:2
20251110-03:35.37-583568(us) 19253 ! txn_stock_level (tpcc.cc:3398):     ERROR warehouse_id:1, cid:81127, maxbytes:2
20251110-03:35.37-638042(us) 19253 ! txn_stock_level (tpcc.cc:3398):     ERROR warehouse_id:1, cid:73447, maxbytes:2
20251110-03:35.37-638154(us) 19253 ! txn_stock_level (tpcc.cc:3398):     ERROR warehouse_id:1, cid:73447, maxbytes:2
20251110-03:35.37-640093(us) 19253 ! txn_stock_level (tpcc.cc:3398):     ERROR warehouse_id:1, cid:73447, maxbytes:2
20251110-03:35.37-640120(us) 19253 ! txn_stock_level (tpcc.cc:3398):     ERROR warehouse_id:1, cid:73447, maxbytes:2
20251110-03:35.37-640281(us) 19253 ! txn_stock_level (tpcc.cc:3398):     ERROR warehouse_id:1, cid:73447, maxbytes:2
20251110-03:35.37-640320(us) 19253 ! txn_stock_level (tpcc.cc:3398):     ERROR warehouse_id:1, cid:73447, maxbytes:2
20251110-03:35.37-640366(us) 19253 ! txn_stock_level (tpcc.cc:3398):     ERROR warehouse_id:1, cid:73447, maxbytes:2
20251110-03:35.37-640469(us) 19253 ! txn_stock_level (tpcc.cc:3398):     ERROR warehouse_id:1, cid:73447, maxbytes:2
20251110-03:35.37-641523(us) 19253 ! txn_stock_level (tpcc.cc:3398):     ERROR warehouse_id:1, cid:65255, maxbytes:2
20251110-03:35.37-642657(us) 19253 ! txn_stock_level (tpcc.cc:3398):     ERROR warehouse_id:1, cid:65255, maxbytes:2
20251110-03:35.37-642717(us) 19253 ! txn_stock_level (tpcc.cc:3398):     ERROR warehouse_id:1, cid:65255, maxbytes:2
20251110-03:35.37-642784(us) 19253 ! txn_stock_level (tpcc.cc:3398):     ERROR warehouse_id:1, cid:65255, maxbytes:2
20251110-03:35.37-642799(us) 19253 ! txn_stock_level (tpcc.cc:3398):     ERROR warehouse_id:1, cid:65255, maxbytes:2
20251110-03:35.37-644993(us) 19253 ! txn_stock_level (tpcc.cc:3398):     ERROR warehouse_id:1, cid:65255, maxbytes:2
20251110-03:35.37-645392(us) 19253 ! txn_stock_level (tpcc.cc:3398):     ERROR warehouse_id:1, cid:65255, maxbytes:2
20251110-03:35.37-645467(us) 19253 ! txn_stock_level (tpcc.cc:3398):     ERROR warehouse_id:1, cid:65255, maxbytes:2
20251110-03:35.37-645511(us) 19253 ! txn_stock_level (tpcc.cc:3398):     ERROR warehouse_id:1, cid:65255, maxbytes:2
20251110-03:35.37-650428(us) 19253 ! txn_stock_level (tpcc.cc:3398):     ERROR warehouse_id:1, cid:65255, maxbytes:2
20251110-03:35.37-650457(us) 19253 ! txn_stock_level (tpcc.cc:3398):     ERROR warehouse_id:1, cid:65255, maxbytes:2
20251110-03:35.37-650467(us) 19253 ! txn_stock_level (tpcc.cc:3398):     ERROR warehouse_id:1, cid:65255, maxbytes:2
20251110-03:35.37-909794(us) 19253 ! txn_stock_level (tpcc.cc:3398):     ERROR warehouse_id:1, cid:32487, maxbytes:2
20251110-03:35.37-909942(us) 19253 ! txn_stock_level (tpcc.cc:3398):     ERROR warehouse_id:1, cid:32487, maxbytes:2
20251110-03:35.37-910081(us) 19253 ! txn_stock_level (tpcc.cc:3398):     ERROR warehouse_id:1, cid:32487, maxbytes:2
20251110-03:35.37-910229(us) 19253 ! txn_stock_level (tpcc.cc:3398):     ERROR warehouse_id:1, cid:32487, maxbytes:2
20251110-03:35.37-910290(us) 19253 ! txn_stock_level (tpcc.cc:3398):     ERROR warehouse_id:1, cid:32487, maxbytes:2
20251110-03:35.37-910772(us) 19253 ! txn_stock_level (tpcc.cc:3398):     ERROR warehouse_id:1, cid:32487, maxbytes:2
20251110-03:35.37-911711(us) 19253 ! txn_stock_level (tpcc.cc:3398):     ERROR warehouse_id:1, cid:32487, maxbytes:2
20251110-03:35.37-912766(us) 19253 ! txn_stock_level (tpcc.cc:3398):     ERROR warehouse_id:1, cid:32487, maxbytes:2
20251110-03:35.37-912828(us) 19253 ! txn_stock_level (tpcc.cc:3398):     ERROR warehouse_id:1, cid:32487, maxbytes:2
20251110-03:35.37-912843(us) 19253 ! txn_stock_level (tpcc.cc:3398):     ERROR warehouse_id:1, cid:32487, maxbytes:2
20251110-03:35.37-912928(us) 19253 ! txn_stock_level (tpcc.cc:3398):     ERROR warehouse_id:1, cid:32487, maxbytes:2
20251110-03:35.37-912973(us) 19253 ! txn_stock_level (tpcc.cc:3398):     ERROR warehouse_id:1, cid:32487, maxbytes:2
20251110-03:35.37-914034(us) 19253 ! txn_stock_level (tpcc.cc:3398):     ERROR warehouse_id:1, cid:32487, maxbytes:2
20251110-03:35.37-914104(us) 19253 ! txn_stock_level (tpcc.cc:3398):     ERROR warehouse_id:1, cid:32487, maxbytes:2
20251110-03:35.37-915016(us) 19253 ! txn_stock_level (tpcc.cc:3398):     ERROR warehouse_id:1, cid:32487, maxbytes:2
20251110-03:35.37-915042(us) 19253 ! txn_stock_level (tpcc.cc:3398):     ERROR warehouse_id:1, cid:32487, maxbytes:2
20251110-03:35.37-991868(us) 19253 ! txn_stock_level (tpcc.cc:3398):     ERROR warehouse_id:1, cid:81574, maxbytes:2
20251110-03:35.37-994074(us) 19253 ! txn_stock_level (tpcc.cc:3398):     ERROR warehouse_id:1, cid:81574, maxbytes:2
20251110-03:35.37-994318(us) 19253 ! txn_stock_level (tpcc.cc:3398):     ERROR warehouse_id:1, cid:81574, maxbytes:2
20251110-03:35.37-994676(us) 19253 ! txn_stock_level (tpcc.cc:3398):     ERROR warehouse_id:1, cid:81574, maxbytes:2
20251110-03:35.37-994832(us) 19253 ! txn_stock_level (tpcc.cc:3398):     ERROR warehouse_id:1, cid:81574, maxbytes:2
20251110-03:35.37-995091(us) 19253 ! txn_stock_level (tpcc.cc:3398):     ERROR warehouse_id:1, cid:81574, maxbytes:2
20251110-03:35.37-995119(us) 19253 ! txn_stock_level (tpcc.cc:3398):     ERROR warehouse_id:1, cid:81574, maxbytes:2
20251110-03:35.37-995151(us) 19253 ! txn_stock_level (tpcc.cc:3398):     ERROR warehouse_id:1, cid:81574, maxbytes:2
20251110-03:35.37-995170(us) 19253 ! txn_stock_level (tpcc.cc:3398):     ERROR warehouse_id:1, cid:81574, maxbytes:2
20251110-03:35.37-996243(us) 19253 ! txn_stock_level (tpcc.cc:3398):     ERROR warehouse_id:1, cid:81574, maxbytes:2
20251110-03:35.37-996432(us) 19253 ! txn_stock_level (tpcc.cc:3398):     ERROR warehouse_id:1, cid:81574, maxbytes:2
20251110-03:35.37-996483(us) 19253 ! txn_stock_level (tpcc.cc:3398):     ERROR warehouse_id:1, cid:81574, maxbytes:2
20251110-03:35.37-996569(us) 19253 ! txn_stock_level (tpcc.cc:3398):     ERROR warehouse_id:1, cid:81574, maxbytes:2
20251110-03:35.37-996679(us) 19253 ! txn_stock_level (tpcc.cc:3398):     ERROR warehouse_id:1, cid:81574, maxbytes:2
20251110-03:35.37-996751(us) 19253 ! txn_stock_level (tpcc.cc:3398):     ERROR warehouse_id:1, cid:81574, maxbytes:2
20251110-03:35.37-996987(us) 19253 ! txn_stock_level (tpcc.cc:3398):     ERROR warehouse_id:1, cid:81574, maxbytes:2
20251110-03:35.37-998202(us) 19253 ! txn_stock_level (tpcc.cc:3398):     ERROR warehouse_id:1, cid:81574, maxbytes:2
20251110-03:35.37-999756(us) 19253 ! txn_stock_level (tpcc.cc:3398):     ERROR warehouse_id:1, cid:81574, maxbytes:2
20251110-03:35.38-0643(us) 19253 ! txn_stock_level (tpcc.cc:3398):     ERROR warehouse_id:1, cid:81574, maxbytes:2
20251110-03:35.38-1988(us) 19253 ! txn_stock_level (tpcc.cc:3398):     ERROR warehouse_id:1, cid:81574, maxbytes:2
20251110-03:35.38-3207(us) 19253 ! txn_stock_level (tpcc.cc:3398):     ERROR warehouse_id:1, cid:81574, maxbytes:2
20251110-03:35.38-5812(us) 19253 ! txn_stock_level (tpcc.cc:3398):     ERROR warehouse_id:1, cid:81574, maxbytes:2
20251110-03:35.38-5844(us) 19253 ! txn_stock_level (tpcc.cc:3398):     ERROR warehouse_id:1, cid:81574, maxbytes:2
20251110-03:35.38-6135(us) 19253 ! txn_stock_level (tpcc.cc:3398):     ERROR warehouse_id:1, cid:81574, maxbytes:2
20251110-03:35.38-6231(us) 19253 ! txn_stock_level (tpcc.cc:3398):     ERROR warehouse_id:1, cid:81574, maxbytes:2
20251110-03:35.38-6492(us) 19253 ! txn_stock_level (tpcc.cc:3398):     ERROR warehouse_id:1, cid:81574, maxbytes:2
20251110-03:35.38-6511(us) 19253 ! txn_stock_level (tpcc.cc:3398):     ERROR warehouse_id:1, cid:81574, maxbytes:2
20251110-03:35.38-6522(us) 19253 ! txn_stock_level (tpcc.cc:3398):     ERROR warehouse_id:1, cid:81574, maxbytes:2
20251110-03:35.38-6573(us) 19253 ! txn_stock_level (tpcc.cc:3398):     ERROR warehouse_id:1, cid:81574, maxbytes:2
20251110-03:35.38-7757(us) 19253 ! txn_stock_level (tpcc.cc:3398):     ERROR warehouse_id:1, cid:81574, maxbytes:2
20251110-03:35.38-10131(us) 19253 ! txn_stock_level (tpcc.cc:3398):     ERROR warehouse_id:1, cid:81574, maxbytes:2
20251110-03:35.38-10184(us) 19253 ! txn_stock_level (tpcc.cc:3398):     ERROR warehouse_id:1, cid:81574, maxbytes:2
20251110-03:35.38-10600(us) 19253 ! txn_stock_level (tpcc.cc:3398):     ERROR warehouse_id:1, cid:81574, maxbytes:2
20251110-03:35.38-10672(us) 19253 ! txn_stock_level (tpcc.cc:3398):     ERROR warehouse_id:1, cid:81574, maxbytes:2
20251110-03:35.38-12053(us) 19253 ! txn_stock_level (tpcc.cc:3398):     ERROR warehouse_id:1, cid:81574, maxbytes:2
20251110-03:35.38-12125(us) 19253 ! txn_stock_level (tpcc.cc:3398):     ERROR warehouse_id:1, cid:81574, maxbytes:2
20251110-03:35.38-13213(us) 19253 ! txn_stock_level (tpcc.cc:3398):     ERROR warehouse_id:1, cid:81574, maxbytes:2
20251110-03:35.38-13244(us) 19253 ! txn_stock_level (tpcc.cc:3398):     ERROR warehouse_id:1, cid:81574, maxbytes:2
20251110-03:35.38-13284(us) 19253 ! txn_stock_level (tpcc.cc:3398):     ERROR warehouse_id:1, cid:81574, maxbytes:2
20251110-03:35.38-13339(us) 19253 ! txn_stock_level (tpcc.cc:3398):     ERROR warehouse_id:1, cid:81574, maxbytes:2
20251110-03:35.38-13350(us) 19253 ! txn_stock_level (tpcc.cc:3398):     ERROR warehouse_id:1, cid:81574, maxbytes:2
20251110-03:35.38-28929(us) 19253 ! txn_stock_level (tpcc.cc:3398):     ERROR warehouse_id:1, cid:24295, maxbytes:2
20251110-03:35.38-97353(us) 19253 ! txn_stock_level (tpcc.cc:3398):     ERROR warehouse_id:1, cid:61095, maxbytes:2
20251110-03:35.38-97459(us) 19253 ! txn_stock_level (tpcc.cc:3398):     ERROR warehouse_id:1, cid:61095, maxbytes:2
20251110-03:35.38-97540(us) 19253 ! txn_stock_level (tpcc.cc:3398):     ERROR warehouse_id:1, cid:61095, maxbytes:2
20251110-03:35.38-97754(us) 19253 ! txn_stock_level (tpcc.cc:3398):     ERROR warehouse_id:1, cid:61095, maxbytes:2
20251110-03:35.38-97923(us) 19253 ! txn_stock_level (tpcc.cc:3398):     ERROR warehouse_id:1, cid:61095, maxbytes:2
20251110-03:35.38-98868(us) 19253 ! txn_stock_level (tpcc.cc:3398):     ERROR warehouse_id:1, cid:61095, maxbytes:2
20251110-03:35.38-100629(us) 19253 ! txn_stock_level (tpcc.cc:3398):     ERROR warehouse_id:1, cid:61095, maxbytes:2
20251110-03:35.38-100906(us) 19253 ! txn_stock_level (tpcc.cc:3398):     ERROR warehouse_id:1, cid:61095, maxbytes:2
20251110-03:35.38-101830(us) 19253 ! txn_stock_level (tpcc.cc:3398):     ERROR warehouse_id:1, cid:61095, maxbytes:2
20251110-03:35.38-101859(us) 19253 ! txn_stock_level (tpcc.cc:3398):     ERROR warehouse_id:1, cid:61095, maxbytes:2
20251110-03:35.38-101941(us) 19253 ! txn_stock_level (tpcc.cc:3398):     ERROR warehouse_id:1, cid:61095, maxbytes:2
20251110-03:35.38-103767(us) 19253 ! txn_stock_level (tpcc.cc:3398):     ERROR warehouse_id:1, cid:61095, maxbytes:2
20251110-03:35.38-183232(us) 19253 ! run             (bench.cc:473):     runtime time left:18000 ms, bool:1
20251110-03:35.38-201149(us) 19253 ! txn_stock_level (tpcc.cc:3398):     ERROR warehouse_id:2, cid:48719, maxbytes:2
20251110-03:35.38-201199(us) 19253 ! txn_stock_level (tpcc.cc:3398):     ERROR warehouse_id:2, cid:48719, maxbytes:2
20251110-03:35.38-201328(us) 19253 ! txn_stock_level (tpcc.cc:3398):     ERROR warehouse_id:2, cid:48719, maxbytes:2
20251110-03:35.38-201349(us) 19253 ! txn_stock_level (tpcc.cc:3398):     ERROR warehouse_id:2, cid:48719, maxbytes:2
20251110-03:35.38-201367(us) 19253 ! txn_stock_level (tpcc.cc:3398):     ERROR warehouse_id:2, cid:48719, maxbytes:2
20251110-03:35.38-202303(us) 19253 ! txn_stock_level (tpcc.cc:3398):     ERROR warehouse_id:2, cid:48719, maxbytes:2
20251110-03:35.38-204352(us) 19253 ! txn_stock_level (tpcc.cc:3398):     ERROR warehouse_id:2, cid:48719, maxbytes:2
20251110-03:35.38-215971(us) 19253 ! txn_stock_level (tpcc.cc:3398):     ERROR warehouse_id:1, cid:40679, maxbytes:2
20251110-03:35.38-216289(us) 19253 ! txn_stock_level (tpcc.cc:3398):     ERROR warehouse_id:1, cid:40679, maxbytes:2
20251110-03:35.38-216358(us) 19253 ! txn_stock_level (tpcc.cc:3398):     ERROR warehouse_id:1, cid:40679, maxbytes:2
20251110-03:35.38-216513(us) 19253 ! txn_stock_level (tpcc.cc:3398):     ERROR warehouse_id:1, cid:40679, maxbytes:2
20251110-03:35.38-217852(us) 19253 ! txn_stock_level (tpcc.cc:3398):     ERROR warehouse_id:1, cid:40679, maxbytes:2
20251110-03:35.38-218273(us) 19253 ! txn_stock_level (tpcc.cc:3398):     ERROR warehouse_id:1, cid:40679, maxbytes:2
20251110-03:35.38-240370(us) 19253 ! txn_stock_level (tpcc.cc:3398):     ERROR warehouse_id:1, cid:69223, maxbytes:2
20251110-03:35.38-240621(us) 19253 ! txn_stock_level (tpcc.cc:3398):     ERROR warehouse_id:1, cid:69223, maxbytes:2
20251110-03:35.38-241779(us) 19253 ! txn_stock_level (tpcc.cc:3398):     ERROR warehouse_id:1, cid:69223, maxbytes:2
20251110-03:35.38-241978(us) 19253 ! txn_stock_level (tpcc.cc:3398):     ERROR warehouse_id:1, cid:69223, maxbytes:2
20251110-03:35.38-242020(us) 19253 ! txn_stock_level (tpcc.cc:3398):     ERROR warehouse_id:1, cid:69223, maxbytes:2
20251110-03:35.38-242029(us) 19253 ! txn_stock_level (tpcc.cc:3398):     ERROR warehouse_id:1, cid:69223, maxbytes:2
20251110-03:35.38-243549(us) 19253 ! txn_stock_level (tpcc.cc:3398):     ERROR warehouse_id:1, cid:69223, maxbytes:2
20251110-03:35.38-244618(us) 19253 ! txn_stock_level (tpcc.cc:3398):     ERROR warehouse_id:1, cid:69223, maxbytes:2
20251110-03:35.38-246480(us) 19253 ! txn_stock_level (tpcc.cc:3398):     ERROR warehouse_id:1, cid:40387, maxbytes:2
20251110-03:35.38-247517(us) 19253 ! txn_stock_level (tpcc.cc:3398):     ERROR warehouse_id:1, cid:40387, maxbytes:2
20251110-03:35.38-247832(us) 19253 ! txn_stock_level (tpcc.cc:3398):     ERROR warehouse_id:1, cid:40387, maxbytes:2
20251110-03:35.38-249257(us) 19253 ! txn_stock_level (tpcc.cc:3398):     ERROR warehouse_id:1, cid:40387, maxbytes:2
20251110-03:35.38-249308(us) 19253 ! txn_stock_level (tpcc.cc:3398):     ERROR warehouse_id:1, cid:40387, maxbytes:2
20251110-03:35.38-249395(us) 19253 ! txn_stock_level (tpcc.cc:3398):     ERROR warehouse_id:1, cid:40387, maxbytes:2
20251110-03:35.38-249459(us) 19253 ! txn_stock_level (tpcc.cc:3398):     ERROR warehouse_id:1, cid:40387, maxbytes:2
20251110-03:35.38-251705(us) 19253 ! txn_stock_level (tpcc.cc:3398):     ERROR warehouse_id:1, cid:40387, maxbytes:2
20251110-03:35.38-287059(us) 19253 ! txn_stock_level (tpcc.cc:3398):     ERROR warehouse_id:1, cid:79591, maxbytes:2
20251110-03:35.38-287348(us) 19253 ! txn_stock_level (tpcc.cc:3398):     ERROR warehouse_id:1, cid:79591, maxbytes:2
20251110-03:35.38-287460(us) 19253 ! txn_stock_level (tpcc.cc:3398):     ERROR warehouse_id:1, cid:79591, maxbytes:2
20251110-03:35.38-287546(us) 19253 ! txn_stock_level (tpcc.cc:3398):     ERROR warehouse_id:1, cid:79591, maxbytes:2
20251110-03:35.38-289196(us) 19253 ! txn_stock_level (tpcc.cc:3398):     ERROR warehouse_id:1, cid:79591, maxbytes:2
20251110-03:35.38-289267(us) 19253 ! txn_stock_level (tpcc.cc:3398):     ERROR warehouse_id:1, cid:79591, maxbytes:2
20251110-03:35.38-289281(us) 19253 ! txn_stock_level (tpcc.cc:3398):     ERROR warehouse_id:1, cid:79591, maxbytes:2
20251110-03:35.38-290307(us) 19253 ! txn_stock_level (tpcc.cc:3398):     ERROR warehouse_id:1, cid:79591, maxbytes:2
20251110-03:35.38-290535(us) 19253 ! txn_stock_level (tpcc.cc:3398):     ERROR warehouse_id:1, cid:79591, maxbytes:2
20251110-03:35.38-290850(us) 19253 ! txn_stock_level (tpcc.cc:3398):     ERROR warehouse_id:2, cid:48863, maxbytes:2
20251110-03:35.38-290928(us) 19253 ! txn_stock_level (tpcc.cc:3398):     ERROR warehouse_id:1, cid:79591, maxbytes:2
20251110-03:35.38-291828(us) 19253 ! txn_stock_level (tpcc.cc:3398):     ERROR warehouse_id:2, cid:48863, maxbytes:2
20251110-03:35.38-291957(us) 19253 ! txn_stock_level (tpcc.cc:3398):     ERROR warehouse_id:2, cid:48863, maxbytes:2
20251110-03:35.38-292024(us) 19253 ! txn_stock_level (tpcc.cc:3398):     ERROR warehouse_id:2, cid:48863, maxbytes:2
20251110-03:35.38-292212(us) 19253 ! txn_stock_level (tpcc.cc:3398):     ERROR warehouse_id:1, cid:79591, maxbytes:2
20251110-03:35.38-292236(us) 19253 ! txn_stock_level (tpcc.cc:3398):     ERROR warehouse_id:2, cid:48863, maxbytes:2
20251110-03:35.38-292346(us) 19253 ! txn_stock_level (tpcc.cc:3398):     ERROR warehouse_id:2, cid:48863, maxbytes:2
20251110-03:35.38-292731(us) 19253 ! txn_stock_level (tpcc.cc:3398):     ERROR warehouse_id:2, cid:48863, maxbytes:2
20251110-03:35.38-294078(us) 19253 ! txn_stock_level (tpcc.cc:3398):     ERROR warehouse_id:1, cid:79591, maxbytes:2
20251110-03:35.38-295109(us) 19253 ! txn_stock_level (tpcc.cc:3398):     ERROR warehouse_id:1, cid:79591, maxbytes:2
20251110-03:35.38-295712(us) 19253 ! txn_stock_level (tpcc.cc:3398):     ERROR warehouse_id:2, cid:48863, maxbytes:2
20251110-03:35.38-295765(us) 19253 ! txn_stock_level (tpcc.cc:3398):     ERROR warehouse_id:2, cid:48863, maxbytes:2
20251110-03:35.38-295988(us) 19253 ! txn_stock_level (tpcc.cc:3398):     ERROR warehouse_id:2, cid:48863, maxbytes:2
20251110-03:35.38-296055(us) 19253 ! txn_stock_level (tpcc.cc:3398):     ERROR warehouse_id:1, cid:79591, maxbytes:2
20251110-03:35.38-296090(us) 19253 ! txn_stock_level (tpcc.cc:3398):     ERROR warehouse_id:2, cid:48863, maxbytes:2
20251110-03:35.38-296117(us) 19253 ! txn_stock_level (tpcc.cc:3398):     ERROR warehouse_id:1, cid:79591, maxbytes:2
20251110-03:35.38-296159(us) 19253 ! txn_stock_level (tpcc.cc:3398):     ERROR warehouse_id:2, cid:48863, maxbytes:2
20251110-03:35.38-297376(us) 19253 ! txn_stock_level (tpcc.cc:3398):     ERROR warehouse_id:2, cid:48863, maxbytes:2
20251110-03:35.38-297945(us) 19253 ! txn_stock_level (tpcc.cc:3398):     ERROR warehouse_id:1, cid:79591, maxbytes:2
20251110-03:35.38-298672(us) 19253 ! txn_stock_level (tpcc.cc:3398):     ERROR warehouse_id:2, cid:48863, maxbytes:2
20251110-03:35.38-299826(us) 19253 ! txn_stock_level (tpcc.cc:3398):     ERROR warehouse_id:2, cid:48863, maxbytes:2
20251110-03:35.38-299920(us) 19253 ! txn_stock_level (tpcc.cc:3398):     ERROR warehouse_id:2, cid:48863, maxbytes:2
20251110-03:35.38-300017(us) 19253 ! txn_stock_level (tpcc.cc:3398):     ERROR warehouse_id:2, cid:48863, maxbytes:2
20251110-03:35.38-300033(us) 19253 ! txn_stock_level (tpcc.cc:3398):     ERROR warehouse_id:2, cid:48863, maxbytes:2
20251110-03:35.38-300093(us) 19253 ! txn_stock_level (tpcc.cc:3398):     ERROR warehouse_id:2, cid:48863, maxbytes:2
20251110-03:35.38-300151(us) 19253 ! txn_stock_level (tpcc.cc:3398):     ERROR warehouse_id:2, cid:48863, maxbytes:2
20251110-03:35.38-300164(us) 19253 ! txn_stock_level (tpcc.cc:3398):     ERROR warehouse_id:2, cid:48863, maxbytes:2
20251110-03:35.38-300209(us) 19253 ! txn_stock_level (tpcc.cc:3398):     ERROR warehouse_id:2, cid:48863, maxbytes:2
20251110-03:35.38-300251(us) 19253 ! txn_stock_level (tpcc.cc:3398):     ERROR warehouse_id:2, cid:48863, maxbytes:2
20251110-03:35.38-300389(us) 19253 ! txn_stock_level (tpcc.cc:3398):     ERROR warehouse_id:2, cid:48863, maxbytes:2
20251110-03:35.38-300406(us) 19253 ! txn_stock_level (tpcc.cc:3398):     ERROR warehouse_id:2, cid:48863, maxbytes:2
20251110-03:35.38-300418(us) 19253 ! txn_stock_level (tpcc.cc:3398):     ERROR warehouse_id:2, cid:48863, maxbytes:2
20251110-03:35.38-300439(us) 19253 ! txn_stock_level (tpcc.cc:3398):     ERROR warehouse_id:2, cid:48863, maxbytes:2
20251110-03:35.38-301563(us) 19253 ! txn_stock_level (tpcc.cc:3398):     ERROR warehouse_id:2, cid:48863, maxbytes:2
20251110-03:35.38-302940(us) 19253 ! txn_stock_level (tpcc.cc:3398):     ERROR warehouse_id:2, cid:48863, maxbytes:2
20251110-03:35.38-302986(us) 19253 ! txn_stock_level (tpcc.cc:3398):     ERROR warehouse_id:2, cid:48863, maxbytes:2
20251110-03:35.38-303081(us) 19253 ! txn_stock_level (tpcc.cc:3398):     ERROR warehouse_id:2, cid:48863, maxbytes:2
20251110-03:35.38-312272(us) 19253 ! txn_stock_level (tpcc.cc:3398):     ERROR warehouse_id:1, cid:81479, maxbytes:2
20251110-03:35.38-313736(us) 19253 ! txn_stock_level (tpcc.cc:3398):     ERROR warehouse_id:1, cid:81479, maxbytes:2
20251110-03:35.38-314059(us) 19253 ! txn_stock_level (tpcc.cc:3398):     ERROR warehouse_id:1, cid:81479, maxbytes:2
20251110-03:35.38-314206(us) 19253 ! txn_stock_level (tpcc.cc:3398):     ERROR warehouse_id:1, cid:81479, maxbytes:2
20251110-03:35.38-314335(us) 19253 ! txn_stock_level (tpcc.cc:3398):     ERROR warehouse_id:1, cid:81479, maxbytes:2
20251110-03:35.38-315216(us) 19253 ! txn_stock_level (tpcc.cc:3398):     ERROR warehouse_id:1, cid:81479, maxbytes:2
20251110-03:35.38-315245(us) 19253 ! txn_stock_level (tpcc.cc:3398):     ERROR warehouse_id:1, cid:81479, maxbytes:2
20251110-03:35.38-522716(us) 19253 ! txn_stock_level (tpcc.cc:3398):     ERROR warehouse_id:2, cid:16101, maxbytes:2
20251110-03:35.38-522961(us) 19253 ! txn_stock_level (tpcc.cc:3398):     ERROR warehouse_id:2, cid:16101, maxbytes:2
20251110-03:35.38-522981(us) 19253 ! txn_stock_level (tpcc.cc:3398):     ERROR warehouse_id:2, cid:16101, maxbytes:2
20251110-03:35.38-695371(us) 19253 ! txn_stock_level (tpcc.cc:3398):     ERROR warehouse_id:1, cid:65247, maxbytes:2
20251110-03:35.38-696336(us) 19253 ! txn_stock_level (tpcc.cc:3398):     ERROR warehouse_id:1, cid:65247, maxbytes:2
20251110-03:35.38-696394(us) 19253 ! txn_stock_level (tpcc.cc:3398):     ERROR warehouse_id:1, cid:65247, maxbytes:2
20251110-03:35.38-696433(us) 19253 ! txn_stock_level (tpcc.cc:3398):     ERROR warehouse_id:1, cid:65247, maxbytes:2
20251110-03:35.38-696480(us) 19253 ! txn_stock_level (tpcc.cc:3398):     ERROR warehouse_id:1, cid:65247, maxbytes:2
20251110-03:35.38-696498(us) 19253 ! txn_stock_level (tpcc.cc:3398):     ERROR warehouse_id:1, cid:65247, maxbytes:2
20251110-03:35.38-696516(us) 19253 ! txn_stock_level (tpcc.cc:3398):     ERROR warehouse_id:1, cid:65247, maxbytes:2
20251110-03:35.38-788999(us) 19253 ! txn_stock_level (tpcc.cc:3398):     ERROR warehouse_id:2, cid:38631, maxbytes:2
20251110-03:35.38-789141(us) 19253 ! txn_stock_level (tpcc.cc:3398):     ERROR warehouse_id:2, cid:38631, maxbytes:2
20251110-03:35.38-790356(us) 19253 ! txn_stock_level (tpcc.cc:3398):     ERROR warehouse_id:2, cid:38631, maxbytes:2
20251110-03:35.38-790390(us) 19253 ! txn_stock_level (tpcc.cc:3398):     ERROR warehouse_id:2, cid:38631, maxbytes:2
20251110-03:35.38-790470(us) 19253 ! txn_stock_level (tpcc.cc:3398):     ERROR warehouse_id:2, cid:38631, maxbytes:2
20251110-03:35.38-790533(us) 19253 ! txn_stock_level (tpcc.cc:3398):     ERROR warehouse_id:2, cid:38631, maxbytes:2
20251110-03:35.38-835600(us) 19253 ! txn_stock_level (tpcc.cc:3398):     ERROR warehouse_id:1, cid:48743, maxbytes:2
20251110-03:35.38-835633(us) 19253 ! txn_stock_level (tpcc.cc:3398):     ERROR warehouse_id:1, cid:48743, maxbytes:2
20251110-03:35.38-931236(us) 19253 ! txn_stock_level (tpcc.cc:3398):     ERROR warehouse_id:2, cid:56547, maxbytes:2
20251110-03:35.38-931296(us) 19253 ! txn_stock_level (tpcc.cc:3398):     ERROR warehouse_id:2, cid:56547, maxbytes:2
20251110-03:35.38-931347(us) 19253 ! txn_stock_level (tpcc.cc:3398):     ERROR warehouse_id:2, cid:56547, maxbytes:2
20251110-03:35.38-935866(us) 19253 ! txn_stock_level (tpcc.cc:3398):     ERROR warehouse_id:2, cid:56547, maxbytes:2
20251110-03:35.38-935916(us) 19253 ! txn_stock_level (tpcc.cc:3398):     ERROR warehouse_id:2, cid:56547, maxbytes:2
20251110-03:35.38-936178(us) 19253 ! txn_stock_level (tpcc.cc:3398):     ERROR warehouse_id:2, cid:56547, maxbytes:2
20251110-03:35.38-936345(us) 19253 ! txn_stock_level (tpcc.cc:3398):     ERROR warehouse_id:2, cid:56547, maxbytes:2
20251110-03:35.38-938212(us) 19253 ! txn_stock_level (tpcc.cc:3398):     ERROR warehouse_id:2, cid:56547, maxbytes:2
20251110-03:35.38-940397(us) 19253 ! txn_stock_level (tpcc.cc:3398):     ERROR warehouse_id:2, cid:56547, maxbytes:2
20251110-03:35.38-941389(us) 19253 ! txn_stock_level (tpcc.cc:3398):     ERROR warehouse_id:2, cid:56547, maxbytes:2
20251110-03:35.38-941651(us) 19253 ! txn_stock_level (tpcc.cc:3398):     ERROR warehouse_id:2, cid:56547, maxbytes:2
20251110-03:35.38-942980(us) 19253 ! txn_stock_level (tpcc.cc:3398):     ERROR warehouse_id:2, cid:56547, maxbytes:2
20251110-03:35.38-943168(us) 19253 ! txn_stock_level (tpcc.cc:3398):     ERROR warehouse_id:2, cid:56547, maxbytes:2
20251110-03:35.38-944168(us) 19253 ! txn_stock_level (tpcc.cc:3398):     ERROR warehouse_id:2, cid:56547, maxbytes:2
20251110-03:35.38-944214(us) 19253 ! txn_stock_level (tpcc.cc:3398):     ERROR warehouse_id:2, cid:56547, maxbytes:2
20251110-03:35.38-944353(us) 19253 ! txn_stock_level (tpcc.cc:3398):     ERROR warehouse_id:2, cid:56547, maxbytes:2
20251110-03:35.39-96634(us) 19253 ! txn_stock_level (tpcc.cc:3398):     ERROR warehouse_id:2, cid:57063, maxbytes:2
20251110-03:35.39-96738(us) 19253 ! txn_stock_level (tpcc.cc:3398):     ERROR warehouse_id:2, cid:57063, maxbytes:2
20251110-03:35.39-96802(us) 19253 ! txn_stock_level (tpcc.cc:3398):     ERROR warehouse_id:2, cid:57063, maxbytes:2
20251110-03:35.39-97798(us) 19253 ! txn_stock_level (tpcc.cc:3398):     ERROR warehouse_id:2, cid:57063, maxbytes:2
20251110-03:35.39-97858(us) 19253 ! txn_stock_level (tpcc.cc:3398):     ERROR warehouse_id:2, cid:57063, maxbytes:2
20251110-03:35.39-97977(us) 19253 ! txn_stock_level (tpcc.cc:3398):     ERROR warehouse_id:2, cid:57063, maxbytes:2
20251110-03:35.39-98022(us) 19253 ! txn_stock_level (tpcc.cc:3398):     ERROR warehouse_id:2, cid:57063, maxbytes:2
20251110-03:35.39-98115(us) 19253 ! txn_stock_level (tpcc.cc:3398):     ERROR warehouse_id:2, cid:57063, maxbytes:2
20251110-03:35.39-98258(us) 19253 ! txn_stock_level (tpcc.cc:3398):     ERROR warehouse_id:2, cid:57063, maxbytes:2
20251110-03:35.39-99404(us) 19253 ! txn_stock_level (tpcc.cc:3398):     ERROR warehouse_id:2, cid:57063, maxbytes:2
20251110-03:35.39-99527(us) 19253 ! txn_stock_level (tpcc.cc:3398):     ERROR warehouse_id:2, cid:57063, maxbytes:2
20251110-03:35.39-101450(us) 19253 ! txn_stock_level (tpcc.cc:3398):     ERROR warehouse_id:2, cid:57063, maxbytes:2
20251110-03:35.39-101499(us) 19253 ! txn_stock_level (tpcc.cc:3398):     ERROR warehouse_id:2, cid:57063, maxbytes:2
20251110-03:35.39-101530(us) 19253 ! txn_stock_level (tpcc.cc:3398):     ERROR warehouse_id:2, cid:57063, maxbytes:2
20251110-03:35.39-101709(us) 19253 ! txn_stock_level (tpcc.cc:3398):     ERROR warehouse_id:2, cid:57063, maxbytes:2
20251110-03:35.39-101758(us) 19253 ! txn_stock_level (tpcc.cc:3398):     ERROR warehouse_id:2, cid:57063, maxbytes:2
20251110-03:35.39-101776(us) 19253 ! txn_stock_level (tpcc.cc:3398):     ERROR warehouse_id:2, cid:57063, maxbytes:2
20251110-03:35.39-101834(us) 19253 ! txn_stock_level (tpcc.cc:3398):     ERROR warehouse_id:2, cid:57063, maxbytes:2
20251110-03:35.39-101885(us) 19253 ! txn_stock_level (tpcc.cc:3398):     ERROR warehouse_id:2, cid:57063, maxbytes:2
20251110-03:35.39-102004(us) 19253 ! txn_stock_level (tpcc.cc:3398):     ERROR warehouse_id:2, cid:57063, maxbytes:2
20251110-03:35.39-102047(us) 19253 ! txn_stock_level (tpcc.cc:3398):     ERROR warehouse_id:2, cid:57063, maxbytes:2
20251110-03:35.39-102150(us) 19253 ! txn_stock_level (tpcc.cc:3398):     ERROR warehouse_id:2, cid:57063, maxbytes:2
20251110-03:35.39-102162(us) 19253 ! txn_stock_level (tpcc.cc:3398):     ERROR warehouse_id:2, cid:57063, maxbytes:2
20251110-03:35.39-102177(us) 19253 ! txn_stock_level (tpcc.cc:3398):     ERROR warehouse_id:2, cid:57063, maxbytes:2
20251110-03:35.39-103228(us) 19253 ! txn_stock_level (tpcc.cc:3398):     ERROR warehouse_id:2, cid:57063, maxbytes:2
20251110-03:35.39-103271(us) 19253 ! txn_stock_level (tpcc.cc:3398):     ERROR warehouse_id:2, cid:57063, maxbytes:2
20251110-03:35.39-103309(us) 19253 ! txn_stock_level (tpcc.cc:3398):     ERROR warehouse_id:2, cid:57063, maxbytes:2
20251110-03:35.39-103388(us) 19253 ! txn_stock_level (tpcc.cc:3398):     ERROR warehouse_id:2, cid:57063, maxbytes:2
20251110-03:35.39-103465(us) 19253 ! txn_stock_level (tpcc.cc:3398):     ERROR warehouse_id:2, cid:57063, maxbytes:2
20251110-03:35.39-104779(us) 19253 ! txn_stock_level (tpcc.cc:3398):     ERROR warehouse_id:2, cid:57063, maxbytes:2
20251110-03:35.39-105263(us) 19253 ! txn_stock_level (tpcc.cc:3398):     ERROR warehouse_id:2, cid:57063, maxbytes:2
20251110-03:35.39-105284(us) 19253 ! txn_stock_level (tpcc.cc:3398):     ERROR warehouse_id:2, cid:57063, maxbytes:2
20251110-03:35.39-105417(us) 19253 ! txn_stock_level (tpcc.cc:3398):     ERROR warehouse_id:2, cid:57063, maxbytes:2
20251110-03:35.39-106551(us) 19253 ! txn_stock_level (tpcc.cc:3398):     ERROR warehouse_id:2, cid:57063, maxbytes:2
20251110-03:35.39-106599(us) 19253 ! txn_stock_level (tpcc.cc:3398):     ERROR warehouse_id:2, cid:57063, maxbytes:2
20251110-03:35.39-106727(us) 19253 ! txn_stock_level (tpcc.cc:3398):     ERROR warehouse_id:2, cid:57063, maxbytes:2
20251110-03:35.39-106748(us) 19253 ! txn_stock_level (tpcc.cc:3398):     ERROR warehouse_id:2, cid:57063, maxbytes:2
20251110-03:35.39-106762(us) 19253 ! txn_stock_level (tpcc.cc:3398):     ERROR warehouse_id:2, cid:57063, maxbytes:2
20251110-03:35.39-108345(us) 19253 ! txn_stock_level (tpcc.cc:3398):     ERROR warehouse_id:2, cid:57063, maxbytes:2
20251110-03:35.39-108568(us) 19253 ! txn_stock_level (tpcc.cc:3398):     ERROR warehouse_id:2, cid:57063, maxbytes:2
20251110-03:35.39-109772(us) 19253 ! txn_stock_level (tpcc.cc:3398):     ERROR warehouse_id:2, cid:57063, maxbytes:2
20251110-03:35.39-110051(us) 19253 ! txn_stock_level (tpcc.cc:3398):     ERROR warehouse_id:2, cid:57063, maxbytes:2
20251110-03:35.39-110070(us) 19253 ! txn_stock_level (tpcc.cc:3398):     ERROR warehouse_id:2, cid:57063, maxbytes:2
20251110-03:35.39-110166(us) 19253 ! txn_stock_level (tpcc.cc:3398):     ERROR warehouse_id:2, cid:57063, maxbytes:2
20251110-03:35.39-110383(us) 19253 ! txn_stock_level (tpcc.cc:3398):     ERROR warehouse_id:2, cid:57063, maxbytes:2
20251110-03:35.39-110457(us) 19253 ! txn_stock_level (tpcc.cc:3398):     ERROR warehouse_id:2, cid:57063, maxbytes:2
20251110-03:35.39-110466(us) 19253 ! txn_stock_level (tpcc.cc:3398):     ERROR warehouse_id:2, cid:57063, maxbytes:2
20251110-03:35.39-111492(us) 19253 ! txn_stock_level (tpcc.cc:3398):     ERROR warehouse_id:2, cid:57063, maxbytes:2
20251110-03:35.39-112476(us) 19253 ! txn_stock_level (tpcc.cc:3398):     ERROR warehouse_id:2, cid:57063, maxbytes:2
20251110-03:35.39-113518(us) 19253 ! txn_stock_level (tpcc.cc:3398):     ERROR warehouse_id:2, cid:57063, maxbytes:2
20251110-03:35.39-114413(us) 19253 ! txn_stock_level (tpcc.cc:3398):     ERROR warehouse_id:2, cid:57063, maxbytes:2
20251110-03:35.39-114471(us) 19253 ! txn_stock_level (tpcc.cc:3398):     ERROR warehouse_id:2, cid:57063, maxbytes:2
20251110-03:35.39-114574(us) 19253 ! txn_stock_level (tpcc.cc:3398):     ERROR warehouse_id:2, cid:57063, maxbytes:2
20251110-03:35.39-115542(us) 19253 ! txn_stock_level (tpcc.cc:3398):     ERROR warehouse_id:2, cid:57063, maxbytes:2
20251110-03:35.39-115642(us) 19253 ! txn_stock_level (tpcc.cc:3398):     ERROR warehouse_id:2, cid:57063, maxbytes:2
20251110-03:35.39-115745(us) 19253 ! txn_stock_level (tpcc.cc:3398):     ERROR warehouse_id:2, cid:57063, maxbytes:2
20251110-03:35.39-118036(us) 19253 ! txn_stock_level (tpcc.cc:3398):     ERROR warehouse_id:2, cid:57063, maxbytes:2
20251110-03:35.39-118107(us) 19253 ! txn_stock_level (tpcc.cc:3398):     ERROR warehouse_id:2, cid:57063, maxbytes:2
20251110-03:35.39-118265(us) 19253 ! txn_stock_level (tpcc.cc:3398):     ERROR warehouse_id:2, cid:57063, maxbytes:2
20251110-03:35.39-188557(us) 19253 ! run             (bench.cc:473):     runtime time left:17000 ms, bool:1
20251110-03:35.39-269417(us) 19253 ! txn_stock_level (tpcc.cc:3398):     ERROR warehouse_id:2, cid:24291, maxbytes:2
20251110-03:35.39-269454(us) 19253 ! txn_stock_level (tpcc.cc:3398):     ERROR warehouse_id:2, cid:24291, maxbytes:2
20251110-03:35.39-269522(us) 19253 ! txn_stock_level (tpcc.cc:3398):     ERROR warehouse_id:2, cid:24291, maxbytes:2
20251110-03:35.39-269532(us) 19253 ! txn_stock_level (tpcc.cc:3398):     ERROR warehouse_id:2, cid:24291, maxbytes:2
20251110-03:35.39-269552(us) 19253 ! txn_stock_level (tpcc.cc:3398):     ERROR warehouse_id:2, cid:24291, maxbytes:2
20251110-03:35.39-269566(us) 19253 ! txn_stock_level (tpcc.cc:3398):     ERROR warehouse_id:2, cid:24291, maxbytes:2
20251110-03:35.39-269684(us) 19253 ! txn_stock_level (tpcc.cc:3398):     ERROR warehouse_id:2, cid:24291, maxbytes:2
20251110-03:35.39-271658(us) 19253 ! txn_stock_level (tpcc.cc:3398):     ERROR warehouse_id:2, cid:24291, maxbytes:2
20251110-03:35.39-272764(us) 19253 ! txn_stock_level (tpcc.cc:3398):     ERROR warehouse_id:2, cid:24291, maxbytes:2
20251110-03:35.39-273695(us) 19253 ! txn_stock_level (tpcc.cc:3398):     ERROR warehouse_id:2, cid:24291, maxbytes:2
20251110-03:35.39-273723(us) 19253 ! txn_stock_level (tpcc.cc:3398):     ERROR warehouse_id:2, cid:24291, maxbytes:2
20251110-03:35.39-273827(us) 19253 ! txn_stock_level (tpcc.cc:3398):     ERROR warehouse_id:2, cid:24291, maxbytes:2
20251110-03:35.39-273843(us) 19253 ! txn_stock_level (tpcc.cc:3398):     ERROR warehouse_id:2, cid:24291, maxbytes:2
20251110-03:35.39-274700(us) 19253 ! txn_stock_level (tpcc.cc:3398):     ERROR warehouse_id:2, cid:24291, maxbytes:2
20251110-03:35.39-301160(us) 19253 ! txn_stock_level (tpcc.cc:3398):     ERROR warehouse_id:2, cid:89829, maxbytes:2
20251110-03:35.39-301196(us) 19253 ! txn_stock_level (tpcc.cc:3398):     ERROR warehouse_id:2, cid:89829, maxbytes:2
20251110-03:35.39-301255(us) 19253 ! txn_stock_level (tpcc.cc:3398):     ERROR warehouse_id:2, cid:89829, maxbytes:2
20251110-03:35.39-301281(us) 19253 ! txn_stock_level (tpcc.cc:3398):     ERROR warehouse_id:2, cid:89829, maxbytes:2
20251110-03:35.39-301298(us) 19253 ! txn_stock_level (tpcc.cc:3398):     ERROR warehouse_id:2, cid:89829, maxbytes:2
20251110-03:35.39-301416(us) 19253 ! txn_stock_level (tpcc.cc:3398):     ERROR warehouse_id:2, cid:89829, maxbytes:2
20251110-03:35.39-301473(us) 19253 ! txn_stock_level (tpcc.cc:3398):     ERROR warehouse_id:2, cid:89829, maxbytes:2
20251110-03:35.39-301565(us) 19253 ! txn_stock_level (tpcc.cc:3398):     ERROR warehouse_id:2, cid:89829, maxbytes:2
20251110-03:35.39-301729(us) 19253 ! txn_stock_level (tpcc.cc:3398):     ERROR warehouse_id:2, cid:89829, maxbytes:2
20251110-03:35.39-302934(us) 19253 ! txn_stock_level (tpcc.cc:3398):     ERROR warehouse_id:2, cid:89829, maxbytes:2
20251110-03:35.39-302966(us) 19253 ! txn_stock_level (tpcc.cc:3398):     ERROR warehouse_id:2, cid:89829, maxbytes:2
20251110-03:35.39-304275(us) 19253 ! txn_stock_level (tpcc.cc:3398):     ERROR warehouse_id:2, cid:89829, maxbytes:2
20251110-03:35.39-323073(us) 19253 ! txn_stock_level (tpcc.cc:3398):     ERROR warehouse_id:1, cid:48359, maxbytes:2
20251110-03:35.39-323123(us) 19253 ! txn_stock_level (tpcc.cc:3398):     ERROR warehouse_id:1, cid:48359, maxbytes:2
20251110-03:35.39-323267(us) 19253 ! txn_stock_level (tpcc.cc:3398):     ERROR warehouse_id:1, cid:48359, maxbytes:2
20251110-03:35.39-323574(us) 19253 ! txn_stock_level (tpcc.cc:3398):     ERROR warehouse_id:1, cid:48359, maxbytes:2
20251110-03:35.39-323614(us) 19253 ! txn_stock_level (tpcc.cc:3398):     ERROR warehouse_id:1, cid:48359, maxbytes:2
20251110-03:35.39-324650(us) 19253 ! txn_stock_level (tpcc.cc:3398):     ERROR warehouse_id:1, cid:48359, maxbytes:2
20251110-03:35.39-329330(us) 19253 ! txn_stock_level (tpcc.cc:3398):     ERROR warehouse_id:1, cid:48359, maxbytes:2
20251110-03:35.39-329356(us) 19253 ! txn_stock_level (tpcc.cc:3398):     ERROR warehouse_id:1, cid:48359, maxbytes:2
20251110-03:35.39-330993(us) 19253 ! txn_stock_level (tpcc.cc:3398):     ERROR warehouse_id:1, cid:48359, maxbytes:2
20251110-03:35.39-331026(us) 19253 ! txn_stock_level (tpcc.cc:3398):     ERROR warehouse_id:1, cid:48359, maxbytes:2
20251110-03:35.39-332125(us) 19253 ! txn_stock_level (tpcc.cc:3398):     ERROR warehouse_id:1, cid:48359, maxbytes:2
20251110-03:35.39-332216(us) 19253 ! txn_stock_level (tpcc.cc:3398):     ERROR warehouse_id:1, cid:48359, maxbytes:2
20251110-03:35.39-332284(us) 19253 ! txn_stock_level (tpcc.cc:3398):     ERROR warehouse_id:1, cid:48359, maxbytes:2
20251110-03:35.39-334105(us) 19253 ! txn_stock_level (tpcc.cc:3398):     ERROR warehouse_id:1, cid:48359, maxbytes:2
20251110-03:35.39-334125(us) 19253 ! txn_stock_level (tpcc.cc:3398):     ERROR warehouse_id:1, cid:48359, maxbytes:2
20251110-03:35.39-334149(us) 19253 ! txn_stock_level (tpcc.cc:3398):     ERROR warehouse_id:1, cid:48359, maxbytes:2
20251110-03:35.39-335244(us) 19253 ! txn_stock_level (tpcc.cc:3398):     ERROR warehouse_id:1, cid:48359, maxbytes:2
20251110-03:35.39-335372(us) 19253 ! txn_stock_level (tpcc.cc:3398):     ERROR warehouse_id:1, cid:48359, maxbytes:2
20251110-03:35.39-335381(us) 19253 ! txn_stock_level (tpcc.cc:3398):     ERROR warehouse_id:1, cid:48359, maxbytes:2
20251110-03:35.39-335538(us) 19253 ! txn_stock_level (tpcc.cc:3398):     ERROR warehouse_id:1, cid:48359, maxbytes:2
20251110-03:35.39-348701(us) 19253 ! txn_stock_level (tpcc.cc:3398):     ERROR warehouse_id:1, cid:40679, maxbytes:2
20251110-03:35.39-398361(us) 19253 ! txn_stock_level (tpcc.cc:3398):     ERROR warehouse_id:2, cid:30431, maxbytes:2
20251110-03:35.39-398444(us) 19253 ! txn_stock_level (tpcc.cc:3398):     ERROR warehouse_id:2, cid:30431, maxbytes:2
20251110-03:35.39-398495(us) 19253 ! txn_stock_level (tpcc.cc:3398):     ERROR warehouse_id:2, cid:30431, maxbytes:2
20251110-03:35.39-399591(us) 19253 ! txn_stock_level (tpcc.cc:3398):     ERROR warehouse_id:2, cid:30431, maxbytes:2
20251110-03:35.39-399890(us) 19253 ! txn_stock_level (tpcc.cc:3398):     ERROR warehouse_id:2, cid:30431, maxbytes:2
20251110-03:35.39-399926(us) 19253 ! txn_stock_level (tpcc.cc:3398):     ERROR warehouse_id:2, cid:30431, maxbytes:2
20251110-03:35.39-400260(us) 19253 ! txn_stock_level (tpcc.cc:3398):     ERROR warehouse_id:2, cid:30431, maxbytes:2
20251110-03:35.39-400341(us) 19253 ! txn_stock_level (tpcc.cc:3398):     ERROR warehouse_id:2, cid:30431, maxbytes:2
20251110-03:35.39-401317(us) 19253 ! txn_stock_level (tpcc.cc:3398):     ERROR warehouse_id:2, cid:30431, maxbytes:2
20251110-03:35.39-401365(us) 19253 ! txn_stock_level (tpcc.cc:3398):     ERROR warehouse_id:2, cid:30431, maxbytes:2
20251110-03:35.39-401538(us) 19253 ! txn_stock_level (tpcc.cc:3398):     ERROR warehouse_id:2, cid:30431, maxbytes:2
20251110-03:35.39-401686(us) 19253 ! txn_stock_level (tpcc.cc:3398):     ERROR warehouse_id:2, cid:30431, maxbytes:2
20251110-03:35.39-401889(us) 19253 ! txn_stock_level (tpcc.cc:3398):     ERROR warehouse_id:2, cid:30431, maxbytes:2
20251110-03:35.39-401911(us) 19253 ! txn_stock_level (tpcc.cc:3398):     ERROR warehouse_id:2, cid:30431, maxbytes:2
20251110-03:35.39-402072(us) 19253 ! txn_stock_level (tpcc.cc:3398):     ERROR warehouse_id:2, cid:30431, maxbytes:2
20251110-03:35.39-405244(us) 19253 ! txn_stock_level (tpcc.cc:3398):     ERROR warehouse_id:2, cid:30431, maxbytes:2
20251110-03:35.39-405276(us) 19253 ! txn_stock_level (tpcc.cc:3398):     ERROR warehouse_id:2, cid:30431, maxbytes:2
20251110-03:35.39-405456(us) 19253 ! txn_stock_level (tpcc.cc:3398):     ERROR warehouse_id:2, cid:30431, maxbytes:2
20251110-03:35.39-405638(us) 19253 ! txn_stock_level (tpcc.cc:3398):     ERROR warehouse_id:2, cid:30431, maxbytes:2
20251110-03:35.39-405658(us) 19253 ! txn_stock_level (tpcc.cc:3398):     ERROR warehouse_id:2, cid:30431, maxbytes:2
20251110-03:35.39-406960(us) 19253 ! txn_stock_level (tpcc.cc:3398):     ERROR warehouse_id:2, cid:30431, maxbytes:2
20251110-03:35.39-407082(us) 19253 ! txn_stock_level (tpcc.cc:3398):     ERROR warehouse_id:2, cid:30431, maxbytes:2
20251110-03:35.39-407399(us) 19253 ! txn_stock_level (tpcc.cc:3398):     ERROR warehouse_id:2, cid:30431, maxbytes:2
20251110-03:35.39-407759(us) 19253 ! txn_stock_level (tpcc.cc:3398):     ERROR warehouse_id:2, cid:89703, maxbytes:2
20251110-03:35.39-407798(us) 19253 ! txn_stock_level (tpcc.cc:3398):     ERROR warehouse_id:2, cid:30431, maxbytes:2
20251110-03:35.39-407874(us) 19253 ! txn_stock_level (tpcc.cc:3398):     ERROR warehouse_id:2, cid:89703, maxbytes:2
20251110-03:35.39-408020(us) 19253 ! txn_stock_level (tpcc.cc:3398):     ERROR warehouse_id:2, cid:89703, maxbytes:2
20251110-03:35.39-408047(us) 19253 ! txn_stock_level (tpcc.cc:3398):     ERROR warehouse_id:2, cid:89703, maxbytes:2
20251110-03:35.39-409257(us) 19253 ! txn_stock_level (tpcc.cc:3398):     ERROR warehouse_id:2, cid:89703, maxbytes:2
20251110-03:35.39-409299(us) 19253 ! txn_stock_level (tpcc.cc:3398):     ERROR warehouse_id:2, cid:81639, maxbytes:2
20251110-03:35.39-409369(us) 19253 ! txn_stock_level (tpcc.cc:3398):     ERROR warehouse_id:2, cid:89703, maxbytes:2
20251110-03:35.39-409390(us) 19253 ! txn_stock_level (tpcc.cc:3398):     ERROR warehouse_id:2, cid:30431, maxbytes:2
20251110-03:35.39-409416(us) 19253 ! txn_stock_level (tpcc.cc:3398):     ERROR warehouse_id:2, cid:30431, maxbytes:2
20251110-03:35.39-409426(us) 19253 ! txn_stock_level (tpcc.cc:3398):     ERROR warehouse_id:2, cid:89703, maxbytes:2
20251110-03:35.39-410842(us) 19253 ! txn_stock_level (tpcc.cc:3398):     ERROR warehouse_id:2, cid:30431, maxbytes:2
20251110-03:35.39-410900(us) 19253 ! txn_stock_level (tpcc.cc:3398):     ERROR warehouse_id:2, cid:30431, maxbytes:2
20251110-03:35.39-410978(us) 19253 ! txn_stock_level (tpcc.cc:3398):     ERROR warehouse_id:2, cid:89703, maxbytes:2
20251110-03:35.39-410996(us) 19253 ! txn_stock_level (tpcc.cc:3398):     ERROR warehouse_id:2, cid:30431, maxbytes:2
20251110-03:35.39-411069(us) 19253 ! txn_stock_level (tpcc.cc:3398):     ERROR warehouse_id:2, cid:89703, maxbytes:2
20251110-03:35.39-411137(us) 19253 ! txn_stock_level (tpcc.cc:3398):     ERROR warehouse_id:2, cid:30431, maxbytes:2
20251110-03:35.39-411153(us) 19253 ! txn_stock_level (tpcc.cc:3398):     ERROR warehouse_id:2, cid:89703, maxbytes:2
20251110-03:35.39-411196(us) 19253 ! txn_stock_level (tpcc.cc:3398):     ERROR warehouse_id:2, cid:30431, maxbytes:2
20251110-03:35.39-411208(us) 19253 ! txn_stock_level (tpcc.cc:3398):     ERROR warehouse_id:2, cid:89703, maxbytes:2
20251110-03:35.39-411320(us) 19253 ! txn_stock_level (tpcc.cc:3398):     ERROR warehouse_id:2, cid:89703, maxbytes:2
20251110-03:35.39-411368(us) 19253 ! txn_stock_level (tpcc.cc:3398):     ERROR warehouse_id:2, cid:30431, maxbytes:2
20251110-03:35.39-412394(us) 19253 ! txn_stock_level (tpcc.cc:3398):     ERROR warehouse_id:2, cid:30431, maxbytes:2
20251110-03:35.39-413298(us) 19253 ! txn_stock_level (tpcc.cc:3398):     ERROR warehouse_id:2, cid:30431, maxbytes:2
20251110-03:35.39-413328(us) 19253 ! txn_stock_level (tpcc.cc:3398):     ERROR warehouse_id:2, cid:89703, maxbytes:2
20251110-03:35.39-414124(us) 19253 ! txn_stock_level (tpcc.cc:3398):     ERROR warehouse_id:2, cid:89703, maxbytes:2
20251110-03:35.39-414156(us) 19253 ! txn_stock_level (tpcc.cc:3398):     ERROR warehouse_id:2, cid:30431, maxbytes:2
20251110-03:35.39-414270(us) 19253 ! txn_stock_level (tpcc.cc:3398):     ERROR warehouse_id:2, cid:30431, maxbytes:2
20251110-03:35.39-414282(us) 19253 ! txn_stock_level (tpcc.cc:3398):     ERROR warehouse_id:2, cid:89703, maxbytes:2
20251110-03:35.39-414304(us) 19253 ! txn_stock_level (tpcc.cc:3398):     ERROR warehouse_id:2, cid:30431, maxbytes:2
20251110-03:35.39-414316(us) 19253 ! txn_stock_level (tpcc.cc:3398):     ERROR warehouse_id:2, cid:30431, maxbytes:2
20251110-03:35.39-416317(us) 19253 ! txn_stock_level (tpcc.cc:3398):     ERROR warehouse_id:2, cid:30431, maxbytes:2
20251110-03:35.39-416341(us) 19253 ! txn_stock_level (tpcc.cc:3398):     ERROR warehouse_id:2, cid:89703, maxbytes:2
20251110-03:35.39-416425(us) 19253 ! txn_stock_level (tpcc.cc:3398):     ERROR warehouse_id:2, cid:89703, maxbytes:2
20251110-03:35.39-416455(us) 19253 ! txn_stock_level (tpcc.cc:3398):     ERROR warehouse_id:2, cid:89703, maxbytes:2
20251110-03:35.39-416464(us) 19253 ! txn_stock_level (tpcc.cc:3398):     ERROR warehouse_id:2, cid:89703, maxbytes:2
20251110-03:35.39-416474(us) 19253 ! txn_stock_level (tpcc.cc:3398):     ERROR warehouse_id:2, cid:30431, maxbytes:2
20251110-03:35.39-417346(us) 19253 ! txn_stock_level (tpcc.cc:3398):     ERROR warehouse_id:2, cid:30431, maxbytes:2
20251110-03:35.39-535750(us) 19253 ! txn_stock_level (tpcc.cc:3398):     ERROR warehouse_id:1, cid:48359, maxbytes:2
20251110-03:35.39-535826(us) 19253 ! txn_stock_level (tpcc.cc:3398):     ERROR warehouse_id:1, cid:48359, maxbytes:2
20251110-03:35.39-536041(us) 19253 ! txn_stock_level (tpcc.cc:3398):     ERROR warehouse_id:1, cid:48359, maxbytes:2
20251110-03:35.39-536067(us) 19253 ! txn_stock_level (tpcc.cc:3398):     ERROR warehouse_id:1, cid:48359, maxbytes:2
20251110-03:35.39-536411(us) 19253 ! txn_stock_level (tpcc.cc:3398):     ERROR warehouse_id:1, cid:48359, maxbytes:2
20251110-03:35.39-537347(us) 19253 ! txn_stock_level (tpcc.cc:3398):     ERROR warehouse_id:1, cid:48359, maxbytes:2
20251110-03:35.39-538275(us) 19253 ! txn_stock_level (tpcc.cc:3398):     ERROR warehouse_id:1, cid:48359, maxbytes:2
20251110-03:35.39-538310(us) 19253 ! txn_stock_level (tpcc.cc:3398):     ERROR warehouse_id:1, cid:48359, maxbytes:2
20251110-03:35.39-539275(us) 19253 ! txn_stock_level (tpcc.cc:3398):     ERROR warehouse_id:1, cid:48359, maxbytes:2
20251110-03:35.39-545413(us) 19253 ! txn_stock_level (tpcc.cc:3398):     ERROR warehouse_id:1, cid:40659, maxbytes:2
20251110-03:35.39-546442(us) 19253 ! txn_stock_level (tpcc.cc:3398):     ERROR warehouse_id:1, cid:40659, maxbytes:2
20251110-03:35.39-546487(us) 19253 ! txn_stock_level (tpcc.cc:3398):     ERROR warehouse_id:1, cid:40659, maxbytes:2
20251110-03:35.39-546551(us) 19253 ! txn_stock_level (tpcc.cc:3398):     ERROR warehouse_id:1, cid:40659, maxbytes:2
20251110-03:35.39-546629(us) 19253 ! txn_stock_level (tpcc.cc:3398):     ERROR warehouse_id:1, cid:40659, maxbytes:2
20251110-03:35.39-546952(us) 19253 ! txn_stock_level (tpcc.cc:3398):     ERROR warehouse_id:1, cid:40659, maxbytes:2
20251110-03:35.39-547252(us) 19253 ! txn_stock_level (tpcc.cc:3398):     ERROR warehouse_id:1, cid:40659, maxbytes:2
20251110-03:35.39-548208(us) 19253 ! txn_stock_level (tpcc.cc:3398):     ERROR warehouse_id:1, cid:40659, maxbytes:2
20251110-03:35.39-548227(us) 19253 ! txn_stock_level (tpcc.cc:3398):     ERROR warehouse_id:1, cid:40659, maxbytes:2
20251110-03:35.39-551367(us) 19253 ! txn_stock_level (tpcc.cc:3398):     ERROR warehouse_id:1, cid:40659, maxbytes:2
20251110-03:35.39-553267(us) 19253 ! txn_stock_level (tpcc.cc:3398):     ERROR warehouse_id:1, cid:40659, maxbytes:2
20251110-03:35.39-553345(us) 19253 ! txn_stock_level (tpcc.cc:3398):     ERROR warehouse_id:1, cid:40659, maxbytes:2
20251110-03:35.39-554413(us) 19253 ! txn_stock_level (tpcc.cc:3398):     ERROR warehouse_id:1, cid:40659, maxbytes:2
20251110-03:35.39-554491(us) 19253 ! txn_stock_level (tpcc.cc:3398):     ERROR warehouse_id:1, cid:40659, maxbytes:2
20251110-03:35.39-618095(us) 19253 ! txn_stock_level (tpcc.cc:3398):     ERROR warehouse_id:1, cid:97991, maxbytes:2
20251110-03:35.39-618354(us) 19253 ! txn_stock_level (tpcc.cc:3398):     ERROR warehouse_id:1, cid:97991, maxbytes:2
20251110-03:35.39-619227(us) 19253 ! txn_stock_level (tpcc.cc:3398):     ERROR warehouse_id:1, cid:97991, maxbytes:2
20251110-03:35.39-619258(us) 19253 ! txn_stock_level (tpcc.cc:3398):     ERROR warehouse_id:1, cid:97991, maxbytes:2
20251110-03:35.39-621135(us) 19253 ! txn_stock_level (tpcc.cc:3398):     ERROR warehouse_id:1, cid:97991, maxbytes:2
20251110-03:35.39-622130(us) 19253 ! txn_stock_level (tpcc.cc:3398):     ERROR warehouse_id:1, cid:97991, maxbytes:2
20251110-03:35.39-622203(us) 19253 ! txn_stock_level (tpcc.cc:3398):     ERROR warehouse_id:1, cid:97991, maxbytes:2
20251110-03:35.39-623423(us) 19253 ! txn_stock_level (tpcc.cc:3398):     ERROR warehouse_id:1, cid:97991, maxbytes:2
20251110-03:35.39-624670(us) 19253 ! txn_stock_level (tpcc.cc:3398):     ERROR warehouse_id:1, cid:97991, maxbytes:2
20251110-03:35.39-624789(us) 19253 ! txn_stock_level (tpcc.cc:3398):     ERROR warehouse_id:1, cid:97991, maxbytes:2
20251110-03:35.39-624847(us) 19253 ! txn_stock_level (tpcc.cc:3398):     ERROR warehouse_id:1, cid:97991, maxbytes:2
20251110-03:35.39-624929(us) 19253 ! txn_stock_level (tpcc.cc:3398):     ERROR warehouse_id:1, cid:97991, maxbytes:2
20251110-03:35.39-626834(us) 19253 ! txn_stock_level (tpcc.cc:3398):     ERROR warehouse_id:1, cid:97991, maxbytes:2
20251110-03:35.39-626918(us) 19253 ! txn_stock_level (tpcc.cc:3398):     ERROR warehouse_id:1, cid:97991, maxbytes:2
20251110-03:35.39-627881(us) 19253 ! txn_stock_level (tpcc.cc:3398):     ERROR warehouse_id:1, cid:97991, maxbytes:2
20251110-03:35.39-628830(us) 19253 ! txn_stock_level (tpcc.cc:3398):     ERROR warehouse_id:1, cid:97991, maxbytes:2
20251110-03:35.39-629710(us) 19253 ! txn_stock_level (tpcc.cc:3398):     ERROR warehouse_id:1, cid:97991, maxbytes:2
20251110-03:35.39-631796(us) 19253 ! txn_stock_level (tpcc.cc:3398):     ERROR warehouse_id:1, cid:97991, maxbytes:2
20251110-03:35.39-631824(us) 19253 ! txn_stock_level (tpcc.cc:3398):     ERROR warehouse_id:1, cid:97991, maxbytes:2
20251110-03:35.39-631879(us) 19253 ! txn_stock_level (tpcc.cc:3398):     ERROR warehouse_id:1, cid:97991, maxbytes:2
20251110-03:35.39-633877(us) 19253 ! txn_stock_level (tpcc.cc:3398):     ERROR warehouse_id:1, cid:56551, maxbytes:2
20251110-03:35.39-633905(us) 19253 ! txn_stock_level (tpcc.cc:3398):     ERROR warehouse_id:1, cid:56551, maxbytes:2
20251110-03:35.39-634843(us) 19253 ! txn_stock_level (tpcc.cc:3398):     ERROR warehouse_id:1, cid:56551, maxbytes:2
20251110-03:35.39-634874(us) 19253 ! txn_stock_level (tpcc.cc:3398):     ERROR warehouse_id:1, cid:56551, maxbytes:2
20251110-03:35.39-634990(us) 19253 ! txn_stock_level (tpcc.cc:3398):     ERROR warehouse_id:1, cid:56551, maxbytes:2
20251110-03:35.39-635074(us) 19253 ! txn_stock_level (tpcc.cc:3398):     ERROR warehouse_id:1, cid:56551, maxbytes:2
20251110-03:35.39-637023(us) 19253 ! txn_stock_level (tpcc.cc:3398):     ERROR warehouse_id:1, cid:56551, maxbytes:2
20251110-03:35.39-637569(us) 19253 ! txn_stock_level (tpcc.cc:3398):     ERROR warehouse_id:1, cid:56551, maxbytes:2
20251110-03:35.39-639030(us) 19253 ! txn_stock_level (tpcc.cc:3398):     ERROR warehouse_id:1, cid:56551, maxbytes:2
20251110-03:35.39-639075(us) 19253 ! txn_stock_level (tpcc.cc:3398):     ERROR warehouse_id:1, cid:56551, maxbytes:2
20251110-03:35.39-643179(us) 19253 ! txn_stock_level (tpcc.cc:3398):     ERROR warehouse_id:1, cid:56551, maxbytes:2
20251110-03:35.39-643273(us) 19253 ! txn_stock_level (tpcc.cc:3398):     ERROR warehouse_id:1, cid:56551, maxbytes:2
20251110-03:35.39-643532(us) 19253 ! txn_stock_level (tpcc.cc:3398):     ERROR warehouse_id:1, cid:56551, maxbytes:2
20251110-03:35.39-643594(us) 19253 ! txn_stock_level (tpcc.cc:3398):     ERROR warehouse_id:1, cid:56551, maxbytes:2
20251110-03:35.39-643619(us) 19253 ! txn_stock_level (tpcc.cc:3398):     ERROR warehouse_id:1, cid:56551, maxbytes:2
20251110-03:35.39-643733(us) 19253 ! txn_stock_level (tpcc.cc:3398):     ERROR warehouse_id:1, cid:56551, maxbytes:2
20251110-03:35.39-643998(us) 19253 ! txn_stock_level (tpcc.cc:3398):     ERROR warehouse_id:1, cid:56551, maxbytes:2
20251110-03:35.39-645775(us) 19253 ! txn_stock_level (tpcc.cc:3398):     ERROR warehouse_id:1, cid:56551, maxbytes:2
20251110-03:35.39-645804(us) 19253 ! txn_stock_level (tpcc.cc:3398):     ERROR warehouse_id:1, cid:56551, maxbytes:2
20251110-03:35.39-645833(us) 19253 ! txn_stock_level (tpcc.cc:3398):     ERROR warehouse_id:1, cid:56551, maxbytes:2
20251110-03:35.39-682106(us) 19253 ! txn_stock_level (tpcc.cc:3398):     ERROR warehouse_id:2, cid:24295, maxbytes:2
20251110-03:35.39-682217(us) 19253 ! txn_stock_level (tpcc.cc:3398):     ERROR warehouse_id:2, cid:24295, maxbytes:2
20251110-03:35.39-683187(us) 19253 ! txn_stock_level (tpcc.cc:3398):     ERROR warehouse_id:2, cid:24295, maxbytes:2
20251110-03:35.39-683215(us) 19253 ! txn_stock_level (tpcc.cc:3398):     ERROR warehouse_id:2, cid:24295, maxbytes:2
20251110-03:35.39-683332(us) 19253 ! txn_stock_level (tpcc.cc:3398):     ERROR warehouse_id:2, cid:24295, maxbytes:2
20251110-03:35.39-683446(us) 19253 ! txn_stock_level (tpcc.cc:3398):     ERROR warehouse_id:2, cid:24295, maxbytes:2
20251110-03:35.39-683484(us) 19253 ! txn_stock_level (tpcc.cc:3398):     ERROR warehouse_id:2, cid:24295, maxbytes:2
20251110-03:35.39-717119(us) 19253 ! txn_stock_level (tpcc.cc:3398):     ERROR warehouse_id:2, cid:89573, maxbytes:2
20251110-03:35.39-717227(us) 19253 ! txn_stock_level (tpcc.cc:3398):     ERROR warehouse_id:2, cid:89573, maxbytes:2
20251110-03:35.39-718126(us) 19253 ! txn_stock_level (tpcc.cc:3398):     ERROR warehouse_id:2, cid:89573, maxbytes:2
20251110-03:35.39-719068(us) 19253 ! txn_stock_level (tpcc.cc:3398):     ERROR warehouse_id:2, cid:89573, maxbytes:2
20251110-03:35.39-719263(us) 19253 ! txn_stock_level (tpcc.cc:3398):     ERROR warehouse_id:2, cid:89573, maxbytes:2
20251110-03:35.39-719275(us) 19253 ! txn_stock_level (tpcc.cc:3398):     ERROR warehouse_id:2, cid:89573, maxbytes:2
20251110-03:35.39-719400(us) 19253 ! txn_stock_level (tpcc.cc:3398):     ERROR warehouse_id:2, cid:89573, maxbytes:2
20251110-03:35.39-719454(us) 19253 ! txn_stock_level (tpcc.cc:3398):     ERROR warehouse_id:2, cid:89573, maxbytes:2
20251110-03:35.39-719573(us) 19253 ! txn_stock_level (tpcc.cc:3398):     ERROR warehouse_id:2, cid:89573, maxbytes:2
20251110-03:35.39-720979(us) 19253 ! txn_stock_level (tpcc.cc:3398):     ERROR warehouse_id:2, cid:89573, maxbytes:2
20251110-03:35.39-723625(us) 19253 ! txn_stock_level (tpcc.cc:3398):     ERROR warehouse_id:2, cid:89573, maxbytes:2
20251110-03:35.39-724478(us) 19253 ! txn_stock_level (tpcc.cc:3398):     ERROR warehouse_id:2, cid:89573, maxbytes:2
20251110-03:35.39-724599(us) 19253 ! txn_stock_level (tpcc.cc:3398):     ERROR warehouse_id:2, cid:89573, maxbytes:2
20251110-03:35.39-726070(us) 19253 ! txn_stock_level (tpcc.cc:3398):     ERROR warehouse_id:2, cid:89573, maxbytes:2
20251110-03:35.39-726218(us) 19253 ! txn_stock_level (tpcc.cc:3398):     ERROR warehouse_id:2, cid:89573, maxbytes:2
20251110-03:35.39-727150(us) 19253 ! txn_stock_level (tpcc.cc:3398):     ERROR warehouse_id:2, cid:89573, maxbytes:2
20251110-03:35.39-727338(us) 19253 ! txn_stock_level (tpcc.cc:3398):     ERROR warehouse_id:2, cid:89573, maxbytes:2
20251110-03:35.39-729063(us) 19253 ! txn_stock_level (tpcc.cc:3398):     ERROR warehouse_id:2, cid:89573, maxbytes:2
20251110-03:35.39-729228(us) 19253 ! txn_stock_level (tpcc.cc:3398):     ERROR warehouse_id:2, cid:89573, maxbytes:2
20251110-03:35.39-729412(us) 19253 ! txn_stock_level (tpcc.cc:3398):     ERROR warehouse_id:2, cid:89573, maxbytes:2
20251110-03:35.39-730451(us) 19253 ! txn_stock_level (tpcc.cc:3398):     ERROR warehouse_id:2, cid:89573, maxbytes:2
20251110-03:35.39-730564(us) 19253 ! txn_stock_level (tpcc.cc:3398):     ERROR warehouse_id:2, cid:89573, maxbytes:2
20251110-03:35.39-730641(us) 19253 ! txn_stock_level (tpcc.cc:3398):     ERROR warehouse_id:2, cid:89573, maxbytes:2
20251110-03:35.39-735554(us) 19253 ! txn_stock_level (tpcc.cc:3398):     ERROR warehouse_id:2, cid:89573, maxbytes:2
20251110-03:35.39-735667(us) 19253 ! txn_stock_level (tpcc.cc:3398):     ERROR warehouse_id:2, cid:89573, maxbytes:2
20251110-03:35.39-735838(us) 19253 ! txn_stock_level (tpcc.cc:3398):     ERROR warehouse_id:2, cid:89573, maxbytes:2
20251110-03:35.39-738695(us) 19253 ! txn_stock_level (tpcc.cc:3398):     ERROR warehouse_id:2, cid:85223, maxbytes:2
20251110-03:35.39-739679(us) 19253 ! txn_stock_level (tpcc.cc:3398):     ERROR warehouse_id:2, cid:85223, maxbytes:2
20251110-03:35.39-740750(us) 19253 ! txn_stock_level (tpcc.cc:3398):     ERROR warehouse_id:2, cid:85223, maxbytes:2
20251110-03:35.39-741933(us) 19253 ! txn_stock_level (tpcc.cc:3398):     ERROR warehouse_id:2, cid:85223, maxbytes:2
20251110-03:35.39-742063(us) 19253 ! txn_stock_level (tpcc.cc:3398):     ERROR warehouse_id:2, cid:85223, maxbytes:2
20251110-03:35.39-742206(us) 19253 ! txn_stock_level (tpcc.cc:3398):     ERROR warehouse_id:2, cid:85223, maxbytes:2
20251110-03:35.39-742254(us) 19253 ! txn_stock_level (tpcc.cc:3398):     ERROR warehouse_id:2, cid:85223, maxbytes:2
20251110-03:35.39-742309(us) 19253 ! txn_stock_level (tpcc.cc:3398):     ERROR warehouse_id:2, cid:85223, maxbytes:2
20251110-03:35.39-742321(us) 19253 ! txn_stock_level (tpcc.cc:3398):     ERROR warehouse_id:2, cid:85223, maxbytes:2
20251110-03:35.39-742333(us) 19253 ! txn_stock_level (tpcc.cc:3398):     ERROR warehouse_id:2, cid:85223, maxbytes:2
20251110-03:35.39-742428(us) 19253 ! txn_stock_level (tpcc.cc:3398):     ERROR warehouse_id:2, cid:85223, maxbytes:2
20251110-03:35.39-742463(us) 19253 ! txn_stock_level (tpcc.cc:3398):     ERROR warehouse_id:2, cid:85223, maxbytes:2
20251110-03:35.39-742728(us) 19253 ! txn_stock_level (tpcc.cc:3398):     ERROR warehouse_id:2, cid:85223, maxbytes:2
20251110-03:35.39-743889(us) 19253 ! txn_stock_level (tpcc.cc:3398):     ERROR warehouse_id:2, cid:85223, maxbytes:2
20251110-03:35.39-747999(us) 19253 ! txn_stock_level (tpcc.cc:3398):     ERROR warehouse_id:2, cid:56766, maxbytes:2
20251110-03:35.39-748114(us) 19253 ! txn_stock_level (tpcc.cc:3398):     ERROR warehouse_id:2, cid:56766, maxbytes:2
20251110-03:35.39-748165(us) 19253 ! txn_stock_level (tpcc.cc:3398):     ERROR warehouse_id:2, cid:56766, maxbytes:2
20251110-03:35.39-748185(us) 19253 ! txn_stock_level (tpcc.cc:3398):     ERROR warehouse_id:2, cid:56766, maxbytes:2
20251110-03:35.39-748248(us) 19253 ! txn_stock_level (tpcc.cc:3398):     ERROR warehouse_id:2, cid:56766, maxbytes:2
20251110-03:35.39-748320(us) 19253 ! txn_stock_level (tpcc.cc:3398):     ERROR warehouse_id:2, cid:56766, maxbytes:2
20251110-03:35.39-748379(us) 19253 ! txn_stock_level (tpcc.cc:3398):     ERROR warehouse_id:2, cid:56766, maxbytes:2
20251110-03:35.39-751769(us) 19253 ! txn_stock_level (tpcc.cc:3398):     ERROR warehouse_id:2, cid:56766, maxbytes:2
20251110-03:35.39-752556(us) 19253 ! txn_stock_level (tpcc.cc:3398):     ERROR warehouse_id:2, cid:56766, maxbytes:2
20251110-03:35.39-752823(us) 19253 ! txn_stock_level (tpcc.cc:3398):     ERROR warehouse_id:2, cid:56766, maxbytes:2
20251110-03:35.39-752920(us) 19253 ! txn_stock_level (tpcc.cc:3398):     ERROR warehouse_id:2, cid:56766, maxbytes:2
20251110-03:35.39-753094(us) 19253 ! txn_stock_level (tpcc.cc:3398):     ERROR warehouse_id:2, cid:56766, maxbytes:2
20251110-03:35.39-885245(us) 19253 ! txn_stock_level (tpcc.cc:3398):     ERROR warehouse_id:2, cid:28359, maxbytes:2
20251110-03:35.39-885306(us) 19253 ! txn_stock_level (tpcc.cc:3398):     ERROR warehouse_id:2, cid:28359, maxbytes:2
20251110-03:35.39-886259(us) 19253 ! txn_stock_level (tpcc.cc:3398):     ERROR warehouse_id:2, cid:28359, maxbytes:2
20251110-03:35.39-886319(us) 19253 ! txn_stock_level (tpcc.cc:3398):     ERROR warehouse_id:2, cid:28359, maxbytes:2
20251110-03:35.39-886345(us) 19253 ! txn_stock_level (tpcc.cc:3398):     ERROR warehouse_id:2, cid:28359, maxbytes:2
20251110-03:35.39-886431(us) 19253 ! txn_stock_level (tpcc.cc:3398):     ERROR warehouse_id:2, cid:28359, maxbytes:2
20251110-03:35.39-886439(us) 19253 ! txn_stock_level (tpcc.cc:3398):     ERROR warehouse_id:2, cid:28359, maxbytes:2
20251110-03:35.39-886538(us) 19253 ! txn_stock_level (tpcc.cc:3398):     ERROR warehouse_id:2, cid:28359, maxbytes:2
20251110-03:35.39-886560(us) 19253 ! txn_stock_level (tpcc.cc:3398):     ERROR warehouse_id:2, cid:28359, maxbytes:2
20251110-03:35.39-886598(us) 19253 ! txn_stock_level (tpcc.cc:3398):     ERROR warehouse_id:2, cid:28359, maxbytes:2
20251110-03:35.39-887612(us) 19253 ! txn_stock_level (tpcc.cc:3398):     ERROR warehouse_id:2, cid:28359, maxbytes:2
20251110-03:35.39-887647(us) 19253 ! txn_stock_level (tpcc.cc:3398):     ERROR warehouse_id:2, cid:28359, maxbytes:2
20251110-03:35.39-887673(us) 19253 ! txn_stock_level (tpcc.cc:3398):     ERROR warehouse_id:2, cid:28359, maxbytes:2
20251110-03:35.39-887738(us) 19253 ! txn_stock_level (tpcc.cc:3398):     ERROR warehouse_id:2, cid:28359, maxbytes:2
20251110-03:35.39-887807(us) 19253 ! txn_stock_level (tpcc.cc:3398):     ERROR warehouse_id:2, cid:28359, maxbytes:2
20251110-03:35.39-888855(us) 19253 ! txn_stock_level (tpcc.cc:3398):     ERROR warehouse_id:2, cid:28359, maxbytes:2
20251110-03:35.39-890829(us) 19253 ! txn_stock_level (tpcc.cc:3398):     ERROR warehouse_id:2, cid:28359, maxbytes:2
20251110-03:35.39-890876(us) 19253 ! txn_stock_level (tpcc.cc:3398):     ERROR warehouse_id:2, cid:28359, maxbytes:2
20251110-03:35.39-891018(us) 19253 ! txn_stock_level (tpcc.cc:3398):     ERROR warehouse_id:2, cid:28359, maxbytes:2
20251110-03:35.39-892061(us) 19253 ! txn_stock_level (tpcc.cc:3398):     ERROR warehouse_id:2, cid:28359, maxbytes:2
20251110-03:35.39-892103(us) 19253 ! txn_stock_level (tpcc.cc:3398):     ERROR warehouse_id:2, cid:28359, maxbytes:2
20251110-03:35.39-892158(us) 19253 ! txn_stock_level (tpcc.cc:3398):     ERROR warehouse_id:2, cid:28359, maxbytes:2
20251110-03:35.39-893011(us) 19253 ! txn_stock_level (tpcc.cc:3398):     ERROR warehouse_id:2, cid:28359, maxbytes:2
20251110-03:35.39-893239(us) 19253 ! txn_stock_level (tpcc.cc:3398):     ERROR warehouse_id:2, cid:28359, maxbytes:2
20251110-03:35.39-893486(us) 19253 ! txn_stock_level (tpcc.cc:3398):     ERROR warehouse_id:2, cid:28359, maxbytes:2
20251110-03:35.39-893614(us) 19253 ! txn_stock_level (tpcc.cc:3398):     ERROR warehouse_id:2, cid:28359, maxbytes:2
20251110-03:35.39-895231(us) 19253 ! txn_stock_level (tpcc.cc:3398):     ERROR warehouse_id:2, cid:28359, maxbytes:2
20251110-03:35.39-895268(us) 19253 ! txn_stock_level (tpcc.cc:3398):     ERROR warehouse_id:2, cid:28359, maxbytes:2
20251110-03:35.39-895310(us) 19253 ! txn_stock_level (tpcc.cc:3398):     ERROR warehouse_id:2, cid:28359, maxbytes:2
20251110-03:35.40-194071(us) 19253 ! run             (bench.cc:473):     runtime time left:16000 ms, bool:1
20251110-03:35.40-290914(us) 19253 ! txn_stock_level (tpcc.cc:3398):     ERROR warehouse_id:1, cid:15591, maxbytes:2
20251110-03:35.40-290992(us) 19253 ! txn_stock_level (tpcc.cc:3398):     ERROR warehouse_id:1, cid:15591, maxbytes:2
20251110-03:35.40-291238(us) 19253 ! txn_stock_level (tpcc.cc:3398):     ERROR warehouse_id:1, cid:15591, maxbytes:2
20251110-03:35.40-292438(us) 19253 ! txn_stock_level (tpcc.cc:3398):     ERROR warehouse_id:1, cid:15591, maxbytes:2
20251110-03:35.40-293448(us) 19253 ! txn_stock_level (tpcc.cc:3398):     ERROR warehouse_id:1, cid:15591, maxbytes:2
20251110-03:35.40-306795(us) 19253 ! txn_stock_level (tpcc.cc:3398):     ERROR warehouse_id:2, cid:71847, maxbytes:2
20251110-03:35.40-307845(us) 19253 ! txn_stock_level (tpcc.cc:3398):     ERROR warehouse_id:2, cid:71847, maxbytes:2
20251110-03:35.40-308064(us) 19253 ! txn_stock_level (tpcc.cc:3398):     ERROR warehouse_id:2, cid:71847, maxbytes:2
20251110-03:35.40-308150(us) 19253 ! txn_stock_level (tpcc.cc:3398):     ERROR warehouse_id:2, cid:71847, maxbytes:2
20251110-03:35.40-308262(us) 19253 ! txn_stock_level (tpcc.cc:3398):     ERROR warehouse_id:2, cid:71847, maxbytes:2
20251110-03:35.40-308286(us) 19253 ! txn_stock_level (tpcc.cc:3398):     ERROR warehouse_id:2, cid:71847, maxbytes:2
20251110-03:35.40-308329(us) 19253 ! txn_stock_level (tpcc.cc:3398):     ERROR warehouse_id:2, cid:71847, maxbytes:2
20251110-03:35.40-428677(us) 19253 ! txn_stock_level (tpcc.cc:3398):     ERROR warehouse_id:2, cid:64231, maxbytes:2
20251110-03:35.40-428856(us) 19253 ! txn_stock_level (tpcc.cc:3398):     ERROR warehouse_id:2, cid:64231, maxbytes:2
20251110-03:35.40-428869(us) 19253 ! txn_stock_level (tpcc.cc:3398):     ERROR warehouse_id:2, cid:64231, maxbytes:2
20251110-03:35.40-429038(us) 19253 ! txn_stock_level (tpcc.cc:3398):     ERROR warehouse_id:2, cid:64231, maxbytes:2
20251110-03:35.40-429075(us) 19253 ! txn_stock_level (tpcc.cc:3398):     ERROR warehouse_id:2, cid:64231, maxbytes:2
20251110-03:35.40-429155(us) 19253 ! txn_stock_level (tpcc.cc:3398):     ERROR warehouse_id:2, cid:64231, maxbytes:2
20251110-03:35.40-455690(us) 19253 ! txn_stock_level (tpcc.cc:3398):     ERROR warehouse_id:1, cid:3911, maxbytes:2
20251110-03:35.40-455811(us) 19253 ! txn_stock_level (tpcc.cc:3398):     ERROR warehouse_id:1, cid:3911, maxbytes:2
20251110-03:35.40-455930(us) 19253 ! txn_stock_level (tpcc.cc:3398):     ERROR warehouse_id:1, cid:3911, maxbytes:2
20251110-03:35.40-455980(us) 19253 ! txn_stock_level (tpcc.cc:3398):     ERROR warehouse_id:1, cid:3911, maxbytes:2
20251110-03:35.40-456156(us) 19253 ! txn_stock_level (tpcc.cc:3398):     ERROR warehouse_id:1, cid:3911, maxbytes:2
20251110-03:35.40-456201(us) 19253 ! txn_stock_level (tpcc.cc:3398):     ERROR warehouse_id:1, cid:3911, maxbytes:2
20251110-03:35.40-456646(us) 19253 ! txn_stock_level (tpcc.cc:3398):     ERROR warehouse_id:1, cid:3911, maxbytes:2
20251110-03:35.40-456668(us) 19253 ! txn_stock_level (tpcc.cc:3398):     ERROR warehouse_id:1, cid:3911, maxbytes:2
20251110-03:35.40-456691(us) 19253 ! txn_stock_level (tpcc.cc:3398):     ERROR warehouse_id:1, cid:3911, maxbytes:2
20251110-03:35.40-456705(us) 19253 ! txn_stock_level (tpcc.cc:3398):     ERROR warehouse_id:1, cid:3911, maxbytes:2
20251110-03:35.40-456719(us) 19253 ! txn_stock_level (tpcc.cc:3398):     ERROR warehouse_id:1, cid:3911, maxbytes:2
20251110-03:35.40-456850(us) 19253 ! txn_stock_level (tpcc.cc:3398):     ERROR warehouse_id:1, cid:3911, maxbytes:2
20251110-03:35.40-456946(us) 19253 ! txn_stock_level (tpcc.cc:3398):     ERROR warehouse_id:1, cid:3911, maxbytes:2
20251110-03:35.40-457138(us) 19253 ! txn_stock_level (tpcc.cc:3398):     ERROR warehouse_id:1, cid:3911, maxbytes:2
20251110-03:35.40-458138(us) 19253 ! txn_stock_level (tpcc.cc:3398):     ERROR warehouse_id:1, cid:3911, maxbytes:2
20251110-03:35.40-458489(us) 19253 ! txn_stock_level (tpcc.cc:3398):     ERROR warehouse_id:1, cid:3911, maxbytes:2
20251110-03:35.40-458537(us) 19253 ! txn_stock_level (tpcc.cc:3398):     ERROR warehouse_id:1, cid:3911, maxbytes:2
20251110-03:35.40-460793(us) 19253 ! txn_stock_level (tpcc.cc:3398):     ERROR warehouse_id:1, cid:3911, maxbytes:2
20251110-03:35.40-460848(us) 19253 ! txn_stock_level (tpcc.cc:3398):     ERROR warehouse_id:1, cid:3911, maxbytes:2
20251110-03:35.40-460858(us) 19253 ! txn_stock_level (tpcc.cc:3398):     ERROR warehouse_id:1, cid:3911, maxbytes:2
20251110-03:35.40-462960(us) 19253 ! txn_stock_level (tpcc.cc:3398):     ERROR warehouse_id:1, cid:3911, maxbytes:2
20251110-03:35.40-463077(us) 19253 ! txn_stock_level (tpcc.cc:3398):     ERROR warehouse_id:1, cid:3911, maxbytes:2
20251110-03:35.40-464214(us) 19253 ! txn_stock_level (tpcc.cc:3398):     ERROR warehouse_id:1, cid:3911, maxbytes:2
20251110-03:35.40-464421(us) 19253 ! txn_stock_level (tpcc.cc:3398):     ERROR warehouse_id:1, cid:3911, maxbytes:2
20251110-03:35.40-465312(us) 19253 ! txn_stock_level (tpcc.cc:3398):     ERROR warehouse_id:1, cid:3911, maxbytes:2
20251110-03:35.40-465413(us) 19253 ! txn_stock_level (tpcc.cc:3398):     ERROR warehouse_id:1, cid:3911, maxbytes:2
20251110-03:35.40-466253(us) 19253 ! txn_stock_level (tpcc.cc:3398):     ERROR warehouse_id:1, cid:3911, maxbytes:2
20251110-03:35.40-466375(us) 19253 ! txn_stock_level (tpcc.cc:3398):     ERROR warehouse_id:1, cid:3911, maxbytes:2
20251110-03:35.40-466548(us) 19253 ! txn_stock_level (tpcc.cc:3398):     ERROR warehouse_id:1, cid:3911, maxbytes:2
20251110-03:35.40-513616(us) 19253 ! txn_stock_level (tpcc.cc:3398):     ERROR warehouse_id:1, cid:88803, maxbytes:2
20251110-03:35.40-706195(us) 19253 ! txn_stock_level (tpcc.cc:3398):     ERROR warehouse_id:1, cid:77511, maxbytes:2
20251110-03:35.40-706249(us) 19253 ! txn_stock_level (tpcc.cc:3398):     ERROR warehouse_id:1, cid:77511, maxbytes:2
20251110-03:35.40-706468(us) 19253 ! txn_stock_level (tpcc.cc:3398):     ERROR warehouse_id:1, cid:77511, maxbytes:2
20251110-03:35.40-706556(us) 19253 ! txn_stock_level (tpcc.cc:3398):     ERROR warehouse_id:1, cid:77511, maxbytes:2
20251110-03:35.40-706573(us) 19253 ! txn_stock_level (tpcc.cc:3398):     ERROR warehouse_id:1, cid:77511, maxbytes:2
20251110-03:35.40-706627(us) 19253 ! txn_stock_level (tpcc.cc:3398):     ERROR warehouse_id:1, cid:77511, maxbytes:2
20251110-03:35.40-709923(us) 19253 ! txn_stock_level (tpcc.cc:3398):     ERROR warehouse_id:1, cid:77511, maxbytes:2
20251110-03:35.40-710941(us) 19253 ! txn_stock_level (tpcc.cc:3398):     ERROR warehouse_id:1, cid:77511, maxbytes:2
20251110-03:35.40-754112(us) 19253 ! txn_stock_level (tpcc.cc:3398):     ERROR warehouse_id:1, cid:98022, maxbytes:2
20251110-03:35.40-755192(us) 19253 ! txn_stock_level (tpcc.cc:3398):     ERROR warehouse_id:1, cid:98022, maxbytes:2
20251110-03:35.40-755541(us) 19253 ! txn_stock_level (tpcc.cc:3398):     ERROR warehouse_id:1, cid:98022, maxbytes:2
20251110-03:35.40-755672(us) 19253 ! txn_stock_level (tpcc.cc:3398):     ERROR warehouse_id:1, cid:98022, maxbytes:2
20251110-03:35.40-755966(us) 19253 ! txn_stock_level (tpcc.cc:3398):     ERROR warehouse_id:1, cid:98022, maxbytes:2
20251110-03:35.40-756005(us) 19253 ! txn_stock_level (tpcc.cc:3398):     ERROR warehouse_id:1, cid:98022, maxbytes:2
20251110-03:35.40-756088(us) 19253 ! txn_stock_level (tpcc.cc:3398):     ERROR warehouse_id:1, cid:98022, maxbytes:2
20251110-03:35.40-756168(us) 19253 ! txn_stock_level (tpcc.cc:3398):     ERROR warehouse_id:1, cid:98022, maxbytes:2
20251110-03:35.40-756183(us) 19253 ! txn_stock_level (tpcc.cc:3398):     ERROR warehouse_id:1, cid:98022, maxbytes:2
20251110-03:35.40-758186(us) 19253 ! txn_stock_level (tpcc.cc:3398):     ERROR warehouse_id:1, cid:98022, maxbytes:2
20251110-03:35.40-758359(us) 19253 ! txn_stock_level (tpcc.cc:3398):     ERROR warehouse_id:1, cid:98022, maxbytes:2
20251110-03:35.40-759935(us) 19253 ! txn_stock_level (tpcc.cc:3398):     ERROR warehouse_id:1, cid:98022, maxbytes:2
20251110-03:35.40-760022(us) 19253 ! txn_stock_level (tpcc.cc:3398):     ERROR warehouse_id:1, cid:98022, maxbytes:2
20251110-03:35.40-762277(us) 19253 ! txn_stock_level (tpcc.cc:3398):     ERROR warehouse_id:1, cid:98022, maxbytes:2
20251110-03:35.40-762433(us) 19253 ! txn_stock_level (tpcc.cc:3398):     ERROR warehouse_id:1, cid:98022, maxbytes:2
20251110-03:35.40-763649(us) 19253 ! txn_stock_level (tpcc.cc:3398):     ERROR warehouse_id:1, cid:98022, maxbytes:2
20251110-03:35.40-763758(us) 19253 ! txn_stock_level (tpcc.cc:3398):     ERROR warehouse_id:1, cid:98022, maxbytes:2
20251110-03:35.40-764003(us) 19253 ! txn_stock_level (tpcc.cc:3398):     ERROR warehouse_id:1, cid:98022, maxbytes:2
20251110-03:35.40-764196(us) 19253 ! txn_stock_level (tpcc.cc:3398):     ERROR warehouse_id:1, cid:73447, maxbytes:2
20251110-03:35.40-765209(us) 19253 ! txn_stock_level (tpcc.cc:3398):     ERROR warehouse_id:1, cid:73447, maxbytes:2
20251110-03:35.40-765236(us) 19253 ! txn_stock_level (tpcc.cc:3398):     ERROR warehouse_id:1, cid:98022, maxbytes:2
20251110-03:35.40-765329(us) 19253 ! txn_stock_level (tpcc.cc:3398):     ERROR warehouse_id:1, cid:98022, maxbytes:2
20251110-03:35.40-765463(us) 19253 ! txn_stock_level (tpcc.cc:3398):     ERROR warehouse_id:1, cid:98022, maxbytes:2
20251110-03:35.40-765501(us) 19253 ! txn_stock_level (tpcc.cc:3398):     ERROR warehouse_id:1, cid:73447, maxbytes:2
20251110-03:35.40-765604(us) 19253 ! txn_stock_level (tpcc.cc:3398):     ERROR warehouse_id:1, cid:73447, maxbytes:2
20251110-03:35.40-765630(us) 19253 ! txn_stock_level (tpcc.cc:3398):     ERROR warehouse_id:1, cid:73447, maxbytes:2
20251110-03:35.40-765640(us) 19253 ! txn_stock_level (tpcc.cc:3398):     ERROR warehouse_id:1, cid:98022, maxbytes:2
20251110-03:35.40-765671(us) 19253 ! txn_stock_level (tpcc.cc:3398):     ERROR warehouse_id:1, cid:73447, maxbytes:2
20251110-03:35.40-765685(us) 19253 ! txn_stock_level (tpcc.cc:3398):     ERROR warehouse_id:1, cid:98022, maxbytes:2
20251110-03:35.40-765706(us) 19253 ! txn_stock_level (tpcc.cc:3398):     ERROR warehouse_id:1, cid:73447, maxbytes:2
20251110-03:35.40-765824(us) 19253 ! txn_stock_level (tpcc.cc:3398):     ERROR warehouse_id:1, cid:98022, maxbytes:2
20251110-03:35.40-765907(us) 19253 ! txn_stock_level (tpcc.cc:3398):     ERROR warehouse_id:1, cid:98022, maxbytes:2
20251110-03:35.40-766021(us) 19253 ! txn_stock_level (tpcc.cc:3398):     ERROR warehouse_id:1, cid:98022, maxbytes:2
20251110-03:35.40-766086(us) 19253 ! txn_stock_level (tpcc.cc:3398):     ERROR warehouse_id:1, cid:98022, maxbytes:2
20251110-03:35.40-766176(us) 19253 ! txn_stock_level (tpcc.cc:3398):     ERROR warehouse_id:1, cid:98022, maxbytes:2
20251110-03:35.40-766239(us) 19253 ! txn_stock_level (tpcc.cc:3398):     ERROR warehouse_id:1, cid:73447, maxbytes:2
20251110-03:35.40-766281(us) 19253 ! txn_stock_level (tpcc.cc:3398):     ERROR warehouse_id:1, cid:73447, maxbytes:2
20251110-03:35.40-766293(us) 19253 ! txn_stock_level (tpcc.cc:3398):     ERROR warehouse_id:1, cid:73447, maxbytes:2
20251110-03:35.40-766330(us) 19253 ! txn_stock_level (tpcc.cc:3398):     ERROR warehouse_id:1, cid:98022, maxbytes:2
20251110-03:35.40-766340(us) 19253 ! txn_stock_level (tpcc.cc:3398):     ERROR warehouse_id:1, cid:73447, maxbytes:2
20251110-03:35.40-766437(us) 19253 ! txn_stock_level (tpcc.cc:3398):     ERROR warehouse_id:1, cid:98022, maxbytes:2
20251110-03:35.40-766451(us) 19253 ! txn_stock_level (tpcc.cc:3398):     ERROR warehouse_id:1, cid:73447, maxbytes:2
20251110-03:35.40-766463(us) 19253 ! txn_stock_level (tpcc.cc:3398):     ERROR warehouse_id:1, cid:73447, maxbytes:2
20251110-03:35.40-766471(us) 19253 ! txn_stock_level (tpcc.cc:3398):     ERROR warehouse_id:1, cid:98022, maxbytes:2
20251110-03:35.40-766484(us) 19253 ! txn_stock_level (tpcc.cc:3398):     ERROR warehouse_id:1, cid:98022, maxbytes:2
20251110-03:35.40-766509(us) 19253 ! txn_stock_level (tpcc.cc:3398):     ERROR warehouse_id:1, cid:98022, maxbytes:2
20251110-03:35.40-767488(us) 19253 ! txn_stock_level (tpcc.cc:3398):     ERROR warehouse_id:1, cid:73447, maxbytes:2
20251110-03:35.40-767521(us) 19253 ! txn_stock_level (tpcc.cc:3398):     ERROR warehouse_id:1, cid:73447, maxbytes:2
20251110-03:35.40-767571(us) 19253 ! txn_stock_level (tpcc.cc:3398):     ERROR warehouse_id:1, cid:98022, maxbytes:2
20251110-03:35.40-767790(us) 19253 ! txn_stock_level (tpcc.cc:3398):     ERROR warehouse_id:1, cid:98022, maxbytes:2
20251110-03:35.41-173417(us) 19253 ! txn_stock_level (tpcc.cc:3398):     ERROR warehouse_id:1, cid:89315, maxbytes:2
20251110-03:35.41-176569(us) 19253 ! txn_stock_level (tpcc.cc:3398):     ERROR warehouse_id:1, cid:89315, maxbytes:2
20251110-03:35.41-177704(us) 19253 ! txn_stock_level (tpcc.cc:3398):     ERROR warehouse_id:1, cid:89315, maxbytes:2
20251110-03:35.41-177834(us) 19253 ! txn_stock_level (tpcc.cc:3398):     ERROR warehouse_id:1, cid:89315, maxbytes:2
20251110-03:35.41-177932(us) 19253 ! txn_stock_level (tpcc.cc:3398):     ERROR warehouse_id:1, cid:89315, maxbytes:2
20251110-03:35.41-177992(us) 19253 ! txn_stock_level (tpcc.cc:3398):     ERROR warehouse_id:1, cid:89315, maxbytes:2
20251110-03:35.41-178056(us) 19253 ! txn_stock_level (tpcc.cc:3398):     ERROR warehouse_id:1, cid:89315, maxbytes:2
20251110-03:35.41-178160(us) 19253 ! txn_stock_level (tpcc.cc:3398):     ERROR warehouse_id:1, cid:89315, maxbytes:2
20251110-03:35.41-178255(us) 19253 ! txn_stock_level (tpcc.cc:3398):     ERROR warehouse_id:1, cid:89315, maxbytes:2
20251110-03:35.41-180509(us) 19253 ! txn_stock_level (tpcc.cc:3398):     ERROR warehouse_id:1, cid:89315, maxbytes:2
20251110-03:35.41-180694(us) 19253 ! txn_stock_level (tpcc.cc:3398):     ERROR warehouse_id:1, cid:89315, maxbytes:2
20251110-03:35.41-182044(us) 19253 ! txn_stock_level (tpcc.cc:3398):     ERROR warehouse_id:1, cid:89315, maxbytes:2
20251110-03:35.41-183330(us) 19253 ! txn_stock_level (tpcc.cc:3398):     ERROR warehouse_id:1, cid:89315, maxbytes:2
20251110-03:35.41-183368(us) 19253 ! txn_stock_level (tpcc.cc:3398):     ERROR warehouse_id:1, cid:89315, maxbytes:2
20251110-03:35.41-183457(us) 19253 ! txn_stock_level (tpcc.cc:3398):     ERROR warehouse_id:1, cid:89315, maxbytes:2
20251110-03:35.41-184538(us) 19253 ! txn_stock_level (tpcc.cc:3398):     ERROR warehouse_id:1, cid:89315, maxbytes:2
20251110-03:35.41-185591(us) 19253 ! txn_stock_level (tpcc.cc:3398):     ERROR warehouse_id:1, cid:89315, maxbytes:2
20251110-03:35.41-185618(us) 19253 ! txn_stock_level (tpcc.cc:3398):     ERROR warehouse_id:1, cid:89315, maxbytes:2
20251110-03:35.41-186628(us) 19253 ! txn_stock_level (tpcc.cc:3398):     ERROR warehouse_id:1, cid:89315, maxbytes:2
20251110-03:35.41-188849(us) 19253 ! txn_stock_level (tpcc.cc:3398):     ERROR warehouse_id:1, cid:89315, maxbytes:2
20251110-03:35.41-190869(us) 19253 ! txn_stock_level (tpcc.cc:3398):     ERROR warehouse_id:1, cid:89315, maxbytes:2
20251110-03:35.41-190959(us) 19253 ! txn_stock_level (tpcc.cc:3398):     ERROR warehouse_id:1, cid:89315, maxbytes:2
20251110-03:35.41-192133(us) 19253 ! txn_stock_level (tpcc.cc:3398):     ERROR warehouse_id:1, cid:89315, maxbytes:2
20251110-03:35.41-192199(us) 19253 ! txn_stock_level (tpcc.cc:3398):     ERROR warehouse_id:1, cid:89315, maxbytes:2
20251110-03:35.41-192240(us) 19253 ! txn_stock_level (tpcc.cc:3398):     ERROR warehouse_id:1, cid:89315, maxbytes:2
20251110-03:35.41-192351(us) 19253 ! txn_stock_level (tpcc.cc:3398):     ERROR warehouse_id:1, cid:89315, maxbytes:2
20251110-03:35.41-192464(us) 19253 ! txn_stock_level (tpcc.cc:3398):     ERROR warehouse_id:1, cid:89315, maxbytes:2
20251110-03:35.41-192538(us) 19253 ! txn_stock_level (tpcc.cc:3398):     ERROR warehouse_id:1, cid:89315, maxbytes:2
20251110-03:35.41-194533(us) 19253 ! txn_stock_level (tpcc.cc:3398):     ERROR warehouse_id:1, cid:89315, maxbytes:2
20251110-03:35.41-194603(us) 19253 ! txn_stock_level (tpcc.cc:3398):     ERROR warehouse_id:1, cid:89315, maxbytes:2
20251110-03:35.41-194643(us) 19253 ! txn_stock_level (tpcc.cc:3398):     ERROR warehouse_id:1, cid:89315, maxbytes:2
20251110-03:35.41-194738(us) 19253 ! txn_stock_level (tpcc.cc:3398):     ERROR warehouse_id:1, cid:89315, maxbytes:2
20251110-03:35.41-195516(us) 19253 ! txn_stock_level (tpcc.cc:3398):     ERROR warehouse_id:1, cid:89315, maxbytes:2
20251110-03:35.41-199775(us) 19253 ! run             (bench.cc:473):     runtime time left:15000 ms, bool:1
20251110-03:35.41-363065(us) 19253 ! txn_stock_level (tpcc.cc:3398):     ERROR warehouse_id:1, cid:89703, maxbytes:2
20251110-03:35.41-363172(us) 19253 ! txn_stock_level (tpcc.cc:3398):     ERROR warehouse_id:1, cid:89703, maxbytes:2
20251110-03:35.41-365089(us) 19253 ! txn_stock_level (tpcc.cc:3398):     ERROR warehouse_id:1, cid:89703, maxbytes:2
20251110-03:35.41-365137(us) 19253 ! txn_stock_level (tpcc.cc:3398):     ERROR warehouse_id:1, cid:89703, maxbytes:2
20251110-03:35.41-366166(us) 19253 ! txn_stock_level (tpcc.cc:3398):     ERROR warehouse_id:1, cid:89703, maxbytes:2
20251110-03:35.41-367203(us) 19253 ! txn_stock_level (tpcc.cc:3398):     ERROR warehouse_id:1, cid:89703, maxbytes:2
20251110-03:35.41-367246(us) 19253 ! txn_stock_level (tpcc.cc:3398):     ERROR warehouse_id:1, cid:89703, maxbytes:2
20251110-03:35.41-367277(us) 19253 ! txn_stock_level (tpcc.cc:3398):     ERROR warehouse_id:1, cid:89703, maxbytes:2
20251110-03:35.41-372126(us) 19253 ! txn_stock_level (tpcc.cc:3398):     ERROR warehouse_id:1, cid:89703, maxbytes:2
20251110-03:35.41-372272(us) 19253 ! txn_stock_level (tpcc.cc:3398):     ERROR warehouse_id:1, cid:89703, maxbytes:2
20251110-03:35.41-372309(us) 19253 ! txn_stock_level (tpcc.cc:3398):     ERROR warehouse_id:1, cid:89703, maxbytes:2
20251110-03:35.41-372429(us) 19253 ! txn_stock_level (tpcc.cc:3398):     ERROR warehouse_id:1, cid:89703, maxbytes:2
20251110-03:35.41-372719(us) 19253 ! txn_stock_level (tpcc.cc:3398):     ERROR warehouse_id:1, cid:89703, maxbytes:2
20251110-03:35.41-372800(us) 19253 ! txn_stock_level (tpcc.cc:3398):     ERROR warehouse_id:1, cid:89703, maxbytes:2
20251110-03:35.41-374160(us) 19253 ! txn_stock_level (tpcc.cc:3398):     ERROR warehouse_id:1, cid:89703, maxbytes:2
20251110-03:35.41-374260(us) 19253 ! txn_stock_level (tpcc.cc:3398):     ERROR warehouse_id:1, cid:89703, maxbytes:2
20251110-03:35.41-374434(us) 19253 ! txn_stock_level (tpcc.cc:3398):     ERROR warehouse_id:1, cid:89703, maxbytes:2
20251110-03:35.41-374558(us) 19253 ! txn_stock_level (tpcc.cc:3398):     ERROR warehouse_id:1, cid:89703, maxbytes:2
20251110-03:35.41-374832(us) 19253 ! txn_stock_level (tpcc.cc:3398):     ERROR warehouse_id:1, cid:89703, maxbytes:2
20251110-03:35.41-375903(us) 19253 ! txn_stock_level (tpcc.cc:3398):     ERROR warehouse_id:1, cid:89703, maxbytes:2
20251110-03:35.41-631517(us) 19253 ! txn_stock_level (tpcc.cc:3398):     ERROR warehouse_id:1, cid:73431, maxbytes:2
20251110-03:35.41-631593(us) 19253 ! txn_stock_level (tpcc.cc:3398):     ERROR warehouse_id:1, cid:73431, maxbytes:2
20251110-03:35.41-631623(us) 19253 ! txn_stock_level (tpcc.cc:3398):     ERROR warehouse_id:1, cid:73431, maxbytes:2
20251110-03:35.41-631673(us) 19253 ! txn_stock_level (tpcc.cc:3398):     ERROR warehouse_id:1, cid:73431, maxbytes:2
20251110-03:35.41-631968(us) 19253 ! txn_stock_level (tpcc.cc:3398):     ERROR warehouse_id:1, cid:73431, maxbytes:2
20251110-03:35.41-632156(us) 19253 ! txn_stock_level (tpcc.cc:3398):     ERROR warehouse_id:1, cid:73431, maxbytes:2
20251110-03:35.41-633046(us) 19253 ! txn_stock_level (tpcc.cc:3398):     ERROR warehouse_id:1, cid:73431, maxbytes:2
20251110-03:35.41-635001(us) 19253 ! txn_stock_level (tpcc.cc:3398):     ERROR warehouse_id:1, cid:73431, maxbytes:2
20251110-03:35.41-635872(us) 19253 ! txn_stock_level (tpcc.cc:3398):     ERROR warehouse_id:1, cid:73431, maxbytes:2
20251110-03:35.41-635959(us) 19253 ! txn_stock_level (tpcc.cc:3398):     ERROR warehouse_id:1, cid:73431, maxbytes:2
20251110-03:35.41-636011(us) 19253 ! txn_stock_level (tpcc.cc:3398):     ERROR warehouse_id:1, cid:73431, maxbytes:2
20251110-03:35.41-636037(us) 19253 ! txn_stock_level (tpcc.cc:3398):     ERROR warehouse_id:1, cid:73431, maxbytes:2
20251110-03:35.41-636064(us) 19253 ! txn_stock_level (tpcc.cc:3398):     ERROR warehouse_id:1, cid:73431, maxbytes:2
20251110-03:35.41-636085(us) 19253 ! txn_stock_level (tpcc.cc:3398):     ERROR warehouse_id:1, cid:73431, maxbytes:2
20251110-03:35.41-637125(us) 19253 ! txn_stock_level (tpcc.cc:3398):     ERROR warehouse_id:1, cid:73431, maxbytes:2
20251110-03:35.41-638101(us) 19253 ! txn_stock_level (tpcc.cc:3398):     ERROR warehouse_id:1, cid:73431, maxbytes:2
20251110-03:35.41-638177(us) 19253 ! txn_stock_level (tpcc.cc:3398):     ERROR warehouse_id:1, cid:73431, maxbytes:2
20251110-03:35.41-640240(us) 19253 ! txn_stock_level (tpcc.cc:3398):     ERROR warehouse_id:1, cid:73431, maxbytes:2
20251110-03:35.41-640330(us) 19253 ! txn_stock_level (tpcc.cc:3398):     ERROR warehouse_id:1, cid:73431, maxbytes:2
20251110-03:35.41-641392(us) 19253 ! txn_stock_level (tpcc.cc:3398):     ERROR warehouse_id:1, cid:73431, maxbytes:2
20251110-03:35.41-642270(us) 19253 ! txn_stock_level (tpcc.cc:3398):     ERROR warehouse_id:1, cid:73431, maxbytes:2
20251110-03:35.41-642458(us) 19253 ! txn_stock_level (tpcc.cc:3398):     ERROR warehouse_id:1, cid:73431, maxbytes:2
20251110-03:35.41-642485(us) 19253 ! txn_stock_level (tpcc.cc:3398):     ERROR warehouse_id:1, cid:73431, maxbytes:2
20251110-03:35.41-642505(us) 19253 ! txn_stock_level (tpcc.cc:3398):     ERROR warehouse_id:1, cid:73431, maxbytes:2
20251110-03:35.41-642559(us) 19253 ! txn_stock_level (tpcc.cc:3398):     ERROR warehouse_id:1, cid:73431, maxbytes:2
20251110-03:35.41-642686(us) 19253 ! txn_stock_level (tpcc.cc:3398):     ERROR warehouse_id:1, cid:73431, maxbytes:2
20251110-03:35.41-646210(us) 19253 ! txn_stock_level (tpcc.cc:3398):     ERROR warehouse_id:1, cid:73431, maxbytes:2
20251110-03:35.41-646336(us) 19253 ! txn_stock_level (tpcc.cc:3398):     ERROR warehouse_id:1, cid:73431, maxbytes:2
20251110-03:35.41-647512(us) 19253 ! txn_stock_level (tpcc.cc:3398):     ERROR warehouse_id:1, cid:73431, maxbytes:2
20251110-03:35.41-648945(us) 19253 ! txn_stock_level (tpcc.cc:3398):     ERROR warehouse_id:1, cid:73431, maxbytes:2
20251110-03:35.41-650770(us) 19253 ! txn_stock_level (tpcc.cc:3398):     ERROR warehouse_id:1, cid:73431, maxbytes:2
20251110-03:35.41-651016(us) 19253 ! txn_stock_level (tpcc.cc:3398):     ERROR warehouse_id:1, cid:73431, maxbytes:2
20251110-03:35.41-651051(us) 19253 ! txn_stock_level (tpcc.cc:3398):     ERROR warehouse_id:1, cid:73431, maxbytes:2
20251110-03:35.41-653316(us) 19253 ! txn_stock_level (tpcc.cc:3398):     ERROR warehouse_id:1, cid:73431, maxbytes:2
20251110-03:35.41-653339(us) 19253 ! txn_stock_level (tpcc.cc:3398):     ERROR warehouse_id:1, cid:73431, maxbytes:2
20251110-03:35.41-680448(us) 19253 ! txn_stock_level (tpcc.cc:3398):     ERROR warehouse_id:1, cid:56550, maxbytes:2
20251110-03:35.41-681596(us) 19253 ! txn_stock_level (tpcc.cc:3398):     ERROR warehouse_id:1, cid:56550, maxbytes:2
20251110-03:35.41-681668(us) 19253 ! txn_stock_level (tpcc.cc:3398):     ERROR warehouse_id:1, cid:56550, maxbytes:2
20251110-03:35.41-682030(us) 19253 ! txn_stock_level (tpcc.cc:3398):     ERROR warehouse_id:1, cid:56550, maxbytes:2
20251110-03:35.41-689111(us) 19253 ! txn_stock_level (tpcc.cc:3398):     ERROR warehouse_id:1, cid:6150, maxbytes:2
20251110-03:35.41-690329(us) 19253 ! txn_stock_level (tpcc.cc:3398):     ERROR warehouse_id:1, cid:6150, maxbytes:2
20251110-03:35.41-719944(us) 19253 ! txn_stock_level (tpcc.cc:3398):     ERROR warehouse_id:1, cid:73439, maxbytes:2
20251110-03:35.41-720006(us) 19253 ! txn_stock_level (tpcc.cc:3398):     ERROR warehouse_id:1, cid:73439, maxbytes:2
20251110-03:35.41-887889(us) 19253 ! txn_stock_level (tpcc.cc:3398):     ERROR warehouse_id:2, cid:96927, maxbytes:2
20251110-03:35.41-890232(us) 19253 ! txn_stock_level (tpcc.cc:3398):     ERROR warehouse_id:2, cid:96927, maxbytes:2
20251110-03:35.41-891639(us) 19253 ! txn_stock_level (tpcc.cc:3398):     ERROR warehouse_id:2, cid:96927, maxbytes:2
20251110-03:35.41-892770(us) 19253 ! txn_stock_level (tpcc.cc:3398):     ERROR warehouse_id:2, cid:96927, maxbytes:2
20251110-03:35.41-894161(us) 19253 ! txn_stock_level (tpcc.cc:3398):     ERROR warehouse_id:2, cid:96927, maxbytes:2
20251110-03:35.41-894332(us) 19253 ! txn_stock_level (tpcc.cc:3398):     ERROR warehouse_id:2, cid:96927, maxbytes:2
20251110-03:35.41-895490(us) 19253 ! txn_stock_level (tpcc.cc:3398):     ERROR warehouse_id:2, cid:96927, maxbytes:2
20251110-03:35.41-895534(us) 19253 ! txn_stock_level (tpcc.cc:3398):     ERROR warehouse_id:2, cid:96927, maxbytes:2
20251110-03:35.41-895638(us) 19253 ! txn_stock_level (tpcc.cc:3398):     ERROR warehouse_id:2, cid:96927, maxbytes:2
20251110-03:35.41-896913(us) 19253 ! txn_stock_level (tpcc.cc:3398):     ERROR warehouse_id:2, cid:96927, maxbytes:2
20251110-03:35.41-898163(us) 19253 ! txn_stock_level (tpcc.cc:3398):     ERROR warehouse_id:2, cid:96927, maxbytes:2
20251110-03:35.41-901746(us) 19253 ! txn_stock_level (tpcc.cc:3398):     ERROR warehouse_id:2, cid:96927, maxbytes:2
20251110-03:35.41-901836(us) 19253 ! txn_stock_level (tpcc.cc:3398):     ERROR warehouse_id:2, cid:96927, maxbytes:2
20251110-03:35.41-903084(us) 19253 ! txn_stock_level (tpcc.cc:3398):     ERROR warehouse_id:2, cid:96927, maxbytes:2
20251110-03:35.41-903259(us) 19253 ! txn_stock_level (tpcc.cc:3398):     ERROR warehouse_id:2, cid:96927, maxbytes:2
20251110-03:35.41-903350(us) 19253 ! txn_stock_level (tpcc.cc:3398):     ERROR warehouse_id:2, cid:96927, maxbytes:2
20251110-03:35.41-903464(us) 19253 ! txn_stock_level (tpcc.cc:3398):     ERROR warehouse_id:2, cid:96927, maxbytes:2
20251110-03:35.41-903665(us) 19253 ! txn_stock_level (tpcc.cc:3398):     ERROR warehouse_id:2, cid:96927, maxbytes:2
20251110-03:35.41-903867(us) 19253 ! txn_stock_level (tpcc.cc:3398):     ERROR warehouse_id:2, cid:96927, maxbytes:2
20251110-03:35.41-905977(us) 19253 ! txn_stock_level (tpcc.cc:3398):     ERROR warehouse_id:2, cid:96927, maxbytes:2
20251110-03:35.41-906129(us) 19253 ! txn_stock_level (tpcc.cc:3398):     ERROR warehouse_id:2, cid:96927, maxbytes:2
20251110-03:35.41-950653(us) 19253 ! txn_stock_level (tpcc.cc:3398):     ERROR warehouse_id:2, cid:12005, maxbytes:2
20251110-03:35.41-951639(us) 19253 ! txn_stock_level (tpcc.cc:3398):     ERROR warehouse_id:2, cid:12005, maxbytes:2
20251110-03:35.41-952555(us) 19253 ! txn_stock_level (tpcc.cc:3398):     ERROR warehouse_id:2, cid:12005, maxbytes:2
20251110-03:35.41-952803(us) 19253 ! txn_stock_level (tpcc.cc:3398):     ERROR warehouse_id:2, cid:12005, maxbytes:2
20251110-03:35.41-952914(us) 19253 ! txn_stock_level (tpcc.cc:3398):     ERROR warehouse_id:2, cid:12005, maxbytes:2
20251110-03:35.41-953253(us) 19253 ! txn_stock_level (tpcc.cc:3398):     ERROR warehouse_id:2, cid:12005, maxbytes:2
20251110-03:35.41-953371(us) 19253 ! txn_stock_level (tpcc.cc:3398):     ERROR warehouse_id:2, cid:12005, maxbytes:2
20251110-03:35.41-953387(us) 19253 ! txn_stock_level (tpcc.cc:3398):     ERROR warehouse_id:2, cid:12005, maxbytes:2
20251110-03:35.41-956294(us) 19253 ! txn_stock_level (tpcc.cc:3398):     ERROR warehouse_id:2, cid:12005, maxbytes:2
20251110-03:35.41-957311(us) 19253 ! txn_stock_level (tpcc.cc:3398):     ERROR warehouse_id:2, cid:57047, maxbytes:2
20251110-03:35.41-957416(us) 19253 ! txn_stock_level (tpcc.cc:3398):     ERROR warehouse_id:2, cid:57047, maxbytes:2
20251110-03:35.41-958691(us) 19253 ! txn_stock_level (tpcc.cc:3398):     ERROR warehouse_id:2, cid:57047, maxbytes:2
20251110-03:35.41-958835(us) 19253 ! txn_stock_level (tpcc.cc:3398):     ERROR warehouse_id:2, cid:12005, maxbytes:2
20251110-03:35.41-960004(us) 19253 ! txn_stock_level (tpcc.cc:3398):     ERROR warehouse_id:2, cid:12005, maxbytes:2
20251110-03:35.41-960077(us) 19253 ! txn_stock_level (tpcc.cc:3398):     ERROR warehouse_id:2, cid:12005, maxbytes:2
20251110-03:35.41-961033(us) 19253 ! txn_stock_level (tpcc.cc:3398):     ERROR warehouse_id:2, cid:12005, maxbytes:2
20251110-03:35.41-961110(us) 19253 ! txn_stock_level (tpcc.cc:3398):     ERROR warehouse_id:2, cid:12005, maxbytes:2
20251110-03:35.41-966155(us) 19253 ! txn_stock_level (tpcc.cc:3398):     ERROR warehouse_id:1, cid:23271, maxbytes:2
20251110-03:35.42-162356(us) 19253 ! txn_stock_level (tpcc.cc:3398):     ERROR warehouse_id:2, cid:56039, maxbytes:2
20251110-03:35.42-162416(us) 19253 ! txn_stock_level (tpcc.cc:3398):     ERROR warehouse_id:2, cid:56039, maxbytes:2
20251110-03:35.42-162428(us) 19253 ! txn_stock_level (tpcc.cc:3398):     ERROR warehouse_id:2, cid:56039, maxbytes:2
20251110-03:35.42-162440(us) 19253 ! txn_stock_level (tpcc.cc:3398):     ERROR warehouse_id:2, cid:56039, maxbytes:2
20251110-03:35.42-163704(us) 19253 ! txn_stock_level (tpcc.cc:3398):     ERROR warehouse_id:2, cid:56039, maxbytes:2
20251110-03:35.42-165382(us) 19253 ! txn_stock_level (tpcc.cc:3398):     ERROR warehouse_id:1, cid:24087, maxbytes:2
20251110-03:35.42-165682(us) 19253 ! txn_stock_level (tpcc.cc:3398):     ERROR warehouse_id:1, cid:24087, maxbytes:2
20251110-03:35.42-166821(us) 19253 ! txn_stock_level (tpcc.cc:3398):     ERROR warehouse_id:2, cid:56039, maxbytes:2
20251110-03:35.42-167737(us) 19253 ! txn_stock_level (tpcc.cc:3398):     ERROR warehouse_id:1, cid:24087, maxbytes:2
20251110-03:35.42-168123(us) 19253 ! txn_stock_level (tpcc.cc:3398):     ERROR warehouse_id:2, cid:56039, maxbytes:2
20251110-03:35.42-168741(us) 19253 ! txn_stock_level (tpcc.cc:3398):     ERROR warehouse_id:1, cid:24087, maxbytes:2
20251110-03:35.42-168773(us) 19253 ! txn_stock_level (tpcc.cc:3398):     ERROR warehouse_id:1, cid:24087, maxbytes:2
20251110-03:35.42-168921(us) 19253 ! txn_stock_level (tpcc.cc:3398):     ERROR warehouse_id:1, cid:24087, maxbytes:2
20251110-03:35.42-169039(us) 19253 ! txn_stock_level (tpcc.cc:3398):     ERROR warehouse_id:1, cid:24087, maxbytes:2
20251110-03:35.42-169206(us) 19253 ! txn_stock_level (tpcc.cc:3398):     ERROR warehouse_id:1, cid:24087, maxbytes:2
20251110-03:35.42-170347(us) 19253 ! txn_stock_level (tpcc.cc:3398):     ERROR warehouse_id:1, cid:24087, maxbytes:2
20251110-03:35.42-172448(us) 19253 ! txn_stock_level (tpcc.cc:3398):     ERROR warehouse_id:1, cid:24087, maxbytes:2
20251110-03:35.42-173403(us) 19253 ! txn_stock_level (tpcc.cc:3398):     ERROR warehouse_id:1, cid:24087, maxbytes:2
20251110-03:35.42-173539(us) 19253 ! txn_stock_level (tpcc.cc:3398):     ERROR warehouse_id:1, cid:24087, maxbytes:2
20251110-03:35.42-176621(us) 19253 ! txn_stock_level (tpcc.cc:3398):     ERROR warehouse_id:1, cid:24087, maxbytes:2
20251110-03:35.42-176802(us) 19253 ! txn_stock_level (tpcc.cc:3398):     ERROR warehouse_id:1, cid:24087, maxbytes:2
20251110-03:35.42-205249(us) 19253 ! run             (bench.cc:473):     runtime time left:14000 ms, bool:1
20251110-03:35.42-374627(us) 19253 ! txn_stock_level (tpcc.cc:3398):     ERROR warehouse_id:2, cid:97895, maxbytes:2
20251110-03:35.42-375686(us) 19253 ! txn_stock_level (tpcc.cc:3398):     ERROR warehouse_id:2, cid:97895, maxbytes:2
20251110-03:35.42-378524(us) 19253 ! txn_stock_level (tpcc.cc:3398):     ERROR warehouse_id:2, cid:97895, maxbytes:2
20251110-03:35.42-379687(us) 19253 ! txn_stock_level (tpcc.cc:3398):     ERROR warehouse_id:2, cid:97895, maxbytes:2
20251110-03:35.42-379788(us) 19253 ! txn_stock_level (tpcc.cc:3398):     ERROR warehouse_id:2, cid:97895, maxbytes:2
20251110-03:35.42-379856(us) 19253 ! txn_stock_level (tpcc.cc:3398):     ERROR warehouse_id:2, cid:97895, maxbytes:2
20251110-03:35.42-379903(us) 19253 ! txn_stock_level (tpcc.cc:3398):     ERROR warehouse_id:2, cid:97895, maxbytes:2
20251110-03:35.42-380049(us) 19253 ! txn_stock_level (tpcc.cc:3398):     ERROR warehouse_id:2, cid:97895, maxbytes:2
20251110-03:35.42-380203(us) 19253 ! txn_stock_level (tpcc.cc:3398):     ERROR warehouse_id:2, cid:97895, maxbytes:2
20251110-03:35.42-381211(us) 19253 ! txn_stock_level (tpcc.cc:3398):     ERROR warehouse_id:2, cid:97895, maxbytes:2
20251110-03:35.42-463757(us) 19253 ! txn_stock_level (tpcc.cc:3398):     ERROR warehouse_id:2, cid:55014, maxbytes:2
20251110-03:35.42-463827(us) 19253 ! txn_stock_level (tpcc.cc:3398):     ERROR warehouse_id:2, cid:55014, maxbytes:2
20251110-03:35.42-464741(us) 19253 ! txn_stock_level (tpcc.cc:3398):     ERROR warehouse_id:2, cid:55014, maxbytes:2
20251110-03:35.42-465222(us) 19253 ! txn_stock_level (tpcc.cc:3398):     ERROR warehouse_id:2, cid:55014, maxbytes:2
20251110-03:35.42-466391(us) 19253 ! txn_stock_level (tpcc.cc:3398):     ERROR warehouse_id:2, cid:55014, maxbytes:2
20251110-03:35.42-466572(us) 19253 ! txn_stock_level (tpcc.cc:3398):     ERROR warehouse_id:2, cid:55014, maxbytes:2
20251110-03:35.42-466996(us) 19253 ! txn_stock_level (tpcc.cc:3398):     ERROR warehouse_id:2, cid:55014, maxbytes:2
20251110-03:35.42-561910(us) 19253 ! txn_stock_level (tpcc.cc:3398):     ERROR warehouse_id:1, cid:81511, maxbytes:2
20251110-03:35.42-561965(us) 19253 ! txn_stock_level (tpcc.cc:3398):     ERROR warehouse_id:1, cid:81511, maxbytes:2
20251110-03:35.42-564992(us) 19253 ! txn_stock_level (tpcc.cc:3398):     ERROR warehouse_id:1, cid:81511, maxbytes:2
20251110-03:35.42-732426(us) 19253 ! txn_stock_level (tpcc.cc:3398):     ERROR warehouse_id:1, cid:88495, maxbytes:2
20251110-03:35.42-758120(us) 19253 ! txn_stock_level (tpcc.cc:3398):     ERROR warehouse_id:2, cid:81638, maxbytes:2
20251110-03:35.42-758223(us) 19253 ! txn_stock_level (tpcc.cc:3398):     ERROR warehouse_id:2, cid:81638, maxbytes:2
20251110-03:35.42-759363(us) 19253 ! txn_stock_level (tpcc.cc:3398):     ERROR warehouse_id:2, cid:81638, maxbytes:2
20251110-03:35.42-760513(us) 19253 ! txn_stock_level (tpcc.cc:3398):     ERROR warehouse_id:2, cid:81638, maxbytes:2
20251110-03:35.42-760616(us) 19253 ! txn_stock_level (tpcc.cc:3398):     ERROR warehouse_id:2, cid:81638, maxbytes:2
20251110-03:35.42-760627(us) 19253 ! txn_stock_level (tpcc.cc:3398):     ERROR warehouse_id:2, cid:81638, maxbytes:2
20251110-03:35.42-777644(us) 19253 ! txn_stock_level (tpcc.cc:3398):     ERROR warehouse_id:1, cid:48515, maxbytes:2
20251110-03:35.42-777680(us) 19253 ! txn_stock_level (tpcc.cc:3398):     ERROR warehouse_id:1, cid:48515, maxbytes:2
20251110-03:35.42-777815(us) 19253 ! txn_stock_level (tpcc.cc:3398):     ERROR warehouse_id:1, cid:48515, maxbytes:2
20251110-03:35.42-777830(us) 19253 ! txn_stock_level (tpcc.cc:3398):     ERROR warehouse_id:1, cid:48515, maxbytes:2
20251110-03:35.42-784545(us) 19253 ! txn_stock_level (tpcc.cc:3398):     ERROR warehouse_id:2, cid:23207, maxbytes:2
20251110-03:35.42-784612(us) 19253 ! txn_stock_level (tpcc.cc:3398):     ERROR warehouse_id:2, cid:23207, maxbytes:2
20251110-03:35.42-784748(us) 19253 ! txn_stock_level (tpcc.cc:3398):     ERROR warehouse_id:2, cid:23207, maxbytes:2
20251110-03:35.42-784846(us) 19253 ! txn_stock_level (tpcc.cc:3398):     ERROR warehouse_id:2, cid:23207, maxbytes:2
20251110-03:35.42-786015(us) 19253 ! txn_stock_level (tpcc.cc:3398):     ERROR warehouse_id:2, cid:23207, maxbytes:2
20251110-03:35.42-786231(us) 19253 ! txn_stock_level (tpcc.cc:3398):     ERROR warehouse_id:2, cid:23207, maxbytes:2
20251110-03:35.42-786300(us) 19253 ! txn_stock_level (tpcc.cc:3398):     ERROR warehouse_id:2, cid:23207, maxbytes:2
20251110-03:35.42-786376(us) 19253 ! txn_stock_level (tpcc.cc:3398):     ERROR warehouse_id:2, cid:23207, maxbytes:2
20251110-03:35.42-786566(us) 19253 ! txn_stock_level (tpcc.cc:3398):     ERROR warehouse_id:2, cid:23207, maxbytes:2
20251110-03:35.42-786681(us) 19253 ! txn_stock_level (tpcc.cc:3398):     ERROR warehouse_id:2, cid:23207, maxbytes:2
20251110-03:35.42-786745(us) 19253 ! txn_stock_level (tpcc.cc:3398):     ERROR warehouse_id:2, cid:23207, maxbytes:2
20251110-03:35.42-786764(us) 19253 ! txn_stock_level (tpcc.cc:3398):     ERROR warehouse_id:2, cid:23207, maxbytes:2
20251110-03:35.42-786793(us) 19253 ! txn_stock_level (tpcc.cc:3398):     ERROR warehouse_id:2, cid:23207, maxbytes:2
20251110-03:35.42-786830(us) 19253 ! txn_stock_level (tpcc.cc:3398):     ERROR warehouse_id:2, cid:23207, maxbytes:2
20251110-03:35.42-786866(us) 19253 ! txn_stock_level (tpcc.cc:3398):     ERROR warehouse_id:2, cid:23207, maxbytes:2
20251110-03:35.42-786882(us) 19253 ! txn_stock_level (tpcc.cc:3398):     ERROR warehouse_id:2, cid:23207, maxbytes:2
20251110-03:35.42-788727(us) 19253 ! txn_stock_level (tpcc.cc:3398):     ERROR warehouse_id:2, cid:23207, maxbytes:2
20251110-03:35.42-789762(us) 19253 ! txn_stock_level (tpcc.cc:3398):     ERROR warehouse_id:2, cid:23207, maxbytes:2
20251110-03:35.42-789811(us) 19253 ! txn_stock_level (tpcc.cc:3398):     ERROR warehouse_id:2, cid:23207, maxbytes:2
20251110-03:35.42-790955(us) 19253 ! txn_stock_level (tpcc.cc:3398):     ERROR warehouse_id:2, cid:24295, maxbytes:2
20251110-03:35.42-790992(us) 19253 ! txn_stock_level (tpcc.cc:3398):     ERROR warehouse_id:2, cid:24295, maxbytes:2
20251110-03:35.42-791146(us) 19253 ! txn_stock_level (tpcc.cc:3398):     ERROR warehouse_id:2, cid:24295, maxbytes:2
20251110-03:35.42-866086(us) 19253 ! txn_stock_level (tpcc.cc:3398):     ERROR warehouse_id:1, cid:39655, maxbytes:2
20251110-03:35.42-866169(us) 19253 ! txn_stock_level (tpcc.cc:3398):     ERROR warehouse_id:1, cid:39655, maxbytes:2
20251110-03:35.42-867267(us) 19253 ! txn_stock_level (tpcc.cc:3398):     ERROR warehouse_id:1, cid:39655, maxbytes:2
20251110-03:35.42-867623(us) 19253 ! txn_stock_level (tpcc.cc:3398):     ERROR warehouse_id:1, cid:39655, maxbytes:2
20251110-03:35.42-867727(us) 19253 ! txn_stock_level (tpcc.cc:3398):     ERROR warehouse_id:1, cid:39655, maxbytes:2
20251110-03:35.42-867808(us) 19253 ! txn_stock_level (tpcc.cc:3398):     ERROR warehouse_id:1, cid:39655, maxbytes:2
20251110-03:35.42-872728(us) 19253 ! txn_stock_level (tpcc.cc:3398):     ERROR warehouse_id:1, cid:89751, maxbytes:2
20251110-03:35.42-872822(us) 19253 ! txn_stock_level (tpcc.cc:3398):     ERROR warehouse_id:1, cid:89751, maxbytes:2
20251110-03:35.42-872973(us) 19253 ! txn_stock_level (tpcc.cc:3398):     ERROR warehouse_id:1, cid:89751, maxbytes:2
20251110-03:35.42-873025(us) 19253 ! txn_stock_level (tpcc.cc:3398):     ERROR warehouse_id:1, cid:89751, maxbytes:2
20251110-03:35.42-873129(us) 19253 ! txn_stock_level (tpcc.cc:3398):     ERROR warehouse_id:1, cid:89751, maxbytes:2
20251110-03:35.42-874393(us) 19253 ! txn_stock_level (tpcc.cc:3398):     ERROR warehouse_id:1, cid:89751, maxbytes:2
20251110-03:35.42-874559(us) 19253 ! txn_stock_level (tpcc.cc:3398):     ERROR warehouse_id:1, cid:89751, maxbytes:2
20251110-03:35.42-874691(us) 19253 ! txn_stock_level (tpcc.cc:3398):     ERROR warehouse_id:1, cid:89751, maxbytes:2
20251110-03:35.42-874830(us) 19253 ! txn_stock_level (tpcc.cc:3398):     ERROR warehouse_id:1, cid:89751, maxbytes:2
20251110-03:35.42-874886(us) 19253 ! txn_stock_level (tpcc.cc:3398):     ERROR warehouse_id:1, cid:89751, maxbytes:2
20251110-03:35.42-874989(us) 19253 ! txn_stock_level (tpcc.cc:3398):     ERROR warehouse_id:1, cid:89751, maxbytes:2
20251110-03:35.42-875102(us) 19253 ! txn_stock_level (tpcc.cc:3398):     ERROR warehouse_id:1, cid:89751, maxbytes:2
20251110-03:35.42-876267(us) 19253 ! txn_stock_level (tpcc.cc:3398):     ERROR warehouse_id:1, cid:89751, maxbytes:2
20251110-03:35.42-876367(us) 19253 ! txn_stock_level (tpcc.cc:3398):     ERROR warehouse_id:1, cid:89751, maxbytes:2
20251110-03:35.42-878876(us) 19253 ! txn_stock_level (tpcc.cc:3398):     ERROR warehouse_id:1, cid:48807, maxbytes:2
20251110-03:35.42-878903(us) 19253 ! txn_stock_level (tpcc.cc:3398):     ERROR warehouse_id:1, cid:89751, maxbytes:2
20251110-03:35.42-879002(us) 19253 ! txn_stock_level (tpcc.cc:3398):     ERROR warehouse_id:1, cid:48807, maxbytes:2
20251110-03:35.42-879198(us) 19253 ! txn_stock_level (tpcc.cc:3398):     ERROR warehouse_id:1, cid:48807, maxbytes:2
20251110-03:35.42-879282(us) 19253 ! txn_stock_level (tpcc.cc:3398):     ERROR warehouse_id:1, cid:48807, maxbytes:2
20251110-03:35.42-879321(us) 19253 ! txn_stock_level (tpcc.cc:3398):     ERROR warehouse_id:1, cid:89751, maxbytes:2
20251110-03:35.42-879425(us) 19253 ! txn_stock_level (tpcc.cc:3398):     ERROR warehouse_id:1, cid:89751, maxbytes:2
20251110-03:35.42-879457(us) 19253 ! txn_stock_level (tpcc.cc:3398):     ERROR warehouse_id:1, cid:89751, maxbytes:2
20251110-03:35.42-879549(us) 19253 ! txn_stock_level (tpcc.cc:3398):     ERROR warehouse_id:1, cid:48807, maxbytes:2
20251110-03:35.42-879662(us) 19253 ! txn_stock_level (tpcc.cc:3398):     ERROR warehouse_id:1, cid:48807, maxbytes:2
20251110-03:35.42-879727(us) 19253 ! txn_stock_level (tpcc.cc:3398):     ERROR warehouse_id:1, cid:48807, maxbytes:2
20251110-03:35.42-879767(us) 19253 ! txn_stock_level (tpcc.cc:3398):     ERROR warehouse_id:1, cid:48807, maxbytes:2
20251110-03:35.42-879779(us) 19253 ! txn_stock_level (tpcc.cc:3398):     ERROR warehouse_id:1, cid:48807, maxbytes:2
20251110-03:35.42-879839(us) 19253 ! txn_stock_level (tpcc.cc:3398):     ERROR warehouse_id:1, cid:48807, maxbytes:2
20251110-03:35.42-879894(us) 19253 ! txn_stock_level (tpcc.cc:3398):     ERROR warehouse_id:1, cid:48807, maxbytes:2
20251110-03:35.42-880766(us) 19253 ! txn_stock_level (tpcc.cc:3398):     ERROR warehouse_id:1, cid:48807, maxbytes:2
20251110-03:35.42-882518(us) 19253 ! txn_stock_level (tpcc.cc:3398):     ERROR warehouse_id:1, cid:48807, maxbytes:2
20251110-03:35.42-882568(us) 19253 ! txn_stock_level (tpcc.cc:3398):     ERROR warehouse_id:1, cid:48807, maxbytes:2
20251110-03:35.43-58376(us) 19253 ! txn_stock_level (tpcc.cc:3398):     ERROR warehouse_id:1, cid:73447, maxbytes:2
20251110-03:35.43-210901(us) 19253 ! run             (bench.cc:473):     runtime time left:13000 ms, bool:1
20251110-03:35.43-388486(us) 19253 ! txn_stock_level (tpcc.cc:3398):     ERROR warehouse_id:1, cid:57062, maxbytes:2
20251110-03:35.43-389627(us) 19253 ! txn_stock_level (tpcc.cc:3398):     ERROR warehouse_id:1, cid:57062, maxbytes:2
20251110-03:35.43-390891(us) 19253 ! txn_stock_level (tpcc.cc:3398):     ERROR warehouse_id:1, cid:57062, maxbytes:2
20251110-03:35.43-391873(us) 19253 ! txn_stock_level (tpcc.cc:3398):     ERROR warehouse_id:1, cid:57062, maxbytes:2
20251110-03:35.43-391914(us) 19253 ! txn_stock_level (tpcc.cc:3398):     ERROR warehouse_id:1, cid:57062, maxbytes:2
20251110-03:35.43-392010(us) 19253 ! txn_stock_level (tpcc.cc:3398):     ERROR warehouse_id:1, cid:57062, maxbytes:2
20251110-03:35.43-392062(us) 19253 ! txn_stock_level (tpcc.cc:3398):     ERROR warehouse_id:1, cid:57062, maxbytes:2
20251110-03:35.43-392105(us) 19253 ! txn_stock_level (tpcc.cc:3398):     ERROR warehouse_id:1, cid:57062, maxbytes:2
20251110-03:35.43-393084(us) 19253 ! txn_stock_level (tpcc.cc:3398):     ERROR warehouse_id:1, cid:57062, maxbytes:2
20251110-03:35.43-393121(us) 19253 ! txn_stock_level (tpcc.cc:3398):     ERROR warehouse_id:1, cid:57062, maxbytes:2
20251110-03:35.43-394200(us) 19253 ! txn_stock_level (tpcc.cc:3398):     ERROR warehouse_id:1, cid:57062, maxbytes:2
20251110-03:35.43-394360(us) 19253 ! txn_stock_level (tpcc.cc:3398):     ERROR warehouse_id:1, cid:57062, maxbytes:2
20251110-03:35.43-394403(us) 19253 ! txn_stock_level (tpcc.cc:3398):     ERROR warehouse_id:1, cid:57062, maxbytes:2
20251110-03:35.43-394534(us) 19253 ! txn_stock_level (tpcc.cc:3398):     ERROR warehouse_id:1, cid:57062, maxbytes:2
20251110-03:35.43-394554(us) 19253 ! txn_stock_level (tpcc.cc:3398):     ERROR warehouse_id:1, cid:57062, maxbytes:2
20251110-03:35.43-397927(us) 19253 ! txn_stock_level (tpcc.cc:3398):     ERROR warehouse_id:1, cid:57062, maxbytes:2
20251110-03:35.43-399142(us) 19253 ! txn_stock_level (tpcc.cc:3398):     ERROR warehouse_id:1, cid:57062, maxbytes:2
20251110-03:35.43-606922(us) 19253 ! txn_stock_level (tpcc.cc:3398):     ERROR warehouse_id:2, cid:98023, maxbytes:2
20251110-03:35.43-607792(us) 19253 ! txn_stock_level (tpcc.cc:3398):     ERROR warehouse_id:2, cid:98023, maxbytes:2
20251110-03:35.43-607926(us) 19253 ! txn_stock_level (tpcc.cc:3398):     ERROR warehouse_id:2, cid:98023, maxbytes:2
20251110-03:35.43-608192(us) 19253 ! txn_stock_level (tpcc.cc:3398):     ERROR warehouse_id:2, cid:98023, maxbytes:2
20251110-03:35.43-608301(us) 19253 ! txn_stock_level (tpcc.cc:3398):     ERROR warehouse_id:2, cid:98023, maxbytes:2
20251110-03:35.43-612189(us) 19253 ! txn_stock_level (tpcc.cc:3398):     ERROR warehouse_id:2, cid:98023, maxbytes:2
20251110-03:35.43-616461(us) 19253 ! txn_stock_level (tpcc.cc:3398):     ERROR warehouse_id:2, cid:57063, maxbytes:2
20251110-03:35.43-616706(us) 19253 ! txn_stock_level (tpcc.cc:3398):     ERROR warehouse_id:2, cid:57063, maxbytes:2
20251110-03:35.43-616735(us) 19253 ! txn_stock_level (tpcc.cc:3398):     ERROR warehouse_id:2, cid:57063, maxbytes:2
20251110-03:35.43-616787(us) 19253 ! txn_stock_level (tpcc.cc:3398):     ERROR warehouse_id:2, cid:57063, maxbytes:2
20251110-03:35.43-616847(us) 19253 ! txn_stock_level (tpcc.cc:3398):     ERROR warehouse_id:2, cid:57063, maxbytes:2
20251110-03:35.43-616909(us) 19253 ! txn_stock_level (tpcc.cc:3398):     ERROR warehouse_id:2, cid:57063, maxbytes:2
20251110-03:35.43-617038(us) 19253 ! txn_stock_level (tpcc.cc:3398):     ERROR warehouse_id:2, cid:57063, maxbytes:2
20251110-03:35.43-617084(us) 19253 ! txn_stock_level (tpcc.cc:3398):     ERROR warehouse_id:2, cid:57063, maxbytes:2
20251110-03:35.43-617159(us) 19253 ! txn_stock_level (tpcc.cc:3398):     ERROR warehouse_id:2, cid:57063, maxbytes:2
20251110-03:35.43-617169(us) 19253 ! txn_stock_level (tpcc.cc:3398):     ERROR warehouse_id:2, cid:57063, maxbytes:2
20251110-03:35.43-617191(us) 19253 ! txn_stock_level (tpcc.cc:3398):     ERROR warehouse_id:2, cid:57063, maxbytes:2
20251110-03:35.43-617212(us) 19253 ! txn_stock_level (tpcc.cc:3398):     ERROR warehouse_id:2, cid:57063, maxbytes:2
20251110-03:35.43-617234(us) 19253 ! txn_stock_level (tpcc.cc:3398):     ERROR warehouse_id:2, cid:57063, maxbytes:2
20251110-03:35.43-617300(us) 19253 ! txn_stock_level (tpcc.cc:3398):     ERROR warehouse_id:2, cid:57063, maxbytes:2
20251110-03:35.43-617341(us) 19253 ! txn_stock_level (tpcc.cc:3398):     ERROR warehouse_id:2, cid:57063, maxbytes:2
20251110-03:35.43-618297(us) 19253 ! txn_stock_level (tpcc.cc:3398):     ERROR warehouse_id:2, cid:57063, maxbytes:2
20251110-03:35.43-618344(us) 19253 ! txn_stock_level (tpcc.cc:3398):     ERROR warehouse_id:2, cid:57063, maxbytes:2
20251110-03:35.43-618354(us) 19253 ! txn_stock_level (tpcc.cc:3398):     ERROR warehouse_id:2, cid:57063, maxbytes:2
20251110-03:35.43-618406(us) 19253 ! txn_stock_level (tpcc.cc:3398):     ERROR warehouse_id:2, cid:57063, maxbytes:2
20251110-03:35.43-620799(us) 19253 ! txn_stock_level (tpcc.cc:3398):     ERROR warehouse_id:2, cid:57063, maxbytes:2
20251110-03:35.43-621627(us) 19253 ! txn_stock_level (tpcc.cc:3398):     ERROR warehouse_id:2, cid:57063, maxbytes:2
20251110-03:35.43-622117(us) 19253 ! txn_stock_level (tpcc.cc:3398):     ERROR warehouse_id:2, cid:98023, maxbytes:2
20251110-03:35.43-622167(us) 19253 ! txn_stock_level (tpcc.cc:3398):     ERROR warehouse_id:2, cid:98023, maxbytes:2
20251110-03:35.43-623249(us) 19253 ! txn_stock_level (tpcc.cc:3398):     ERROR warehouse_id:2, cid:98023, maxbytes:2
20251110-03:35.43-625527(us) 19253 ! txn_stock_level (tpcc.cc:3398):     ERROR warehouse_id:2, cid:98023, maxbytes:2
20251110-03:35.43-625572(us) 19253 ! txn_stock_level (tpcc.cc:3398):     ERROR warehouse_id:2, cid:98023, maxbytes:2
20251110-03:35.43-625737(us) 19253 ! txn_stock_level (tpcc.cc:3398):     ERROR warehouse_id:2, cid:98023, maxbytes:2
20251110-03:35.43-630350(us) 19253 ! txn_stock_level (tpcc.cc:3398):     ERROR warehouse_id:2, cid:22239, maxbytes:2
20251110-03:35.43-633501(us) 19253 ! txn_stock_level (tpcc.cc:3398):     ERROR warehouse_id:2, cid:22239, maxbytes:2
20251110-03:35.43-634678(us) 19253 ! txn_stock_level (tpcc.cc:3398):     ERROR warehouse_id:2, cid:22239, maxbytes:2
20251110-03:35.43-698500(us) 19253 ! txn_stock_level (tpcc.cc:3398):     ERROR warehouse_id:2, cid:89307, maxbytes:2
20251110-03:35.43-699922(us) 19253 ! txn_stock_level (tpcc.cc:3398):     ERROR warehouse_id:2, cid:89307, maxbytes:2
20251110-03:35.43-700984(us) 19253 ! txn_stock_level (tpcc.cc:3398):     ERROR warehouse_id:2, cid:89307, maxbytes:2
20251110-03:35.43-701515(us) 19253 ! txn_stock_level (tpcc.cc:3398):     ERROR warehouse_id:2, cid:89307, maxbytes:2
20251110-03:35.43-701609(us) 19253 ! txn_stock_level (tpcc.cc:3398):     ERROR warehouse_id:2, cid:89307, maxbytes:2
20251110-03:35.43-701673(us) 19253 ! txn_stock_level (tpcc.cc:3398):     ERROR warehouse_id:2, cid:89307, maxbytes:2
20251110-03:35.43-701803(us) 19253 ! txn_stock_level (tpcc.cc:3398):     ERROR warehouse_id:2, cid:89307, maxbytes:2
20251110-03:35.43-702799(us) 19253 ! txn_stock_level (tpcc.cc:3398):     ERROR warehouse_id:2, cid:89307, maxbytes:2
20251110-03:35.43-703853(us) 19253 ! txn_stock_level (tpcc.cc:3398):     ERROR warehouse_id:2, cid:89307, maxbytes:2
20251110-03:35.43-703938(us) 19253 ! txn_stock_level (tpcc.cc:3398):     ERROR warehouse_id:2, cid:89307, maxbytes:2
20251110-03:35.43-704029(us) 19253 ! txn_stock_level (tpcc.cc:3398):     ERROR warehouse_id:2, cid:89307, maxbytes:2
20251110-03:35.43-704157(us) 19253 ! txn_stock_level (tpcc.cc:3398):     ERROR warehouse_id:2, cid:89307, maxbytes:2
20251110-03:35.43-704413(us) 19253 ! txn_stock_level (tpcc.cc:3398):     ERROR warehouse_id:2, cid:89307, maxbytes:2
20251110-03:35.43-705409(us) 19253 ! txn_stock_level (tpcc.cc:3398):     ERROR warehouse_id:2, cid:89307, maxbytes:2
20251110-03:35.43-705431(us) 19253 ! txn_stock_level (tpcc.cc:3398):     ERROR warehouse_id:2, cid:89307, maxbytes:2
20251110-03:35.43-705457(us) 19253 ! txn_stock_level (tpcc.cc:3398):     ERROR warehouse_id:2, cid:89307, maxbytes:2
20251110-03:35.43-706405(us) 19253 ! txn_stock_level (tpcc.cc:3398):     ERROR warehouse_id:2, cid:89307, maxbytes:2
20251110-03:35.43-855616(us) 19253 ! txn_stock_level (tpcc.cc:3398):     ERROR warehouse_id:1, cid:39143, maxbytes:2
20251110-03:35.43-855669(us) 19253 ! txn_stock_level (tpcc.cc:3398):     ERROR warehouse_id:1, cid:39143, maxbytes:2
20251110-03:35.43-877304(us) 19253 ! txn_stock_level (tpcc.cc:3398):     ERROR warehouse_id:1, cid:81575, maxbytes:2
20251110-03:35.43-877520(us) 19253 ! txn_stock_level (tpcc.cc:3398):     ERROR warehouse_id:1, cid:81575, maxbytes:2
20251110-03:35.43-877630(us) 19253 ! txn_stock_level (tpcc.cc:3398):     ERROR warehouse_id:1, cid:81575, maxbytes:2
20251110-03:35.43-877703(us) 19253 ! txn_stock_level (tpcc.cc:3398):     ERROR warehouse_id:1, cid:81575, maxbytes:2
20251110-03:35.43-877792(us) 19253 ! txn_stock_level (tpcc.cc:3398):     ERROR warehouse_id:1, cid:81575, maxbytes:2
20251110-03:35.43-878050(us) 19253 ! txn_stock_level (tpcc.cc:3398):     ERROR warehouse_id:1, cid:81575, maxbytes:2
20251110-03:35.43-878067(us) 19253 ! txn_stock_level (tpcc.cc:3398):     ERROR warehouse_id:1, cid:81575, maxbytes:2
20251110-03:35.43-878075(us) 19253 ! txn_stock_level (tpcc.cc:3398):     ERROR warehouse_id:1, cid:81575, maxbytes:2
20251110-03:35.43-878083(us) 19253 ! txn_stock_level (tpcc.cc:3398):     ERROR warehouse_id:1, cid:81575, maxbytes:2
20251110-03:35.43-957453(us) 19253 ! txn_stock_level (tpcc.cc:3398):     ERROR warehouse_id:2, cid:32487, maxbytes:2
20251110-03:35.43-957769(us) 19253 ! txn_stock_level (tpcc.cc:3398):     ERROR warehouse_id:2, cid:32487, maxbytes:2
20251110-03:35.43-957964(us) 19253 ! txn_stock_level (tpcc.cc:3398):     ERROR warehouse_id:2, cid:32487, maxbytes:2
20251110-03:35.43-958029(us) 19253 ! txn_stock_level (tpcc.cc:3398):     ERROR warehouse_id:2, cid:32487, maxbytes:2
20251110-03:35.43-959052(us) 19253 ! txn_stock_level (tpcc.cc:3398):     ERROR warehouse_id:2, cid:32487, maxbytes:2
20251110-03:35.43-959094(us) 19253 ! txn_stock_level (tpcc.cc:3398):     ERROR warehouse_id:2, cid:32487, maxbytes:2
20251110-03:35.43-960155(us) 19253 ! txn_stock_level (tpcc.cc:3398):     ERROR warehouse_id:2, cid:32487, maxbytes:2
20251110-03:35.43-964232(us) 19253 ! txn_stock_level (tpcc.cc:3398):     ERROR warehouse_id:2, cid:32487, maxbytes:2
20251110-03:35.43-964384(us) 19253 ! txn_stock_level (tpcc.cc:3398):     ERROR warehouse_id:2, cid:32487, maxbytes:2
20251110-03:35.43-964498(us) 19253 ! txn_stock_level (tpcc.cc:3398):     ERROR warehouse_id:2, cid:32487, maxbytes:2
20251110-03:35.43-966005(us) 19253 ! txn_stock_level (tpcc.cc:3398):     ERROR warehouse_id:2, cid:32487, maxbytes:2
20251110-03:35.43-967549(us) 19253 ! txn_stock_level (tpcc.cc:3398):     ERROR warehouse_id:2, cid:32487, maxbytes:2
20251110-03:35.43-967630(us) 19253 ! txn_stock_level (tpcc.cc:3398):     ERROR warehouse_id:2, cid:32487, maxbytes:2
20251110-03:35.44-182554(us) 19253 ! txn_stock_level (tpcc.cc:3398):     ERROR warehouse_id:2, cid:6183, maxbytes:2
20251110-03:35.44-183045(us) 19253 ! txn_stock_level (tpcc.cc:3398):     ERROR warehouse_id:2, cid:6183, maxbytes:2
20251110-03:35.44-183535(us) 19253 ! txn_stock_level (tpcc.cc:3398):     ERROR warehouse_id:2, cid:6183, maxbytes:2
20251110-03:35.44-183629(us) 19253 ! txn_stock_level (tpcc.cc:3398):     ERROR warehouse_id:2, cid:6183, maxbytes:2
20251110-03:35.44-183695(us) 19253 ! txn_stock_level (tpcc.cc:3398):     ERROR warehouse_id:2, cid:6183, maxbytes:2
20251110-03:35.44-183753(us) 19253 ! txn_stock_level (tpcc.cc:3398):     ERROR warehouse_id:2, cid:6183, maxbytes:2
20251110-03:35.44-183763(us) 19253 ! txn_stock_level (tpcc.cc:3398):     ERROR warehouse_id:2, cid:6183, maxbytes:2
20251110-03:35.44-183809(us) 19253 ! txn_stock_level (tpcc.cc:3398):     ERROR warehouse_id:2, cid:6183, maxbytes:2
20251110-03:35.44-185973(us) 19253 ! txn_stock_level (tpcc.cc:3398):     ERROR warehouse_id:2, cid:6183, maxbytes:2
20251110-03:35.44-186123(us) 19253 ! txn_stock_level (tpcc.cc:3398):     ERROR warehouse_id:2, cid:6183, maxbytes:2
20251110-03:35.44-186164(us) 19253 ! txn_stock_level (tpcc.cc:3398):     ERROR warehouse_id:2, cid:6183, maxbytes:2
20251110-03:35.44-189747(us) 19253 ! txn_stock_level (tpcc.cc:3398):     ERROR warehouse_id:2, cid:6183, maxbytes:2
20251110-03:35.44-189820(us) 19253 ! txn_stock_level (tpcc.cc:3398):     ERROR warehouse_id:2, cid:6183, maxbytes:2
20251110-03:35.44-190919(us) 19253 ! txn_stock_level (tpcc.cc:3398):     ERROR warehouse_id:2, cid:6183, maxbytes:2
20251110-03:35.44-191147(us) 19253 ! txn_stock_level (tpcc.cc:3398):     ERROR warehouse_id:2, cid:6183, maxbytes:2
20251110-03:35.44-191276(us) 19253 ! txn_stock_level (tpcc.cc:3398):     ERROR warehouse_id:2, cid:6183, maxbytes:2
20251110-03:35.44-191360(us) 19253 ! txn_stock_level (tpcc.cc:3398):     ERROR warehouse_id:2, cid:6183, maxbytes:2
20251110-03:35.44-191435(us) 19253 ! txn_stock_level (tpcc.cc:3398):     ERROR warehouse_id:2, cid:6183, maxbytes:2
20251110-03:35.44-194486(us) 19253 ! txn_stock_level (tpcc.cc:3398):     ERROR warehouse_id:2, cid:6183, maxbytes:2
20251110-03:35.44-195447(us) 19253 ! txn_stock_level (tpcc.cc:3398):     ERROR warehouse_id:2, cid:6183, maxbytes:2
20251110-03:35.44-196548(us) 19253 ! txn_stock_level (tpcc.cc:3398):     ERROR warehouse_id:2, cid:6183, maxbytes:2
20251110-03:35.44-196730(us) 19253 ! txn_stock_level (tpcc.cc:3398):     ERROR warehouse_id:2, cid:6183, maxbytes:2
20251110-03:35.44-196789(us) 19253 ! txn_stock_level (tpcc.cc:3398):     ERROR warehouse_id:2, cid:6183, maxbytes:2
20251110-03:35.44-197076(us) 19253 ! txn_stock_level (tpcc.cc:3398):     ERROR warehouse_id:2, cid:6183, maxbytes:2
20251110-03:35.44-197933(us) 19253 ! txn_stock_level (tpcc.cc:3398):     ERROR warehouse_id:2, cid:6183, maxbytes:2
20251110-03:35.44-198142(us) 19253 ! txn_stock_level (tpcc.cc:3398):     ERROR warehouse_id:2, cid:6183, maxbytes:2
20251110-03:35.44-201793(us) 19253 ! txn_stock_level (tpcc.cc:3398):     ERROR warehouse_id:2, cid:24263, maxbytes:2
20251110-03:35.44-201899(us) 19253 ! txn_stock_level (tpcc.cc:3398):     ERROR warehouse_id:2, cid:24263, maxbytes:2
20251110-03:35.44-204071(us) 19253 ! txn_stock_level (tpcc.cc:3398):     ERROR warehouse_id:2, cid:24263, maxbytes:2
20251110-03:35.44-204348(us) 19253 ! txn_stock_level (tpcc.cc:3398):     ERROR warehouse_id:2, cid:24263, maxbytes:2
20251110-03:35.44-204368(us) 19253 ! txn_stock_level (tpcc.cc:3398):     ERROR warehouse_id:2, cid:24263, maxbytes:2
20251110-03:35.44-204517(us) 19253 ! txn_stock_level (tpcc.cc:3398):     ERROR warehouse_id:2, cid:24263, maxbytes:2
20251110-03:35.44-204552(us) 19253 ! txn_stock_level (tpcc.cc:3398):     ERROR warehouse_id:2, cid:24263, maxbytes:2
20251110-03:35.44-208171(us) 19253 ! txn_stock_level (tpcc.cc:3398):     ERROR warehouse_id:2, cid:24263, maxbytes:2
20251110-03:35.44-208219(us) 19253 ! txn_stock_level (tpcc.cc:3398):     ERROR warehouse_id:2, cid:24263, maxbytes:2
20251110-03:35.44-208336(us) 19253 ! txn_stock_level (tpcc.cc:3398):     ERROR warehouse_id:2, cid:24263, maxbytes:2
20251110-03:35.44-210418(us) 19253 ! txn_stock_level (tpcc.cc:3398):     ERROR warehouse_id:2, cid:24263, maxbytes:2
20251110-03:35.44-216434(us) 19253 ! run             (bench.cc:473):     runtime time left:12000 ms, bool:1
20251110-03:35.44-331346(us) 19253 ! txn_stock_level (tpcc.cc:3398):     ERROR warehouse_id:1, cid:81575, maxbytes:2
20251110-03:35.44-331370(us) 19253 ! txn_stock_level (tpcc.cc:3398):     ERROR warehouse_id:1, cid:81575, maxbytes:2
20251110-03:35.44-331668(us) 19253 ! txn_stock_level (tpcc.cc:3398):     ERROR warehouse_id:1, cid:81575, maxbytes:2
20251110-03:35.44-333135(us) 19253 ! txn_stock_level (tpcc.cc:3398):     ERROR warehouse_id:1, cid:81575, maxbytes:2
20251110-03:35.44-334239(us) 19253 ! txn_stock_level (tpcc.cc:3398):     ERROR warehouse_id:1, cid:81575, maxbytes:2
20251110-03:35.44-335496(us) 19253 ! txn_stock_level (tpcc.cc:3398):     ERROR warehouse_id:1, cid:81575, maxbytes:2
20251110-03:35.44-335522(us) 19253 ! txn_stock_level (tpcc.cc:3398):     ERROR warehouse_id:1, cid:81575, maxbytes:2
20251110-03:35.44-335558(us) 19253 ! txn_stock_level (tpcc.cc:3398):     ERROR warehouse_id:1, cid:81575, maxbytes:2
20251110-03:35.44-335623(us) 19253 ! txn_stock_level (tpcc.cc:3398):     ERROR warehouse_id:1, cid:81575, maxbytes:2
20251110-03:35.44-336555(us) 19253 ! txn_stock_level (tpcc.cc:3398):     ERROR warehouse_id:1, cid:81575, maxbytes:2
20251110-03:35.44-337763(us) 19253 ! txn_stock_level (tpcc.cc:3398):     ERROR warehouse_id:1, cid:81575, maxbytes:2
20251110-03:35.44-461670(us) 19253 ! txn_stock_level (tpcc.cc:3398):     ERROR warehouse_id:1, cid:30439, maxbytes:2
20251110-03:35.44-463627(us) 19253 ! txn_stock_level (tpcc.cc:3398):     ERROR warehouse_id:1, cid:30439, maxbytes:2
20251110-03:35.44-463740(us) 19253 ! txn_stock_level (tpcc.cc:3398):     ERROR warehouse_id:1, cid:30439, maxbytes:2
20251110-03:35.44-465933(us) 19253 ! txn_stock_level (tpcc.cc:3398):     ERROR warehouse_id:1, cid:30439, maxbytes:2
20251110-03:35.44-521255(us) 19253 ! txn_stock_level (tpcc.cc:3398):     ERROR warehouse_id:2, cid:39325, maxbytes:2
20251110-03:35.44-523470(us) 19253 ! txn_stock_level (tpcc.cc:3398):     ERROR warehouse_id:2, cid:39325, maxbytes:2
20251110-03:35.44-526486(us) 19253 ! txn_stock_level (tpcc.cc:3398):     ERROR warehouse_id:2, cid:39325, maxbytes:2
20251110-03:35.44-526513(us) 19253 ! txn_stock_level (tpcc.cc:3398):     ERROR warehouse_id:2, cid:39325, maxbytes:2
20251110-03:35.44-527890(us) 19253 ! txn_stock_level (tpcc.cc:3398):     ERROR warehouse_id:2, cid:39325, maxbytes:2
20251110-03:35.44-528033(us) 19253 ! txn_stock_level (tpcc.cc:3398):     ERROR warehouse_id:2, cid:39325, maxbytes:2
20251110-03:35.44-528230(us) 19253 ! txn_stock_level (tpcc.cc:3398):     ERROR warehouse_id:2, cid:39325, maxbytes:2
20251110-03:35.44-529625(us) 19253 ! txn_stock_level (tpcc.cc:3398):     ERROR warehouse_id:2, cid:39325, maxbytes:2
20251110-03:35.44-529710(us) 19253 ! txn_stock_level (tpcc.cc:3398):     ERROR warehouse_id:2, cid:39325, maxbytes:2
20251110-03:35.44-529721(us) 19253 ! txn_stock_level (tpcc.cc:3398):     ERROR warehouse_id:2, cid:39325, maxbytes:2
20251110-03:35.44-529737(us) 19253 ! txn_stock_level (tpcc.cc:3398):     ERROR warehouse_id:2, cid:39325, maxbytes:2
20251110-03:35.44-529797(us) 19253 ! txn_stock_level (tpcc.cc:3398):     ERROR warehouse_id:2, cid:39325, maxbytes:2
20251110-03:35.44-529847(us) 19253 ! txn_stock_level (tpcc.cc:3398):     ERROR warehouse_id:2, cid:39325, maxbytes:2
20251110-03:35.44-530965(us) 19253 ! txn_stock_level (tpcc.cc:3398):     ERROR warehouse_id:2, cid:39325, maxbytes:2
20251110-03:35.44-532190(us) 19253 ! txn_stock_level (tpcc.cc:3398):     ERROR warehouse_id:2, cid:39325, maxbytes:2
20251110-03:35.44-532243(us) 19253 ! txn_stock_level (tpcc.cc:3398):     ERROR warehouse_id:2, cid:39325, maxbytes:2
20251110-03:35.44-532416(us) 19253 ! txn_stock_level (tpcc.cc:3398):     ERROR warehouse_id:2, cid:39325, maxbytes:2
20251110-03:35.44-532507(us) 19253 ! txn_stock_level (tpcc.cc:3398):     ERROR warehouse_id:2, cid:39325, maxbytes:2
20251110-03:35.44-532556(us) 19253 ! txn_stock_level (tpcc.cc:3398):     ERROR warehouse_id:2, cid:39325, maxbytes:2
20251110-03:35.44-534241(us) 19253 ! txn_stock_level (tpcc.cc:3398):     ERROR warehouse_id:2, cid:39325, maxbytes:2
20251110-03:35.44-536342(us) 19253 ! txn_stock_level (tpcc.cc:3398):     ERROR warehouse_id:2, cid:39325, maxbytes:2
20251110-03:35.44-537454(us) 19253 ! txn_stock_level (tpcc.cc:3398):     ERROR warehouse_id:2, cid:39325, maxbytes:2
20251110-03:35.44-537718(us) 19253 ! txn_stock_level (tpcc.cc:3398):     ERROR warehouse_id:2, cid:39325, maxbytes:2
20251110-03:35.44-539327(us) 19253 ! txn_stock_level (tpcc.cc:3398):     ERROR warehouse_id:2, cid:39325, maxbytes:2
20251110-03:35.44-539431(us) 19253 ! txn_stock_level (tpcc.cc:3398):     ERROR warehouse_id:2, cid:39325, maxbytes:2
20251110-03:35.44-602913(us) 19253 ! txn_stock_level (tpcc.cc:3398):     ERROR warehouse_id:2, cid:72935, maxbytes:2
20251110-03:35.44-602961(us) 19253 ! txn_stock_level (tpcc.cc:3398):     ERROR warehouse_id:2, cid:72935, maxbytes:2
20251110-03:35.44-603047(us) 19253 ! txn_stock_level (tpcc.cc:3398):     ERROR warehouse_id:2, cid:72935, maxbytes:2
20251110-03:35.44-603188(us) 19253 ! txn_stock_level (tpcc.cc:3398):     ERROR warehouse_id:2, cid:72935, maxbytes:2
20251110-03:35.44-609210(us) 19253 ! txn_stock_level (tpcc.cc:3398):     ERROR warehouse_id:2, cid:39655, maxbytes:2
20251110-03:35.44-611648(us) 19253 ! txn_stock_level (tpcc.cc:3398):     ERROR warehouse_id:2, cid:39655, maxbytes:2
20251110-03:35.44-614538(us) 19253 ! txn_stock_level (tpcc.cc:3398):     ERROR warehouse_id:2, cid:39655, maxbytes:2
20251110-03:35.44-661093(us) 19253 ! txn_stock_level (tpcc.cc:3398):     ERROR warehouse_id:1, cid:24295, maxbytes:2
20251110-03:35.44-661156(us) 19253 ! txn_stock_level (tpcc.cc:3398):     ERROR warehouse_id:1, cid:24295, maxbytes:2
20251110-03:35.44-664692(us) 19253 ! txn_stock_level (tpcc.cc:3398):     ERROR warehouse_id:1, cid:24295, maxbytes:2
20251110-03:35.44-665881(us) 19253 ! txn_stock_level (tpcc.cc:3398):     ERROR warehouse_id:1, cid:24295, maxbytes:2
20251110-03:35.44-666118(us) 19253 ! txn_stock_level (tpcc.cc:3398):     ERROR warehouse_id:1, cid:24295, maxbytes:2
20251110-03:35.44-666204(us) 19253 ! txn_stock_level (tpcc.cc:3398):     ERROR warehouse_id:1, cid:24295, maxbytes:2
20251110-03:35.44-667505(us) 19253 ! txn_stock_level (tpcc.cc:3398):     ERROR warehouse_id:1, cid:24295, maxbytes:2
20251110-03:35.44-668899(us) 19253 ! txn_stock_level (tpcc.cc:3398):     ERROR warehouse_id:1, cid:24295, maxbytes:2
20251110-03:35.44-670325(us) 19253 ! txn_stock_level (tpcc.cc:3398):     ERROR warehouse_id:1, cid:24295, maxbytes:2
20251110-03:35.44-670428(us) 19253 ! txn_stock_level (tpcc.cc:3398):     ERROR warehouse_id:1, cid:24295, maxbytes:2
20251110-03:35.44-671476(us) 19253 ! txn_stock_level (tpcc.cc:3398):     ERROR warehouse_id:1, cid:24295, maxbytes:2
20251110-03:35.44-671549(us) 19253 ! txn_stock_level (tpcc.cc:3398):     ERROR warehouse_id:1, cid:24295, maxbytes:2
20251110-03:35.44-671722(us) 19253 ! txn_stock_level (tpcc.cc:3398):     ERROR warehouse_id:1, cid:24295, maxbytes:2
20251110-03:35.44-719734(us) 19253 ! txn_stock_level (tpcc.cc:3398):     ERROR warehouse_id:1, cid:6215, maxbytes:2
20251110-03:35.44-720937(us) 19253 ! txn_stock_level (tpcc.cc:3398):     ERROR warehouse_id:1, cid:6215, maxbytes:2
20251110-03:35.44-722102(us) 19253 ! txn_stock_level (tpcc.cc:3398):     ERROR warehouse_id:1, cid:6215, maxbytes:2
20251110-03:35.44-722416(us) 19253 ! txn_stock_level (tpcc.cc:3398):     ERROR warehouse_id:1, cid:6215, maxbytes:2
20251110-03:35.44-723338(us) 19253 ! txn_stock_level (tpcc.cc:3398):     ERROR warehouse_id:1, cid:6215, maxbytes:2
20251110-03:35.44-723444(us) 19253 ! txn_stock_level (tpcc.cc:3398):     ERROR warehouse_id:1, cid:6215, maxbytes:2
20251110-03:35.44-724268(us) 19253 ! txn_stock_level (tpcc.cc:3398):     ERROR warehouse_id:1, cid:6215, maxbytes:2
20251110-03:35.44-726242(us) 19253 ! txn_stock_level (tpcc.cc:3398):     ERROR warehouse_id:1, cid:6215, maxbytes:2
20251110-03:35.44-728288(us) 19253 ! txn_stock_level (tpcc.cc:3398):     ERROR warehouse_id:1, cid:6215, maxbytes:2
20251110-03:35.44-729464(us) 19253 ! txn_stock_level (tpcc.cc:3398):     ERROR warehouse_id:1, cid:6215, maxbytes:2
20251110-03:35.44-730692(us) 19253 ! txn_stock_level (tpcc.cc:3398):     ERROR warehouse_id:1, cid:6215, maxbytes:2
20251110-03:35.44-730749(us) 19253 ! txn_stock_level (tpcc.cc:3398):     ERROR warehouse_id:1, cid:6215, maxbytes:2
20251110-03:35.44-787994(us) 19253 ! txn_stock_level (tpcc.cc:3398):     ERROR warehouse_id:1, cid:79075, maxbytes:2
20251110-03:35.44-788249(us) 19253 ! txn_stock_level (tpcc.cc:3398):     ERROR warehouse_id:1, cid:79075, maxbytes:2
20251110-03:35.44-788508(us) 19253 ! txn_stock_level (tpcc.cc:3398):     ERROR warehouse_id:1, cid:79075, maxbytes:2
20251110-03:35.44-788526(us) 19253 ! txn_stock_level (tpcc.cc:3398):     ERROR warehouse_id:1, cid:79075, maxbytes:2
20251110-03:35.44-789517(us) 19253 ! txn_stock_level (tpcc.cc:3398):     ERROR warehouse_id:1, cid:79075, maxbytes:2
20251110-03:35.44-789617(us) 19253 ! txn_stock_level (tpcc.cc:3398):     ERROR warehouse_id:1, cid:79075, maxbytes:2
20251110-03:35.44-791599(us) 19253 ! txn_stock_level (tpcc.cc:3398):     ERROR warehouse_id:1, cid:79075, maxbytes:2
20251110-03:35.44-792565(us) 19253 ! txn_stock_level (tpcc.cc:3398):     ERROR warehouse_id:1, cid:79075, maxbytes:2
20251110-03:35.44-792623(us) 19253 ! txn_stock_level (tpcc.cc:3398):     ERROR warehouse_id:1, cid:79075, maxbytes:2
20251110-03:35.44-793783(us) 19253 ! txn_stock_level (tpcc.cc:3398):     ERROR warehouse_id:1, cid:79075, maxbytes:2
20251110-03:35.44-793821(us) 19253 ! txn_stock_level (tpcc.cc:3398):     ERROR warehouse_id:1, cid:79075, maxbytes:2
20251110-03:35.44-793850(us) 19253 ! txn_stock_level (tpcc.cc:3398):     ERROR warehouse_id:1, cid:79075, maxbytes:2
20251110-03:35.44-796524(us) 19253 ! txn_stock_level (tpcc.cc:3398):     ERROR warehouse_id:1, cid:79075, maxbytes:2
20251110-03:35.44-796662(us) 19253 ! txn_stock_level (tpcc.cc:3398):     ERROR warehouse_id:1, cid:79075, maxbytes:2
20251110-03:35.44-797812(us) 19253 ! txn_stock_level (tpcc.cc:3398):     ERROR warehouse_id:1, cid:79075, maxbytes:2
20251110-03:35.44-797858(us) 19253 ! txn_stock_level (tpcc.cc:3398):     ERROR warehouse_id:1, cid:79075, maxbytes:2
20251110-03:35.44-797879(us) 19253 ! txn_stock_level (tpcc.cc:3398):     ERROR warehouse_id:1, cid:79075, maxbytes:2
20251110-03:35.44-797911(us) 19253 ! txn_stock_level (tpcc.cc:3398):     ERROR warehouse_id:1, cid:79075, maxbytes:2
20251110-03:35.44-797944(us) 19253 ! txn_stock_level (tpcc.cc:3398):     ERROR warehouse_id:1, cid:79075, maxbytes:2
20251110-03:35.44-797993(us) 19253 ! txn_stock_level (tpcc.cc:3398):     ERROR warehouse_id:1, cid:79075, maxbytes:2
20251110-03:35.44-798000(us) 19253 ! txn_stock_level (tpcc.cc:3398):     ERROR warehouse_id:1, cid:79075, maxbytes:2
20251110-03:35.44-798151(us) 19253 ! txn_stock_level (tpcc.cc:3398):     ERROR warehouse_id:1, cid:79075, maxbytes:2
20251110-03:35.44-798190(us) 19253 ! txn_stock_level (tpcc.cc:3398):     ERROR warehouse_id:1, cid:79075, maxbytes:2
20251110-03:35.44-835378(us) 19253 ! txn_stock_level (tpcc.cc:3398):     ERROR warehouse_id:1, cid:73447, maxbytes:2
20251110-03:35.44-836593(us) 19253 ! txn_stock_level (tpcc.cc:3398):     ERROR warehouse_id:1, cid:73447, maxbytes:2
20251110-03:35.44-836802(us) 19253 ! txn_stock_level (tpcc.cc:3398):     ERROR warehouse_id:1, cid:73447, maxbytes:2
20251110-03:35.44-836916(us) 19253 ! txn_stock_level (tpcc.cc:3398):     ERROR warehouse_id:1, cid:73447, maxbytes:2
20251110-03:35.44-838251(us) 19253 ! txn_stock_level (tpcc.cc:3398):     ERROR warehouse_id:1, cid:73447, maxbytes:2
20251110-03:35.44-838433(us) 19253 ! txn_stock_level (tpcc.cc:3398):     ERROR warehouse_id:1, cid:73447, maxbytes:2
20251110-03:35.44-838689(us) 19253 ! txn_stock_level (tpcc.cc:3398):     ERROR warehouse_id:1, cid:73447, maxbytes:2
20251110-03:35.44-838710(us) 19253 ! txn_stock_level (tpcc.cc:3398):     ERROR warehouse_id:1, cid:73447, maxbytes:2
20251110-03:35.44-841832(us) 19253 ! txn_stock_level (tpcc.cc:3398):     ERROR warehouse_id:1, cid:73447, maxbytes:2
20251110-03:35.44-842001(us) 19253 ! txn_stock_level (tpcc.cc:3398):     ERROR warehouse_id:1, cid:73447, maxbytes:2
20251110-03:35.44-844082(us) 19253 ! txn_stock_level (tpcc.cc:3398):     ERROR warehouse_id:1, cid:73447, maxbytes:2
20251110-03:35.44-844166(us) 19253 ! txn_stock_level (tpcc.cc:3398):     ERROR warehouse_id:1, cid:73447, maxbytes:2
20251110-03:35.44-845388(us) 19253 ! txn_stock_level (tpcc.cc:3398):     ERROR warehouse_id:1, cid:73447, maxbytes:2
20251110-03:35.44-845525(us) 19253 ! txn_stock_level (tpcc.cc:3398):     ERROR warehouse_id:1, cid:73447, maxbytes:2
20251110-03:35.44-967867(us) 19253 ! txn_stock_level (tpcc.cc:3398):     ERROR warehouse_id:2, cid:79078, maxbytes:2
20251110-03:35.44-969971(us) 19253 ! txn_stock_level (tpcc.cc:3398):     ERROR warehouse_id:2, cid:79078, maxbytes:2
20251110-03:35.44-970098(us) 19253 ! txn_stock_level (tpcc.cc:3398):     ERROR warehouse_id:2, cid:79078, maxbytes:2
20251110-03:35.44-971242(us) 19253 ! txn_stock_level (tpcc.cc:3398):     ERROR warehouse_id:2, cid:79078, maxbytes:2
20251110-03:35.44-971356(us) 19253 ! txn_stock_level (tpcc.cc:3398):     ERROR warehouse_id:2, cid:79078, maxbytes:2
20251110-03:35.44-973163(us) 19253 ! txn_stock_level (tpcc.cc:3398):     ERROR warehouse_id:2, cid:79078, maxbytes:2
20251110-03:35.44-973225(us) 19253 ! txn_stock_level (tpcc.cc:3398):     ERROR warehouse_id:2, cid:79078, maxbytes:2
20251110-03:35.44-975098(us) 19253 ! txn_stock_level (tpcc.cc:3398):     ERROR warehouse_id:2, cid:79078, maxbytes:2
20251110-03:35.44-976164(us) 19253 ! txn_stock_level (tpcc.cc:3398):     ERROR warehouse_id:2, cid:79078, maxbytes:2
20251110-03:35.44-977594(us) 19253 ! txn_stock_level (tpcc.cc:3398):     ERROR warehouse_id:2, cid:79078, maxbytes:2
20251110-03:35.44-977640(us) 19253 ! txn_stock_level (tpcc.cc:3398):     ERROR warehouse_id:2, cid:79078, maxbytes:2
20251110-03:35.44-978088(us) 19253 ! txn_stock_level (tpcc.cc:3398):     ERROR warehouse_id:2, cid:79078, maxbytes:2
20251110-03:35.44-980516(us) 19253 ! txn_stock_level (tpcc.cc:3398):     ERROR warehouse_id:2, cid:79078, maxbytes:2
20251110-03:35.44-981871(us) 19253 ! txn_stock_level (tpcc.cc:3398):     ERROR warehouse_id:2, cid:79078, maxbytes:2
20251110-03:35.44-981925(us) 19253 ! txn_stock_level (tpcc.cc:3398):     ERROR warehouse_id:2, cid:79078, maxbytes:2
20251110-03:35.44-994721(us) 19253 ! txn_stock_level (tpcc.cc:3398):     ERROR warehouse_id:2, cid:6215, maxbytes:2
20251110-03:35.44-994751(us) 19253 ! txn_stock_level (tpcc.cc:3398):     ERROR warehouse_id:2, cid:6215, maxbytes:2
20251110-03:35.45-4497(us) 19253 ! txn_stock_level (tpcc.cc:3398):     ERROR warehouse_id:2, cid:6215, maxbytes:2
20251110-03:35.45-10957(us) 19253 ! txn_stock_level (tpcc.cc:3398):     ERROR warehouse_id:2, cid:47463, maxbytes:2
20251110-03:35.45-11002(us) 19253 ! txn_stock_level (tpcc.cc:3398):     ERROR warehouse_id:2, cid:47463, maxbytes:2
20251110-03:35.45-13169(us) 19253 ! txn_stock_level (tpcc.cc:3398):     ERROR warehouse_id:2, cid:47463, maxbytes:2
20251110-03:35.45-13191(us) 19253 ! txn_stock_level (tpcc.cc:3398):     ERROR warehouse_id:2, cid:47463, maxbytes:2
20251110-03:35.45-13435(us) 19253 ! txn_stock_level (tpcc.cc:3398):     ERROR warehouse_id:2, cid:47463, maxbytes:2
20251110-03:35.45-15076(us) 19253 ! txn_stock_level (tpcc.cc:3398):     ERROR warehouse_id:2, cid:47463, maxbytes:2
20251110-03:35.45-15124(us) 19253 ! txn_stock_level (tpcc.cc:3398):     ERROR warehouse_id:2, cid:47463, maxbytes:2
20251110-03:35.45-19469(us) 19253 ! txn_stock_level (tpcc.cc:3398):     ERROR warehouse_id:2, cid:81557, maxbytes:2
20251110-03:35.45-20540(us) 19253 ! txn_stock_level (tpcc.cc:3398):     ERROR warehouse_id:2, cid:81557, maxbytes:2
20251110-03:35.45-20797(us) 19253 ! txn_stock_level (tpcc.cc:3398):     ERROR warehouse_id:2, cid:81557, maxbytes:2
20251110-03:35.45-22085(us) 19253 ! txn_stock_level (tpcc.cc:3398):     ERROR warehouse_id:2, cid:81557, maxbytes:2
20251110-03:35.45-23346(us) 19253 ! txn_stock_level (tpcc.cc:3398):     ERROR warehouse_id:2, cid:81557, maxbytes:2
20251110-03:35.45-23478(us) 19253 ! txn_stock_level (tpcc.cc:3398):     ERROR warehouse_id:2, cid:81557, maxbytes:2
20251110-03:35.45-23538(us) 19253 ! txn_stock_level (tpcc.cc:3398):     ERROR warehouse_id:2, cid:81557, maxbytes:2
20251110-03:35.45-23639(us) 19253 ! txn_stock_level (tpcc.cc:3398):     ERROR warehouse_id:2, cid:81557, maxbytes:2
20251110-03:35.45-23678(us) 19253 ! txn_stock_level (tpcc.cc:3398):     ERROR warehouse_id:1, cid:69351, maxbytes:2
20251110-03:35.45-23736(us) 19253 ! txn_stock_level (tpcc.cc:3398):     ERROR warehouse_id:2, cid:81557, maxbytes:2
20251110-03:35.45-23952(us) 19253 ! txn_stock_level (tpcc.cc:3398):     ERROR warehouse_id:1, cid:69351, maxbytes:2
20251110-03:35.45-27767(us) 19253 ! txn_stock_level (tpcc.cc:3398):     ERROR warehouse_id:2, cid:81557, maxbytes:2
20251110-03:35.45-28295(us) 19253 ! txn_stock_level (tpcc.cc:3398):     ERROR warehouse_id:2, cid:81557, maxbytes:2
20251110-03:35.45-28337(us) 19253 ! txn_stock_level (tpcc.cc:3398):     ERROR warehouse_id:2, cid:81557, maxbytes:2
20251110-03:35.45-28479(us) 19253 ! txn_stock_level (tpcc.cc:3398):     ERROR warehouse_id:2, cid:81557, maxbytes:2
20251110-03:35.45-28796(us) 19253 ! txn_stock_level (tpcc.cc:3398):     ERROR warehouse_id:2, cid:81557, maxbytes:2
20251110-03:35.45-29081(us) 19253 ! txn_stock_level (tpcc.cc:3398):     ERROR warehouse_id:2, cid:81557, maxbytes:2
20251110-03:35.45-30175(us) 19253 ! txn_stock_level (tpcc.cc:3398):     ERROR warehouse_id:2, cid:81557, maxbytes:2
20251110-03:35.45-30437(us) 19253 ! txn_stock_level (tpcc.cc:3398):     ERROR warehouse_id:2, cid:81557, maxbytes:2
20251110-03:35.45-31541(us) 19253 ! txn_stock_level (tpcc.cc:3398):     ERROR warehouse_id:2, cid:81557, maxbytes:2
20251110-03:35.45-31950(us) 19253 ! txn_stock_level (tpcc.cc:3398):     ERROR warehouse_id:2, cid:81557, maxbytes:2
20251110-03:35.45-33016(us) 19253 ! txn_stock_level (tpcc.cc:3398):     ERROR warehouse_id:2, cid:81557, maxbytes:2
20251110-03:35.45-33114(us) 19253 ! txn_stock_level (tpcc.cc:3398):     ERROR warehouse_id:2, cid:81557, maxbytes:2
20251110-03:35.45-33240(us) 19253 ! txn_stock_level (tpcc.cc:3398):     ERROR warehouse_id:2, cid:81557, maxbytes:2
20251110-03:35.45-37568(us) 19253 ! txn_stock_level (tpcc.cc:3398):     ERROR warehouse_id:2, cid:81557, maxbytes:2
20251110-03:35.45-37990(us) 19253 ! txn_stock_level (tpcc.cc:3398):     ERROR warehouse_id:2, cid:81557, maxbytes:2
20251110-03:35.45-38011(us) 19253 ! txn_stock_level (tpcc.cc:3398):     ERROR warehouse_id:2, cid:81557, maxbytes:2
20251110-03:35.45-38066(us) 19253 ! txn_stock_level (tpcc.cc:3398):     ERROR warehouse_id:2, cid:57063, maxbytes:2
20251110-03:35.45-38155(us) 19253 ! txn_stock_level (tpcc.cc:3398):     ERROR warehouse_id:2, cid:81557, maxbytes:2
20251110-03:35.45-38273(us) 19253 ! txn_stock_level (tpcc.cc:3398):     ERROR warehouse_id:2, cid:57063, maxbytes:2
20251110-03:35.45-38344(us) 19253 ! txn_stock_level (tpcc.cc:3398):     ERROR warehouse_id:2, cid:57063, maxbytes:2
20251110-03:35.45-41919(us) 19253 ! txn_stock_level (tpcc.cc:3398):     ERROR warehouse_id:2, cid:81557, maxbytes:2
20251110-03:35.45-42409(us) 19253 ! txn_stock_level (tpcc.cc:3398):     ERROR warehouse_id:2, cid:81557, maxbytes:2
20251110-03:35.45-42535(us) 19253 ! txn_stock_level (tpcc.cc:3398):     ERROR warehouse_id:2, cid:81557, maxbytes:2
20251110-03:35.45-42668(us) 19253 ! txn_stock_level (tpcc.cc:3398):     ERROR warehouse_id:2, cid:81557, maxbytes:2
20251110-03:35.45-42689(us) 19253 ! txn_stock_level (tpcc.cc:3398):     ERROR warehouse_id:2, cid:81557, maxbytes:2
20251110-03:35.45-42776(us) 19253 ! txn_stock_level (tpcc.cc:3398):     ERROR warehouse_id:2, cid:81557, maxbytes:2
20251110-03:35.45-42822(us) 19253 ! txn_stock_level (tpcc.cc:3398):     ERROR warehouse_id:2, cid:81557, maxbytes:2
20251110-03:35.45-45869(us) 19253 ! txn_stock_level (tpcc.cc:3398):     ERROR warehouse_id:2, cid:81557, maxbytes:2
20251110-03:35.45-46022(us) 19253 ! txn_stock_level (tpcc.cc:3398):     ERROR warehouse_id:2, cid:81557, maxbytes:2
20251110-03:35.45-46923(us) 19253 ! txn_stock_level (tpcc.cc:3398):     ERROR warehouse_id:2, cid:81557, maxbytes:2
20251110-03:35.45-51467(us) 19253 ! txn_stock_level (tpcc.cc:3398):     ERROR warehouse_id:2, cid:81557, maxbytes:2
20251110-03:35.45-51512(us) 19253 ! txn_stock_level (tpcc.cc:3398):     ERROR warehouse_id:2, cid:81557, maxbytes:2
20251110-03:35.45-51665(us) 19253 ! txn_stock_level (tpcc.cc:3398):     ERROR warehouse_id:2, cid:81557, maxbytes:2
20251110-03:35.45-51754(us) 19253 ! txn_stock_level (tpcc.cc:3398):     ERROR warehouse_id:2, cid:81557, maxbytes:2
20251110-03:35.45-53895(us) 19253 ! txn_stock_level (tpcc.cc:3398):     ERROR warehouse_id:2, cid:73383, maxbytes:2
20251110-03:35.45-54226(us) 19253 ! txn_stock_level (tpcc.cc:3398):     ERROR warehouse_id:2, cid:73383, maxbytes:2
20251110-03:35.45-54288(us) 19253 ! txn_stock_level (tpcc.cc:3398):     ERROR warehouse_id:2, cid:73383, maxbytes:2
20251110-03:35.45-71246(us) 19253 ! txn_stock_level (tpcc.cc:3398):     ERROR warehouse_id:2, cid:54999, maxbytes:2
20251110-03:35.45-72785(us) 19253 ! txn_stock_level (tpcc.cc:3398):     ERROR warehouse_id:2, cid:54999, maxbytes:2
20251110-03:35.45-73846(us) 19253 ! txn_stock_level (tpcc.cc:3398):     ERROR warehouse_id:2, cid:54999, maxbytes:2
20251110-03:35.45-75670(us) 19253 ! txn_stock_level (tpcc.cc:3398):     ERROR warehouse_id:2, cid:48743, maxbytes:2
20251110-03:35.45-76635(us) 19253 ! txn_stock_level (tpcc.cc:3398):     ERROR warehouse_id:2, cid:48743, maxbytes:2
20251110-03:35.45-76771(us) 19253 ! txn_stock_level (tpcc.cc:3398):     ERROR warehouse_id:2, cid:48743, maxbytes:2
20251110-03:35.45-77567(us) 19253 ! txn_stock_level (tpcc.cc:3398):     ERROR warehouse_id:2, cid:48743, maxbytes:2
20251110-03:35.45-77606(us) 19253 ! txn_stock_level (tpcc.cc:3398):     ERROR warehouse_id:2, cid:48743, maxbytes:2
20251110-03:35.45-77774(us) 19253 ! txn_stock_level (tpcc.cc:3398):     ERROR warehouse_id:2, cid:48743, maxbytes:2
20251110-03:35.45-77852(us) 19253 ! txn_stock_level (tpcc.cc:3398):     ERROR warehouse_id:2, cid:48743, maxbytes:2
20251110-03:35.45-77873(us) 19253 ! txn_stock_level (tpcc.cc:3398):     ERROR warehouse_id:2, cid:48743, maxbytes:2
20251110-03:35.45-77882(us) 19253 ! txn_stock_level (tpcc.cc:3398):     ERROR warehouse_id:2, cid:48743, maxbytes:2
20251110-03:35.45-77890(us) 19253 ! txn_stock_level (tpcc.cc:3398):     ERROR warehouse_id:2, cid:48743, maxbytes:2
20251110-03:35.45-77898(us) 19253 ! txn_stock_level (tpcc.cc:3398):     ERROR warehouse_id:2, cid:48743, maxbytes:2
20251110-03:35.45-77959(us) 19253 ! txn_stock_level (tpcc.cc:3398):     ERROR warehouse_id:2, cid:48743, maxbytes:2
20251110-03:35.45-77980(us) 19253 ! txn_stock_level (tpcc.cc:3398):     ERROR warehouse_id:2, cid:48743, maxbytes:2
20251110-03:35.45-78368(us) 19253 ! txn_stock_level (tpcc.cc:3398):     ERROR warehouse_id:2, cid:48743, maxbytes:2
20251110-03:35.45-78524(us) 19253 ! txn_stock_level (tpcc.cc:3398):     ERROR warehouse_id:2, cid:48743, maxbytes:2
20251110-03:35.45-78569(us) 19253 ! txn_stock_level (tpcc.cc:3398):     ERROR warehouse_id:2, cid:48743, maxbytes:2
20251110-03:35.45-78650(us) 19253 ! txn_stock_level (tpcc.cc:3398):     ERROR warehouse_id:2, cid:48743, maxbytes:2
20251110-03:35.45-78685(us) 19253 ! txn_stock_level (tpcc.cc:3398):     ERROR warehouse_id:2, cid:48743, maxbytes:2
20251110-03:35.45-78748(us) 19253 ! txn_stock_level (tpcc.cc:3398):     ERROR warehouse_id:2, cid:48743, maxbytes:2
20251110-03:35.45-79644(us) 19253 ! txn_stock_level (tpcc.cc:3398):     ERROR warehouse_id:2, cid:48743, maxbytes:2
20251110-03:35.45-79799(us) 19253 ! txn_stock_level (tpcc.cc:3398):     ERROR warehouse_id:2, cid:48743, maxbytes:2
20251110-03:35.45-80022(us) 19253 ! txn_stock_level (tpcc.cc:3398):     ERROR warehouse_id:2, cid:48743, maxbytes:2
20251110-03:35.45-80067(us) 19253 ! txn_stock_level (tpcc.cc:3398):     ERROR warehouse_id:2, cid:48743, maxbytes:2
20251110-03:35.45-80103(us) 19253 ! txn_stock_level (tpcc.cc:3398):     ERROR warehouse_id:2, cid:48743, maxbytes:2
20251110-03:35.45-80150(us) 19253 ! txn_stock_level (tpcc.cc:3398):     ERROR warehouse_id:2, cid:48743, maxbytes:2
20251110-03:35.45-80158(us) 19253 ! txn_stock_level (tpcc.cc:3398):     ERROR warehouse_id:2, cid:48743, maxbytes:2
20251110-03:35.45-80304(us) 19253 ! txn_stock_level (tpcc.cc:3398):     ERROR warehouse_id:2, cid:54999, maxbytes:2
20251110-03:35.45-80439(us) 19253 ! txn_stock_level (tpcc.cc:3398):     ERROR warehouse_id:2, cid:54999, maxbytes:2
20251110-03:35.45-80508(us) 19253 ! txn_stock_level (tpcc.cc:3398):     ERROR warehouse_id:2, cid:54999, maxbytes:2
20251110-03:35.45-80806(us) 19253 ! txn_stock_level (tpcc.cc:3398):     ERROR warehouse_id:2, cid:54999, maxbytes:2
20251110-03:35.45-82872(us) 19253 ! txn_stock_level (tpcc.cc:3398):     ERROR warehouse_id:2, cid:54999, maxbytes:2
20251110-03:35.45-222000(us) 19253 ! run             (bench.cc:473):     runtime time left:11000 ms, bool:1
20251110-03:35.45-263406(us) 19253 ! txn_stock_level (tpcc.cc:3398):     ERROR warehouse_id:2, cid:80854, maxbytes:2
20251110-03:35.45-265452(us) 19253 ! txn_stock_level (tpcc.cc:3398):     ERROR warehouse_id:2, cid:80854, maxbytes:2
20251110-03:35.45-265483(us) 19253 ! txn_stock_level (tpcc.cc:3398):     ERROR warehouse_id:2, cid:80854, maxbytes:2
20251110-03:35.45-265501(us) 19253 ! txn_stock_level (tpcc.cc:3398):     ERROR warehouse_id:2, cid:80854, maxbytes:2
20251110-03:35.45-265519(us) 19253 ! txn_stock_level (tpcc.cc:3398):     ERROR warehouse_id:2, cid:80854, maxbytes:2
20251110-03:35.45-265536(us) 19253 ! txn_stock_level (tpcc.cc:3398):     ERROR warehouse_id:2, cid:80854, maxbytes:2
20251110-03:35.45-265568(us) 19253 ! txn_stock_level (tpcc.cc:3398):     ERROR warehouse_id:2, cid:80854, maxbytes:2
20251110-03:35.45-265824(us) 19253 ! txn_stock_level (tpcc.cc:3398):     ERROR warehouse_id:2, cid:80854, maxbytes:2
20251110-03:35.45-265849(us) 19253 ! txn_stock_level (tpcc.cc:3398):     ERROR warehouse_id:2, cid:80854, maxbytes:2
20251110-03:35.45-265904(us) 19253 ! txn_stock_level (tpcc.cc:3398):     ERROR warehouse_id:2, cid:80854, maxbytes:2
20251110-03:35.45-265953(us) 19253 ! txn_stock_level (tpcc.cc:3398):     ERROR warehouse_id:2, cid:80854, maxbytes:2
20251110-03:35.45-265969(us) 19253 ! txn_stock_level (tpcc.cc:3398):     ERROR warehouse_id:2, cid:80854, maxbytes:2
20251110-03:35.45-265987(us) 19253 ! txn_stock_level (tpcc.cc:3398):     ERROR warehouse_id:2, cid:80854, maxbytes:2
20251110-03:35.45-266006(us) 19253 ! txn_stock_level (tpcc.cc:3398):     ERROR warehouse_id:2, cid:80854, maxbytes:2
20251110-03:35.45-266111(us) 19253 ! txn_stock_level (tpcc.cc:3398):     ERROR warehouse_id:2, cid:80854, maxbytes:2
20251110-03:35.45-266425(us) 19253 ! txn_stock_level (tpcc.cc:3398):     ERROR warehouse_id:2, cid:80854, maxbytes:2
20251110-03:35.45-267381(us) 19253 ! txn_stock_level (tpcc.cc:3398):     ERROR warehouse_id:2, cid:80854, maxbytes:2
20251110-03:35.45-267566(us) 19253 ! txn_stock_level (tpcc.cc:3398):     ERROR warehouse_id:2, cid:80854, maxbytes:2
20251110-03:35.45-267622(us) 19253 ! txn_stock_level (tpcc.cc:3398):     ERROR warehouse_id:2, cid:80854, maxbytes:2
20251110-03:35.45-268873(us) 19253 ! txn_stock_level (tpcc.cc:3398):     ERROR warehouse_id:2, cid:80854, maxbytes:2
20251110-03:35.45-269820(us) 19253 ! txn_stock_level (tpcc.cc:3398):     ERROR warehouse_id:2, cid:80854, maxbytes:2
20251110-03:35.45-269987(us) 19253 ! txn_stock_level (tpcc.cc:3398):     ERROR warehouse_id:2, cid:80854, maxbytes:2
20251110-03:35.45-283573(us) 19253 ! txn_stock_level (tpcc.cc:3398):     ERROR warehouse_id:2, cid:40485, maxbytes:2
20251110-03:35.45-689817(us) 19253 ! txn_stock_level (tpcc.cc:3398):     ERROR warehouse_id:1, cid:73437, maxbytes:2
20251110-03:35.45-689864(us) 19253 ! txn_stock_level (tpcc.cc:3398):     ERROR warehouse_id:1, cid:73437, maxbytes:2
20251110-03:35.45-689997(us) 19253 ! txn_stock_level (tpcc.cc:3398):     ERROR warehouse_id:1, cid:73437, maxbytes:2
20251110-03:35.45-690144(us) 19253 ! txn_stock_level (tpcc.cc:3398):     ERROR warehouse_id:1, cid:73437, maxbytes:2
20251110-03:35.45-690207(us) 19253 ! txn_stock_level (tpcc.cc:3398):     ERROR warehouse_id:1, cid:73437, maxbytes:2
20251110-03:35.45-690247(us) 19253 ! txn_stock_level (tpcc.cc:3398):     ERROR warehouse_id:1, cid:73437, maxbytes:2
20251110-03:35.45-692282(us) 19253 ! txn_stock_level (tpcc.cc:3398):     ERROR warehouse_id:1, cid:73437, maxbytes:2
20251110-03:35.45-693261(us) 19253 ! txn_stock_level (tpcc.cc:3398):     ERROR warehouse_id:1, cid:73437, maxbytes:2
20251110-03:35.45-716623(us) 19253 ! txn_stock_level (tpcc.cc:3398):     ERROR warehouse_id:1, cid:48871, maxbytes:2
20251110-03:35.45-716668(us) 19253 ! txn_stock_level (tpcc.cc:3398):     ERROR warehouse_id:1, cid:48871, maxbytes:2
20251110-03:35.45-716733(us) 19253 ! txn_stock_level (tpcc.cc:3398):     ERROR warehouse_id:1, cid:48871, maxbytes:2
20251110-03:35.45-716832(us) 19253 ! txn_stock_level (tpcc.cc:3398):     ERROR warehouse_id:1, cid:48871, maxbytes:2
20251110-03:35.45-716889(us) 19253 ! txn_stock_level (tpcc.cc:3398):     ERROR warehouse_id:1, cid:48871, maxbytes:2
20251110-03:35.45-716911(us) 19253 ! txn_stock_level (tpcc.cc:3398):     ERROR warehouse_id:1, cid:48871, maxbytes:2
20251110-03:35.45-716925(us) 19253 ! txn_stock_level (tpcc.cc:3398):     ERROR warehouse_id:1, cid:48871, maxbytes:2
20251110-03:35.45-716965(us) 19253 ! txn_stock_level (tpcc.cc:3398):     ERROR warehouse_id:1, cid:48871, maxbytes:2
20251110-03:35.45-717048(us) 19253 ! txn_stock_level (tpcc.cc:3398):     ERROR warehouse_id:1, cid:48871, maxbytes:2
20251110-03:35.45-718422(us) 19253 ! txn_stock_level (tpcc.cc:3398):     ERROR warehouse_id:1, cid:48871, maxbytes:2
20251110-03:35.45-719673(us) 19253 ! txn_stock_level (tpcc.cc:3398):     ERROR warehouse_id:1, cid:48871, maxbytes:2
20251110-03:35.45-719927(us) 19253 ! txn_stock_level (tpcc.cc:3398):     ERROR warehouse_id:1, cid:48871, maxbytes:2
20251110-03:35.45-722177(us) 19253 ! txn_stock_level (tpcc.cc:3398):     ERROR warehouse_id:1, cid:48871, maxbytes:2
20251110-03:35.45-722222(us) 19253 ! txn_stock_level (tpcc.cc:3398):     ERROR warehouse_id:1, cid:48871, maxbytes:2
20251110-03:35.45-722314(us) 19253 ! txn_stock_level (tpcc.cc:3398):     ERROR warehouse_id:1, cid:48871, maxbytes:2
20251110-03:35.45-723312(us) 19253 ! txn_stock_level (tpcc.cc:3398):     ERROR warehouse_id:1, cid:48871, maxbytes:2
20251110-03:35.45-760845(us) 19253 ! txn_stock_level (tpcc.cc:3398):     ERROR warehouse_id:1, cid:32471, maxbytes:2
20251110-03:35.45-760897(us) 19253 ! txn_stock_level (tpcc.cc:3398):     ERROR warehouse_id:1, cid:32471, maxbytes:2
20251110-03:35.45-760914(us) 19253 ! txn_stock_level (tpcc.cc:3398):     ERROR warehouse_id:1, cid:32471, maxbytes:2
20251110-03:35.45-761982(us) 19253 ! txn_stock_level (tpcc.cc:3398):     ERROR warehouse_id:1, cid:32471, maxbytes:2
20251110-03:35.45-762914(us) 19253 ! txn_stock_level (tpcc.cc:3398):     ERROR warehouse_id:1, cid:32471, maxbytes:2
20251110-03:35.45-762969(us) 19253 ! txn_stock_level (tpcc.cc:3398):     ERROR warehouse_id:1, cid:32471, maxbytes:2
20251110-03:35.45-763001(us) 19253 ! txn_stock_level (tpcc.cc:3398):     ERROR warehouse_id:1, cid:32471, maxbytes:2
20251110-03:35.45-764803(us) 19253 ! txn_stock_level (tpcc.cc:3398):     ERROR warehouse_id:1, cid:32471, maxbytes:2
20251110-03:35.45-764916(us) 19253 ! txn_stock_level (tpcc.cc:3398):     ERROR warehouse_id:1, cid:32471, maxbytes:2
20251110-03:35.45-847424(us) 19253 ! txn_stock_level (tpcc.cc:3398):     ERROR warehouse_id:1, cid:89831, maxbytes:2
20251110-03:35.45-874807(us) 19253 ! txn_stock_level (tpcc.cc:3398):     ERROR warehouse_id:2, cid:2109, maxbytes:2
20251110-03:35.45-876230(us) 19253 ! txn_stock_level (tpcc.cc:3398):     ERROR warehouse_id:2, cid:2109, maxbytes:2
20251110-03:35.45-876689(us) 19253 ! txn_stock_level (tpcc.cc:3398):     ERROR warehouse_id:2, cid:2109, maxbytes:2
20251110-03:35.45-876746(us) 19253 ! txn_stock_level (tpcc.cc:3398):     ERROR warehouse_id:2, cid:2109, maxbytes:2
20251110-03:35.45-876765(us) 19253 ! txn_stock_level (tpcc.cc:3398):     ERROR warehouse_id:2, cid:2109, maxbytes:2
20251110-03:35.45-876833(us) 19253 ! txn_stock_level (tpcc.cc:3398):     ERROR warehouse_id:2, cid:2109, maxbytes:2
20251110-03:35.45-877168(us) 19253 ! txn_stock_level (tpcc.cc:3398):     ERROR warehouse_id:2, cid:2109, maxbytes:2
20251110-03:35.45-877223(us) 19253 ! txn_stock_level (tpcc.cc:3398):     ERROR warehouse_id:2, cid:2109, maxbytes:2
20251110-03:35.46-69040(us) 19253 ! txn_stock_level (tpcc.cc:3398):     ERROR warehouse_id:1, cid:73374, maxbytes:2
20251110-03:35.46-69228(us) 19253 ! txn_stock_level (tpcc.cc:3398):     ERROR warehouse_id:1, cid:73374, maxbytes:2
20251110-03:35.46-227597(us) 19253 ! run             (bench.cc:473):     runtime time left:10000 ms, bool:1
20251110-03:35.46-230111(us) 19253 ! txn_stock_level (tpcc.cc:3398):     ERROR warehouse_id:2, cid:61159, maxbytes:2
20251110-03:35.46-230244(us) 19253 ! txn_stock_level (tpcc.cc:3398):     ERROR warehouse_id:2, cid:61159, maxbytes:2
20251110-03:35.46-231287(us) 19253 ! txn_stock_level (tpcc.cc:3398):     ERROR warehouse_id:2, cid:61159, maxbytes:2
20251110-03:35.46-231428(us) 19253 ! txn_stock_level (tpcc.cc:3398):     ERROR warehouse_id:2, cid:61159, maxbytes:2
20251110-03:35.46-231491(us) 19253 ! txn_stock_level (tpcc.cc:3398):     ERROR warehouse_id:2, cid:61159, maxbytes:2
20251110-03:35.46-231527(us) 19253 ! txn_stock_level (tpcc.cc:3398):     ERROR warehouse_id:2, cid:61159, maxbytes:2
20251110-03:35.46-232749(us) 19253 ! txn_stock_level (tpcc.cc:3398):     ERROR warehouse_id:2, cid:61159, maxbytes:2
20251110-03:35.46-232811(us) 19253 ! txn_stock_level (tpcc.cc:3398):     ERROR warehouse_id:2, cid:61159, maxbytes:2
20251110-03:35.46-233016(us) 19253 ! txn_stock_level (tpcc.cc:3398):     ERROR warehouse_id:2, cid:61159, maxbytes:2
20251110-03:35.46-233125(us) 19253 ! txn_stock_level (tpcc.cc:3398):     ERROR warehouse_id:2, cid:61159, maxbytes:2
20251110-03:35.46-233250(us) 19253 ! txn_stock_level (tpcc.cc:3398):     ERROR warehouse_id:2, cid:61159, maxbytes:2
20251110-03:35.46-233392(us) 19253 ! txn_stock_level (tpcc.cc:3398):     ERROR warehouse_id:2, cid:61159, maxbytes:2
20251110-03:35.46-234235(us) 19253 ! txn_stock_level (tpcc.cc:3398):     ERROR warehouse_id:2, cid:61159, maxbytes:2
20251110-03:35.46-235618(us) 19253 ! txn_stock_level (tpcc.cc:3398):     ERROR warehouse_id:2, cid:61159, maxbytes:2
20251110-03:35.46-236703(us) 19253 ! txn_stock_level (tpcc.cc:3398):     ERROR warehouse_id:2, cid:61159, maxbytes:2
20251110-03:35.46-237070(us) 19253 ! txn_stock_level (tpcc.cc:3398):     ERROR warehouse_id:2, cid:61159, maxbytes:2
20251110-03:35.46-237131(us) 19253 ! txn_stock_level (tpcc.cc:3398):     ERROR warehouse_id:2, cid:61159, maxbytes:2
20251110-03:35.46-237214(us) 19253 ! txn_stock_level (tpcc.cc:3398):     ERROR warehouse_id:2, cid:61159, maxbytes:2
20251110-03:35.46-239165(us) 19253 ! txn_stock_level (tpcc.cc:3398):     ERROR warehouse_id:2, cid:61159, maxbytes:2
20251110-03:35.46-239204(us) 19253 ! txn_stock_level (tpcc.cc:3398):     ERROR warehouse_id:2, cid:61159, maxbytes:2
20251110-03:35.46-239242(us) 19253 ! txn_stock_level (tpcc.cc:3398):     ERROR warehouse_id:2, cid:61159, maxbytes:2
20251110-03:35.46-240375(us) 19253 ! txn_stock_level (tpcc.cc:3398):     ERROR warehouse_id:2, cid:61159, maxbytes:2
20251110-03:35.46-240468(us) 19253 ! txn_stock_level (tpcc.cc:3398):     ERROR warehouse_id:2, cid:61159, maxbytes:2
20251110-03:35.46-411075(us) 19253 ! txn_stock_level (tpcc.cc:3398):     ERROR warehouse_id:2, cid:6151, maxbytes:2
20251110-03:35.46-412309(us) 19253 ! txn_stock_level (tpcc.cc:3398):     ERROR warehouse_id:2, cid:6151, maxbytes:2
20251110-03:35.46-412476(us) 19253 ! txn_stock_level (tpcc.cc:3398):     ERROR warehouse_id:2, cid:6151, maxbytes:2
20251110-03:35.46-413533(us) 19253 ! txn_stock_level (tpcc.cc:3398):     ERROR warehouse_id:2, cid:6151, maxbytes:2
20251110-03:35.46-413725(us) 19253 ! txn_stock_level (tpcc.cc:3398):     ERROR warehouse_id:2, cid:6151, maxbytes:2
20251110-03:35.46-413758(us) 19253 ! txn_stock_level (tpcc.cc:3398):     ERROR warehouse_id:2, cid:6151, maxbytes:2
20251110-03:35.46-413857(us) 19253 ! txn_stock_level (tpcc.cc:3398):     ERROR warehouse_id:2, cid:6151, maxbytes:2
20251110-03:35.46-413954(us) 19253 ! txn_stock_level (tpcc.cc:3398):     ERROR warehouse_id:2, cid:6151, maxbytes:2
20251110-03:35.46-414115(us) 19253 ! txn_stock_level (tpcc.cc:3398):     ERROR warehouse_id:2, cid:6151, maxbytes:2
20251110-03:35.46-414269(us) 19253 ! txn_stock_level (tpcc.cc:3398):     ERROR warehouse_id:2, cid:6151, maxbytes:2
20251110-03:35.46-414492(us) 19253 ! txn_stock_level (tpcc.cc:3398):     ERROR warehouse_id:2, cid:6151, maxbytes:2
20251110-03:35.46-415437(us) 19253 ! txn_stock_level (tpcc.cc:3398):     ERROR warehouse_id:2, cid:6151, maxbytes:2
20251110-03:35.46-417415(us) 19253 ! txn_stock_level (tpcc.cc:3398):     ERROR warehouse_id:2, cid:6151, maxbytes:2
20251110-03:35.46-418551(us) 19253 ! txn_stock_level (tpcc.cc:3398):     ERROR warehouse_id:2, cid:6151, maxbytes:2
20251110-03:35.46-418722(us) 19253 ! txn_stock_level (tpcc.cc:3398):     ERROR warehouse_id:2, cid:6151, maxbytes:2
20251110-03:35.46-418782(us) 19253 ! txn_stock_level (tpcc.cc:3398):     ERROR warehouse_id:2, cid:6151, maxbytes:2
20251110-03:35.46-418945(us) 19253 ! txn_stock_level (tpcc.cc:3398):     ERROR warehouse_id:2, cid:6151, maxbytes:2
20251110-03:35.46-419891(us) 19253 ! txn_stock_level (tpcc.cc:3398):     ERROR warehouse_id:2, cid:6151, maxbytes:2
20251110-03:35.46-420129(us) 19253 ! txn_stock_level (tpcc.cc:3398):     ERROR warehouse_id:2, cid:6151, maxbytes:2
20251110-03:35.46-421507(us) 19253 ! txn_stock_level (tpcc.cc:3398):     ERROR warehouse_id:2, cid:6151, maxbytes:2
20251110-03:35.46-423484(us) 19253 ! txn_stock_level (tpcc.cc:3398):     ERROR warehouse_id:2, cid:6151, maxbytes:2
20251110-03:35.46-423956(us) 19253 ! txn_stock_level (tpcc.cc:3398):     ERROR warehouse_id:2, cid:6151, maxbytes:2
20251110-03:35.46-424176(us) 19253 ! txn_stock_level (tpcc.cc:3398):     ERROR warehouse_id:2, cid:6151, maxbytes:2
20251110-03:35.46-424273(us) 19253 ! txn_stock_level (tpcc.cc:3398):     ERROR warehouse_id:2, cid:6151, maxbytes:2
20251110-03:35.46-424337(us) 19253 ! txn_stock_level (tpcc.cc:3398):     ERROR warehouse_id:2, cid:6151, maxbytes:2
20251110-03:35.46-426667(us) 19253 ! txn_stock_level (tpcc.cc:3398):     ERROR warehouse_id:2, cid:6151, maxbytes:2
20251110-03:35.46-426724(us) 19253 ! txn_stock_level (tpcc.cc:3398):     ERROR warehouse_id:2, cid:6151, maxbytes:2
20251110-03:35.46-429633(us) 19253 ! txn_stock_level (tpcc.cc:3398):     ERROR warehouse_id:2, cid:6151, maxbytes:2
20251110-03:35.46-429731(us) 19253 ! txn_stock_level (tpcc.cc:3398):     ERROR warehouse_id:2, cid:6151, maxbytes:2
20251110-03:35.46-430722(us) 19253 ! txn_stock_level (tpcc.cc:3398):     ERROR warehouse_id:2, cid:6151, maxbytes:2
20251110-03:35.46-431612(us) 19253 ! txn_stock_level (tpcc.cc:3398):     ERROR warehouse_id:2, cid:6151, maxbytes:2
20251110-03:35.46-431653(us) 19253 ! txn_stock_level (tpcc.cc:3398):     ERROR warehouse_id:2, cid:6151, maxbytes:2
20251110-03:35.46-431767(us) 19253 ! txn_stock_level (tpcc.cc:3398):     ERROR warehouse_id:2, cid:6151, maxbytes:2
20251110-03:35.46-431942(us) 19253 ! txn_stock_level (tpcc.cc:3398):     ERROR warehouse_id:2, cid:6151, maxbytes:2
20251110-03:35.46-431982(us) 19253 ! txn_stock_level (tpcc.cc:3398):     ERROR warehouse_id:2, cid:6151, maxbytes:2
20251110-03:35.46-432032(us) 19253 ! txn_stock_level (tpcc.cc:3398):     ERROR warehouse_id:2, cid:6151, maxbytes:2
20251110-03:35.46-432049(us) 19253 ! txn_stock_level (tpcc.cc:3398):     ERROR warehouse_id:2, cid:6151, maxbytes:2
20251110-03:35.46-432109(us) 19253 ! txn_stock_level (tpcc.cc:3398):     ERROR warehouse_id:2, cid:6151, maxbytes:2
20251110-03:35.46-433202(us) 19253 ! txn_stock_level (tpcc.cc:3398):     ERROR warehouse_id:2, cid:6151, maxbytes:2
20251110-03:35.46-433339(us) 19253 ! txn_stock_level (tpcc.cc:3398):     ERROR warehouse_id:2, cid:6151, maxbytes:2
20251110-03:35.46-433416(us) 19253 ! txn_stock_level (tpcc.cc:3398):     ERROR warehouse_id:2, cid:6151, maxbytes:2
20251110-03:35.46-434488(us) 19253 ! txn_stock_level (tpcc.cc:3398):     ERROR warehouse_id:2, cid:6151, maxbytes:2
20251110-03:35.46-435381(us) 19253 ! txn_stock_level (tpcc.cc:3398):     ERROR warehouse_id:2, cid:6151, maxbytes:2
20251110-03:35.46-435530(us) 19253 ! txn_stock_level (tpcc.cc:3398):     ERROR warehouse_id:2, cid:6151, maxbytes:2
20251110-03:35.46-435603(us) 19253 ! txn_stock_level (tpcc.cc:3398):     ERROR warehouse_id:2, cid:6151, maxbytes:2
20251110-03:35.46-436523(us) 19253 ! txn_stock_level (tpcc.cc:3398):     ERROR warehouse_id:2, cid:6151, maxbytes:2
20251110-03:35.46-438992(us) 19253 ! txn_stock_level (tpcc.cc:3398):     ERROR warehouse_id:2, cid:6151, maxbytes:2
20251110-03:35.46-439043(us) 19253 ! txn_stock_level (tpcc.cc:3398):     ERROR warehouse_id:2, cid:6151, maxbytes:2
20251110-03:35.46-439071(us) 19253 ! txn_stock_level (tpcc.cc:3398):     ERROR warehouse_id:2, cid:6151, maxbytes:2
20251110-03:35.46-439483(us) 19253 ! txn_stock_level (tpcc.cc:3398):     ERROR warehouse_id:2, cid:6151, maxbytes:2
20251110-03:35.46-442672(us) 19253 ! txn_stock_level (tpcc.cc:3398):     ERROR warehouse_id:2, cid:6151, maxbytes:2
20251110-03:35.46-442700(us) 19253 ! txn_stock_level (tpcc.cc:3398):     ERROR warehouse_id:2, cid:6151, maxbytes:2
20251110-03:35.46-442724(us) 19253 ! txn_stock_level (tpcc.cc:3398):     ERROR warehouse_id:2, cid:6151, maxbytes:2
20251110-03:35.46-442758(us) 19253 ! txn_stock_level (tpcc.cc:3398):     ERROR warehouse_id:2, cid:6151, maxbytes:2
20251110-03:35.46-442857(us) 19253 ! txn_stock_level (tpcc.cc:3398):     ERROR warehouse_id:2, cid:6151, maxbytes:2
20251110-03:35.46-443776(us) 19253 ! txn_stock_level (tpcc.cc:3398):     ERROR warehouse_id:2, cid:6151, maxbytes:2
20251110-03:35.46-443866(us) 19253 ! txn_stock_level (tpcc.cc:3398):     ERROR warehouse_id:2, cid:6151, maxbytes:2
20251110-03:35.46-443899(us) 19253 ! txn_stock_level (tpcc.cc:3398):     ERROR warehouse_id:2, cid:6151, maxbytes:2
20251110-03:35.46-444064(us) 19253 ! txn_stock_level (tpcc.cc:3398):     ERROR warehouse_id:2, cid:6151, maxbytes:2
20251110-03:35.46-444147(us) 19253 ! txn_stock_level (tpcc.cc:3398):     ERROR warehouse_id:2, cid:6151, maxbytes:2
20251110-03:35.46-533278(us) 19253 ! txn_stock_level (tpcc.cc:3398):     ERROR warehouse_id:1, cid:16035, maxbytes:2
20251110-03:35.46-533363(us) 19253 ! txn_stock_level (tpcc.cc:3398):     ERROR warehouse_id:1, cid:16035, maxbytes:2
20251110-03:35.46-533381(us) 19253 ! txn_stock_level (tpcc.cc:3398):     ERROR warehouse_id:1, cid:16035, maxbytes:2
20251110-03:35.46-533464(us) 19253 ! txn_stock_level (tpcc.cc:3398):     ERROR warehouse_id:1, cid:16035, maxbytes:2
20251110-03:35.46-535669(us) 19253 ! txn_stock_level (tpcc.cc:3398):     ERROR warehouse_id:1, cid:16035, maxbytes:2
20251110-03:35.46-535698(us) 19253 ! txn_stock_level (tpcc.cc:3398):     ERROR warehouse_id:1, cid:16035, maxbytes:2
20251110-03:35.46-596794(us) 19253 ! txn_stock_level (tpcc.cc:3398):     ERROR warehouse_id:2, cid:28374, maxbytes:2
20251110-03:35.46-596918(us) 19253 ! txn_stock_level (tpcc.cc:3398):     ERROR warehouse_id:2, cid:28374, maxbytes:2
20251110-03:35.46-597249(us) 19253 ! txn_stock_level (tpcc.cc:3398):     ERROR warehouse_id:2, cid:28374, maxbytes:2
20251110-03:35.46-597386(us) 19253 ! txn_stock_level (tpcc.cc:3398):     ERROR warehouse_id:2, cid:28374, maxbytes:2
20251110-03:35.46-599940(us) 19253 ! txn_stock_level (tpcc.cc:3398):     ERROR warehouse_id:2, cid:28374, maxbytes:2
20251110-03:35.46-599973(us) 19253 ! txn_stock_level (tpcc.cc:3398):     ERROR warehouse_id:2, cid:28374, maxbytes:2
20251110-03:35.46-599982(us) 19253 ! txn_stock_level (tpcc.cc:3398):     ERROR warehouse_id:2, cid:28374, maxbytes:2
20251110-03:35.46-599997(us) 19253 ! txn_stock_level (tpcc.cc:3398):     ERROR warehouse_id:2, cid:28374, maxbytes:2
20251110-03:35.46-601798(us) 19253 ! txn_stock_level (tpcc.cc:3398):     ERROR warehouse_id:2, cid:28374, maxbytes:2
20251110-03:35.46-601877(us) 19253 ! txn_stock_level (tpcc.cc:3398):     ERROR warehouse_id:2, cid:28374, maxbytes:2
20251110-03:35.46-601898(us) 19253 ! txn_stock_level (tpcc.cc:3398):     ERROR warehouse_id:2, cid:28374, maxbytes:2
20251110-03:35.46-601919(us) 19253 ! txn_stock_level (tpcc.cc:3398):     ERROR warehouse_id:2, cid:28374, maxbytes:2
20251110-03:35.46-603149(us) 19253 ! txn_stock_level (tpcc.cc:3398):     ERROR warehouse_id:2, cid:28374, maxbytes:2
20251110-03:35.46-603236(us) 19253 ! txn_stock_level (tpcc.cc:3398):     ERROR warehouse_id:2, cid:28374, maxbytes:2
20251110-03:35.46-603294(us) 19253 ! txn_stock_level (tpcc.cc:3398):     ERROR warehouse_id:2, cid:28374, maxbytes:2
20251110-03:35.46-605457(us) 19253 ! txn_stock_level (tpcc.cc:3398):     ERROR warehouse_id:2, cid:28374, maxbytes:2
20251110-03:35.46-605909(us) 19253 ! txn_stock_level (tpcc.cc:3398):     ERROR warehouse_id:2, cid:85685, maxbytes:2
20251110-03:35.46-605938(us) 19253 ! txn_stock_level (tpcc.cc:3398):     ERROR warehouse_id:2, cid:85685, maxbytes:2
20251110-03:35.46-606022(us) 19253 ! txn_stock_level (tpcc.cc:3398):     ERROR warehouse_id:2, cid:85685, maxbytes:2
20251110-03:35.46-612133(us) 19253 ! txn_stock_level (tpcc.cc:3398):     ERROR warehouse_id:2, cid:22247, maxbytes:2
20251110-03:35.46-839225(us) 19253 ! txn_stock_level (tpcc.cc:3398):     ERROR warehouse_id:1, cid:39655, maxbytes:2
20251110-03:35.46-840452(us) 19253 ! txn_stock_level (tpcc.cc:3398):     ERROR warehouse_id:1, cid:39655, maxbytes:2
20251110-03:35.46-840555(us) 19253 ! txn_stock_level (tpcc.cc:3398):     ERROR warehouse_id:1, cid:39655, maxbytes:2
20251110-03:35.46-840567(us) 19253 ! txn_stock_level (tpcc.cc:3398):     ERROR warehouse_id:1, cid:39655, maxbytes:2
20251110-03:35.46-843515(us) 19253 ! txn_stock_level (tpcc.cc:3398):     ERROR warehouse_id:2, cid:46807, maxbytes:2
20251110-03:35.46-843561(us) 19253 ! txn_stock_level (tpcc.cc:3398):     ERROR warehouse_id:2, cid:46807, maxbytes:2
20251110-03:35.46-843866(us) 19253 ! txn_stock_level (tpcc.cc:3398):     ERROR warehouse_id:2, cid:46807, maxbytes:2
20251110-03:35.46-844126(us) 19253 ! txn_stock_level (tpcc.cc:3398):     ERROR warehouse_id:2, cid:46807, maxbytes:2
20251110-03:35.46-844274(us) 19253 ! txn_stock_level (tpcc.cc:3398):     ERROR warehouse_id:2, cid:46807, maxbytes:2
20251110-03:35.46-845250(us) 19253 ! txn_stock_level (tpcc.cc:3398):     ERROR warehouse_id:2, cid:46807, maxbytes:2
20251110-03:35.46-847109(us) 19253 ! txn_stock_level (tpcc.cc:3398):     ERROR warehouse_id:2, cid:46807, maxbytes:2
20251110-03:35.46-847215(us) 19253 ! txn_stock_level (tpcc.cc:3398):     ERROR warehouse_id:2, cid:46807, maxbytes:2
20251110-03:35.46-869964(us) 19253 ! txn_stock_level (tpcc.cc:3398):     ERROR warehouse_id:2, cid:56673, maxbytes:2
20251110-03:35.46-925179(us) 19253 ! txn_stock_level (tpcc.cc:3398):     ERROR warehouse_id:2, cid:48871, maxbytes:2
20251110-03:35.46-926186(us) 19253 ! txn_stock_level (tpcc.cc:3398):     ERROR warehouse_id:2, cid:48871, maxbytes:2
20251110-03:35.46-926373(us) 19253 ! txn_stock_level (tpcc.cc:3398):     ERROR warehouse_id:2, cid:48871, maxbytes:2
20251110-03:35.46-926459(us) 19253 ! txn_stock_level (tpcc.cc:3398):     ERROR warehouse_id:2, cid:48871, maxbytes:2
20251110-03:35.46-926490(us) 19253 ! txn_stock_level (tpcc.cc:3398):     ERROR warehouse_id:2, cid:48871, maxbytes:2
20251110-03:35.46-926535(us) 19253 ! txn_stock_level (tpcc.cc:3398):     ERROR warehouse_id:2, cid:48871, maxbytes:2
20251110-03:35.46-929656(us) 19253 ! txn_stock_level (tpcc.cc:3398):     ERROR warehouse_id:2, cid:48871, maxbytes:2
20251110-03:35.46-930711(us) 19253 ! txn_stock_level (tpcc.cc:3398):     ERROR warehouse_id:2, cid:48871, maxbytes:2
20251110-03:35.46-931092(us) 19253 ! txn_stock_level (tpcc.cc:3398):     ERROR warehouse_id:1, cid:65251, maxbytes:2
20251110-03:35.46-931394(us) 19253 ! txn_stock_level (tpcc.cc:3398):     ERROR warehouse_id:1, cid:65251, maxbytes:2
20251110-03:35.46-931406(us) 19253 ! txn_stock_level (tpcc.cc:3398):     ERROR warehouse_id:1, cid:65251, maxbytes:2
20251110-03:35.46-933649(us) 19253 ! txn_stock_level (tpcc.cc:3398):     ERROR warehouse_id:1, cid:73447, maxbytes:2
20251110-03:35.46-935750(us) 19253 ! txn_stock_level (tpcc.cc:3398):     ERROR warehouse_id:1, cid:73447, maxbytes:2
20251110-03:35.46-936738(us) 19253 ! txn_stock_level (tpcc.cc:3398):     ERROR warehouse_id:1, cid:73447, maxbytes:2
20251110-03:35.46-938928(us) 19253 ! txn_stock_level (tpcc.cc:3398):     ERROR warehouse_id:1, cid:73447, maxbytes:2
20251110-03:35.46-939018(us) 19253 ! txn_stock_level (tpcc.cc:3398):     ERROR warehouse_id:1, cid:73447, maxbytes:2
20251110-03:35.47-91462(us) 19253 ! txn_stock_level (tpcc.cc:3398):     ERROR warehouse_id:1, cid:65223, maxbytes:2
20251110-03:35.47-91523(us) 19253 ! txn_stock_level (tpcc.cc:3398):     ERROR warehouse_id:1, cid:65223, maxbytes:2
20251110-03:35.47-91537(us) 19253 ! txn_stock_level (tpcc.cc:3398):     ERROR warehouse_id:1, cid:65223, maxbytes:2
20251110-03:35.47-92862(us) 19253 ! txn_stock_level (tpcc.cc:3398):     ERROR warehouse_id:1, cid:65223, maxbytes:2
20251110-03:35.47-92953(us) 19253 ! txn_stock_level (tpcc.cc:3398):     ERROR warehouse_id:1, cid:65223, maxbytes:2
20251110-03:35.47-160403(us) 19253 ! txn_stock_level (tpcc.cc:3398):     ERROR warehouse_id:1, cid:72403, maxbytes:2
20251110-03:35.47-160674(us) 19253 ! txn_stock_level (tpcc.cc:3398):     ERROR warehouse_id:1, cid:72403, maxbytes:2
20251110-03:35.47-161690(us) 19253 ! txn_stock_level (tpcc.cc:3398):     ERROR warehouse_id:1, cid:72403, maxbytes:2
20251110-03:35.47-162820(us) 19253 ! txn_stock_level (tpcc.cc:3398):     ERROR warehouse_id:1, cid:72403, maxbytes:2
20251110-03:35.47-162948(us) 19253 ! txn_stock_level (tpcc.cc:3398):     ERROR warehouse_id:1, cid:72403, maxbytes:2
20251110-03:35.47-164323(us) 19253 ! txn_stock_level (tpcc.cc:3398):     ERROR warehouse_id:1, cid:72403, maxbytes:2
20251110-03:35.47-164543(us) 19253 ! txn_stock_level (tpcc.cc:3398):     ERROR warehouse_id:1, cid:72403, maxbytes:2
20251110-03:35.47-165271(us) 19253 ! txn_stock_level (tpcc.cc:3398):     ERROR warehouse_id:1, cid:12003, maxbytes:2
20251110-03:35.47-165296(us) 19253 ! txn_stock_level (tpcc.cc:3398):     ERROR warehouse_id:1, cid:12003, maxbytes:2
20251110-03:35.47-165311(us) 19253 ! txn_stock_level (tpcc.cc:3398):     ERROR warehouse_id:1, cid:72403, maxbytes:2
20251110-03:35.47-165599(us) 19253 ! txn_stock_level (tpcc.cc:3398):     ERROR warehouse_id:1, cid:12003, maxbytes:2
20251110-03:35.47-165665(us) 19253 ! txn_stock_level (tpcc.cc:3398):     ERROR warehouse_id:1, cid:12003, maxbytes:2
20251110-03:35.47-166890(us) 19253 ! txn_stock_level (tpcc.cc:3398):     ERROR warehouse_id:1, cid:12003, maxbytes:2
20251110-03:35.47-167037(us) 19253 ! txn_stock_level (tpcc.cc:3398):     ERROR warehouse_id:1, cid:72403, maxbytes:2
20251110-03:35.47-167083(us) 19253 ! txn_stock_level (tpcc.cc:3398):     ERROR warehouse_id:1, cid:72403, maxbytes:2
20251110-03:35.47-168081(us) 19253 ! txn_stock_level (tpcc.cc:3398):     ERROR warehouse_id:1, cid:72403, maxbytes:2
20251110-03:35.47-168112(us) 19253 ! txn_stock_level (tpcc.cc:3398):     ERROR warehouse_id:1, cid:12003, maxbytes:2
20251110-03:35.47-168966(us) 19253 ! txn_stock_level (tpcc.cc:3398):     ERROR warehouse_id:1, cid:72403, maxbytes:2
20251110-03:35.47-169020(us) 19253 ! txn_stock_level (tpcc.cc:3398):     ERROR warehouse_id:1, cid:72403, maxbytes:2
20251110-03:35.47-169088(us) 19253 ! txn_stock_level (tpcc.cc:3398):     ERROR warehouse_id:1, cid:12003, maxbytes:2
20251110-03:35.47-172005(us) 19253 ! txn_stock_level (tpcc.cc:3398):     ERROR warehouse_id:1, cid:12003, maxbytes:2
20251110-03:35.47-172076(us) 19253 ! txn_stock_level (tpcc.cc:3398):     ERROR warehouse_id:1, cid:6207, maxbytes:2
20251110-03:35.47-172094(us) 19253 ! txn_stock_level (tpcc.cc:3398):     ERROR warehouse_id:1, cid:6207, maxbytes:2
20251110-03:35.47-172261(us) 19253 ! txn_stock_level (tpcc.cc:3398):     ERROR warehouse_id:1, cid:12003, maxbytes:2
20251110-03:35.47-172304(us) 19253 ! txn_stock_level (tpcc.cc:3398):     ERROR warehouse_id:1, cid:6207, maxbytes:2
20251110-03:35.47-172345(us) 19253 ! txn_stock_level (tpcc.cc:3398):     ERROR warehouse_id:1, cid:6207, maxbytes:2
20251110-03:35.47-172367(us) 19253 ! txn_stock_level (tpcc.cc:3398):     ERROR warehouse_id:1, cid:12003, maxbytes:2
20251110-03:35.47-172518(us) 19253 ! txn_stock_level (tpcc.cc:3398):     ERROR warehouse_id:1, cid:6207, maxbytes:2
20251110-03:35.47-172620(us) 19253 ! txn_stock_level (tpcc.cc:3398):     ERROR warehouse_id:1, cid:12003, maxbytes:2
20251110-03:35.47-172679(us) 19253 ! txn_stock_level (tpcc.cc:3398):     ERROR warehouse_id:1, cid:12003, maxbytes:2
20251110-03:35.47-172721(us) 19253 ! txn_stock_level (tpcc.cc:3398):     ERROR warehouse_id:1, cid:12003, maxbytes:2
20251110-03:35.47-172800(us) 19253 ! txn_stock_level (tpcc.cc:3398):     ERROR warehouse_id:1, cid:12003, maxbytes:2
20251110-03:35.47-172909(us) 19253 ! txn_stock_level (tpcc.cc:3398):     ERROR warehouse_id:1, cid:64223, maxbytes:2
20251110-03:35.47-172988(us) 19253 ! txn_stock_level (tpcc.cc:3398):     ERROR warehouse_id:1, cid:12003, maxbytes:2
20251110-03:35.47-172998(us) 19253 ! txn_stock_level (tpcc.cc:3398):     ERROR warehouse_id:1, cid:12003, maxbytes:2
20251110-03:35.47-173043(us) 19253 ! txn_stock_level (tpcc.cc:3398):     ERROR warehouse_id:1, cid:12003, maxbytes:2
20251110-03:35.47-173073(us) 19253 ! txn_stock_level (tpcc.cc:3398):     ERROR warehouse_id:1, cid:12003, maxbytes:2
20251110-03:35.47-173102(us) 19253 ! txn_stock_level (tpcc.cc:3398):     ERROR warehouse_id:1, cid:12003, maxbytes:2
20251110-03:35.47-173119(us) 19253 ! txn_stock_level (tpcc.cc:3398):     ERROR warehouse_id:1, cid:64223, maxbytes:2
20251110-03:35.47-173131(us) 19253 ! txn_stock_level (tpcc.cc:3398):     ERROR warehouse_id:1, cid:64223, maxbytes:2
20251110-03:35.47-173174(us) 19253 ! txn_stock_level (tpcc.cc:3398):     ERROR warehouse_id:1, cid:12003, maxbytes:2
20251110-03:35.47-173209(us) 19253 ! txn_stock_level (tpcc.cc:3398):     ERROR warehouse_id:1, cid:12003, maxbytes:2
20251110-03:35.47-174145(us) 19253 ! txn_stock_level (tpcc.cc:3398):     ERROR warehouse_id:1, cid:12003, maxbytes:2
20251110-03:35.47-174294(us) 19253 ! txn_stock_level (tpcc.cc:3398):     ERROR warehouse_id:1, cid:64223, maxbytes:2
20251110-03:35.47-174305(us) 19253 ! txn_stock_level (tpcc.cc:3398):     ERROR warehouse_id:1, cid:64223, maxbytes:2
20251110-03:35.47-174355(us) 19253 ! txn_stock_level (tpcc.cc:3398):     ERROR warehouse_id:1, cid:64223, maxbytes:2
20251110-03:35.47-176835(us) 19253 ! txn_stock_level (tpcc.cc:3398):     ERROR warehouse_id:1, cid:64223, maxbytes:2
20251110-03:35.47-176968(us) 19253 ! txn_stock_level (tpcc.cc:3398):     ERROR warehouse_id:1, cid:64223, maxbytes:2
20251110-03:35.47-177053(us) 19253 ! txn_stock_level (tpcc.cc:3398):     ERROR warehouse_id:1, cid:64223, maxbytes:2
20251110-03:35.47-177118(us) 19253 ! txn_stock_level (tpcc.cc:3398):     ERROR warehouse_id:1, cid:64223, maxbytes:2
20251110-03:35.47-177311(us) 19253 ! txn_stock_level (tpcc.cc:3398):     ERROR warehouse_id:1, cid:64223, maxbytes:2
20251110-03:35.47-177347(us) 19253 ! txn_stock_level (tpcc.cc:3398):     ERROR warehouse_id:1, cid:64223, maxbytes:2
20251110-03:35.47-177479(us) 19253 ! txn_stock_level (tpcc.cc:3398):     ERROR warehouse_id:1, cid:64223, maxbytes:2
20251110-03:35.47-177612(us) 19253 ! txn_stock_level (tpcc.cc:3398):     ERROR warehouse_id:1, cid:64223, maxbytes:2
20251110-03:35.47-177657(us) 19253 ! txn_stock_level (tpcc.cc:3398):     ERROR warehouse_id:1, cid:64223, maxbytes:2
20251110-03:35.47-177678(us) 19253 ! txn_stock_level (tpcc.cc:3398):     ERROR warehouse_id:1, cid:64223, maxbytes:2
20251110-03:35.47-177809(us) 19253 ! txn_stock_level (tpcc.cc:3398):     ERROR warehouse_id:1, cid:64223, maxbytes:2
20251110-03:35.47-177836(us) 19253 ! txn_stock_level (tpcc.cc:3398):     ERROR warehouse_id:1, cid:64223, maxbytes:2
20251110-03:35.47-177981(us) 19253 ! txn_stock_level (tpcc.cc:3398):     ERROR warehouse_id:1, cid:64223, maxbytes:2
20251110-03:35.47-178021(us) 19253 ! txn_stock_level (tpcc.cc:3398):     ERROR warehouse_id:1, cid:64223, maxbytes:2
20251110-03:35.47-179773(us) 19253 ! txn_stock_level (tpcc.cc:3398):     ERROR warehouse_id:1, cid:64223, maxbytes:2
20251110-03:35.47-179827(us) 19253 ! txn_stock_level (tpcc.cc:3398):     ERROR warehouse_id:1, cid:64223, maxbytes:2
20251110-03:35.47-179880(us) 19253 ! txn_stock_level (tpcc.cc:3398):     ERROR warehouse_id:1, cid:64223, maxbytes:2
20251110-03:35.47-179929(us) 19253 ! txn_stock_level (tpcc.cc:3398):     ERROR warehouse_id:1, cid:64223, maxbytes:2
20251110-03:35.47-179945(us) 19253 ! txn_stock_level (tpcc.cc:3398):     ERROR warehouse_id:1, cid:64223, maxbytes:2
20251110-03:35.47-179965(us) 19253 ! txn_stock_level (tpcc.cc:3398):     ERROR warehouse_id:1, cid:64223, maxbytes:2
20251110-03:35.47-180088(us) 19253 ! txn_stock_level (tpcc.cc:3398):     ERROR warehouse_id:1, cid:64223, maxbytes:2
20251110-03:35.47-180164(us) 19253 ! txn_stock_level (tpcc.cc:3398):     ERROR warehouse_id:1, cid:64223, maxbytes:2
20251110-03:35.47-180175(us) 19253 ! txn_stock_level (tpcc.cc:3398):     ERROR warehouse_id:1, cid:64223, maxbytes:2
20251110-03:35.47-180184(us) 19253 ! txn_stock_level (tpcc.cc:3398):     ERROR warehouse_id:1, cid:64223, maxbytes:2
20251110-03:35.47-181235(us) 19253 ! txn_stock_level (tpcc.cc:3398):     ERROR warehouse_id:1, cid:64223, maxbytes:2
20251110-03:35.47-181256(us) 19253 ! txn_stock_level (tpcc.cc:3398):     ERROR warehouse_id:1, cid:64223, maxbytes:2
20251110-03:35.47-220739(us) 19253 ! txn_stock_level (tpcc.cc:3398):     ERROR warehouse_id:2, cid:40671, maxbytes:2
20251110-03:35.47-220838(us) 19253 ! txn_stock_level (tpcc.cc:3398):     ERROR warehouse_id:2, cid:40671, maxbytes:2
20251110-03:35.47-233442(us) 19253 ! run             (bench.cc:473):     runtime time left:9000 ms, bool:1
20251110-03:35.47-301702(us) 19253 ! txn_stock_level (tpcc.cc:3398):     ERROR warehouse_id:1, cid:39581, maxbytes:2
20251110-03:35.47-302729(us) 19253 ! txn_stock_level (tpcc.cc:3398):     ERROR warehouse_id:1, cid:39581, maxbytes:2
20251110-03:35.47-306859(us) 19253 ! txn_stock_level (tpcc.cc:3398):     ERROR warehouse_id:1, cid:39581, maxbytes:2
20251110-03:35.47-308065(us) 19253 ! txn_stock_level (tpcc.cc:3398):     ERROR warehouse_id:1, cid:39581, maxbytes:2
20251110-03:35.47-308194(us) 19253 ! txn_stock_level (tpcc.cc:3398):     ERROR warehouse_id:1, cid:39581, maxbytes:2
20251110-03:35.47-308227(us) 19253 ! txn_stock_level (tpcc.cc:3398):     ERROR warehouse_id:1, cid:39581, maxbytes:2
20251110-03:35.47-308378(us) 19253 ! txn_stock_level (tpcc.cc:3398):     ERROR warehouse_id:1, cid:39581, maxbytes:2
20251110-03:35.47-308444(us) 19253 ! txn_stock_level (tpcc.cc:3398):     ERROR warehouse_id:1, cid:39581, maxbytes:2
20251110-03:35.47-308484(us) 19253 ! txn_stock_level (tpcc.cc:3398):     ERROR warehouse_id:1, cid:39581, maxbytes:2
20251110-03:35.47-310543(us) 19253 ! txn_stock_level (tpcc.cc:3398):     ERROR warehouse_id:1, cid:39581, maxbytes:2
20251110-03:35.47-311542(us) 19253 ! txn_stock_level (tpcc.cc:3398):     ERROR warehouse_id:1, cid:39581, maxbytes:2
20251110-03:35.47-311704(us) 19253 ! txn_stock_level (tpcc.cc:3398):     ERROR warehouse_id:1, cid:39581, maxbytes:2
20251110-03:35.47-313463(us) 19253 ! txn_stock_level (tpcc.cc:3398):     ERROR warehouse_id:1, cid:39581, maxbytes:2
20251110-03:35.47-313549(us) 19253 ! txn_stock_level (tpcc.cc:3398):     ERROR warehouse_id:1, cid:39581, maxbytes:2
20251110-03:35.47-313683(us) 19253 ! txn_stock_level (tpcc.cc:3398):     ERROR warehouse_id:1, cid:39581, maxbytes:2
20251110-03:35.47-313720(us) 19253 ! txn_stock_level (tpcc.cc:3398):     ERROR warehouse_id:1, cid:39581, maxbytes:2
20251110-03:35.47-336356(us) 19253 ! txn_stock_level (tpcc.cc:3398):     ERROR warehouse_id:1, cid:24295, maxbytes:2
20251110-03:35.47-337444(us) 19253 ! txn_stock_level (tpcc.cc:3398):     ERROR warehouse_id:1, cid:24295, maxbytes:2
20251110-03:35.47-337501(us) 19253 ! txn_stock_level (tpcc.cc:3398):     ERROR warehouse_id:1, cid:24295, maxbytes:2
20251110-03:35.47-338418(us) 19253 ! txn_stock_level (tpcc.cc:3398):     ERROR warehouse_id:1, cid:24295, maxbytes:2
20251110-03:35.47-338441(us) 19253 ! txn_stock_level (tpcc.cc:3398):     ERROR warehouse_id:1, cid:24295, maxbytes:2
20251110-03:35.47-338547(us) 19253 ! txn_stock_level (tpcc.cc:3398):     ERROR warehouse_id:1, cid:24295, maxbytes:2
20251110-03:35.47-338768(us) 19253 ! txn_stock_level (tpcc.cc:3398):     ERROR warehouse_id:1, cid:24295, maxbytes:2
20251110-03:35.47-338891(us) 19253 ! txn_stock_level (tpcc.cc:3398):     ERROR warehouse_id:1, cid:24295, maxbytes:2
20251110-03:35.47-338966(us) 19253 ! txn_stock_level (tpcc.cc:3398):     ERROR warehouse_id:1, cid:24295, maxbytes:2
20251110-03:35.47-338974(us) 19253 ! txn_stock_level (tpcc.cc:3398):     ERROR warehouse_id:1, cid:24295, maxbytes:2
20251110-03:35.47-339940(us) 19253 ! txn_stock_level (tpcc.cc:3398):     ERROR warehouse_id:1, cid:24295, maxbytes:2
20251110-03:35.47-340010(us) 19253 ! txn_stock_level (tpcc.cc:3398):     ERROR warehouse_id:1, cid:24295, maxbytes:2
20251110-03:35.47-340042(us) 19253 ! txn_stock_level (tpcc.cc:3398):     ERROR warehouse_id:1, cid:24295, maxbytes:2
20251110-03:35.47-340178(us) 19253 ! txn_stock_level (tpcc.cc:3398):     ERROR warehouse_id:1, cid:24295, maxbytes:2
20251110-03:35.47-340280(us) 19253 ! txn_stock_level (tpcc.cc:3398):     ERROR warehouse_id:1, cid:24295, maxbytes:2
20251110-03:35.47-340507(us) 19253 ! txn_stock_level (tpcc.cc:3398):     ERROR warehouse_id:1, cid:24295, maxbytes:2
20251110-03:35.47-341557(us) 19253 ! txn_stock_level (tpcc.cc:3398):     ERROR warehouse_id:1, cid:24295, maxbytes:2
20251110-03:35.47-342937(us) 19253 ! txn_stock_level (tpcc.cc:3398):     ERROR warehouse_id:1, cid:24295, maxbytes:2
20251110-03:35.47-342960(us) 19253 ! txn_stock_level (tpcc.cc:3398):     ERROR warehouse_id:1, cid:24295, maxbytes:2
20251110-03:35.47-345876(us) 19253 ! txn_stock_level (tpcc.cc:3398):     ERROR warehouse_id:1, cid:24295, maxbytes:2
20251110-03:35.47-347495(us) 19253 ! txn_stock_level (tpcc.cc:3398):     ERROR warehouse_id:1, cid:24295, maxbytes:2
20251110-03:35.47-348509(us) 19253 ! txn_stock_level (tpcc.cc:3398):     ERROR warehouse_id:1, cid:24295, maxbytes:2
20251110-03:35.47-349758(us) 19253 ! txn_stock_level (tpcc.cc:3398):     ERROR warehouse_id:1, cid:24295, maxbytes:2
20251110-03:35.47-351724(us) 19253 ! txn_stock_level (tpcc.cc:3398):     ERROR warehouse_id:1, cid:19687, maxbytes:2
20251110-03:35.47-351822(us) 19253 ! txn_stock_level (tpcc.cc:3398):     ERROR warehouse_id:1, cid:55013, maxbytes:2
20251110-03:35.47-351965(us) 19253 ! txn_stock_level (tpcc.cc:3398):     ERROR warehouse_id:1, cid:19687, maxbytes:2
20251110-03:35.47-351980(us) 19253 ! txn_stock_level (tpcc.cc:3398):     ERROR warehouse_id:1, cid:19687, maxbytes:2
20251110-03:35.47-352051(us) 19253 ! txn_stock_level (tpcc.cc:3398):     ERROR warehouse_id:1, cid:55013, maxbytes:2
20251110-03:35.47-352105(us) 19253 ! txn_stock_level (tpcc.cc:3398):     ERROR warehouse_id:1, cid:55013, maxbytes:2
20251110-03:35.47-352156(us) 19253 ! txn_stock_level (tpcc.cc:3398):     ERROR warehouse_id:1, cid:55013, maxbytes:2
20251110-03:35.47-352188(us) 19253 ! txn_stock_level (tpcc.cc:3398):     ERROR warehouse_id:1, cid:55013, maxbytes:2
20251110-03:35.47-353237(us) 19253 ! txn_stock_level (tpcc.cc:3398):     ERROR warehouse_id:1, cid:19687, maxbytes:2
20251110-03:35.47-353308(us) 19253 ! txn_stock_level (tpcc.cc:3398):     ERROR warehouse_id:1, cid:55013, maxbytes:2
20251110-03:35.47-353542(us) 19253 ! txn_stock_level (tpcc.cc:3398):     ERROR warehouse_id:1, cid:55013, maxbytes:2
20251110-03:35.47-353998(us) 19253 ! txn_stock_level (tpcc.cc:3398):     ERROR warehouse_id:1, cid:55013, maxbytes:2
20251110-03:35.47-354026(us) 19253 ! txn_stock_level (tpcc.cc:3398):     ERROR warehouse_id:1, cid:55013, maxbytes:2
20251110-03:35.47-354160(us) 19253 ! txn_stock_level (tpcc.cc:3398):     ERROR warehouse_id:1, cid:55013, maxbytes:2
20251110-03:35.47-354201(us) 19253 ! txn_stock_level (tpcc.cc:3398):     ERROR warehouse_id:1, cid:55013, maxbytes:2
20251110-03:35.47-354563(us) 19253 ! txn_stock_level (tpcc.cc:3398):     ERROR warehouse_id:1, cid:55013, maxbytes:2
20251110-03:35.47-354618(us) 19253 ! txn_stock_level (tpcc.cc:3398):     ERROR warehouse_id:1, cid:55013, maxbytes:2
20251110-03:35.47-354642(us) 19253 ! txn_stock_level (tpcc.cc:3398):     ERROR warehouse_id:1, cid:55013, maxbytes:2
20251110-03:35.47-355150(us) 19253 ! txn_stock_level (tpcc.cc:3398):     ERROR warehouse_id:1, cid:55013, maxbytes:2
20251110-03:35.47-355188(us) 19253 ! txn_stock_level (tpcc.cc:3398):     ERROR warehouse_id:1, cid:55013, maxbytes:2
20251110-03:35.47-355462(us) 19253 ! txn_stock_level (tpcc.cc:3398):     ERROR warehouse_id:1, cid:55013, maxbytes:2
20251110-03:35.47-355486(us) 19253 ! txn_stock_level (tpcc.cc:3398):     ERROR warehouse_id:1, cid:55013, maxbytes:2
20251110-03:35.47-355638(us) 19253 ! txn_stock_level (tpcc.cc:3398):     ERROR warehouse_id:1, cid:55013, maxbytes:2
20251110-03:35.47-355678(us) 19253 ! txn_stock_level (tpcc.cc:3398):     ERROR warehouse_id:1, cid:55013, maxbytes:2
20251110-03:35.47-356007(us) 19253 ! txn_stock_level (tpcc.cc:3398):     ERROR warehouse_id:1, cid:55013, maxbytes:2
20251110-03:35.47-465769(us) 19253 ! txn_stock_level (tpcc.cc:3398):     ERROR warehouse_id:2, cid:16103, maxbytes:2
20251110-03:35.47-465862(us) 19253 ! txn_stock_level (tpcc.cc:3398):     ERROR warehouse_id:2, cid:16103, maxbytes:2
20251110-03:35.47-467241(us) 19253 ! txn_stock_level (tpcc.cc:3398):     ERROR warehouse_id:2, cid:16103, maxbytes:2
20251110-03:35.47-467420(us) 19253 ! txn_stock_level (tpcc.cc:3398):     ERROR warehouse_id:2, cid:16103, maxbytes:2
20251110-03:35.47-468561(us) 19253 ! txn_stock_level (tpcc.cc:3398):     ERROR warehouse_id:2, cid:16103, maxbytes:2
20251110-03:35.47-468971(us) 19253 ! txn_stock_level (tpcc.cc:3398):     ERROR warehouse_id:2, cid:16103, maxbytes:2
20251110-03:35.47-469860(us) 19253 ! txn_stock_level (tpcc.cc:3398):     ERROR warehouse_id:2, cid:16103, maxbytes:2
20251110-03:35.47-469988(us) 19253 ! txn_stock_level (tpcc.cc:3398):     ERROR warehouse_id:2, cid:16103, maxbytes:2
20251110-03:35.47-554345(us) 19253 ! txn_stock_level (tpcc.cc:3398):     ERROR warehouse_id:2, cid:88551, maxbytes:2
20251110-03:35.47-555343(us) 19253 ! txn_stock_level (tpcc.cc:3398):     ERROR warehouse_id:2, cid:88551, maxbytes:2
20251110-03:35.47-558728(us) 19253 ! txn_stock_level (tpcc.cc:3398):     ERROR warehouse_id:2, cid:88551, maxbytes:2
20251110-03:35.47-558814(us) 19253 ! txn_stock_level (tpcc.cc:3398):     ERROR warehouse_id:2, cid:88551, maxbytes:2
20251110-03:35.47-559008(us) 19253 ! txn_stock_level (tpcc.cc:3398):     ERROR warehouse_id:2, cid:88551, maxbytes:2
20251110-03:35.48-43946(us) 19253 ! txn_stock_level (tpcc.cc:3398):     ERROR warehouse_id:2, cid:6151, maxbytes:2
20251110-03:35.48-43997(us) 19253 ! txn_stock_level (tpcc.cc:3398):     ERROR warehouse_id:2, cid:6151, maxbytes:2
20251110-03:35.48-44064(us) 19253 ! txn_stock_level (tpcc.cc:3398):     ERROR warehouse_id:2, cid:6151, maxbytes:2
20251110-03:35.48-44285(us) 19253 ! txn_stock_level (tpcc.cc:3398):     ERROR warehouse_id:2, cid:6151, maxbytes:2
20251110-03:35.48-44420(us) 19253 ! txn_stock_level (tpcc.cc:3398):     ERROR warehouse_id:2, cid:6151, maxbytes:2
20251110-03:35.48-44444(us) 19253 ! txn_stock_level (tpcc.cc:3398):     ERROR warehouse_id:2, cid:6151, maxbytes:2
20251110-03:35.48-44511(us) 19253 ! txn_stock_level (tpcc.cc:3398):     ERROR warehouse_id:2, cid:6151, maxbytes:2
20251110-03:35.48-44593(us) 19253 ! txn_stock_level (tpcc.cc:3398):     ERROR warehouse_id:2, cid:6151, maxbytes:2
20251110-03:35.48-46739(us) 19253 ! txn_stock_level (tpcc.cc:3398):     ERROR warehouse_id:2, cid:6151, maxbytes:2
20251110-03:35.48-46774(us) 19253 ! txn_stock_level (tpcc.cc:3398):     ERROR warehouse_id:2, cid:6151, maxbytes:2
20251110-03:35.48-46804(us) 19253 ! txn_stock_level (tpcc.cc:3398):     ERROR warehouse_id:2, cid:6151, maxbytes:2
20251110-03:35.48-46885(us) 19253 ! txn_stock_level (tpcc.cc:3398):     ERROR warehouse_id:2, cid:6151, maxbytes:2
20251110-03:35.48-47723(us) 19253 ! txn_stock_level (tpcc.cc:3398):     ERROR warehouse_id:2, cid:6151, maxbytes:2
20251110-03:35.48-48664(us) 19253 ! txn_stock_level (tpcc.cc:3398):     ERROR warehouse_id:2, cid:6151, maxbytes:2
20251110-03:35.48-48798(us) 19253 ! txn_stock_level (tpcc.cc:3398):     ERROR warehouse_id:2, cid:6151, maxbytes:2
20251110-03:35.48-49854(us) 19253 ! txn_stock_level (tpcc.cc:3398):     ERROR warehouse_id:2, cid:6151, maxbytes:2
20251110-03:35.48-49928(us) 19253 ! txn_stock_level (tpcc.cc:3398):     ERROR warehouse_id:2, cid:6151, maxbytes:2
20251110-03:35.48-50006(us) 19253 ! txn_stock_level (tpcc.cc:3398):     ERROR warehouse_id:2, cid:6151, maxbytes:2
20251110-03:35.48-51666(us) 19253 ! txn_stock_level (tpcc.cc:3398):     ERROR warehouse_id:2, cid:6151, maxbytes:2
20251110-03:35.48-51850(us) 19253 ! txn_stock_level (tpcc.cc:3398):     ERROR warehouse_id:2, cid:6151, maxbytes:2
20251110-03:35.48-51891(us) 19253 ! txn_stock_level (tpcc.cc:3398):     ERROR warehouse_id:2, cid:6151, maxbytes:2
20251110-03:35.48-105055(us) 19253 ! txn_stock_level (tpcc.cc:3398):     ERROR warehouse_id:1, cid:73447, maxbytes:2
20251110-03:35.48-105120(us) 19253 ! txn_stock_level (tpcc.cc:3398):     ERROR warehouse_id:1, cid:73447, maxbytes:2
20251110-03:35.48-105162(us) 19253 ! txn_stock_level (tpcc.cc:3398):     ERROR warehouse_id:1, cid:73447, maxbytes:2
20251110-03:35.48-105521(us) 19253 ! txn_stock_level (tpcc.cc:3398):     ERROR warehouse_id:1, cid:73447, maxbytes:2
20251110-03:35.48-108936(us) 19253 ! txn_stock_level (tpcc.cc:3398):     ERROR warehouse_id:1, cid:73447, maxbytes:2
20251110-03:35.48-109831(us) 19253 ! txn_stock_level (tpcc.cc:3398):     ERROR warehouse_id:1, cid:73447, maxbytes:2
20251110-03:35.48-110124(us) 19253 ! txn_stock_level (tpcc.cc:3398):     ERROR warehouse_id:1, cid:73447, maxbytes:2
20251110-03:35.48-111577(us) 19253 ! txn_stock_level (tpcc.cc:3398):     ERROR warehouse_id:1, cid:73447, maxbytes:2
20251110-03:35.48-111681(us) 19253 ! txn_stock_level (tpcc.cc:3398):     ERROR warehouse_id:1, cid:73447, maxbytes:2
20251110-03:35.48-111854(us) 19253 ! txn_stock_level (tpcc.cc:3398):     ERROR warehouse_id:1, cid:73447, maxbytes:2
20251110-03:35.48-111983(us) 19253 ! txn_stock_level (tpcc.cc:3398):     ERROR warehouse_id:1, cid:73447, maxbytes:2
20251110-03:35.48-238994(us) 19253 ! run             (bench.cc:473):     runtime time left:8000 ms, bool:1
20251110-03:35.48-255920(us) 19253 ! txn_stock_level (tpcc.cc:3398):     ERROR warehouse_id:1, cid:80471, maxbytes:2
20251110-03:35.48-255965(us) 19253 ! txn_stock_level (tpcc.cc:3398):     ERROR warehouse_id:1, cid:80471, maxbytes:2
20251110-03:35.48-258540(us) 19253 ! txn_stock_level (tpcc.cc:3398):     ERROR warehouse_id:1, cid:80471, maxbytes:2
20251110-03:35.48-258630(us) 19253 ! txn_stock_level (tpcc.cc:3398):     ERROR warehouse_id:1, cid:80471, maxbytes:2
20251110-03:35.48-258662(us) 19253 ! txn_stock_level (tpcc.cc:3398):     ERROR warehouse_id:1, cid:80471, maxbytes:2
20251110-03:35.48-300177(us) 19253 ! txn_stock_level (tpcc.cc:3398):     ERROR warehouse_id:2, cid:48327, maxbytes:2
20251110-03:35.48-300282(us) 19253 ! txn_stock_level (tpcc.cc:3398):     ERROR warehouse_id:2, cid:48327, maxbytes:2
20251110-03:35.48-300373(us) 19253 ! txn_stock_level (tpcc.cc:3398):     ERROR warehouse_id:2, cid:48327, maxbytes:2
20251110-03:35.48-301364(us) 19253 ! txn_stock_level (tpcc.cc:3398):     ERROR warehouse_id:2, cid:48327, maxbytes:2
20251110-03:35.48-301399(us) 19253 ! txn_stock_level (tpcc.cc:3398):     ERROR warehouse_id:2, cid:48327, maxbytes:2
20251110-03:35.48-739750(us) 19253 ! txn_stock_level (tpcc.cc:3398):     ERROR warehouse_id:2, cid:48871, maxbytes:2
20251110-03:35.48-740039(us) 19253 ! txn_stock_level (tpcc.cc:3398):     ERROR warehouse_id:2, cid:48871, maxbytes:2
20251110-03:35.48-741211(us) 19253 ! txn_stock_level (tpcc.cc:3398):     ERROR warehouse_id:2, cid:48871, maxbytes:2
20251110-03:35.48-741232(us) 19253 ! txn_stock_level (tpcc.cc:3398):     ERROR warehouse_id:2, cid:48871, maxbytes:2
20251110-03:35.48-741341(us) 19253 ! txn_stock_level (tpcc.cc:3398):     ERROR warehouse_id:2, cid:48871, maxbytes:2
20251110-03:35.48-743247(us) 19253 ! txn_stock_level (tpcc.cc:3398):     ERROR warehouse_id:2, cid:48871, maxbytes:2
20251110-03:35.48-743453(us) 19253 ! txn_stock_level (tpcc.cc:3398):     ERROR warehouse_id:2, cid:48871, maxbytes:2
20251110-03:35.48-750169(us) 19253 ! txn_stock_level (tpcc.cc:3398):     ERROR warehouse_id:2, cid:48871, maxbytes:2
20251110-03:35.48-752989(us) 19253 ! txn_stock_level (tpcc.cc:3398):     ERROR warehouse_id:2, cid:48871, maxbytes:2
20251110-03:35.48-753054(us) 19253 ! txn_stock_level (tpcc.cc:3398):     ERROR warehouse_id:2, cid:48871, maxbytes:2
20251110-03:35.48-754008(us) 19253 ! txn_stock_level (tpcc.cc:3398):     ERROR warehouse_id:2, cid:48871, maxbytes:2
20251110-03:35.48-755931(us) 19253 ! txn_stock_level (tpcc.cc:3398):     ERROR warehouse_id:2, cid:48871, maxbytes:2
20251110-03:35.48-755950(us) 19253 ! txn_stock_level (tpcc.cc:3398):     ERROR warehouse_id:2, cid:48871, maxbytes:2
20251110-03:35.48-755965(us) 19253 ! txn_stock_level (tpcc.cc:3398):     ERROR warehouse_id:2, cid:48871, maxbytes:2
20251110-03:35.48-756046(us) 19253 ! txn_stock_level (tpcc.cc:3398):     ERROR warehouse_id:2, cid:48871, maxbytes:2
20251110-03:35.48-757076(us) 19253 ! txn_stock_level (tpcc.cc:3398):     ERROR warehouse_id:2, cid:48871, maxbytes:2
20251110-03:35.48-758159(us) 19253 ! txn_stock_level (tpcc.cc:3398):     ERROR warehouse_id:2, cid:48871, maxbytes:2
20251110-03:35.48-759141(us) 19253 ! txn_stock_level (tpcc.cc:3398):     ERROR warehouse_id:2, cid:48871, maxbytes:2
20251110-03:35.48-760339(us) 19253 ! txn_stock_level (tpcc.cc:3398):     ERROR warehouse_id:2, cid:48871, maxbytes:2
20251110-03:35.48-760486(us) 19253 ! txn_stock_level (tpcc.cc:3398):     ERROR warehouse_id:2, cid:48871, maxbytes:2
20251110-03:35.48-760660(us) 19253 ! txn_stock_level (tpcc.cc:3398):     ERROR warehouse_id:2, cid:48871, maxbytes:2
20251110-03:35.48-833318(us) 19253 ! txn_stock_level (tpcc.cc:3398):     ERROR warehouse_id:1, cid:69351, maxbytes:2
20251110-03:35.48-833354(us) 19253 ! txn_stock_level (tpcc.cc:3398):     ERROR warehouse_id:1, cid:69351, maxbytes:2
20251110-03:35.48-833388(us) 19253 ! txn_stock_level (tpcc.cc:3398):     ERROR warehouse_id:1, cid:69351, maxbytes:2
20251110-03:35.48-833634(us) 19253 ! txn_stock_level (tpcc.cc:3398):     ERROR warehouse_id:1, cid:69351, maxbytes:2
20251110-03:35.48-833810(us) 19253 ! txn_stock_level (tpcc.cc:3398):     ERROR warehouse_id:1, cid:69351, maxbytes:2
20251110-03:35.48-833828(us) 19253 ! txn_stock_level (tpcc.cc:3398):     ERROR warehouse_id:1, cid:69351, maxbytes:2
20251110-03:35.49-76284(us) 19253 ! txn_stock_level (tpcc.cc:3398):     ERROR warehouse_id:1, cid:89831, maxbytes:2
20251110-03:35.49-76339(us) 19253 ! txn_stock_level (tpcc.cc:3398):     ERROR warehouse_id:1, cid:89831, maxbytes:2
20251110-03:35.49-76357(us) 19253 ! txn_stock_level (tpcc.cc:3398):     ERROR warehouse_id:1, cid:89831, maxbytes:2
20251110-03:35.49-76545(us) 19253 ! txn_stock_level (tpcc.cc:3398):     ERROR warehouse_id:1, cid:89831, maxbytes:2
20251110-03:35.49-76635(us) 19253 ! txn_stock_level (tpcc.cc:3398):     ERROR warehouse_id:1, cid:89831, maxbytes:2
20251110-03:35.49-76694(us) 19253 ! txn_stock_level (tpcc.cc:3398):     ERROR warehouse_id:1, cid:89831, maxbytes:2
20251110-03:35.49-76742(us) 19253 ! txn_stock_level (tpcc.cc:3398):     ERROR warehouse_id:1, cid:89831, maxbytes:2
20251110-03:35.49-76785(us) 19253 ! txn_stock_level (tpcc.cc:3398):     ERROR warehouse_id:1, cid:89831, maxbytes:2
20251110-03:35.49-76813(us) 19253 ! txn_stock_level (tpcc.cc:3398):     ERROR warehouse_id:1, cid:89831, maxbytes:2
20251110-03:35.49-78059(us) 19253 ! txn_stock_level (tpcc.cc:3398):     ERROR warehouse_id:1, cid:89831, maxbytes:2
20251110-03:35.49-78144(us) 19253 ! txn_stock_level (tpcc.cc:3398):     ERROR warehouse_id:1, cid:89831, maxbytes:2
20251110-03:35.49-78162(us) 19253 ! txn_stock_level (tpcc.cc:3398):     ERROR warehouse_id:1, cid:89831, maxbytes:2
20251110-03:35.49-78379(us) 19253 ! txn_stock_level (tpcc.cc:3398):     ERROR warehouse_id:1, cid:89831, maxbytes:2
20251110-03:35.49-78401(us) 19253 ! txn_stock_level (tpcc.cc:3398):     ERROR warehouse_id:1, cid:89831, maxbytes:2
20251110-03:35.49-78515(us) 19253 ! txn_stock_level (tpcc.cc:3398):     ERROR warehouse_id:1, cid:89831, maxbytes:2
20251110-03:35.49-78799(us) 19253 ! txn_stock_level (tpcc.cc:3398):     ERROR warehouse_id:1, cid:89831, maxbytes:2
20251110-03:35.49-78929(us) 19253 ! txn_stock_level (tpcc.cc:3398):     ERROR warehouse_id:1, cid:89831, maxbytes:2
20251110-03:35.49-78946(us) 19253 ! txn_stock_level (tpcc.cc:3398):     ERROR warehouse_id:1, cid:89831, maxbytes:2
20251110-03:35.49-80852(us) 19253 ! txn_stock_level (tpcc.cc:3398):     ERROR warehouse_id:1, cid:89831, maxbytes:2
20251110-03:35.49-80885(us) 19253 ! txn_stock_level (tpcc.cc:3398):     ERROR warehouse_id:1, cid:89831, maxbytes:2
20251110-03:35.49-81124(us) 19253 ! txn_stock_level (tpcc.cc:3398):     ERROR warehouse_id:1, cid:89831, maxbytes:2
20251110-03:35.49-81186(us) 19253 ! txn_stock_level (tpcc.cc:3398):     ERROR warehouse_id:1, cid:89831, maxbytes:2
20251110-03:35.49-82188(us) 19253 ! txn_stock_level (tpcc.cc:3398):     ERROR warehouse_id:1, cid:89831, maxbytes:2
20251110-03:35.49-83103(us) 19253 ! txn_stock_level (tpcc.cc:3398):     ERROR warehouse_id:1, cid:89831, maxbytes:2
20251110-03:35.49-85078(us) 19253 ! txn_stock_level (tpcc.cc:3398):     ERROR warehouse_id:1, cid:89831, maxbytes:2
20251110-03:35.49-85112(us) 19253 ! txn_stock_level (tpcc.cc:3398):     ERROR warehouse_id:1, cid:89831, maxbytes:2
20251110-03:35.49-85191(us) 19253 ! txn_stock_level (tpcc.cc:3398):     ERROR warehouse_id:1, cid:89831, maxbytes:2
20251110-03:35.49-85619(us) 19253 ! txn_stock_level (tpcc.cc:3398):     ERROR warehouse_id:1, cid:89831, maxbytes:2
20251110-03:35.49-88706(us) 19253 ! txn_stock_level (tpcc.cc:3398):     ERROR warehouse_id:1, cid:89831, maxbytes:2
20251110-03:35.49-89010(us) 19253 ! txn_stock_level (tpcc.cc:3398):     ERROR warehouse_id:1, cid:89831, maxbytes:2
20251110-03:35.49-90041(us) 19253 ! txn_stock_level (tpcc.cc:3398):     ERROR warehouse_id:1, cid:89831, maxbytes:2
20251110-03:35.49-90169(us) 19253 ! txn_stock_level (tpcc.cc:3398):     ERROR warehouse_id:1, cid:89831, maxbytes:2
20251110-03:35.49-90238(us) 19253 ! txn_stock_level (tpcc.cc:3398):     ERROR warehouse_id:1, cid:89831, maxbytes:2
20251110-03:35.49-90303(us) 19253 ! txn_stock_level (tpcc.cc:3398):     ERROR warehouse_id:1, cid:89831, maxbytes:2
20251110-03:35.49-91248(us) 19253 ! txn_stock_level (tpcc.cc:3398):     ERROR warehouse_id:1, cid:89831, maxbytes:2
20251110-03:35.49-91297(us) 19253 ! txn_stock_level (tpcc.cc:3398):     ERROR warehouse_id:1, cid:89831, maxbytes:2
20251110-03:35.49-91768(us) 19253 ! txn_stock_level (tpcc.cc:3398):     ERROR warehouse_id:1, cid:89831, maxbytes:2
20251110-03:35.49-92010(us) 19253 ! txn_stock_level (tpcc.cc:3398):     ERROR warehouse_id:1, cid:89831, maxbytes:2
20251110-03:35.49-92053(us) 19253 ! txn_stock_level (tpcc.cc:3398):     ERROR warehouse_id:1, cid:89831, maxbytes:2
20251110-03:35.49-99883(us) 19253 ! txn_stock_level (tpcc.cc:3398):     ERROR warehouse_id:1, cid:81383, maxbytes:2
20251110-03:35.49-99959(us) 19253 ! txn_stock_level (tpcc.cc:3398):     ERROR warehouse_id:1, cid:81383, maxbytes:2
20251110-03:35.49-100015(us) 19253 ! txn_stock_level (tpcc.cc:3398):     ERROR warehouse_id:1, cid:81383, maxbytes:2
20251110-03:35.49-192346(us) 19253 ! txn_stock_level (tpcc.cc:3398):     ERROR warehouse_id:2, cid:87271, maxbytes:2
20251110-03:35.49-192435(us) 19253 ! txn_stock_level (tpcc.cc:3398):     ERROR warehouse_id:2, cid:87271, maxbytes:2
20251110-03:35.49-192531(us) 19253 ! txn_stock_level (tpcc.cc:3398):     ERROR warehouse_id:2, cid:87271, maxbytes:2
20251110-03:35.49-192749(us) 19253 ! txn_stock_level (tpcc.cc:3398):     ERROR warehouse_id:2, cid:87271, maxbytes:2
20251110-03:35.49-192798(us) 19253 ! txn_stock_level (tpcc.cc:3398):     ERROR warehouse_id:2, cid:87271, maxbytes:2
20251110-03:35.49-192881(us) 19253 ! txn_stock_level (tpcc.cc:3398):     ERROR warehouse_id:2, cid:87271, maxbytes:2
20251110-03:35.49-244536(us) 19253 ! run             (bench.cc:473):     runtime time left:7000 ms, bool:1
20251110-03:35.49-369205(us) 19253 ! txn_stock_level (tpcc.cc:3398):     ERROR warehouse_id:1, cid:73190, maxbytes:2
20251110-03:35.49-370181(us) 19253 ! txn_stock_level (tpcc.cc:3398):     ERROR warehouse_id:1, cid:73190, maxbytes:2
20251110-03:35.49-370287(us) 19253 ! txn_stock_level (tpcc.cc:3398):     ERROR warehouse_id:1, cid:73190, maxbytes:2
20251110-03:35.49-370389(us) 19253 ! txn_stock_level (tpcc.cc:3398):     ERROR warehouse_id:1, cid:73190, maxbytes:2
20251110-03:35.49-372513(us) 19253 ! txn_stock_level (tpcc.cc:3398):     ERROR warehouse_id:1, cid:73190, maxbytes:2
20251110-03:35.49-374267(us) 19253 ! txn_stock_level (tpcc.cc:3398):     ERROR warehouse_id:1, cid:73190, maxbytes:2
20251110-03:35.49-374291(us) 19253 ! txn_stock_level (tpcc.cc:3398):     ERROR warehouse_id:1, cid:73190, maxbytes:2
20251110-03:35.49-380147(us) 19253 ! txn_stock_level (tpcc.cc:3398):     ERROR warehouse_id:1, cid:47715, maxbytes:2
20251110-03:35.49-380200(us) 19253 ! txn_stock_level (tpcc.cc:3398):     ERROR warehouse_id:1, cid:47715, maxbytes:2
20251110-03:35.49-380289(us) 19253 ! txn_stock_level (tpcc.cc:3398):     ERROR warehouse_id:1, cid:47715, maxbytes:2
20251110-03:35.49-380462(us) 19253 ! txn_stock_level (tpcc.cc:3398):     ERROR warehouse_id:1, cid:47715, maxbytes:2
20251110-03:35.49-380501(us) 19253 ! txn_stock_level (tpcc.cc:3398):     ERROR warehouse_id:1, cid:47715, maxbytes:2
20251110-03:35.49-384977(us) 19253 ! txn_stock_level (tpcc.cc:3398):     ERROR warehouse_id:1, cid:16039, maxbytes:2
20251110-03:35.49-445923(us) 19253 ! txn_stock_level (tpcc.cc:3398):     ERROR warehouse_id:1, cid:18133, maxbytes:2
20251110-03:35.49-446027(us) 19253 ! txn_stock_level (tpcc.cc:3398):     ERROR warehouse_id:1, cid:18133, maxbytes:2
20251110-03:35.49-446135(us) 19253 ! txn_stock_level (tpcc.cc:3398):     ERROR warehouse_id:1, cid:18133, maxbytes:2
20251110-03:35.49-446152(us) 19253 ! txn_stock_level (tpcc.cc:3398):     ERROR warehouse_id:1, cid:18133, maxbytes:2
20251110-03:35.49-446164(us) 19253 ! txn_stock_level (tpcc.cc:3398):     ERROR warehouse_id:1, cid:18133, maxbytes:2
20251110-03:35.49-446381(us) 19253 ! txn_stock_level (tpcc.cc:3398):     ERROR warehouse_id:1, cid:18133, maxbytes:2
20251110-03:35.49-448472(us) 19253 ! txn_stock_level (tpcc.cc:3398):     ERROR warehouse_id:1, cid:18133, maxbytes:2
20251110-03:35.49-448499(us) 19253 ! txn_stock_level (tpcc.cc:3398):     ERROR warehouse_id:1, cid:18133, maxbytes:2
20251110-03:35.49-448696(us) 19253 ! txn_stock_level (tpcc.cc:3398):     ERROR warehouse_id:1, cid:18133, maxbytes:2
20251110-03:35.49-448724(us) 19253 ! txn_stock_level (tpcc.cc:3398):     ERROR warehouse_id:1, cid:18133, maxbytes:2
20251110-03:35.49-448897(us) 19253 ! txn_stock_level (tpcc.cc:3398):     ERROR warehouse_id:1, cid:18133, maxbytes:2
20251110-03:35.49-448922(us) 19253 ! txn_stock_level (tpcc.cc:3398):     ERROR warehouse_id:1, cid:18133, maxbytes:2
20251110-03:35.49-448971(us) 19253 ! txn_stock_level (tpcc.cc:3398):     ERROR warehouse_id:1, cid:18133, maxbytes:2
20251110-03:35.49-449842(us) 19253 ! txn_stock_level (tpcc.cc:3398):     ERROR warehouse_id:1, cid:18133, maxbytes:2
20251110-03:35.49-450226(us) 19253 ! txn_stock_level (tpcc.cc:3398):     ERROR warehouse_id:1, cid:18133, maxbytes:2
20251110-03:35.49-450338(us) 19253 ! txn_stock_level (tpcc.cc:3398):     ERROR warehouse_id:1, cid:18133, maxbytes:2
20251110-03:35.49-450513(us) 19253 ! txn_stock_level (tpcc.cc:3398):     ERROR warehouse_id:1, cid:18133, maxbytes:2
20251110-03:35.49-450575(us) 19253 ! txn_stock_level (tpcc.cc:3398):     ERROR warehouse_id:1, cid:18133, maxbytes:2
20251110-03:35.49-450617(us) 19253 ! txn_stock_level (tpcc.cc:3398):     ERROR warehouse_id:1, cid:18133, maxbytes:2
20251110-03:35.49-450813(us) 19253 ! txn_stock_level (tpcc.cc:3398):     ERROR warehouse_id:1, cid:18133, maxbytes:2
20251110-03:35.49-450843(us) 19253 ! txn_stock_level (tpcc.cc:3398):     ERROR warehouse_id:1, cid:18133, maxbytes:2
20251110-03:35.49-575989(us) 19253 ! txn_stock_level (tpcc.cc:3398):     ERROR warehouse_id:2, cid:62949, maxbytes:2
20251110-03:35.49-576068(us) 19253 ! txn_stock_level (tpcc.cc:3398):     ERROR warehouse_id:2, cid:62949, maxbytes:2
20251110-03:35.49-576225(us) 19253 ! txn_stock_level (tpcc.cc:3398):     ERROR warehouse_id:2, cid:62949, maxbytes:2
20251110-03:35.49-692786(us) 19253 ! txn_stock_level (tpcc.cc:3398):     ERROR warehouse_id:1, cid:42727, maxbytes:2
20251110-03:35.49-693957(us) 19253 ! txn_stock_level (tpcc.cc:3398):     ERROR warehouse_id:1, cid:42727, maxbytes:2
20251110-03:35.49-694627(us) 19253 ! txn_stock_level (tpcc.cc:3398):     ERROR warehouse_id:2, cid:16101, maxbytes:2
20251110-03:35.49-695207(us) 19253 ! txn_stock_level (tpcc.cc:3398):     ERROR warehouse_id:1, cid:42727, maxbytes:2
20251110-03:35.49-695328(us) 19253 ! txn_stock_level (tpcc.cc:3398):     ERROR warehouse_id:1, cid:42727, maxbytes:2
20251110-03:35.49-695640(us) 19253 ! txn_stock_level (tpcc.cc:3398):     ERROR warehouse_id:1, cid:42727, maxbytes:2
20251110-03:35.49-695967(us) 19253 ! txn_stock_level (tpcc.cc:3398):     ERROR warehouse_id:2, cid:16101, maxbytes:2
20251110-03:35.49-696973(us) 19253 ! txn_stock_level (tpcc.cc:3398):     ERROR warehouse_id:2, cid:16101, maxbytes:2
20251110-03:35.49-697083(us) 19253 ! txn_stock_level (tpcc.cc:3398):     ERROR warehouse_id:2, cid:16101, maxbytes:2
20251110-03:35.49-697339(us) 19253 ! txn_stock_level (tpcc.cc:3398):     ERROR warehouse_id:2, cid:16101, maxbytes:2
20251110-03:35.49-697384(us) 19253 ! txn_stock_level (tpcc.cc:3398):     ERROR warehouse_id:2, cid:16101, maxbytes:2
20251110-03:35.49-697721(us) 19253 ! txn_stock_level (tpcc.cc:3398):     ERROR warehouse_id:2, cid:16101, maxbytes:2
20251110-03:35.49-697866(us) 19253 ! txn_stock_level (tpcc.cc:3398):     ERROR warehouse_id:2, cid:16101, maxbytes:2
20251110-03:35.49-699946(us) 19253 ! txn_stock_level (tpcc.cc:3398):     ERROR warehouse_id:2, cid:16101, maxbytes:2
20251110-03:35.49-699999(us) 19253 ! txn_stock_level (tpcc.cc:3398):     ERROR warehouse_id:2, cid:16101, maxbytes:2
20251110-03:35.49-700284(us) 19253 ! txn_stock_level (tpcc.cc:3398):     ERROR warehouse_id:2, cid:16101, maxbytes:2
20251110-03:35.49-702180(us) 19253 ! txn_stock_level (tpcc.cc:3398):     ERROR warehouse_id:2, cid:16101, maxbytes:2
20251110-03:35.49-702362(us) 19253 ! txn_stock_level (tpcc.cc:3398):     ERROR warehouse_id:2, cid:16101, maxbytes:2
20251110-03:35.49-702380(us) 19253 ! txn_stock_level (tpcc.cc:3398):     ERROR warehouse_id:2, cid:16101, maxbytes:2
20251110-03:35.49-702396(us) 19253 ! txn_stock_level (tpcc.cc:3398):     ERROR warehouse_id:2, cid:16101, maxbytes:2
20251110-03:35.49-702603(us) 19253 ! txn_stock_level (tpcc.cc:3398):     ERROR warehouse_id:2, cid:16101, maxbytes:2
20251110-03:35.49-704494(us) 19253 ! txn_stock_level (tpcc.cc:3398):     ERROR warehouse_id:2, cid:16101, maxbytes:2
20251110-03:35.49-705731(us) 19253 ! txn_stock_level (tpcc.cc:3398):     ERROR warehouse_id:2, cid:16101, maxbytes:2
20251110-03:35.49-705864(us) 19253 ! txn_stock_level (tpcc.cc:3398):     ERROR warehouse_id:2, cid:16101, maxbytes:2
20251110-03:35.49-705915(us) 19253 ! txn_stock_level (tpcc.cc:3398):     ERROR warehouse_id:2, cid:16101, maxbytes:2
20251110-03:35.49-875772(us) 19253 ! txn_stock_level (tpcc.cc:3398):     ERROR warehouse_id:2, cid:23207, maxbytes:2
20251110-03:35.49-875817(us) 19253 ! txn_stock_level (tpcc.cc:3398):     ERROR warehouse_id:2, cid:23207, maxbytes:2
20251110-03:35.49-875900(us) 19253 ! txn_stock_level (tpcc.cc:3398):     ERROR warehouse_id:2, cid:23207, maxbytes:2
20251110-03:35.49-875998(us) 19253 ! txn_stock_level (tpcc.cc:3398):     ERROR warehouse_id:2, cid:23207, maxbytes:2
20251110-03:35.49-876985(us) 19253 ! txn_stock_level (tpcc.cc:3398):     ERROR warehouse_id:2, cid:23207, maxbytes:2
20251110-03:35.49-877106(us) 19253 ! txn_stock_level (tpcc.cc:3398):     ERROR warehouse_id:2, cid:23207, maxbytes:2
20251110-03:35.49-877251(us) 19253 ! txn_stock_level (tpcc.cc:3398):     ERROR warehouse_id:2, cid:23207, maxbytes:2
20251110-03:35.49-878676(us) 19253 ! txn_stock_level (tpcc.cc:3398):     ERROR warehouse_id:2, cid:23207, maxbytes:2
20251110-03:35.49-878765(us) 19253 ! txn_stock_level (tpcc.cc:3398):     ERROR warehouse_id:2, cid:23207, maxbytes:2
20251110-03:35.49-878791(us) 19253 ! txn_stock_level (tpcc.cc:3398):     ERROR warehouse_id:2, cid:23207, maxbytes:2
20251110-03:35.50-83608(us) 19253 ! txn_stock_level (tpcc.cc:3398):     ERROR warehouse_id:1, cid:32487, maxbytes:2
20251110-03:35.50-84705(us) 19253 ! txn_stock_level (tpcc.cc:3398):     ERROR warehouse_id:1, cid:32487, maxbytes:2
20251110-03:35.50-250048(us) 19253 ! run             (bench.cc:473):     runtime time left:6000 ms, bool:1
20251110-03:35.50-304514(us) 19253 ! txn_stock_level (tpcc.cc:3398):     ERROR warehouse_id:1, cid:73415, maxbytes:2
20251110-03:35.50-306072(us) 19253 ! txn_stock_level (tpcc.cc:3398):     ERROR warehouse_id:1, cid:73415, maxbytes:2
20251110-03:35.50-307148(us) 19253 ! txn_stock_level (tpcc.cc:3398):     ERROR warehouse_id:1, cid:73415, maxbytes:2
20251110-03:35.50-307272(us) 19253 ! txn_stock_level (tpcc.cc:3398):     ERROR warehouse_id:1, cid:73415, maxbytes:2
20251110-03:35.50-307331(us) 19253 ! txn_stock_level (tpcc.cc:3398):     ERROR warehouse_id:1, cid:73415, maxbytes:2
20251110-03:35.50-307353(us) 19253 ! txn_stock_level (tpcc.cc:3398):     ERROR warehouse_id:1, cid:73415, maxbytes:2
20251110-03:35.50-308300(us) 19253 ! txn_stock_level (tpcc.cc:3398):     ERROR warehouse_id:1, cid:73415, maxbytes:2
20251110-03:35.50-308364(us) 19253 ! txn_stock_level (tpcc.cc:3398):     ERROR warehouse_id:1, cid:73415, maxbytes:2
20251110-03:35.50-311283(us) 19253 ! txn_stock_level (tpcc.cc:3398):     ERROR warehouse_id:1, cid:73415, maxbytes:2
20251110-03:35.50-311324(us) 19253 ! txn_stock_level (tpcc.cc:3398):     ERROR warehouse_id:1, cid:73415, maxbytes:2
20251110-03:35.50-311423(us) 19253 ! txn_stock_level (tpcc.cc:3398):     ERROR warehouse_id:1, cid:73415, maxbytes:2
20251110-03:35.50-312407(us) 19253 ! txn_stock_level (tpcc.cc:3398):     ERROR warehouse_id:1, cid:73415, maxbytes:2
20251110-03:35.50-314694(us) 19253 ! txn_stock_level (tpcc.cc:3398):     ERROR warehouse_id:1, cid:73415, maxbytes:2
20251110-03:35.50-316538(us) 19253 ! txn_stock_level (tpcc.cc:3398):     ERROR warehouse_id:1, cid:73415, maxbytes:2
20251110-03:35.50-316570(us) 19253 ! txn_stock_level (tpcc.cc:3398):     ERROR warehouse_id:1, cid:73415, maxbytes:2
20251110-03:35.50-316683(us) 19253 ! txn_stock_level (tpcc.cc:3398):     ERROR warehouse_id:1, cid:73415, maxbytes:2
20251110-03:35.50-316706(us) 19253 ! txn_stock_level (tpcc.cc:3398):     ERROR warehouse_id:1, cid:73415, maxbytes:2
20251110-03:35.50-316801(us) 19253 ! txn_stock_level (tpcc.cc:3398):     ERROR warehouse_id:1, cid:73415, maxbytes:2
20251110-03:35.50-317821(us) 19253 ! txn_stock_level (tpcc.cc:3398):     ERROR warehouse_id:1, cid:73415, maxbytes:2
20251110-03:35.50-317897(us) 19253 ! txn_stock_level (tpcc.cc:3398):     ERROR warehouse_id:1, cid:73415, maxbytes:2
20251110-03:35.50-317919(us) 19253 ! txn_stock_level (tpcc.cc:3398):     ERROR warehouse_id:1, cid:73415, maxbytes:2
20251110-03:35.50-345537(us) 19253 ! txn_stock_level (tpcc.cc:3398):     ERROR warehouse_id:1, cid:89703, maxbytes:2
20251110-03:35.50-345606(us) 19253 ! txn_stock_level (tpcc.cc:3398):     ERROR warehouse_id:1, cid:89703, maxbytes:2
20251110-03:35.50-345638(us) 19253 ! txn_stock_level (tpcc.cc:3398):     ERROR warehouse_id:1, cid:89703, maxbytes:2
20251110-03:35.50-345734(us) 19253 ! txn_stock_level (tpcc.cc:3398):     ERROR warehouse_id:1, cid:89703, maxbytes:2
20251110-03:35.50-440534(us) 19253 ! txn_stock_level (tpcc.cc:3398):     ERROR warehouse_id:2, cid:24261, maxbytes:2
20251110-03:35.50-440596(us) 19253 ! txn_stock_level (tpcc.cc:3398):     ERROR warehouse_id:2, cid:24261, maxbytes:2
20251110-03:35.50-440718(us) 19253 ! txn_stock_level (tpcc.cc:3398):     ERROR warehouse_id:2, cid:24261, maxbytes:2
20251110-03:35.50-441538(us) 19253 ! txn_stock_level (tpcc.cc:3398):     ERROR warehouse_id:2, cid:24261, maxbytes:2
20251110-03:35.50-442035(us) 19253 ! txn_stock_level (tpcc.cc:3398):     ERROR warehouse_id:2, cid:24261, maxbytes:2
20251110-03:35.50-444195(us) 19253 ! txn_stock_level (tpcc.cc:3398):     ERROR warehouse_id:2, cid:24261, maxbytes:2
20251110-03:35.50-446847(us) 19253 ! txn_stock_level (tpcc.cc:3398):     ERROR warehouse_id:2, cid:24261, maxbytes:2
20251110-03:35.50-446906(us) 19253 ! txn_stock_level (tpcc.cc:3398):     ERROR warehouse_id:2, cid:24261, maxbytes:2
20251110-03:35.50-447109(us) 19253 ! txn_stock_level (tpcc.cc:3398):     ERROR warehouse_id:2, cid:24261, maxbytes:2
20251110-03:35.50-447120(us) 19253 ! txn_stock_level (tpcc.cc:3398):     ERROR warehouse_id:2, cid:24261, maxbytes:2
20251110-03:35.50-447132(us) 19253 ! txn_stock_level (tpcc.cc:3398):     ERROR warehouse_id:2, cid:24261, maxbytes:2
20251110-03:35.50-447359(us) 19253 ! txn_stock_level (tpcc.cc:3398):     ERROR warehouse_id:2, cid:24261, maxbytes:2
20251110-03:35.50-447441(us) 19253 ! txn_stock_level (tpcc.cc:3398):     ERROR warehouse_id:2, cid:24261, maxbytes:2
20251110-03:35.50-447461(us) 19253 ! txn_stock_level (tpcc.cc:3398):     ERROR warehouse_id:2, cid:24261, maxbytes:2
20251110-03:35.50-448435(us) 19253 ! txn_stock_level (tpcc.cc:3398):     ERROR warehouse_id:2, cid:24261, maxbytes:2
20251110-03:35.50-448509(us) 19253 ! txn_stock_level (tpcc.cc:3398):     ERROR warehouse_id:2, cid:24261, maxbytes:2
20251110-03:35.50-448849(us) 19253 ! txn_stock_level (tpcc.cc:3398):     ERROR warehouse_id:2, cid:24261, maxbytes:2
20251110-03:35.50-448874(us) 19253 ! txn_stock_level (tpcc.cc:3398):     ERROR warehouse_id:2, cid:24261, maxbytes:2
20251110-03:35.50-536328(us) 19253 ! txn_stock_level (tpcc.cc:3398):     ERROR warehouse_id:2, cid:57063, maxbytes:2
20251110-03:35.50-536447(us) 19253 ! txn_stock_level (tpcc.cc:3398):     ERROR warehouse_id:2, cid:57063, maxbytes:2
20251110-03:35.50-536572(us) 19253 ! txn_stock_level (tpcc.cc:3398):     ERROR warehouse_id:2, cid:57063, maxbytes:2
20251110-03:35.50-536699(us) 19253 ! txn_stock_level (tpcc.cc:3398):     ERROR warehouse_id:2, cid:57063, maxbytes:2
20251110-03:35.50-537611(us) 19253 ! txn_stock_level (tpcc.cc:3398):     ERROR warehouse_id:2, cid:57063, maxbytes:2
20251110-03:35.50-538450(us) 19253 ! txn_stock_level (tpcc.cc:3398):     ERROR warehouse_id:2, cid:57063, maxbytes:2
20251110-03:35.50-542456(us) 19253 ! txn_stock_level (tpcc.cc:3398):     ERROR warehouse_id:2, cid:57063, maxbytes:2
20251110-03:35.50-542692(us) 19253 ! txn_stock_level (tpcc.cc:3398):     ERROR warehouse_id:2, cid:57063, maxbytes:2
20251110-03:35.50-544808(us) 19253 ! txn_stock_level (tpcc.cc:3398):     ERROR warehouse_id:2, cid:57063, maxbytes:2
20251110-03:35.50-544919(us) 19253 ! txn_stock_level (tpcc.cc:3398):     ERROR warehouse_id:2, cid:57063, maxbytes:2
20251110-03:35.50-545099(us) 19253 ! txn_stock_level (tpcc.cc:3398):     ERROR warehouse_id:2, cid:57063, maxbytes:2
20251110-03:35.50-545157(us) 19253 ! txn_stock_level (tpcc.cc:3398):     ERROR warehouse_id:2, cid:57063, maxbytes:2
20251110-03:35.50-545303(us) 19253 ! txn_stock_level (tpcc.cc:3398):     ERROR warehouse_id:2, cid:57063, maxbytes:2
20251110-03:35.50-636839(us) 19253 ! txn_stock_level (tpcc.cc:3398):     ERROR warehouse_id:2, cid:32487, maxbytes:2
20251110-03:35.50-636935(us) 19253 ! txn_stock_level (tpcc.cc:3398):     ERROR warehouse_id:2, cid:32487, maxbytes:2
20251110-03:35.50-638338(us) 19253 ! txn_stock_level (tpcc.cc:3398):     ERROR warehouse_id:2, cid:32487, maxbytes:2
20251110-03:35.50-638378(us) 19253 ! txn_stock_level (tpcc.cc:3398):     ERROR warehouse_id:2, cid:32487, maxbytes:2
20251110-03:35.50-640109(us) 19253 ! txn_stock_level (tpcc.cc:3398):     ERROR warehouse_id:2, cid:32487, maxbytes:2
20251110-03:35.50-641229(us) 19253 ! txn_stock_level (tpcc.cc:3398):     ERROR warehouse_id:2, cid:32487, maxbytes:2
20251110-03:35.50-641291(us) 19253 ! txn_stock_level (tpcc.cc:3398):     ERROR warehouse_id:2, cid:32487, maxbytes:2
20251110-03:35.50-643330(us) 19253 ! txn_stock_level (tpcc.cc:3398):     ERROR warehouse_id:2, cid:32487, maxbytes:2
20251110-03:35.50-643413(us) 19253 ! txn_stock_level (tpcc.cc:3398):     ERROR warehouse_id:2, cid:32487, maxbytes:2
20251110-03:35.50-643578(us) 19253 ! txn_stock_level (tpcc.cc:3398):     ERROR warehouse_id:2, cid:32487, maxbytes:2
20251110-03:35.50-643821(us) 19253 ! txn_stock_level (tpcc.cc:3398):     ERROR warehouse_id:2, cid:32487, maxbytes:2
20251110-03:35.50-643875(us) 19253 ! txn_stock_level (tpcc.cc:3398):     ERROR warehouse_id:2, cid:32487, maxbytes:2
20251110-03:35.50-644752(us) 19253 ! txn_stock_level (tpcc.cc:3398):     ERROR warehouse_id:2, cid:32487, maxbytes:2
20251110-03:35.50-645690(us) 19253 ! txn_stock_level (tpcc.cc:3398):     ERROR warehouse_id:2, cid:32487, maxbytes:2
20251110-03:35.50-645739(us) 19253 ! txn_stock_level (tpcc.cc:3398):     ERROR warehouse_id:2, cid:32487, maxbytes:2
20251110-03:35.50-645800(us) 19253 ! txn_stock_level (tpcc.cc:3398):     ERROR warehouse_id:2, cid:32487, maxbytes:2
20251110-03:35.50-645836(us) 19253 ! txn_stock_level (tpcc.cc:3398):     ERROR warehouse_id:2, cid:32487, maxbytes:2
20251110-03:35.50-647022(us) 19253 ! txn_stock_level (tpcc.cc:3398):     ERROR warehouse_id:2, cid:32487, maxbytes:2
20251110-03:35.50-647054(us) 19253 ! txn_stock_level (tpcc.cc:3398):     ERROR warehouse_id:2, cid:32487, maxbytes:2
20251110-03:35.50-647285(us) 19253 ! txn_stock_level (tpcc.cc:3398):     ERROR warehouse_id:2, cid:32487, maxbytes:2
20251110-03:35.50-647319(us) 19253 ! txn_stock_level (tpcc.cc:3398):     ERROR warehouse_id:2, cid:32487, maxbytes:2
20251110-03:35.50-647357(us) 19253 ! txn_stock_level (tpcc.cc:3398):     ERROR warehouse_id:2, cid:32487, maxbytes:2
20251110-03:35.50-647370(us) 19253 ! txn_stock_level (tpcc.cc:3398):     ERROR warehouse_id:2, cid:32487, maxbytes:2
20251110-03:35.50-647398(us) 19253 ! txn_stock_level (tpcc.cc:3398):     ERROR warehouse_id:2, cid:32487, maxbytes:2
20251110-03:35.50-647441(us) 19253 ! txn_stock_level (tpcc.cc:3398):     ERROR warehouse_id:2, cid:32487, maxbytes:2
20251110-03:35.50-647469(us) 19253 ! txn_stock_level (tpcc.cc:3398):     ERROR warehouse_id:2, cid:32487, maxbytes:2
20251110-03:35.50-647521(us) 19253 ! txn_stock_level (tpcc.cc:3398):     ERROR warehouse_id:2, cid:32487, maxbytes:2
20251110-03:35.50-647679(us) 19253 ! txn_stock_level (tpcc.cc:3398):     ERROR warehouse_id:2, cid:32487, maxbytes:2
20251110-03:35.50-647862(us) 19253 ! txn_stock_level (tpcc.cc:3398):     ERROR warehouse_id:2, cid:32487, maxbytes:2
20251110-03:35.50-711158(us) 19253 ! txn_stock_level (tpcc.cc:3398):     ERROR warehouse_id:2, cid:11623, maxbytes:2
20251110-03:35.50-711519(us) 19253 ! txn_stock_level (tpcc.cc:3398):     ERROR warehouse_id:2, cid:11623, maxbytes:2
20251110-03:35.50-711606(us) 19253 ! txn_stock_level (tpcc.cc:3398):     ERROR warehouse_id:2, cid:11623, maxbytes:2
20251110-03:35.50-711820(us) 19253 ! txn_stock_level (tpcc.cc:3398):     ERROR warehouse_id:2, cid:11623, maxbytes:2
20251110-03:35.50-711899(us) 19253 ! txn_stock_level (tpcc.cc:3398):     ERROR warehouse_id:2, cid:11623, maxbytes:2
20251110-03:35.50-712053(us) 19253 ! txn_stock_level (tpcc.cc:3398):     ERROR warehouse_id:2, cid:11623, maxbytes:2
20251110-03:35.50-712224(us) 19253 ! txn_stock_level (tpcc.cc:3398):     ERROR warehouse_id:2, cid:11623, maxbytes:2
20251110-03:35.50-712450(us) 19253 ! txn_stock_level (tpcc.cc:3398):     ERROR warehouse_id:2, cid:11623, maxbytes:2
20251110-03:35.50-714373(us) 19253 ! txn_stock_level (tpcc.cc:3398):     ERROR warehouse_id:2, cid:11623, maxbytes:2
20251110-03:35.50-714665(us) 19253 ! txn_stock_level (tpcc.cc:3398):     ERROR warehouse_id:2, cid:11623, maxbytes:2
20251110-03:35.50-714723(us) 19253 ! txn_stock_level (tpcc.cc:3398):     ERROR warehouse_id:2, cid:11623, maxbytes:2
20251110-03:35.50-714814(us) 19253 ! txn_stock_level (tpcc.cc:3398):     ERROR warehouse_id:2, cid:11623, maxbytes:2
20251110-03:35.50-714888(us) 19253 ! txn_stock_level (tpcc.cc:3398):     ERROR warehouse_id:2, cid:11623, maxbytes:2
20251110-03:35.50-714900(us) 19253 ! txn_stock_level (tpcc.cc:3398):     ERROR warehouse_id:2, cid:11623, maxbytes:2
20251110-03:35.50-714919(us) 19253 ! txn_stock_level (tpcc.cc:3398):     ERROR warehouse_id:2, cid:11623, maxbytes:2
20251110-03:35.50-714974(us) 19253 ! txn_stock_level (tpcc.cc:3398):     ERROR warehouse_id:2, cid:11623, maxbytes:2
20251110-03:35.50-715125(us) 19253 ! txn_stock_level (tpcc.cc:3398):     ERROR warehouse_id:2, cid:11623, maxbytes:2
20251110-03:35.50-717176(us) 19253 ! txn_stock_level (tpcc.cc:3398):     ERROR warehouse_id:2, cid:11623, maxbytes:2
20251110-03:35.50-717206(us) 19253 ! txn_stock_level (tpcc.cc:3398):     ERROR warehouse_id:2, cid:11623, maxbytes:2
20251110-03:35.50-717385(us) 19253 ! txn_stock_level (tpcc.cc:3398):     ERROR warehouse_id:2, cid:11623, maxbytes:2
20251110-03:35.50-717468(us) 19253 ! txn_stock_level (tpcc.cc:3398):     ERROR warehouse_id:2, cid:11623, maxbytes:2
20251110-03:35.50-727570(us) 19253 ! txn_stock_level (tpcc.cc:3398):     ERROR warehouse_id:2, cid:40679, maxbytes:2
20251110-03:35.50-727671(us) 19253 ! txn_stock_level (tpcc.cc:3398):     ERROR warehouse_id:2, cid:40679, maxbytes:2
20251110-03:35.50-727704(us) 19253 ! txn_stock_level (tpcc.cc:3398):     ERROR warehouse_id:2, cid:40679, maxbytes:2
20251110-03:35.50-728100(us) 19253 ! txn_stock_level (tpcc.cc:3398):     ERROR warehouse_id:2, cid:40679, maxbytes:2
20251110-03:35.50-730183(us) 19253 ! txn_stock_level (tpcc.cc:3398):     ERROR warehouse_id:2, cid:40679, maxbytes:2
20251110-03:35.50-730214(us) 19253 ! txn_stock_level (tpcc.cc:3398):     ERROR warehouse_id:2, cid:40679, maxbytes:2
20251110-03:35.50-787203(us) 19253 ! txn_stock_level (tpcc.cc:3398):     ERROR warehouse_id:2, cid:22239, maxbytes:2
20251110-03:35.50-787254(us) 19253 ! txn_stock_level (tpcc.cc:3398):     ERROR warehouse_id:2, cid:22239, maxbytes:2
20251110-03:35.50-790109(us) 19253 ! txn_stock_level (tpcc.cc:3398):     ERROR warehouse_id:2, cid:22239, maxbytes:2
20251110-03:35.50-790132(us) 19253 ! txn_stock_level (tpcc.cc:3398):     ERROR warehouse_id:2, cid:22239, maxbytes:2
20251110-03:35.51-255788(us) 19253 ! run             (bench.cc:473):     runtime time left:5000 ms, bool:1
20251110-03:35.51-303552(us) 19253 ! txn_stock_level (tpcc.cc:3398):     ERROR warehouse_id:2, cid:48858, maxbytes:2
20251110-03:35.51-306577(us) 19253 ! txn_stock_level (tpcc.cc:3398):     ERROR warehouse_id:2, cid:48858, maxbytes:2
20251110-03:35.51-307536(us) 19253 ! txn_stock_level (tpcc.cc:3398):     ERROR warehouse_id:2, cid:48858, maxbytes:2
20251110-03:35.51-307641(us) 19253 ! txn_stock_level (tpcc.cc:3398):     ERROR warehouse_id:2, cid:48858, maxbytes:2
20251110-03:35.51-307711(us) 19253 ! txn_stock_level (tpcc.cc:3398):     ERROR warehouse_id:2, cid:48858, maxbytes:2
20251110-03:35.51-308784(us) 19253 ! txn_stock_level (tpcc.cc:3398):     ERROR warehouse_id:2, cid:48858, maxbytes:2
20251110-03:35.51-308913(us) 19253 ! txn_stock_level (tpcc.cc:3398):     ERROR warehouse_id:2, cid:48858, maxbytes:2
20251110-03:35.51-309117(us) 19253 ! txn_stock_level (tpcc.cc:3398):     ERROR warehouse_id:2, cid:48858, maxbytes:2
20251110-03:35.51-309171(us) 19253 ! txn_stock_level (tpcc.cc:3398):     ERROR warehouse_id:2, cid:48858, maxbytes:2
20251110-03:35.51-309275(us) 19253 ! txn_stock_level (tpcc.cc:3398):     ERROR warehouse_id:2, cid:48858, maxbytes:2
20251110-03:35.51-309293(us) 19253 ! txn_stock_level (tpcc.cc:3398):     ERROR warehouse_id:2, cid:48858, maxbytes:2
20251110-03:35.51-309386(us) 19253 ! txn_stock_level (tpcc.cc:3398):     ERROR warehouse_id:2, cid:48858, maxbytes:2
20251110-03:35.51-309402(us) 19253 ! txn_stock_level (tpcc.cc:3398):     ERROR warehouse_id:2, cid:48858, maxbytes:2
20251110-03:35.51-309436(us) 19253 ! txn_stock_level (tpcc.cc:3398):     ERROR warehouse_id:2, cid:48858, maxbytes:2
20251110-03:35.51-309647(us) 19253 ! txn_stock_level (tpcc.cc:3398):     ERROR warehouse_id:2, cid:48858, maxbytes:2
20251110-03:35.51-309677(us) 19253 ! txn_stock_level (tpcc.cc:3398):     ERROR warehouse_id:2, cid:48858, maxbytes:2
20251110-03:35.51-309722(us) 19253 ! txn_stock_level (tpcc.cc:3398):     ERROR warehouse_id:2, cid:48858, maxbytes:2
20251110-03:35.51-309805(us) 19253 ! txn_stock_level (tpcc.cc:3398):     ERROR warehouse_id:2, cid:48858, maxbytes:2
20251110-03:35.51-311853(us) 19253 ! txn_stock_level (tpcc.cc:3398):     ERROR warehouse_id:2, cid:48858, maxbytes:2
20251110-03:35.51-311915(us) 19253 ! txn_stock_level (tpcc.cc:3398):     ERROR warehouse_id:2, cid:48858, maxbytes:2
20251110-03:35.51-312033(us) 19253 ! txn_stock_level (tpcc.cc:3398):     ERROR warehouse_id:2, cid:48858, maxbytes:2
20251110-03:35.51-313239(us) 19253 ! txn_stock_level (tpcc.cc:3398):     ERROR warehouse_id:2, cid:48858, maxbytes:2
20251110-03:35.51-314488(us) 19253 ! txn_stock_level (tpcc.cc:3398):     ERROR warehouse_id:2, cid:48858, maxbytes:2
20251110-03:35.51-314509(us) 19253 ! txn_stock_level (tpcc.cc:3398):     ERROR warehouse_id:2, cid:48858, maxbytes:2
20251110-03:35.51-315531(us) 19253 ! txn_stock_level (tpcc.cc:3398):     ERROR warehouse_id:2, cid:48858, maxbytes:2
20251110-03:35.51-316599(us) 19253 ! txn_stock_level (tpcc.cc:3398):     ERROR warehouse_id:2, cid:48858, maxbytes:2
20251110-03:35.51-316700(us) 19253 ! txn_stock_level (tpcc.cc:3398):     ERROR warehouse_id:2, cid:48858, maxbytes:2
20251110-03:35.51-316763(us) 19253 ! txn_stock_level (tpcc.cc:3398):     ERROR warehouse_id:2, cid:48858, maxbytes:2
20251110-03:35.51-318119(us) 19253 ! txn_stock_level (tpcc.cc:3398):     ERROR warehouse_id:2, cid:48858, maxbytes:2
20251110-03:35.51-318377(us) 19253 ! txn_stock_level (tpcc.cc:3398):     ERROR warehouse_id:2, cid:48858, maxbytes:2
20251110-03:35.51-318604(us) 19253 ! txn_stock_level (tpcc.cc:3398):     ERROR warehouse_id:2, cid:48858, maxbytes:2
20251110-03:35.51-319596(us) 19253 ! txn_stock_level (tpcc.cc:3398):     ERROR warehouse_id:2, cid:48858, maxbytes:2
20251110-03:35.51-319633(us) 19253 ! txn_stock_level (tpcc.cc:3398):     ERROR warehouse_id:2, cid:48858, maxbytes:2
20251110-03:35.51-319681(us) 19253 ! txn_stock_level (tpcc.cc:3398):     ERROR warehouse_id:2, cid:48858, maxbytes:2
20251110-03:35.51-319843(us) 19253 ! txn_stock_level (tpcc.cc:3398):     ERROR warehouse_id:2, cid:48858, maxbytes:2
20251110-03:35.51-322867(us) 19253 ! txn_stock_level (tpcc.cc:3398):     ERROR warehouse_id:2, cid:48858, maxbytes:2
20251110-03:35.51-322964(us) 19253 ! txn_stock_level (tpcc.cc:3398):     ERROR warehouse_id:2, cid:48858, maxbytes:2
20251110-03:35.51-323314(us) 19253 ! txn_stock_level (tpcc.cc:3398):     ERROR warehouse_id:2, cid:48858, maxbytes:2
20251110-03:35.51-323439(us) 19253 ! txn_stock_level (tpcc.cc:3398):     ERROR warehouse_id:2, cid:48858, maxbytes:2
20251110-03:35.51-325966(us) 19253 ! txn_stock_level (tpcc.cc:3398):     ERROR warehouse_id:2, cid:48858, maxbytes:2
20251110-03:35.51-326997(us) 19253 ! txn_stock_level (tpcc.cc:3398):     ERROR warehouse_id:2, cid:48858, maxbytes:2
20251110-03:35.51-327052(us) 19253 ! txn_stock_level (tpcc.cc:3398):     ERROR warehouse_id:2, cid:48858, maxbytes:2
20251110-03:35.51-327148(us) 19253 ! txn_stock_level (tpcc.cc:3398):     ERROR warehouse_id:2, cid:48858, maxbytes:2
20251110-03:35.51-328251(us) 19253 ! txn_stock_level (tpcc.cc:3398):     ERROR warehouse_id:2, cid:48858, maxbytes:2
20251110-03:35.51-333784(us) 19253 ! txn_stock_level (tpcc.cc:3398):     ERROR warehouse_id:2, cid:48858, maxbytes:2
20251110-03:35.51-335828(us) 19253 ! txn_stock_level (tpcc.cc:3398):     ERROR warehouse_id:2, cid:48858, maxbytes:2
20251110-03:35.51-335856(us) 19253 ! txn_stock_level (tpcc.cc:3398):     ERROR warehouse_id:2, cid:48858, maxbytes:2
20251110-03:35.51-336832(us) 19253 ! txn_stock_level (tpcc.cc:3398):     ERROR warehouse_id:2, cid:48858, maxbytes:2
20251110-03:35.51-336901(us) 19253 ! txn_stock_level (tpcc.cc:3398):     ERROR warehouse_id:2, cid:48858, maxbytes:2
20251110-03:35.51-336999(us) 19253 ! txn_stock_level (tpcc.cc:3398):     ERROR warehouse_id:2, cid:48858, maxbytes:2
20251110-03:35.51-337112(us) 19253 ! txn_stock_level (tpcc.cc:3398):     ERROR warehouse_id:2, cid:48858, maxbytes:2
20251110-03:35.51-337944(us) 19253 ! txn_stock_level (tpcc.cc:3398):     ERROR warehouse_id:2, cid:48858, maxbytes:2
20251110-03:35.51-339024(us) 19253 ! txn_stock_level (tpcc.cc:3398):     ERROR warehouse_id:2, cid:48858, maxbytes:2
20251110-03:35.51-339184(us) 19253 ! txn_stock_level (tpcc.cc:3398):     ERROR warehouse_id:2, cid:48858, maxbytes:2
20251110-03:35.51-339392(us) 19253 ! txn_stock_level (tpcc.cc:3398):     ERROR warehouse_id:2, cid:48858, maxbytes:2
20251110-03:35.51-339440(us) 19253 ! txn_stock_level (tpcc.cc:3398):     ERROR warehouse_id:2, cid:48858, maxbytes:2
20251110-03:35.51-339678(us) 19253 ! txn_stock_level (tpcc.cc:3398):     ERROR warehouse_id:2, cid:48858, maxbytes:2
20251110-03:35.51-339938(us) 19253 ! txn_stock_level (tpcc.cc:3398):     ERROR warehouse_id:2, cid:48858, maxbytes:2
20251110-03:35.51-345769(us) 19253 ! txn_stock_level (tpcc.cc:3398):     ERROR warehouse_id:2, cid:4167, maxbytes:2
20251110-03:35.51-345852(us) 19253 ! txn_stock_level (tpcc.cc:3398):     ERROR warehouse_id:2, cid:4167, maxbytes:2
20251110-03:35.51-345878(us) 19253 ! txn_stock_level (tpcc.cc:3398):     ERROR warehouse_id:2, cid:4167, maxbytes:2
20251110-03:35.51-346207(us) 19253 ! txn_stock_level (tpcc.cc:3398):     ERROR warehouse_id:2, cid:4167, maxbytes:2
20251110-03:35.51-346362(us) 19253 ! txn_stock_level (tpcc.cc:3398):     ERROR warehouse_id:2, cid:4167, maxbytes:2
20251110-03:35.51-353403(us) 19253 ! txn_stock_level (tpcc.cc:3398):     ERROR warehouse_id:2, cid:65255, maxbytes:2
20251110-03:35.51-353464(us) 19253 ! txn_stock_level (tpcc.cc:3398):     ERROR warehouse_id:2, cid:65255, maxbytes:2
20251110-03:35.51-353549(us) 19253 ! txn_stock_level (tpcc.cc:3398):     ERROR warehouse_id:2, cid:65255, maxbytes:2
20251110-03:35.51-353617(us) 19253 ! txn_stock_level (tpcc.cc:3398):     ERROR warehouse_id:2, cid:65255, maxbytes:2
20251110-03:35.51-353636(us) 19253 ! txn_stock_level (tpcc.cc:3398):     ERROR warehouse_id:2, cid:65255, maxbytes:2
20251110-03:35.51-353810(us) 19253 ! txn_stock_level (tpcc.cc:3398):     ERROR warehouse_id:2, cid:65255, maxbytes:2
20251110-03:35.51-354390(us) 19253 ! txn_stock_level (tpcc.cc:3398):     ERROR warehouse_id:2, cid:65255, maxbytes:2
20251110-03:35.51-354444(us) 19253 ! txn_stock_level (tpcc.cc:3398):     ERROR warehouse_id:2, cid:65255, maxbytes:2
20251110-03:35.51-354463(us) 19253 ! txn_stock_level (tpcc.cc:3398):     ERROR warehouse_id:2, cid:65255, maxbytes:2
20251110-03:35.51-354471(us) 19253 ! txn_stock_level (tpcc.cc:3398):     ERROR warehouse_id:2, cid:65255, maxbytes:2
20251110-03:35.51-354493(us) 19253 ! txn_stock_level (tpcc.cc:3398):     ERROR warehouse_id:2, cid:65255, maxbytes:2
20251110-03:35.51-354571(us) 19253 ! txn_stock_level (tpcc.cc:3398):     ERROR warehouse_id:2, cid:65255, maxbytes:2
20251110-03:35.51-355714(us) 19253 ! txn_stock_level (tpcc.cc:3398):     ERROR warehouse_id:2, cid:65255, maxbytes:2
20251110-03:35.51-356831(us) 19253 ! txn_stock_level (tpcc.cc:3398):     ERROR warehouse_id:2, cid:65255, maxbytes:2
20251110-03:35.51-357808(us) 19253 ! txn_stock_level (tpcc.cc:3398):     ERROR warehouse_id:2, cid:65255, maxbytes:2
20251110-03:35.51-357825(us) 19253 ! txn_stock_level (tpcc.cc:3398):     ERROR warehouse_id:2, cid:65255, maxbytes:2
20251110-03:35.51-357931(us) 19253 ! txn_stock_level (tpcc.cc:3398):     ERROR warehouse_id:2, cid:65255, maxbytes:2
20251110-03:35.51-358044(us) 19253 ! txn_stock_level (tpcc.cc:3398):     ERROR warehouse_id:2, cid:65255, maxbytes:2
20251110-03:35.51-359615(us) 19253 ! txn_stock_level (tpcc.cc:3398):     ERROR warehouse_id:2, cid:65255, maxbytes:2
20251110-03:35.51-359749(us) 19253 ! txn_stock_level (tpcc.cc:3398):     ERROR warehouse_id:2, cid:65255, maxbytes:2
20251110-03:35.51-359899(us) 19253 ! txn_stock_level (tpcc.cc:3398):     ERROR warehouse_id:2, cid:65255, maxbytes:2
20251110-03:35.51-360021(us) 19253 ! txn_stock_level (tpcc.cc:3398):     ERROR warehouse_id:2, cid:65255, maxbytes:2
20251110-03:35.51-361388(us) 19253 ! txn_stock_level (tpcc.cc:3398):     ERROR warehouse_id:2, cid:65255, maxbytes:2
20251110-03:35.51-361434(us) 19253 ! txn_stock_level (tpcc.cc:3398):     ERROR warehouse_id:2, cid:65255, maxbytes:2
20251110-03:35.51-362480(us) 19253 ! txn_stock_level (tpcc.cc:3398):     ERROR warehouse_id:2, cid:65255, maxbytes:2
20251110-03:35.51-362508(us) 19253 ! txn_stock_level (tpcc.cc:3398):     ERROR warehouse_id:2, cid:65255, maxbytes:2
20251110-03:35.52-200999(us) 19253 ! txn_stock_level (tpcc.cc:3398):     ERROR warehouse_id:2, cid:24295, maxbytes:2
20251110-03:35.52-201112(us) 19253 ! txn_stock_level (tpcc.cc:3398):     ERROR warehouse_id:2, cid:24295, maxbytes:2
20251110-03:35.52-202977(us) 19253 ! txn_stock_level (tpcc.cc:3398):     ERROR warehouse_id:2, cid:24295, maxbytes:2
20251110-03:35.52-203012(us) 19253 ! txn_stock_level (tpcc.cc:3398):     ERROR warehouse_id:2, cid:24295, maxbytes:2
20251110-03:35.52-203024(us) 19253 ! txn_stock_level (tpcc.cc:3398):     ERROR warehouse_id:2, cid:24295, maxbytes:2
20251110-03:35.52-203111(us) 19253 ! txn_stock_level (tpcc.cc:3398):     ERROR warehouse_id:2, cid:24295, maxbytes:2
20251110-03:35.52-203131(us) 19253 ! txn_stock_level (tpcc.cc:3398):     ERROR warehouse_id:2, cid:24295, maxbytes:2
20251110-03:35.52-203203(us) 19253 ! txn_stock_level (tpcc.cc:3398):     ERROR warehouse_id:2, cid:24295, maxbytes:2
20251110-03:35.52-203332(us) 19253 ! txn_stock_level (tpcc.cc:3398):     ERROR warehouse_id:2, cid:24295, maxbytes:2
20251110-03:35.52-203350(us) 19253 ! txn_stock_level (tpcc.cc:3398):     ERROR warehouse_id:2, cid:24295, maxbytes:2
20251110-03:35.52-203559(us) 19253 ! txn_stock_level (tpcc.cc:3398):     ERROR warehouse_id:2, cid:24295, maxbytes:2
20251110-03:35.52-205578(us) 19253 ! txn_stock_level (tpcc.cc:3398):     ERROR warehouse_id:2, cid:24295, maxbytes:2
20251110-03:35.52-205630(us) 19253 ! txn_stock_level (tpcc.cc:3398):     ERROR warehouse_id:2, cid:24295, maxbytes:2
20251110-03:35.52-207141(us) 19253 ! txn_stock_level (tpcc.cc:3398):     ERROR warehouse_id:2, cid:24295, maxbytes:2
20251110-03:35.52-207262(us) 19253 ! txn_stock_level (tpcc.cc:3398):     ERROR warehouse_id:2, cid:24295, maxbytes:2
20251110-03:35.52-207397(us) 19253 ! txn_stock_level (tpcc.cc:3398):     ERROR warehouse_id:2, cid:24295, maxbytes:2
20251110-03:35.52-207445(us) 19253 ! txn_stock_level (tpcc.cc:3398):     ERROR warehouse_id:2, cid:24295, maxbytes:2
20251110-03:35.52-208402(us) 19253 ! txn_stock_level (tpcc.cc:3398):     ERROR warehouse_id:2, cid:24295, maxbytes:2
20251110-03:35.52-208457(us) 19253 ! txn_stock_level (tpcc.cc:3398):     ERROR warehouse_id:2, cid:24295, maxbytes:2
20251110-03:35.52-208679(us) 19253 ! txn_stock_level (tpcc.cc:3398):     ERROR warehouse_id:2, cid:24295, maxbytes:2
20251110-03:35.52-208767(us) 19253 ! txn_stock_level (tpcc.cc:3398):     ERROR warehouse_id:2, cid:24295, maxbytes:2
20251110-03:35.52-208889(us) 19253 ! txn_stock_level (tpcc.cc:3398):     ERROR warehouse_id:2, cid:24295, maxbytes:2
20251110-03:35.52-261514(us) 19253 ! run             (bench.cc:473):     runtime time left:4000 ms, bool:1
20251110-03:35.52-466556(us) 19253 ! txn_stock_level (tpcc.cc:3398):     ERROR warehouse_id:2, cid:88743, maxbytes:2
20251110-03:35.52-466655(us) 19253 ! txn_stock_level (tpcc.cc:3398):     ERROR warehouse_id:2, cid:88743, maxbytes:2
20251110-03:35.52-467678(us) 19253 ! txn_stock_level (tpcc.cc:3398):     ERROR warehouse_id:2, cid:88743, maxbytes:2
20251110-03:35.52-467726(us) 19253 ! txn_stock_level (tpcc.cc:3398):     ERROR warehouse_id:2, cid:88743, maxbytes:2
20251110-03:35.52-467890(us) 19253 ! txn_stock_level (tpcc.cc:3398):     ERROR warehouse_id:2, cid:88743, maxbytes:2
20251110-03:35.52-469070(us) 19253 ! txn_stock_level (tpcc.cc:3398):     ERROR warehouse_id:2, cid:88743, maxbytes:2
20251110-03:35.52-469151(us) 19253 ! txn_stock_level (tpcc.cc:3398):     ERROR warehouse_id:2, cid:88743, maxbytes:2
20251110-03:35.52-469178(us) 19253 ! txn_stock_level (tpcc.cc:3398):     ERROR warehouse_id:2, cid:88743, maxbytes:2
20251110-03:35.52-469301(us) 19253 ! txn_stock_level (tpcc.cc:3398):     ERROR warehouse_id:2, cid:88743, maxbytes:2
20251110-03:35.52-469430(us) 19253 ! txn_stock_level (tpcc.cc:3398):     ERROR warehouse_id:2, cid:88743, maxbytes:2
20251110-03:35.52-471350(us) 19253 ! txn_stock_level (tpcc.cc:3398):     ERROR warehouse_id:2, cid:88743, maxbytes:2
20251110-03:35.52-473222(us) 19253 ! txn_stock_level (tpcc.cc:3398):     ERROR warehouse_id:2, cid:88743, maxbytes:2
20251110-03:35.52-473355(us) 19253 ! txn_stock_level (tpcc.cc:3398):     ERROR warehouse_id:2, cid:88743, maxbytes:2
20251110-03:35.52-473414(us) 19253 ! txn_stock_level (tpcc.cc:3398):     ERROR warehouse_id:2, cid:88743, maxbytes:2
20251110-03:35.52-473476(us) 19253 ! txn_stock_level (tpcc.cc:3398):     ERROR warehouse_id:2, cid:88743, maxbytes:2
20251110-03:35.52-476505(us) 19253 ! txn_stock_level (tpcc.cc:3398):     ERROR warehouse_id:2, cid:88743, maxbytes:2
20251110-03:35.52-477640(us) 19253 ! txn_stock_level (tpcc.cc:3398):     ERROR warehouse_id:2, cid:88743, maxbytes:2
20251110-03:35.52-477808(us) 19253 ! txn_stock_level (tpcc.cc:3398):     ERROR warehouse_id:2, cid:88743, maxbytes:2
20251110-03:35.52-478762(us) 19253 ! txn_stock_level (tpcc.cc:3398):     ERROR warehouse_id:2, cid:88743, maxbytes:2
20251110-03:35.52-478883(us) 19253 ! txn_stock_level (tpcc.cc:3398):     ERROR warehouse_id:2, cid:88743, maxbytes:2
20251110-03:35.52-478946(us) 19253 ! txn_stock_level (tpcc.cc:3398):     ERROR warehouse_id:2, cid:88743, maxbytes:2
20251110-03:35.52-768830(us) 19253 ! txn_stock_level (tpcc.cc:3398):     ERROR warehouse_id:2, cid:56903, maxbytes:2
20251110-03:35.52-769737(us) 19253 ! txn_stock_level (tpcc.cc:3398):     ERROR warehouse_id:2, cid:56903, maxbytes:2
20251110-03:35.52-770895(us) 19253 ! txn_stock_level (tpcc.cc:3398):     ERROR warehouse_id:2, cid:56903, maxbytes:2
20251110-03:35.52-770935(us) 19253 ! txn_stock_level (tpcc.cc:3398):     ERROR warehouse_id:2, cid:56903, maxbytes:2
20251110-03:35.52-771076(us) 19253 ! txn_stock_level (tpcc.cc:3398):     ERROR warehouse_id:2, cid:56903, maxbytes:2
20251110-03:35.52-771195(us) 19253 ! txn_stock_level (tpcc.cc:3398):     ERROR warehouse_id:2, cid:56903, maxbytes:2
20251110-03:35.52-771232(us) 19253 ! txn_stock_level (tpcc.cc:3398):     ERROR warehouse_id:2, cid:56903, maxbytes:2
20251110-03:35.52-771271(us) 19253 ! txn_stock_level (tpcc.cc:3398):     ERROR warehouse_id:2, cid:56903, maxbytes:2
20251110-03:35.52-771293(us) 19253 ! txn_stock_level (tpcc.cc:3398):     ERROR warehouse_id:2, cid:56903, maxbytes:2
20251110-03:35.52-771321(us) 19253 ! txn_stock_level (tpcc.cc:3398):     ERROR warehouse_id:2, cid:56903, maxbytes:2
20251110-03:35.52-771426(us) 19253 ! txn_stock_level (tpcc.cc:3398):     ERROR warehouse_id:2, cid:56903, maxbytes:2
20251110-03:35.52-931161(us) 19253 ! txn_stock_level (tpcc.cc:3398):     ERROR warehouse_id:2, cid:23767, maxbytes:2
20251110-03:35.52-933047(us) 19253 ! txn_stock_level (tpcc.cc:3398):     ERROR warehouse_id:2, cid:23767, maxbytes:2
20251110-03:35.52-934153(us) 19253 ! txn_stock_level (tpcc.cc:3398):     ERROR warehouse_id:2, cid:23767, maxbytes:2
20251110-03:35.52-934216(us) 19253 ! txn_stock_level (tpcc.cc:3398):     ERROR warehouse_id:2, cid:23767, maxbytes:2
20251110-03:35.52-935189(us) 19253 ! txn_stock_level (tpcc.cc:3398):     ERROR warehouse_id:2, cid:23767, maxbytes:2
20251110-03:35.52-935504(us) 19253 ! txn_stock_level (tpcc.cc:3398):     ERROR warehouse_id:2, cid:23767, maxbytes:2
20251110-03:35.52-935565(us) 19253 ! txn_stock_level (tpcc.cc:3398):     ERROR warehouse_id:2, cid:23767, maxbytes:2
20251110-03:35.52-935645(us) 19253 ! txn_stock_level (tpcc.cc:3398):     ERROR warehouse_id:2, cid:23767, maxbytes:2
20251110-03:35.52-935720(us) 19253 ! txn_stock_level (tpcc.cc:3398):     ERROR warehouse_id:2, cid:23767, maxbytes:2
20251110-03:35.52-935825(us) 19253 ! txn_stock_level (tpcc.cc:3398):     ERROR warehouse_id:2, cid:23767, maxbytes:2
20251110-03:35.52-935884(us) 19253 ! txn_stock_level (tpcc.cc:3398):     ERROR warehouse_id:2, cid:23767, maxbytes:2
20251110-03:35.52-936116(us) 19253 ! txn_stock_level (tpcc.cc:3398):     ERROR warehouse_id:2, cid:23767, maxbytes:2
20251110-03:35.52-936219(us) 19253 ! txn_stock_level (tpcc.cc:3398):     ERROR warehouse_id:2, cid:23767, maxbytes:2
20251110-03:35.52-936350(us) 19253 ! txn_stock_level (tpcc.cc:3398):     ERROR warehouse_id:2, cid:23767, maxbytes:2
20251110-03:35.52-936420(us) 19253 ! txn_stock_level (tpcc.cc:3398):     ERROR warehouse_id:2, cid:23767, maxbytes:2
20251110-03:35.52-936465(us) 19253 ! txn_stock_level (tpcc.cc:3398):     ERROR warehouse_id:2, cid:23767, maxbytes:2
20251110-03:35.52-936495(us) 19253 ! txn_stock_level (tpcc.cc:3398):     ERROR warehouse_id:2, cid:23767, maxbytes:2
20251110-03:35.52-936551(us) 19253 ! txn_stock_level (tpcc.cc:3398):     ERROR warehouse_id:2, cid:23767, maxbytes:2
20251110-03:35.52-937629(us) 19253 ! txn_stock_level (tpcc.cc:3398):     ERROR warehouse_id:2, cid:23767, maxbytes:2
20251110-03:35.52-937744(us) 19253 ! txn_stock_level (tpcc.cc:3398):     ERROR warehouse_id:2, cid:23767, maxbytes:2
20251110-03:35.52-937767(us) 19253 ! txn_stock_level (tpcc.cc:3398):     ERROR warehouse_id:2, cid:23767, maxbytes:2
20251110-03:35.52-937871(us) 19253 ! txn_stock_level (tpcc.cc:3398):     ERROR warehouse_id:2, cid:23767, maxbytes:2
20251110-03:35.52-937885(us) 19253 ! txn_stock_level (tpcc.cc:3398):     ERROR warehouse_id:2, cid:23767, maxbytes:2
20251110-03:35.52-938140(us) 19253 ! txn_stock_level (tpcc.cc:3398):     ERROR warehouse_id:2, cid:23767, maxbytes:2
20251110-03:35.52-938222(us) 19253 ! txn_stock_level (tpcc.cc:3398):     ERROR warehouse_id:2, cid:23767, maxbytes:2
20251110-03:35.53-266948(us) 19253 ! run             (bench.cc:473):     runtime time left:3000 ms, bool:1
20251110-03:35.53-351029(us) 19253 ! txn_stock_level (tpcc.cc:3398):     ERROR warehouse_id:2, cid:96999, maxbytes:2
20251110-03:35.53-351103(us) 19253 ! txn_stock_level (tpcc.cc:3398):     ERROR warehouse_id:2, cid:96999, maxbytes:2
20251110-03:35.53-522914(us) 19253 ! txn_stock_level (tpcc.cc:3398):     ERROR warehouse_id:2, cid:6215, maxbytes:2
20251110-03:35.53-523200(us) 19253 ! txn_stock_level (tpcc.cc:3398):     ERROR warehouse_id:2, cid:6215, maxbytes:2
20251110-03:35.53-523424(us) 19253 ! txn_stock_level (tpcc.cc:3398):     ERROR warehouse_id:2, cid:6215, maxbytes:2
20251110-03:35.53-523458(us) 19253 ! txn_stock_level (tpcc.cc:3398):     ERROR warehouse_id:2, cid:6215, maxbytes:2
20251110-03:35.53-525737(us) 19253 ! txn_stock_level (tpcc.cc:3398):     ERROR warehouse_id:2, cid:55999, maxbytes:2
20251110-03:35.53-585859(us) 19253 ! txn_stock_level (tpcc.cc:3398):     ERROR warehouse_id:2, cid:73191, maxbytes:2
20251110-03:35.53-586109(us) 19253 ! txn_stock_level (tpcc.cc:3398):     ERROR warehouse_id:2, cid:73191, maxbytes:2
20251110-03:35.53-586231(us) 19253 ! txn_stock_level (tpcc.cc:3398):     ERROR warehouse_id:2, cid:73191, maxbytes:2
20251110-03:35.53-586251(us) 19253 ! txn_stock_level (tpcc.cc:3398):     ERROR warehouse_id:2, cid:73191, maxbytes:2
20251110-03:35.53-586279(us) 19253 ! txn_stock_level (tpcc.cc:3398):     ERROR warehouse_id:2, cid:73191, maxbytes:2
20251110-03:35.54-272366(us) 19253 ! run             (bench.cc:473):     runtime time left:2000 ms, bool:1
20251110-03:35.54-773059(us) 19253 ! txn_stock_level (tpcc.cc:3398):     ERROR warehouse_id:2, cid:16099, maxbytes:2
20251110-03:35.54-827962(us) 19253 ! txn_stock_level (tpcc.cc:3398):     ERROR warehouse_id:2, cid:98022, maxbytes:2
20251110-03:35.54-828017(us) 19253 ! txn_stock_level (tpcc.cc:3398):     ERROR warehouse_id:2, cid:98022, maxbytes:2
20251110-03:35.54-828043(us) 19253 ! txn_stock_level (tpcc.cc:3398):     ERROR warehouse_id:2, cid:98022, maxbytes:2
20251110-03:35.54-851756(us) 19253 ! txn_stock_level (tpcc.cc:3398):     ERROR warehouse_id:2, cid:14950, maxbytes:2
20251110-03:35.54-851859(us) 19253 ! txn_stock_level (tpcc.cc:3398):     ERROR warehouse_id:2, cid:14950, maxbytes:2
20251110-03:35.54-851870(us) 19253 ! txn_stock_level (tpcc.cc:3398):     ERROR warehouse_id:2, cid:14950, maxbytes:2
20251110-03:35.54-852791(us) 19253 ! txn_stock_level (tpcc.cc:3398):     ERROR warehouse_id:2, cid:14950, maxbytes:2
20251110-03:35.54-852964(us) 19253 ! txn_stock_level (tpcc.cc:3398):     ERROR warehouse_id:2, cid:14950, maxbytes:2
20251110-03:35.54-853220(us) 19253 ! txn_stock_level (tpcc.cc:3398):     ERROR warehouse_id:2, cid:14950, maxbytes:2
20251110-03:35.54-855555(us) 19253 ! txn_stock_level (tpcc.cc:3398):     ERROR warehouse_id:2, cid:14950, maxbytes:2
20251110-03:35.54-855603(us) 19253 ! txn_stock_level (tpcc.cc:3398):     ERROR warehouse_id:2, cid:14950, maxbytes:2
20251110-03:35.55-234402(us) 19253 ! txn_stock_level (tpcc.cc:3398):     ERROR warehouse_id:2, cid:30407, maxbytes:2
20251110-03:35.55-234479(us) 19253 ! txn_stock_level (tpcc.cc:3398):     ERROR warehouse_id:2, cid:30407, maxbytes:2
20251110-03:35.55-234717(us) 19253 ! txn_stock_level (tpcc.cc:3398):     ERROR warehouse_id:2, cid:30407, maxbytes:2
20251110-03:35.55-234733(us) 19253 ! txn_stock_level (tpcc.cc:3398):     ERROR warehouse_id:2, cid:30407, maxbytes:2
20251110-03:35.55-235051(us) 19253 ! txn_stock_level (tpcc.cc:3398):     ERROR warehouse_id:2, cid:30407, maxbytes:2
20251110-03:35.55-235080(us) 19253 ! txn_stock_level (tpcc.cc:3398):     ERROR warehouse_id:2, cid:30407, maxbytes:2
20251110-03:35.55-235098(us) 19253 ! txn_stock_level (tpcc.cc:3398):     ERROR warehouse_id:2, cid:30407, maxbytes:2
20251110-03:35.55-235112(us) 19253 ! txn_stock_level (tpcc.cc:3398):     ERROR warehouse_id:2, cid:30407, maxbytes:2
20251110-03:35.55-235154(us) 19253 ! txn_stock_level (tpcc.cc:3398):     ERROR warehouse_id:2, cid:30407, maxbytes:2
20251110-03:35.55-277899(us) 19253 ! run             (bench.cc:473):     runtime time left:1000 ms, bool:1
20251110-03:35.55-453565(us) 19253 ! txn_stock_level (tpcc.cc:3398):     ERROR warehouse_id:1, cid:48871, maxbytes:2
20251110-03:35.55-453691(us) 19253 ! txn_stock_level (tpcc.cc:3398):     ERROR warehouse_id:1, cid:48871, maxbytes:2
20251110-03:35.55-453710(us) 19253 ! txn_stock_level (tpcc.cc:3398):     ERROR warehouse_id:1, cid:48871, maxbytes:2
20251110-03:35.56-283467(us) 19253 ! run             (bench.cc:483):     runtime_plus:0
[SHUTDOWN] Setting running=false to stop database worker threads
[SHUTDOWN] Calling first stop() to stop client transports
20251110-03:35.56-283497(us) 19253 ! stop            (bench.cc:332):     stop all erpc clients. set stop=false
20251110-03:35.56-283505(us) 19253 * Stop            (rrr_rpc_backend.cc:599): RrrRpcBackend::Stop: BEGIN - Setting stop flag
20251110-03:35.56-283510(us) 19253 * Stop            (rrr_rpc_backend.cc:602): RrrRpcBackend::Stop: Waiting for event loop to exit...
20251110-03:35.56-283514(us) 19253 * Stop            (rrr_rpc_backend.cc:618): RrrRpcBackend::Stop: Event loop exited successfully
20251110-03:35.56-283519(us) 19253 * Stop            (rrr_rpc_backend.cc:622): RrrRpcBackend::Stop: Signaling 0 request queues to stop
20251110-03:35.56-283523(us) 19253 * Stop            (rrr_rpc_backend.cc:630): RrrRpcBackend::Stop: Signaling 0 response queues to stop
20251110-03:35.56-283527(us) 19253 * Stop            (rrr_rpc_backend.cc:641): RrrRpcBackend::Stop: Server cleanup deferred to destructor
20251110-03:35.56-283532(us) 19253 * Stop            (rrr_rpc_backend.cc:644): RrrRpcBackend::Stop: Closing client connections
20251110-03:35.56-283536(us) 19253 * Stop            (rrr_rpc_backend.cc:648): RrrRpcBackend::Stop: Found 2 client connections to close
20251110-03:35.56-283591(us) 19253 ! SendToShard     (rrr_rpc_backend.cc:301): RrrRpcBackend::SendToShard: stop requested after wait, aborting
20251110-03:35.56-283624(us) 19253 * Stop            (rrr_rpc_backend.cc:668): RrrRpcBackend::Stop: Closed 2 client connections
20251110-03:35.56-283643(us) 19253 * Stop            (rrr_rpc_backend.cc:680): RrrRpcBackend stats: msg_size_resp_sent: 0 bytes, counter: 0, avg: -nan
20251110-03:35.56-283649(us) 19253 * Stop            (rrr_rpc_backend.cc:683): RrrRpcBackend::Stop: END
20251110-03:35.56-283655(us) 19253 * Stop            (rrr_rpc_backend.cc:599): RrrRpcBackend::Stop: BEGIN - Setting stop flag
20251110-03:35.56-283662(us) 19253 * Stop            (rrr_rpc_backend.cc:602): RrrRpcBackend::Stop: Waiting for event loop to exit...
20251110-03:35.56-283667(us) 19253 ! SendBatchToAll  (rrr_rpc_backend.cc:440): RrrRpcBackend::SendBatchToAll: stop requested, not sending (req_type=10)
20251110-03:35.56-283681(us) 19253 ! SendToAll       (rrr_rpc_backend.cc:340): RrrRpcBackend::SendToAll: stop requested, not sending (req_type=8)
20251110-03:35.56-283687(us) 19253 ! SendToAll       (rrr_rpc_backend.cc:340): RrrRpcBackend::SendToAll: stop requested, not sending (req_type=3)
20251110-03:35.56-283703(us) 19253 ! SendToAll       (rrr_rpc_backend.cc:340): RrrRpcBackend::SendToAll: stop requested, not sending (req_type=4)
jump out the while loop
20251110-03:35.56-283715(us) 19253 * Stop            (rrr_rpc_backend.cc:618): RrrRpcBackend::Stop: Event loop exited successfully
20251110-03:35.56-283727(us) 19253 * Stop            (rrr_rpc_backend.cc:622): RrrRpcBackend::Stop: Signaling 0 request queues to stop
20251110-03:35.56-283734(us) 19253 * Stop            (rrr_rpc_backend.cc:630): RrrRpcBackend::Stop: Signaling 0 response queues to stop
20251110-03:35.56-283746(us) 19253 * PrintStats      (rrr_rpc_backend.cc:689): RrrRpcBackend request stats: msg_size_req_sent: 7167261 bytes, counter: 138246, avg: 51.844256
20251110-03:35.56-283761(us) 19253 * Stop            (rrr_rpc_backend.cc:641): RrrRpcBackend::Stop: Server cleanup deferred to destructor
20251110-03:35.56-283766(us) 19253 * Stop            (rrr_rpc_backend.cc:644): RrrRpcBackend::Stop: Closing client connections
20251110-03:35.56-283770(us) 19253 * Stop            (rrr_rpc_backend.cc:648): RrrRpcBackend::Stop: Found 2 client connections to close
20251110-03:35.56-283813(us) 19253 * Stop            (rrr_rpc_backend.cc:668): RrrRpcBackend::Stop: Closed 2 client connections
20251110-03:35.56-283818(us) 19253 * Stop            (rrr_rpc_backend.cc:680): RrrRpcBackend stats: msg_size_resp_sent: 0 bytes, counter: 0, avg: -nan
20251110-03:35.56-283822(us) 19253 * Stop            (rrr_rpc_backend.cc:683): RrrRpcBackend::Stop: END
[SHUTDOWN] First stop() completed
[SHUTDOWN] Joining 2 worker threads
[SHUTDOWN] Joining worker 0
20251110-03:35.56-283831(us) 19253 ! SendToShard     (rrr_rpc_backend.cc:301): RrrRpcBackend::SendToShard: stop requested after wait, aborting
20251110-03:35.56-283872(us) 19253 ! SendBatchToAll  (rrr_rpc_backend.cc:440): RrrRpcBackend::SendBatchToAll: stop requested, not sending (req_type=10)
20251110-03:35.56-283891(us) 19253 ! SendToAll       (rrr_rpc_backend.cc:340): RrrRpcBackend::SendToAll: stop requested, not sending (req_type=8)
20251110-03:35.56-283909(us) 19253 ! SendToAll       (rrr_rpc_backend.cc:340): RrrRpcBackend::SendToAll: stop requested, not sending (req_type=3)
20251110-03:35.56-283916(us) 19253 ! SendToAll       (rrr_rpc_backend.cc:340): RrrRpcBackend::SendToAll: stop requested, not sending (req_type=4)
jump out the while loop
20251110-03:35.56-283926(us) 19253 * PrintStats      (rrr_rpc_backend.cc:689): RrrRpcBackend request stats: msg_size_req_sent: 5689150 bytes, counter: 112575, avg: 50.536531
[SHUTDOWN] Worker 0 joined
[SHUTDOWN] Joining worker 1
[SHUTDOWN] Worker 1 joined
[SHUTDOWN] All workers joined
[SHUTDOWN] Calling stop_erpc_server()
[STOP_SERVER] Stopping 2 server transports
[STOP_SERVER] Stopping server transport 0
20251110-03:35.57-284160(us) 19253 * Stop            (rrr_rpc_backend.cc:599): RrrRpcBackend::Stop: BEGIN - Setting stop flag
20251110-03:35.57-284171(us) 19253 * Stop            (rrr_rpc_backend.cc:602): RrrRpcBackend::Stop: Waiting for event loop to exit...
20251110-03:35.57-284301(us) 19253 * RunEventLoop    (rrr_rpc_backend.cc:583): RrrRpcBackend::RunEventLoop: Stop flag detected, exiting event loop
20251110-03:35.57-284318(us) 19253 * RunEventLoop    (rrr_rpc_backend.cc:587): RrrRpcBackend::RunEventLoop: Exited cleanly
20251110-03:35.57-284325(us) 19253 * erpc_server     (rpc_setup.cc:121): the erpc_server is terminated on shardIdx:0, alpha:0!
20251110-03:35.57-294237(us) 19253 * Stop            (rrr_rpc_backend.cc:618): RrrRpcBackend::Stop: Event loop exited successfully
20251110-03:35.57-294256(us) 19253 * Stop            (rrr_rpc_backend.cc:622): RrrRpcBackend::Stop: Signaling 2 request queues to stop
20251110-03:35.57-294261(us) 19253 * Stop            (rrr_rpc_backend.cc:625): RrrRpcBackend::Stop: Stopping request queue for server_id 4
20251110-03:35.57-294270(us) 19253 * Stop            (rrr_rpc_backend.cc:625): RrrRpcBackend::Stop: Stopping request queue for server_id 2
20251110-03:35.57-294278(us) 19253 * Stop            (rrr_rpc_backend.cc:630): RrrRpcBackend::Stop: Signaling 2 response queues to stop
20251110-03:35.57-294287(us) 19253 * Stop            (rrr_rpc_backend.cc:633): RrrRpcBackend::Stop: Stopping response queue for server_id 4
20251110-03:35.57-294303(us) 19253 * Stop            (rrr_rpc_backend.cc:633): RrrRpcBackend::Stop: Stopping response queue for server_id 2
20251110-03:35.57-294307(us) 19253 * Stop            (rrr_rpc_backend.cc:641): RrrRpcBackend::Stop: Server cleanup deferred to destructor
20251110-03:35.57-294311(us) 19253 * Stop            (rrr_rpc_backend.cc:644): RrrRpcBackend::Stop: Closing client connections
20251110-03:35.57-294315(us) 19253 * Stop            (rrr_rpc_backend.cc:648): RrrRpcBackend::Stop: Found 0 client connections to close
20251110-03:35.57-294323(us) 19253 * Stop            (rrr_rpc_backend.cc:668): RrrRpcBackend::Stop: Closed 0 client connections
20251110-03:35.57-294330(us) 19253 * Stop            (rrr_rpc_backend.cc:680): RrrRpcBackend stats: msg_size_resp_sent: 5260996 bytes, counter: 141229, avg: 37.251528
20251110-03:35.57-294338(us) 19253 * Stop            (rrr_rpc_backend.cc:683): RrrRpcBackend::Stop: END
[STOP_SERVER] Server transport 0 stopped
[STOP_SERVER] Stopping server transport 1
20251110-03:35.57-294351(us) 19253 * Stop            (rrr_rpc_backend.cc:599): RrrRpcBackend::Stop: BEGIN - Setting stop flag
20251110-03:35.57-294357(us) 19253 * Stop            (rrr_rpc_backend.cc:602): RrrRpcBackend::Stop: Waiting for event loop to exit...
20251110-03:35.57-294496(us) 19253 * RunEventLoop    (rrr_rpc_backend.cc:583): RrrRpcBackend::RunEventLoop: Stop flag detected, exiting event loop
20251110-03:35.57-294514(us) 19253 * RunEventLoop    (rrr_rpc_backend.cc:587): RrrRpcBackend::RunEventLoop: Exited cleanly
20251110-03:35.57-294525(us) 19253 * erpc_server     (rpc_setup.cc:121): the erpc_server is terminated on shardIdx:0, alpha:1!
20251110-03:35.57-304421(us) 19253 * Stop            (rrr_rpc_backend.cc:618): RrrRpcBackend::Stop: Event loop exited successfully
20251110-03:35.57-304436(us) 19253 * Stop            (rrr_rpc_backend.cc:622): RrrRpcBackend::Stop: Signaling 2 request queues to stop
20251110-03:35.57-304440(us) 19253 * Stop            (rrr_rpc_backend.cc:625): RrrRpcBackend::Stop: Stopping request queue for server_id 5
20251110-03:35.57-304453(us) 19253 * Stop            (rrr_rpc_backend.cc:625): RrrRpcBackend::Stop: Stopping request queue for server_id 3
20251110-03:35.57-304462(us) 19253 * Stop            (rrr_rpc_backend.cc:630): RrrRpcBackend::Stop: Signaling 2 response queues to stop
20251110-03:35.57-304469(us) 19253 * Stop            (rrr_rpc_backend.cc:633): RrrRpcBackend::Stop: Stopping response queue for server_id 5
20251110-03:35.57-304477(us) 19253 * Stop            (rrr_rpc_backend.cc:633): RrrRpcBackend::Stop: Stopping response queue for server_id 3
20251110-03:35.57-304481(us) 19253 * Stop            (rrr_rpc_backend.cc:641): RrrRpcBackend::Stop: Server cleanup deferred to destructor
20251110-03:35.57-304485(us) 19253 * Stop            (rrr_rpc_backend.cc:644): RrrRpcBackend::Stop: Closing client connections
20251110-03:35.57-304489(us) 19253 * Stop            (rrr_rpc_backend.cc:648): RrrRpcBackend::Stop: Found 0 client connections to close
20251110-03:35.57-304493(us) 19253 * Stop            (rrr_rpc_backend.cc:668): RrrRpcBackend::Stop: Closed 0 client connections
20251110-03:35.57-304498(us) 19253 * Stop            (rrr_rpc_backend.cc:680): RrrRpcBackend stats: msg_size_resp_sent: 5013187 bytes, counter: 134714, avg: 37.213556
20251110-03:35.57-304503(us) 19253 * Stop            (rrr_rpc_backend.cc:683): RrrRpcBackend::Stop: END
[STOP_SERVER] Server transport 1 stopped
[STOP_SERVER] All server transports stopped
[SHUTDOWN] stop_erpc_server() completed
[SHUTDOWN] Calling second stop()
20251110-03:35.57-304531(us) 19253 ! stop            (bench.cc:332):     stop all erpc clients. set stop=false
[SHUTDOWN] Second stop() completed
[SHUTDOWN] Calling do_txn_finish()
[SHUTDOWN] do_txn_finish() completed
--- n_commits per partition ---
 par_id: 0, n_commits: 1025826
 par_id: 1, n_commits: 1285651
--- benchmark statistics ---
runtime: 30.1885 sec
memory delta: 11671.8 MB
n_commits: 2311477
latency_numer_us: 12161260
latency_numer_us_remote: 41427304
memory delta rate: 386.629 MB/sec
logical memory delta: 32.448 MB
logical memory delta rate: 1.07484 MB/sec
agg_nosync_throughput: 76568.1 ops/sec
avg_nosync_per_core_throughput: 38284.1 ops/sec/core
agg_throughput: 76568.1 ops/sec
avg_per_core_throughput: 38284.1 ops/sec/core
agg_persist_throughput: 76568.1 ops/sec
avg_per_core_persist_throughput: 38284.1 ops/sec/core
avg_latency: 0.00526125 ms
avg_persist_latency: 0 ms
agg_abort_rate: 2514.27 aborts/sec
avg_per_core_abort_rate: 1257.13 aborts/sec/core
  NewOrder_local_commit_latency: 0.0226803 ms
  NewOrder_local_abort_latency: 0.0124392 ms
  NewOrder_local_abort_ratio: 0.0494072
  Payment_local_commit_latency: 0.00678168 ms
  Payment_local_abort_latency: 0.00205486 ms
  Payment_local_abort_ratio: 0.00117611
  OrderStatus_local_commit_latency: 0.00425659 ms
  OrderStatus_local_abort_latency: 0.0014453 ms
  OrderStatus_local_abort_ratio: 0.00232435
  StockLevel_local_commit_latency: 0.00336418 ms
  StockLevel_local_abort_latency: 0.00216531 ms
  StockLevel_local_abort_ratio: 0.0642912
  NewOrder_remote_ratio: 7.65584 %
  NewOrder_remote_abort_ratio: 5.78082 %
  NewOrder_remote_commit_latency: 0.875953 ms
  NewOrder_remote_abort_latency: 1.14432 ms
  Payment_remote_ratio: 11.998 %
  Payment_remote_abort_ratio: 0.340881 %
  Payment_remote_commit_latency: 0.921017 ms
  Payment_remote_abort_latency: 41.2907 ms
--- system counters (for benchmark) ---
--- perf counters (if enabled, for benchmark) ---
--- allocator stats ---
[allocator] ncpus=2
[allocator] cpu=0 fully_faulted?=0 remaining=536870912 bytes
[allocator] cpu=1 fully_faulted?=0 remaining=536870912 bytes
---------------------------------------
--- system counters for n_comits ---
[STOP_SERVER] Stopping 2 server transports
[STOP_SERVER] Stopping server transport 0
20251110-03:35.57-304809(us) 19253 * Stop            (rrr_rpc_backend.cc:595): RrrRpcBackend::Stop: Already stopped, returning
[STOP_SERVER] Server transport 0 stopped
[STOP_SERVER] Stopping server transport 1
20251110-03:35.57-304820(us) 19253 * Stop            (rrr_rpc_backend.cc:595): RrrRpcBackend::Stop: Already stopped, returning
[STOP_SERVER] Server transport 1 stopped
[STOP_SERVER] All server transports stopped
20251110-03:35.57-304832(us) 19253 ! send_end_signal (mako.hh:834):      ######--------------###### send endLlogs #####---------------######
20251110-03:35.57-304844(us) 19253 * db_close        (mako.hh:861):      Leader sent end signal, waiting 3 seconds for propagation...
20251110-03:35.57-355506(us) 19253 ! operator()      (mako.hh:391):      Recieved a zero length log
20251110-03:35.57-356271(us) 19253 ! operator()      (mako.hh:391):      Recieved a zero length log
I [/opt/actions-runner/_work/mako-fast-reads/mako-fast-reads/src/deptran/paxos_worker.cc:140] 2025-12-10 03:35:57.355 | Recieved a zero length log
I [/opt/actions-runner/_work/mako-fast-reads/mako-fast-reads/src/deptran/paxos_worker.cc:140] 2025-12-10 03:35:57.356 | Recieved a zero length log
I [/opt/actions-runner/_work/mako-fast-reads/mako-fast-reads/src/deptran/paxos_main_helper.cc:999] 2025-12-10 03:36:02.304 | shutdown Server Control Service after task finish total submit 0
I [/opt/actions-runner/_work/mako-fast-reads/mako-fast-reads/src/deptran/benchmark_control_rpc.cc:43] 2025-12-10 03:36:02.304 | Shutdown Server Control Service
I [/opt/actions-runner/_work/mako-fast-reads/mako-fast-reads/src/deptran/benchmark_control_rpc.cc:43] 2025-12-10 03:36:02.304 | Shutdown Server Control Service
I [/opt/actions-runner/_work/mako-fast-reads/mako-fast-reads/src/deptran/paxos_main_helper.cc:311] 2025-12-10 03:36:02.305 | all server workers have shut down.
I [/opt/actions-runner/_work/mako-fast-reads/mako-fast-reads/src/deptran/paxos_worker.cc:288] 2025-12-10 03:36:02.405 | site s101 deleting services, num: 1 0 1064 1064
I [/opt/actions-runner/_work/mako-fast-reads/mako-fast-reads/src/deptran/paxos/server.h:47] 2025-12-10 03:36:02.455 | site par 0, loc 0: prepare 0, accept 1064, commit 1064
I [/opt/actions-runner/_work/mako-fast-reads/mako-fast-reads/src/deptran/paxos_worker.cc:288] 2025-12-10 03:36:02.465 | site s102 deleting services, num: 1 0 778 778
I [/opt/actions-runner/_work/mako-fast-reads/mako-fast-reads/src/deptran/paxos/server.h:47] 2025-12-10 03:36:02.516 | site par 1, loc 0: prepare 0, accept 778, commit 778
I [/opt/actions-runner/_work/mako-fast-reads/mako-fast-reads/src/deptran/paxos_worker.cc:649] 2025-12-10 03:36:02.573 | Ending worker with n_tot 1064 and n_current 1064
I [/opt/actions-runner/_work/mako-fast-reads/mako-fast-reads/src/deptran/paxos_worker.cc:649] 2025-12-10 03:36:02.586 | Ending worker with n_tot 778 and n_current 778
I [/opt/actions-runner/_work/mako-fast-reads/mako-fast-reads/src/deptran/paxos_main_helper.cc:332] 2025-12-10 03:36:02.596 | exit process.
